CNN inference debug log
----------------------

CONV1 [t=9235000]: ch=0, y=0, x=1, val=0
CONV1 [t=9235000]: ch=1, y=0, x=1, val=0
CONV1 [t=9235000]: ch=2, y=0, x=1, val=0
CONV1 [t=9235000]: ch=3, y=0, x=1, val=0
CONV1 [t=9235000]: ch=4, y=0, x=1, val=0
CONV1 [t=9235000]: ch=5, y=0, x=1, val=0
CONV1_PRE_RELU [t=9235000]: ch=0, y=0, x=1, val=-1
CONV1_PRE_RELU [t=9235000]: ch=1, y=0, x=1, val=-1
CONV1_PRE_RELU [t=9235000]: ch=2, y=0, x=1, val=-1
CONV1_PRE_RELU [t=9235000]: ch=3, y=0, x=1, val=-1
CONV1_PRE_RELU [t=9235000]: ch=4, y=0, x=1, val=-1
CONV1_PRE_RELU [t=9235000]: ch=5, y=0, x=1, val=-1
CONV1 [t=9245000]: ch=0, y=0, x=2, val=0
CONV1 [t=9245000]: ch=1, y=0, x=2, val=0
CONV1 [t=9245000]: ch=2, y=0, x=2, val=0
CONV1 [t=9245000]: ch=3, y=0, x=2, val=0
CONV1 [t=9245000]: ch=4, y=0, x=2, val=0
CONV1 [t=9245000]: ch=5, y=0, x=2, val=0
CONV1_PRE_RELU [t=9245000]: ch=0, y=0, x=2, val=-1
CONV1_PRE_RELU [t=9245000]: ch=1, y=0, x=2, val=-1
CONV1_PRE_RELU [t=9245000]: ch=2, y=0, x=2, val=-1
CONV1_PRE_RELU [t=9245000]: ch=3, y=0, x=2, val=-1
CONV1_PRE_RELU [t=9245000]: ch=4, y=0, x=2, val=-1
CONV1_PRE_RELU [t=9245000]: ch=5, y=0, x=2, val=-1
CONV1 [t=9255000]: ch=0, y=0, x=3, val=0
CONV1 [t=9255000]: ch=1, y=0, x=3, val=0
CONV1 [t=9255000]: ch=2, y=0, x=3, val=0
CONV1 [t=9255000]: ch=3, y=0, x=3, val=0
CONV1 [t=9255000]: ch=4, y=0, x=3, val=0
CONV1 [t=9255000]: ch=5, y=0, x=3, val=0
CONV1_PRE_RELU [t=9255000]: ch=0, y=0, x=3, val=-1
CONV1_PRE_RELU [t=9255000]: ch=1, y=0, x=3, val=-1
CONV1_PRE_RELU [t=9255000]: ch=2, y=0, x=3, val=-1
CONV1_PRE_RELU [t=9255000]: ch=3, y=0, x=3, val=-1
CONV1_PRE_RELU [t=9255000]: ch=4, y=0, x=3, val=-1
CONV1_PRE_RELU [t=9255000]: ch=5, y=0, x=3, val=-1
CONV1 [t=9265000]: ch=0, y=0, x=4, val=0
CONV1 [t=9265000]: ch=1, y=0, x=4, val=0
CONV1 [t=9265000]: ch=2, y=0, x=4, val=0
CONV1 [t=9265000]: ch=3, y=0, x=4, val=0
CONV1 [t=9265000]: ch=4, y=0, x=4, val=0
CONV1 [t=9265000]: ch=5, y=0, x=4, val=0
CONV1_PRE_RELU [t=9265000]: ch=0, y=0, x=4, val=-1
CONV1_PRE_RELU [t=9265000]: ch=1, y=0, x=4, val=-1
CONV1_PRE_RELU [t=9265000]: ch=2, y=0, x=4, val=-1
CONV1_PRE_RELU [t=9265000]: ch=3, y=0, x=4, val=-1
CONV1_PRE_RELU [t=9265000]: ch=4, y=0, x=4, val=-1
CONV1_PRE_RELU [t=9265000]: ch=5, y=0, x=4, val=-1
CONV1 [t=9275000]: ch=0, y=0, x=5, val=0
CONV1 [t=9275000]: ch=1, y=0, x=5, val=0
CONV1 [t=9275000]: ch=2, y=0, x=5, val=0
CONV1 [t=9275000]: ch=3, y=0, x=5, val=0
CONV1 [t=9275000]: ch=4, y=0, x=5, val=0
CONV1 [t=9275000]: ch=5, y=0, x=5, val=0
CONV1_PRE_RELU [t=9275000]: ch=0, y=0, x=5, val=-1
CONV1_PRE_RELU [t=9275000]: ch=1, y=0, x=5, val=-1
CONV1_PRE_RELU [t=9275000]: ch=2, y=0, x=5, val=-1
CONV1_PRE_RELU [t=9275000]: ch=3, y=0, x=5, val=-1
CONV1_PRE_RELU [t=9275000]: ch=4, y=0, x=5, val=-1
CONV1_PRE_RELU [t=9275000]: ch=5, y=0, x=5, val=-1
CONV1 [t=9285000]: ch=0, y=0, x=6, val=0
CONV1 [t=9285000]: ch=1, y=0, x=6, val=0
CONV1 [t=9285000]: ch=2, y=0, x=6, val=0
CONV1 [t=9285000]: ch=3, y=0, x=6, val=0
CONV1 [t=9285000]: ch=4, y=0, x=6, val=0
CONV1 [t=9285000]: ch=5, y=0, x=6, val=0
CONV1_PRE_RELU [t=9285000]: ch=0, y=0, x=6, val=-1
CONV1_PRE_RELU [t=9285000]: ch=1, y=0, x=6, val=-1
CONV1_PRE_RELU [t=9285000]: ch=2, y=0, x=6, val=-1
CONV1_PRE_RELU [t=9285000]: ch=3, y=0, x=6, val=-1
CONV1_PRE_RELU [t=9285000]: ch=4, y=0, x=6, val=-1
CONV1_PRE_RELU [t=9285000]: ch=5, y=0, x=6, val=-1
CONV1 [t=9295000]: ch=0, y=0, x=7, val=0
CONV1 [t=9295000]: ch=1, y=0, x=7, val=0
CONV1 [t=9295000]: ch=2, y=0, x=7, val=0
CONV1 [t=9295000]: ch=3, y=0, x=7, val=0
CONV1 [t=9295000]: ch=4, y=0, x=7, val=0
CONV1 [t=9295000]: ch=5, y=0, x=7, val=0
CONV1_PRE_RELU [t=9295000]: ch=0, y=0, x=7, val=-1
CONV1_PRE_RELU [t=9295000]: ch=1, y=0, x=7, val=-1
CONV1_PRE_RELU [t=9295000]: ch=2, y=0, x=7, val=-1
CONV1_PRE_RELU [t=9295000]: ch=3, y=0, x=7, val=-1
CONV1_PRE_RELU [t=9295000]: ch=4, y=0, x=7, val=-1
CONV1_PRE_RELU [t=9295000]: ch=5, y=0, x=7, val=-1
CONV1 [t=9305000]: ch=0, y=0, x=8, val=0
CONV1 [t=9305000]: ch=1, y=0, x=8, val=0
CONV1 [t=9305000]: ch=2, y=0, x=8, val=0
CONV1 [t=9305000]: ch=3, y=0, x=8, val=0
CONV1 [t=9305000]: ch=4, y=0, x=8, val=0
CONV1 [t=9305000]: ch=5, y=0, x=8, val=0
CONV1_PRE_RELU [t=9305000]: ch=0, y=0, x=8, val=-1
CONV1_PRE_RELU [t=9305000]: ch=1, y=0, x=8, val=-1
CONV1_PRE_RELU [t=9305000]: ch=2, y=0, x=8, val=-1
CONV1_PRE_RELU [t=9305000]: ch=3, y=0, x=8, val=-1
CONV1_PRE_RELU [t=9305000]: ch=4, y=0, x=8, val=-1
CONV1_PRE_RELU [t=9305000]: ch=5, y=0, x=8, val=-1
CONV1 [t=9315000]: ch=0, y=0, x=9, val=0
CONV1 [t=9315000]: ch=1, y=0, x=9, val=0
CONV1 [t=9315000]: ch=2, y=0, x=9, val=0
CONV1 [t=9315000]: ch=3, y=0, x=9, val=0
CONV1 [t=9315000]: ch=4, y=0, x=9, val=0
CONV1 [t=9315000]: ch=5, y=0, x=9, val=0
CONV1_PRE_RELU [t=9315000]: ch=0, y=0, x=9, val=-1
CONV1_PRE_RELU [t=9315000]: ch=1, y=0, x=9, val=-1
CONV1_PRE_RELU [t=9315000]: ch=2, y=0, x=9, val=-1
CONV1_PRE_RELU [t=9315000]: ch=3, y=0, x=9, val=-1
CONV1_PRE_RELU [t=9315000]: ch=4, y=0, x=9, val=-1
CONV1_PRE_RELU [t=9315000]: ch=5, y=0, x=9, val=-1
CONV1 [t=9325000]: ch=0, y=0, x=10, val=0
CONV1 [t=9325000]: ch=1, y=0, x=10, val=0
CONV1 [t=9325000]: ch=2, y=0, x=10, val=0
CONV1 [t=9325000]: ch=3, y=0, x=10, val=0
CONV1 [t=9325000]: ch=4, y=0, x=10, val=0
CONV1 [t=9325000]: ch=5, y=0, x=10, val=0
CONV1_PRE_RELU [t=9325000]: ch=0, y=0, x=10, val=-1
CONV1_PRE_RELU [t=9325000]: ch=1, y=0, x=10, val=-1
CONV1_PRE_RELU [t=9325000]: ch=2, y=0, x=10, val=-1
CONV1_PRE_RELU [t=9325000]: ch=3, y=0, x=10, val=-1
CONV1_PRE_RELU [t=9325000]: ch=4, y=0, x=10, val=-1
CONV1_PRE_RELU [t=9325000]: ch=5, y=0, x=10, val=-1
CONV1 [t=9335000]: ch=0, y=0, x=11, val=0
CONV1 [t=9335000]: ch=1, y=0, x=11, val=0
CONV1 [t=9335000]: ch=2, y=0, x=11, val=0
CONV1 [t=9335000]: ch=3, y=0, x=11, val=0
CONV1 [t=9335000]: ch=4, y=0, x=11, val=0
CONV1 [t=9335000]: ch=5, y=0, x=11, val=0
CONV1_PRE_RELU [t=9335000]: ch=0, y=0, x=11, val=-1
CONV1_PRE_RELU [t=9335000]: ch=1, y=0, x=11, val=-1
CONV1_PRE_RELU [t=9335000]: ch=2, y=0, x=11, val=-1
CONV1_PRE_RELU [t=9335000]: ch=3, y=0, x=11, val=-1
CONV1_PRE_RELU [t=9335000]: ch=4, y=0, x=11, val=-1
CONV1_PRE_RELU [t=9335000]: ch=5, y=0, x=11, val=-1
CONV1 [t=9345000]: ch=0, y=0, x=12, val=0
CONV1 [t=9345000]: ch=1, y=0, x=12, val=0
CONV1 [t=9345000]: ch=2, y=0, x=12, val=0
CONV1 [t=9345000]: ch=3, y=0, x=12, val=0
CONV1 [t=9345000]: ch=4, y=0, x=12, val=0
CONV1 [t=9345000]: ch=5, y=0, x=12, val=0
CONV1_PRE_RELU [t=9345000]: ch=0, y=0, x=12, val=-1
CONV1_PRE_RELU [t=9345000]: ch=1, y=0, x=12, val=-1
CONV1_PRE_RELU [t=9345000]: ch=2, y=0, x=12, val=-1
CONV1_PRE_RELU [t=9345000]: ch=3, y=0, x=12, val=-1
CONV1_PRE_RELU [t=9345000]: ch=4, y=0, x=12, val=-1
CONV1_PRE_RELU [t=9345000]: ch=5, y=0, x=12, val=-1
CONV1 [t=9355000]: ch=0, y=0, x=13, val=0
CONV1 [t=9355000]: ch=1, y=0, x=13, val=0
CONV1 [t=9355000]: ch=2, y=0, x=13, val=0
CONV1 [t=9355000]: ch=3, y=0, x=13, val=0
CONV1 [t=9355000]: ch=4, y=0, x=13, val=0
CONV1 [t=9355000]: ch=5, y=0, x=13, val=0
CONV1_PRE_RELU [t=9355000]: ch=0, y=0, x=13, val=-1
CONV1_PRE_RELU [t=9355000]: ch=1, y=0, x=13, val=-1
CONV1_PRE_RELU [t=9355000]: ch=2, y=0, x=13, val=-1
CONV1_PRE_RELU [t=9355000]: ch=3, y=0, x=13, val=-1
CONV1_PRE_RELU [t=9355000]: ch=4, y=0, x=13, val=-1
CONV1_PRE_RELU [t=9355000]: ch=5, y=0, x=13, val=-1
CONV1 [t=9365000]: ch=0, y=0, x=14, val=0
CONV1 [t=9365000]: ch=1, y=0, x=14, val=0
CONV1 [t=9365000]: ch=2, y=0, x=14, val=0
CONV1 [t=9365000]: ch=3, y=0, x=14, val=0
CONV1 [t=9365000]: ch=4, y=0, x=14, val=0
CONV1 [t=9365000]: ch=5, y=0, x=14, val=0
CONV1_PRE_RELU [t=9365000]: ch=0, y=0, x=14, val=-1
CONV1_PRE_RELU [t=9365000]: ch=1, y=0, x=14, val=-1
CONV1_PRE_RELU [t=9365000]: ch=2, y=0, x=14, val=-1
CONV1_PRE_RELU [t=9365000]: ch=3, y=0, x=14, val=-1
CONV1_PRE_RELU [t=9365000]: ch=4, y=0, x=14, val=-1
CONV1_PRE_RELU [t=9365000]: ch=5, y=0, x=14, val=-1
CONV1 [t=9375000]: ch=0, y=0, x=15, val=0
CONV1 [t=9375000]: ch=1, y=0, x=15, val=0
CONV1 [t=9375000]: ch=2, y=0, x=15, val=0
CONV1 [t=9375000]: ch=3, y=0, x=15, val=0
CONV1 [t=9375000]: ch=4, y=0, x=15, val=0
CONV1 [t=9375000]: ch=5, y=0, x=15, val=0
CONV1_PRE_RELU [t=9375000]: ch=0, y=0, x=15, val=-1
CONV1_PRE_RELU [t=9375000]: ch=1, y=0, x=15, val=-1
CONV1_PRE_RELU [t=9375000]: ch=2, y=0, x=15, val=-1
CONV1_PRE_RELU [t=9375000]: ch=3, y=0, x=15, val=-1
CONV1_PRE_RELU [t=9375000]: ch=4, y=0, x=15, val=-1
CONV1_PRE_RELU [t=9375000]: ch=5, y=0, x=15, val=-1
CONV1 [t=9385000]: ch=0, y=0, x=16, val=0
CONV1 [t=9385000]: ch=1, y=0, x=16, val=0
CONV1 [t=9385000]: ch=2, y=0, x=16, val=0
CONV1 [t=9385000]: ch=3, y=0, x=16, val=0
CONV1 [t=9385000]: ch=4, y=0, x=16, val=0
CONV1 [t=9385000]: ch=5, y=0, x=16, val=0
CONV1_PRE_RELU [t=9385000]: ch=0, y=0, x=16, val=-1
CONV1_PRE_RELU [t=9385000]: ch=1, y=0, x=16, val=-1
CONV1_PRE_RELU [t=9385000]: ch=2, y=0, x=16, val=-1
CONV1_PRE_RELU [t=9385000]: ch=3, y=0, x=16, val=-1
CONV1_PRE_RELU [t=9385000]: ch=4, y=0, x=16, val=-1
CONV1_PRE_RELU [t=9385000]: ch=5, y=0, x=16, val=-1
CONV1 [t=9395000]: ch=0, y=0, x=17, val=0
CONV1 [t=9395000]: ch=1, y=0, x=17, val=0
CONV1 [t=9395000]: ch=2, y=0, x=17, val=0
CONV1 [t=9395000]: ch=3, y=0, x=17, val=0
CONV1 [t=9395000]: ch=4, y=0, x=17, val=0
CONV1 [t=9395000]: ch=5, y=0, x=17, val=0
CONV1_PRE_RELU [t=9395000]: ch=0, y=0, x=17, val=-1
CONV1_PRE_RELU [t=9395000]: ch=1, y=0, x=17, val=-1
CONV1_PRE_RELU [t=9395000]: ch=2, y=0, x=17, val=-1
CONV1_PRE_RELU [t=9395000]: ch=3, y=0, x=17, val=-1
CONV1_PRE_RELU [t=9395000]: ch=4, y=0, x=17, val=-1
CONV1_PRE_RELU [t=9395000]: ch=5, y=0, x=17, val=-1
CONV1 [t=9405000]: ch=0, y=0, x=18, val=0
CONV1 [t=9405000]: ch=1, y=0, x=18, val=0
CONV1 [t=9405000]: ch=2, y=0, x=18, val=0
CONV1 [t=9405000]: ch=3, y=0, x=18, val=0
CONV1 [t=9405000]: ch=4, y=0, x=18, val=0
CONV1 [t=9405000]: ch=5, y=0, x=18, val=0
CONV1_PRE_RELU [t=9405000]: ch=0, y=0, x=18, val=-1
CONV1_PRE_RELU [t=9405000]: ch=1, y=0, x=18, val=-1
CONV1_PRE_RELU [t=9405000]: ch=2, y=0, x=18, val=-1
CONV1_PRE_RELU [t=9405000]: ch=3, y=0, x=18, val=-1
CONV1_PRE_RELU [t=9405000]: ch=4, y=0, x=18, val=-1
CONV1_PRE_RELU [t=9405000]: ch=5, y=0, x=18, val=-1
CONV1 [t=9415000]: ch=0, y=0, x=19, val=0
CONV1 [t=9415000]: ch=1, y=0, x=19, val=0
CONV1 [t=9415000]: ch=2, y=0, x=19, val=0
CONV1 [t=9415000]: ch=3, y=0, x=19, val=0
CONV1 [t=9415000]: ch=4, y=0, x=19, val=0
CONV1 [t=9415000]: ch=5, y=0, x=19, val=0
CONV1_PRE_RELU [t=9415000]: ch=0, y=0, x=19, val=-1
CONV1_PRE_RELU [t=9415000]: ch=1, y=0, x=19, val=-1
CONV1_PRE_RELU [t=9415000]: ch=2, y=0, x=19, val=-1
CONV1_PRE_RELU [t=9415000]: ch=3, y=0, x=19, val=-1
CONV1_PRE_RELU [t=9415000]: ch=4, y=0, x=19, val=-1
CONV1_PRE_RELU [t=9415000]: ch=5, y=0, x=19, val=-1
CONV1 [t=9425000]: ch=0, y=0, x=20, val=0
CONV1 [t=9425000]: ch=1, y=0, x=20, val=0
CONV1 [t=9425000]: ch=2, y=0, x=20, val=0
CONV1 [t=9425000]: ch=3, y=0, x=20, val=0
CONV1 [t=9425000]: ch=4, y=0, x=20, val=0
CONV1 [t=9425000]: ch=5, y=0, x=20, val=0
CONV1_PRE_RELU [t=9425000]: ch=0, y=0, x=20, val=-1
CONV1_PRE_RELU [t=9425000]: ch=1, y=0, x=20, val=-1
CONV1_PRE_RELU [t=9425000]: ch=2, y=0, x=20, val=-1
CONV1_PRE_RELU [t=9425000]: ch=3, y=0, x=20, val=-1
CONV1_PRE_RELU [t=9425000]: ch=4, y=0, x=20, val=-1
CONV1_PRE_RELU [t=9425000]: ch=5, y=0, x=20, val=-1
CONV1 [t=9435000]: ch=0, y=0, x=21, val=0
CONV1 [t=9435000]: ch=1, y=0, x=21, val=0
CONV1 [t=9435000]: ch=2, y=0, x=21, val=0
CONV1 [t=9435000]: ch=3, y=0, x=21, val=0
CONV1 [t=9435000]: ch=4, y=0, x=21, val=0
CONV1 [t=9435000]: ch=5, y=0, x=21, val=0
CONV1_PRE_RELU [t=9435000]: ch=0, y=0, x=21, val=-1
CONV1_PRE_RELU [t=9435000]: ch=1, y=0, x=21, val=-1
CONV1_PRE_RELU [t=9435000]: ch=2, y=0, x=21, val=-1
CONV1_PRE_RELU [t=9435000]: ch=3, y=0, x=21, val=-1
CONV1_PRE_RELU [t=9435000]: ch=4, y=0, x=21, val=-1
CONV1_PRE_RELU [t=9435000]: ch=5, y=0, x=21, val=-1
CONV1 [t=9445000]: ch=0, y=0, x=22, val=0
CONV1 [t=9445000]: ch=1, y=0, x=22, val=0
CONV1 [t=9445000]: ch=2, y=0, x=22, val=0
CONV1 [t=9445000]: ch=3, y=0, x=22, val=0
CONV1 [t=9445000]: ch=4, y=0, x=22, val=0
CONV1 [t=9445000]: ch=5, y=0, x=22, val=0
CONV1_PRE_RELU [t=9445000]: ch=0, y=0, x=22, val=-1
CONV1_PRE_RELU [t=9445000]: ch=1, y=0, x=22, val=-1
CONV1_PRE_RELU [t=9445000]: ch=2, y=0, x=22, val=-1
CONV1_PRE_RELU [t=9445000]: ch=3, y=0, x=22, val=-1
CONV1_PRE_RELU [t=9445000]: ch=4, y=0, x=22, val=-1
CONV1_PRE_RELU [t=9445000]: ch=5, y=0, x=22, val=-1
CONV1 [t=9455000]: ch=0, y=0, x=23, val=0
CONV1 [t=9455000]: ch=1, y=0, x=23, val=0
CONV1 [t=9455000]: ch=2, y=0, x=23, val=0
CONV1 [t=9455000]: ch=3, y=0, x=23, val=0
CONV1 [t=9455000]: ch=4, y=0, x=23, val=0
CONV1 [t=9455000]: ch=5, y=0, x=23, val=0
CONV1_PRE_RELU [t=9455000]: ch=0, y=0, x=23, val=-1
CONV1_PRE_RELU [t=9455000]: ch=1, y=0, x=23, val=-1
CONV1_PRE_RELU [t=9455000]: ch=2, y=0, x=23, val=-1
CONV1_PRE_RELU [t=9455000]: ch=3, y=0, x=23, val=-1
CONV1_PRE_RELU [t=9455000]: ch=4, y=0, x=23, val=-1
CONV1_PRE_RELU [t=9455000]: ch=5, y=0, x=23, val=-1
CONV1 [t=9465000]: ch=0, y=1, x=0, val=0
CONV1 [t=9465000]: ch=1, y=1, x=0, val=0
CONV1 [t=9465000]: ch=2, y=1, x=0, val=0
CONV1 [t=9465000]: ch=3, y=1, x=0, val=0
CONV1 [t=9465000]: ch=4, y=1, x=0, val=0
CONV1 [t=9465000]: ch=5, y=1, x=0, val=0
CONV1_PRE_RELU [t=9465000]: ch=0, y=1, x=0, val=-1
CONV1_PRE_RELU [t=9465000]: ch=1, y=1, x=0, val=-1
CONV1_PRE_RELU [t=9465000]: ch=2, y=1, x=0, val=-1
CONV1_PRE_RELU [t=9465000]: ch=3, y=1, x=0, val=-1
CONV1_PRE_RELU [t=9465000]: ch=4, y=1, x=0, val=-1
CONV1_PRE_RELU [t=9465000]: ch=5, y=1, x=0, val=-1
CONV1 [t=9515000]: ch=0, y=1, x=1, val=0
CONV1 [t=9515000]: ch=1, y=1, x=1, val=0
CONV1 [t=9515000]: ch=2, y=1, x=1, val=0
CONV1 [t=9515000]: ch=3, y=1, x=1, val=0
CONV1 [t=9515000]: ch=4, y=1, x=1, val=0
CONV1 [t=9515000]: ch=5, y=1, x=1, val=0
CONV1_PRE_RELU [t=9515000]: ch=0, y=1, x=1, val=-1
CONV1_PRE_RELU [t=9515000]: ch=1, y=1, x=1, val=-1
CONV1_PRE_RELU [t=9515000]: ch=2, y=1, x=1, val=-1
CONV1_PRE_RELU [t=9515000]: ch=3, y=1, x=1, val=-1
CONV1_PRE_RELU [t=9515000]: ch=4, y=1, x=1, val=-1
CONV1_PRE_RELU [t=9515000]: ch=5, y=1, x=1, val=-1
CONV1 [t=9525000]: ch=0, y=1, x=2, val=0
CONV1 [t=9525000]: ch=1, y=1, x=2, val=0
CONV1 [t=9525000]: ch=2, y=1, x=2, val=0
CONV1 [t=9525000]: ch=3, y=1, x=2, val=0
CONV1 [t=9525000]: ch=4, y=1, x=2, val=0
CONV1 [t=9525000]: ch=5, y=1, x=2, val=0
CONV1_PRE_RELU [t=9525000]: ch=0, y=1, x=2, val=-1
CONV1_PRE_RELU [t=9525000]: ch=1, y=1, x=2, val=-1
CONV1_PRE_RELU [t=9525000]: ch=2, y=1, x=2, val=15
CONV1_PRE_RELU [t=9525000]: ch=3, y=1, x=2, val=15
CONV1_PRE_RELU [t=9525000]: ch=4, y=1, x=2, val=15
CONV1_PRE_RELU [t=9525000]: ch=5, y=1, x=2, val=15
CONV1 [t=9535000]: ch=0, y=1, x=3, val=0
CONV1 [t=9535000]: ch=1, y=1, x=3, val=0
CONV1 [t=9535000]: ch=2, y=1, x=3, val=0
CONV1 [t=9535000]: ch=3, y=1, x=3, val=0
CONV1 [t=9535000]: ch=4, y=1, x=3, val=0
CONV1 [t=9535000]: ch=5, y=1, x=3, val=0
CONV1_PRE_RELU [t=9535000]: ch=0, y=1, x=3, val=31
CONV1_PRE_RELU [t=9535000]: ch=1, y=1, x=3, val=15
CONV1_PRE_RELU [t=9535000]: ch=2, y=1, x=3, val=15
CONV1_PRE_RELU [t=9535000]: ch=3, y=1, x=3, val=-1
CONV1_PRE_RELU [t=9535000]: ch=4, y=1, x=3, val=15
CONV1_PRE_RELU [t=9535000]: ch=5, y=1, x=3, val=-1
POOL1 [t=9535000]: ch=0, y=0, x=0, val=0
POOL1 [t=9535000]: ch=1, y=0, x=0, val=0
POOL1 [t=9535000]: ch=2, y=0, x=0, val=0
POOL1 [t=9535000]: ch=3, y=0, x=0, val=0
POOL1 [t=9535000]: ch=4, y=0, x=0, val=0
POOL1 [t=9535000]: ch=5, y=0, x=0, val=0
CONV1 [t=9545000]: ch=0, y=1, x=4, val=0
CONV1 [t=9545000]: ch=1, y=1, x=4, val=0
CONV1 [t=9545000]: ch=2, y=1, x=4, val=15
CONV1 [t=9545000]: ch=3, y=1, x=4, val=15
CONV1 [t=9545000]: ch=4, y=1, x=4, val=15
CONV1 [t=9545000]: ch=5, y=1, x=4, val=15
CONV1_PRE_RELU [t=9545000]: ch=0, y=1, x=4, val=15
CONV1_PRE_RELU [t=9545000]: ch=1, y=1, x=4, val=15
CONV1_PRE_RELU [t=9545000]: ch=2, y=1, x=4, val=15
CONV1_PRE_RELU [t=9545000]: ch=3, y=1, x=4, val=31
CONV1_PRE_RELU [t=9545000]: ch=4, y=1, x=4, val=-1
CONV1_PRE_RELU [t=9545000]: ch=5, y=1, x=4, val=15
CONV1 [t=9555000]: ch=0, y=1, x=5, val=31
CONV1 [t=9555000]: ch=1, y=1, x=5, val=15
CONV1 [t=9555000]: ch=2, y=1, x=5, val=15
CONV1 [t=9555000]: ch=3, y=1, x=5, val=0
CONV1 [t=9555000]: ch=4, y=1, x=5, val=15
CONV1 [t=9555000]: ch=5, y=1, x=5, val=0
CONV1_PRE_RELU [t=9555000]: ch=0, y=1, x=5, val=-1
CONV1_PRE_RELU [t=9555000]: ch=1, y=1, x=5, val=31
CONV1_PRE_RELU [t=9555000]: ch=2, y=1, x=5, val=-1
CONV1_PRE_RELU [t=9555000]: ch=3, y=1, x=5, val=-1
CONV1_PRE_RELU [t=9555000]: ch=4, y=1, x=5, val=31
CONV1_PRE_RELU [t=9555000]: ch=5, y=1, x=5, val=31
POOL1 [t=9555000]: ch=0, y=0, x=1, val=0
POOL1 [t=9555000]: ch=1, y=0, x=1, val=0
POOL1 [t=9555000]: ch=2, y=0, x=1, val=0
POOL1 [t=9555000]: ch=3, y=0, x=1, val=0
POOL1 [t=9555000]: ch=4, y=0, x=1, val=0
POOL1 [t=9555000]: ch=5, y=0, x=1, val=0
CONV1 [t=9565000]: ch=0, y=1, x=6, val=15
CONV1 [t=9565000]: ch=1, y=1, x=6, val=15
CONV1 [t=9565000]: ch=2, y=1, x=6, val=15
CONV1 [t=9565000]: ch=3, y=1, x=6, val=31
CONV1 [t=9565000]: ch=4, y=1, x=6, val=0
CONV1 [t=9565000]: ch=5, y=1, x=6, val=15
CONV1_PRE_RELU [t=9565000]: ch=0, y=1, x=6, val=15
CONV1_PRE_RELU [t=9565000]: ch=1, y=1, x=6, val=-1
CONV1_PRE_RELU [t=9565000]: ch=2, y=1, x=6, val=15
CONV1_PRE_RELU [t=9565000]: ch=3, y=1, x=6, val=15
CONV1_PRE_RELU [t=9565000]: ch=4, y=1, x=6, val=-1
CONV1_PRE_RELU [t=9565000]: ch=5, y=1, x=6, val=-1
CONV1 [t=9575000]: ch=0, y=1, x=7, val=0
CONV1 [t=9575000]: ch=1, y=1, x=7, val=31
CONV1 [t=9575000]: ch=2, y=1, x=7, val=0
CONV1 [t=9575000]: ch=3, y=1, x=7, val=0
CONV1 [t=9575000]: ch=4, y=1, x=7, val=31
CONV1 [t=9575000]: ch=5, y=1, x=7, val=31
CONV1_PRE_RELU [t=9575000]: ch=0, y=1, x=7, val=-1
CONV1_PRE_RELU [t=9575000]: ch=1, y=1, x=7, val=-1
CONV1_PRE_RELU [t=9575000]: ch=2, y=1, x=7, val=-1
CONV1_PRE_RELU [t=9575000]: ch=3, y=1, x=7, val=-1
CONV1_PRE_RELU [t=9575000]: ch=4, y=1, x=7, val=-1
CONV1_PRE_RELU [t=9575000]: ch=5, y=1, x=7, val=-1
POOL1 [t=9575000]: ch=0, y=0, x=2, val=31
POOL1 [t=9575000]: ch=1, y=0, x=2, val=15
POOL1 [t=9575000]: ch=2, y=0, x=2, val=15
POOL1 [t=9575000]: ch=3, y=0, x=2, val=15
POOL1 [t=9575000]: ch=4, y=0, x=2, val=15
POOL1 [t=9575000]: ch=5, y=0, x=2, val=15
CONV1 [t=9585000]: ch=0, y=1, x=8, val=15
CONV1 [t=9585000]: ch=1, y=1, x=8, val=0
CONV1 [t=9585000]: ch=2, y=1, x=8, val=15
CONV1 [t=9585000]: ch=3, y=1, x=8, val=15
CONV1 [t=9585000]: ch=4, y=1, x=8, val=0
CONV1 [t=9585000]: ch=5, y=1, x=8, val=0
CONV1_PRE_RELU [t=9585000]: ch=0, y=1, x=8, val=-1
CONV1_PRE_RELU [t=9585000]: ch=1, y=1, x=8, val=-1
CONV1_PRE_RELU [t=9585000]: ch=2, y=1, x=8, val=-1
CONV1_PRE_RELU [t=9585000]: ch=3, y=1, x=8, val=-1
CONV1_PRE_RELU [t=9585000]: ch=4, y=1, x=8, val=-1
CONV1_PRE_RELU [t=9585000]: ch=5, y=1, x=8, val=-1
CONV1 [t=9595000]: ch=0, y=1, x=9, val=0
CONV1 [t=9595000]: ch=1, y=1, x=9, val=0
CONV1 [t=9595000]: ch=2, y=1, x=9, val=0
CONV1 [t=9595000]: ch=3, y=1, x=9, val=0
CONV1 [t=9595000]: ch=4, y=1, x=9, val=0
CONV1 [t=9595000]: ch=5, y=1, x=9, val=0
CONV1_PRE_RELU [t=9595000]: ch=0, y=1, x=9, val=-1
CONV1_PRE_RELU [t=9595000]: ch=1, y=1, x=9, val=-1
CONV1_PRE_RELU [t=9595000]: ch=2, y=1, x=9, val=-1
CONV1_PRE_RELU [t=9595000]: ch=3, y=1, x=9, val=-1
CONV1_PRE_RELU [t=9595000]: ch=4, y=1, x=9, val=-1
CONV1_PRE_RELU [t=9595000]: ch=5, y=1, x=9, val=-1
POOL1 [t=9595000]: ch=0, y=0, x=3, val=15
POOL1 [t=9595000]: ch=1, y=0, x=3, val=31
POOL1 [t=9595000]: ch=2, y=0, x=3, val=15
POOL1 [t=9595000]: ch=3, y=0, x=3, val=31
POOL1 [t=9595000]: ch=4, y=0, x=3, val=31
POOL1 [t=9595000]: ch=5, y=0, x=3, val=31
CONV1 [t=9605000]: ch=0, y=1, x=10, val=0
CONV1 [t=9605000]: ch=1, y=1, x=10, val=0
CONV1 [t=9605000]: ch=2, y=1, x=10, val=0
CONV1 [t=9605000]: ch=3, y=1, x=10, val=0
CONV1 [t=9605000]: ch=4, y=1, x=10, val=0
CONV1 [t=9605000]: ch=5, y=1, x=10, val=0
CONV1_PRE_RELU [t=9605000]: ch=0, y=1, x=10, val=-1
CONV1_PRE_RELU [t=9605000]: ch=1, y=1, x=10, val=-1
CONV1_PRE_RELU [t=9605000]: ch=2, y=1, x=10, val=-1
CONV1_PRE_RELU [t=9605000]: ch=3, y=1, x=10, val=-1
CONV1_PRE_RELU [t=9605000]: ch=4, y=1, x=10, val=-1
CONV1_PRE_RELU [t=9605000]: ch=5, y=1, x=10, val=-1
CONV1 [t=9615000]: ch=0, y=1, x=11, val=0
CONV1 [t=9615000]: ch=1, y=1, x=11, val=0
CONV1 [t=9615000]: ch=2, y=1, x=11, val=0
CONV1 [t=9615000]: ch=3, y=1, x=11, val=0
CONV1 [t=9615000]: ch=4, y=1, x=11, val=0
CONV1 [t=9615000]: ch=5, y=1, x=11, val=0
CONV1_PRE_RELU [t=9615000]: ch=0, y=1, x=11, val=-1
CONV1_PRE_RELU [t=9615000]: ch=1, y=1, x=11, val=-1
CONV1_PRE_RELU [t=9615000]: ch=2, y=1, x=11, val=15
CONV1_PRE_RELU [t=9615000]: ch=3, y=1, x=11, val=15
CONV1_PRE_RELU [t=9615000]: ch=4, y=1, x=11, val=15
CONV1_PRE_RELU [t=9615000]: ch=5, y=1, x=11, val=15
POOL1 [t=9615000]: ch=0, y=0, x=4, val=15
POOL1 [t=9615000]: ch=1, y=0, x=4, val=0
POOL1 [t=9615000]: ch=2, y=0, x=4, val=15
POOL1 [t=9615000]: ch=3, y=0, x=4, val=15
POOL1 [t=9615000]: ch=4, y=0, x=4, val=0
POOL1 [t=9615000]: ch=5, y=0, x=4, val=0
CONV1 [t=9625000]: ch=0, y=1, x=12, val=0
CONV1 [t=9625000]: ch=1, y=1, x=12, val=0
CONV1 [t=9625000]: ch=2, y=1, x=12, val=0
CONV1 [t=9625000]: ch=3, y=1, x=12, val=0
CONV1 [t=9625000]: ch=4, y=1, x=12, val=0
CONV1 [t=9625000]: ch=5, y=1, x=12, val=0
CONV1_PRE_RELU [t=9625000]: ch=0, y=1, x=12, val=15
CONV1_PRE_RELU [t=9625000]: ch=1, y=1, x=12, val=-1
CONV1_PRE_RELU [t=9625000]: ch=2, y=1, x=12, val=31
CONV1_PRE_RELU [t=9625000]: ch=3, y=1, x=12, val=15
CONV1_PRE_RELU [t=9625000]: ch=4, y=1, x=12, val=31
CONV1_PRE_RELU [t=9625000]: ch=5, y=1, x=12, val=15
CONV1 [t=9635000]: ch=0, y=1, x=13, val=0
CONV1 [t=9635000]: ch=1, y=1, x=13, val=0
CONV1 [t=9635000]: ch=2, y=1, x=13, val=15
CONV1 [t=9635000]: ch=3, y=1, x=13, val=15
CONV1 [t=9635000]: ch=4, y=1, x=13, val=15
CONV1 [t=9635000]: ch=5, y=1, x=13, val=15
CONV1_PRE_RELU [t=9635000]: ch=0, y=1, x=13, val=31
CONV1_PRE_RELU [t=9635000]: ch=1, y=1, x=13, val=-1
CONV1_PRE_RELU [t=9635000]: ch=2, y=1, x=13, val=31
CONV1_PRE_RELU [t=9635000]: ch=3, y=1, x=13, val=15
CONV1_PRE_RELU [t=9635000]: ch=4, y=1, x=13, val=15
CONV1_PRE_RELU [t=9635000]: ch=5, y=1, x=13, val=-1
POOL1 [t=9635000]: ch=0, y=0, x=5, val=0
POOL1 [t=9635000]: ch=1, y=0, x=5, val=0
POOL1 [t=9635000]: ch=2, y=0, x=5, val=0
POOL1 [t=9635000]: ch=3, y=0, x=5, val=0
POOL1 [t=9635000]: ch=4, y=0, x=5, val=0
POOL1 [t=9635000]: ch=5, y=0, x=5, val=0
CONV1 [t=9645000]: ch=0, y=1, x=14, val=15
CONV1 [t=9645000]: ch=1, y=1, x=14, val=0
CONV1 [t=9645000]: ch=2, y=1, x=14, val=31
CONV1 [t=9645000]: ch=3, y=1, x=14, val=15
CONV1 [t=9645000]: ch=4, y=1, x=14, val=31
CONV1 [t=9645000]: ch=5, y=1, x=14, val=15
CONV1_PRE_RELU [t=9645000]: ch=0, y=1, x=14, val=15
CONV1_PRE_RELU [t=9645000]: ch=1, y=1, x=14, val=15
CONV1_PRE_RELU [t=9645000]: ch=2, y=1, x=14, val=15
CONV1_PRE_RELU [t=9645000]: ch=3, y=1, x=14, val=15
CONV1_PRE_RELU [t=9645000]: ch=4, y=1, x=14, val=15
CONV1_PRE_RELU [t=9645000]: ch=5, y=1, x=14, val=15
CONV1 [t=9655000]: ch=0, y=1, x=15, val=31
CONV1 [t=9655000]: ch=1, y=1, x=15, val=0
CONV1 [t=9655000]: ch=2, y=1, x=15, val=31
CONV1 [t=9655000]: ch=3, y=1, x=15, val=15
CONV1 [t=9655000]: ch=4, y=1, x=15, val=15
CONV1 [t=9655000]: ch=5, y=1, x=15, val=0
CONV1_PRE_RELU [t=9655000]: ch=0, y=1, x=15, val=-1
CONV1_PRE_RELU [t=9655000]: ch=1, y=1, x=15, val=15
CONV1_PRE_RELU [t=9655000]: ch=2, y=1, x=15, val=-1
CONV1_PRE_RELU [t=9655000]: ch=3, y=1, x=15, val=-1
CONV1_PRE_RELU [t=9655000]: ch=4, y=1, x=15, val=15
CONV1_PRE_RELU [t=9655000]: ch=5, y=1, x=15, val=15
POOL1 [t=9655000]: ch=0, y=0, x=6, val=0
POOL1 [t=9655000]: ch=1, y=0, x=6, val=0
POOL1 [t=9655000]: ch=2, y=0, x=6, val=15
POOL1 [t=9655000]: ch=3, y=0, x=6, val=15
POOL1 [t=9655000]: ch=4, y=0, x=6, val=15
POOL1 [t=9655000]: ch=5, y=0, x=6, val=15
CONV1 [t=9665000]: ch=0, y=1, x=16, val=15
CONV1 [t=9665000]: ch=1, y=1, x=16, val=15
CONV1 [t=9665000]: ch=2, y=1, x=16, val=15
CONV1 [t=9665000]: ch=3, y=1, x=16, val=15
CONV1 [t=9665000]: ch=4, y=1, x=16, val=15
CONV1 [t=9665000]: ch=5, y=1, x=16, val=15
CONV1_PRE_RELU [t=9665000]: ch=0, y=1, x=16, val=-1
CONV1_PRE_RELU [t=9665000]: ch=1, y=1, x=16, val=-1
CONV1_PRE_RELU [t=9665000]: ch=2, y=1, x=16, val=-1
CONV1_PRE_RELU [t=9665000]: ch=3, y=1, x=16, val=-1
CONV1_PRE_RELU [t=9665000]: ch=4, y=1, x=16, val=-1
CONV1_PRE_RELU [t=9665000]: ch=5, y=1, x=16, val=-1
CONV1 [t=9675000]: ch=0, y=1, x=17, val=0
CONV1 [t=9675000]: ch=1, y=1, x=17, val=15
CONV1 [t=9675000]: ch=2, y=1, x=17, val=0
CONV1 [t=9675000]: ch=3, y=1, x=17, val=0
CONV1 [t=9675000]: ch=4, y=1, x=17, val=15
CONV1 [t=9675000]: ch=5, y=1, x=17, val=15
CONV1_PRE_RELU [t=9675000]: ch=0, y=1, x=17, val=-1
CONV1_PRE_RELU [t=9675000]: ch=1, y=1, x=17, val=-1
CONV1_PRE_RELU [t=9675000]: ch=2, y=1, x=17, val=-1
CONV1_PRE_RELU [t=9675000]: ch=3, y=1, x=17, val=-1
CONV1_PRE_RELU [t=9675000]: ch=4, y=1, x=17, val=-1
CONV1_PRE_RELU [t=9675000]: ch=5, y=1, x=17, val=-1
POOL1 [t=9675000]: ch=0, y=0, x=7, val=31
POOL1 [t=9675000]: ch=1, y=0, x=7, val=0
POOL1 [t=9675000]: ch=2, y=0, x=7, val=31
POOL1 [t=9675000]: ch=3, y=0, x=7, val=15
POOL1 [t=9675000]: ch=4, y=0, x=7, val=31
POOL1 [t=9675000]: ch=5, y=0, x=7, val=15
CONV1 [t=9685000]: ch=0, y=1, x=18, val=0
CONV1 [t=9685000]: ch=1, y=1, x=18, val=0
CONV1 [t=9685000]: ch=2, y=1, x=18, val=0
CONV1 [t=9685000]: ch=3, y=1, x=18, val=0
CONV1 [t=9685000]: ch=4, y=1, x=18, val=0
CONV1 [t=9685000]: ch=5, y=1, x=18, val=0
CONV1_PRE_RELU [t=9685000]: ch=0, y=1, x=18, val=-1
CONV1_PRE_RELU [t=9685000]: ch=1, y=1, x=18, val=-1
CONV1_PRE_RELU [t=9685000]: ch=2, y=1, x=18, val=-1
CONV1_PRE_RELU [t=9685000]: ch=3, y=1, x=18, val=-1
CONV1_PRE_RELU [t=9685000]: ch=4, y=1, x=18, val=-1
CONV1_PRE_RELU [t=9685000]: ch=5, y=1, x=18, val=-1
CONV1 [t=9695000]: ch=0, y=1, x=19, val=0
CONV1 [t=9695000]: ch=1, y=1, x=19, val=0
CONV1 [t=9695000]: ch=2, y=1, x=19, val=0
CONV1 [t=9695000]: ch=3, y=1, x=19, val=0
CONV1 [t=9695000]: ch=4, y=1, x=19, val=0
CONV1 [t=9695000]: ch=5, y=1, x=19, val=0
CONV1_PRE_RELU [t=9695000]: ch=0, y=1, x=19, val=-1
CONV1_PRE_RELU [t=9695000]: ch=1, y=1, x=19, val=-1
CONV1_PRE_RELU [t=9695000]: ch=2, y=1, x=19, val=-1
CONV1_PRE_RELU [t=9695000]: ch=3, y=1, x=19, val=-1
CONV1_PRE_RELU [t=9695000]: ch=4, y=1, x=19, val=-1
CONV1_PRE_RELU [t=9695000]: ch=5, y=1, x=19, val=-1
POOL1 [t=9695000]: ch=0, y=0, x=8, val=15
POOL1 [t=9695000]: ch=1, y=0, x=8, val=15
POOL1 [t=9695000]: ch=2, y=0, x=8, val=15
POOL1 [t=9695000]: ch=3, y=0, x=8, val=15
POOL1 [t=9695000]: ch=4, y=0, x=8, val=15
POOL1 [t=9695000]: ch=5, y=0, x=8, val=15
CONV1 [t=9705000]: ch=0, y=1, x=20, val=0
CONV1 [t=9705000]: ch=1, y=1, x=20, val=0
CONV1 [t=9705000]: ch=2, y=1, x=20, val=0
CONV1 [t=9705000]: ch=3, y=1, x=20, val=0
CONV1 [t=9705000]: ch=4, y=1, x=20, val=0
CONV1 [t=9705000]: ch=5, y=1, x=20, val=0
CONV1_PRE_RELU [t=9705000]: ch=0, y=1, x=20, val=-1
CONV1_PRE_RELU [t=9705000]: ch=1, y=1, x=20, val=-1
CONV1_PRE_RELU [t=9705000]: ch=2, y=1, x=20, val=-1
CONV1_PRE_RELU [t=9705000]: ch=3, y=1, x=20, val=-1
CONV1_PRE_RELU [t=9705000]: ch=4, y=1, x=20, val=-1
CONV1_PRE_RELU [t=9705000]: ch=5, y=1, x=20, val=-1
CONV1 [t=9715000]: ch=0, y=1, x=21, val=0
CONV1 [t=9715000]: ch=1, y=1, x=21, val=0
CONV1 [t=9715000]: ch=2, y=1, x=21, val=0
CONV1 [t=9715000]: ch=3, y=1, x=21, val=0
CONV1 [t=9715000]: ch=4, y=1, x=21, val=0
CONV1 [t=9715000]: ch=5, y=1, x=21, val=0
CONV1_PRE_RELU [t=9715000]: ch=0, y=1, x=21, val=-1
CONV1_PRE_RELU [t=9715000]: ch=1, y=1, x=21, val=-1
CONV1_PRE_RELU [t=9715000]: ch=2, y=1, x=21, val=-1
CONV1_PRE_RELU [t=9715000]: ch=3, y=1, x=21, val=-1
CONV1_PRE_RELU [t=9715000]: ch=4, y=1, x=21, val=-1
CONV1_PRE_RELU [t=9715000]: ch=5, y=1, x=21, val=-1
POOL1 [t=9715000]: ch=0, y=0, x=9, val=0
POOL1 [t=9715000]: ch=1, y=0, x=9, val=0
POOL1 [t=9715000]: ch=2, y=0, x=9, val=0
POOL1 [t=9715000]: ch=3, y=0, x=9, val=0
POOL1 [t=9715000]: ch=4, y=0, x=9, val=0
POOL1 [t=9715000]: ch=5, y=0, x=9, val=0
CONV1 [t=9725000]: ch=0, y=1, x=22, val=0
CONV1 [t=9725000]: ch=1, y=1, x=22, val=0
CONV1 [t=9725000]: ch=2, y=1, x=22, val=0
CONV1 [t=9725000]: ch=3, y=1, x=22, val=0
CONV1 [t=9725000]: ch=4, y=1, x=22, val=0
CONV1 [t=9725000]: ch=5, y=1, x=22, val=0
CONV1_PRE_RELU [t=9725000]: ch=0, y=1, x=22, val=-1
CONV1_PRE_RELU [t=9725000]: ch=1, y=1, x=22, val=-1
CONV1_PRE_RELU [t=9725000]: ch=2, y=1, x=22, val=-1
CONV1_PRE_RELU [t=9725000]: ch=3, y=1, x=22, val=-1
CONV1_PRE_RELU [t=9725000]: ch=4, y=1, x=22, val=-1
CONV1_PRE_RELU [t=9725000]: ch=5, y=1, x=22, val=-1
CONV1 [t=9735000]: ch=0, y=1, x=23, val=0
CONV1 [t=9735000]: ch=1, y=1, x=23, val=0
CONV1 [t=9735000]: ch=2, y=1, x=23, val=0
CONV1 [t=9735000]: ch=3, y=1, x=23, val=0
CONV1 [t=9735000]: ch=4, y=1, x=23, val=0
CONV1 [t=9735000]: ch=5, y=1, x=23, val=0
CONV1_PRE_RELU [t=9735000]: ch=0, y=1, x=23, val=-1
CONV1_PRE_RELU [t=9735000]: ch=1, y=1, x=23, val=-1
CONV1_PRE_RELU [t=9735000]: ch=2, y=1, x=23, val=-1
CONV1_PRE_RELU [t=9735000]: ch=3, y=1, x=23, val=-1
CONV1_PRE_RELU [t=9735000]: ch=4, y=1, x=23, val=-1
CONV1_PRE_RELU [t=9735000]: ch=5, y=1, x=23, val=-1
POOL1 [t=9735000]: ch=0, y=0, x=10, val=0
POOL1 [t=9735000]: ch=1, y=0, x=10, val=0
POOL1 [t=9735000]: ch=2, y=0, x=10, val=0
POOL1 [t=9735000]: ch=3, y=0, x=10, val=0
POOL1 [t=9735000]: ch=4, y=0, x=10, val=0
POOL1 [t=9735000]: ch=5, y=0, x=10, val=0
CONV1 [t=9745000]: ch=0, y=2, x=0, val=0
CONV1 [t=9745000]: ch=1, y=2, x=0, val=0
CONV1 [t=9745000]: ch=2, y=2, x=0, val=0
CONV1 [t=9745000]: ch=3, y=2, x=0, val=0
CONV1 [t=9745000]: ch=4, y=2, x=0, val=0
CONV1 [t=9745000]: ch=5, y=2, x=0, val=0
CONV1_PRE_RELU [t=9745000]: ch=0, y=2, x=0, val=-1
CONV1_PRE_RELU [t=9745000]: ch=1, y=2, x=0, val=-1
CONV1_PRE_RELU [t=9745000]: ch=2, y=2, x=0, val=-1
CONV1_PRE_RELU [t=9745000]: ch=3, y=2, x=0, val=-1
CONV1_PRE_RELU [t=9745000]: ch=4, y=2, x=0, val=-1
CONV1_PRE_RELU [t=9745000]: ch=5, y=2, x=0, val=-1
POOL1 [t=9755000]: ch=0, y=0, x=11, val=0
POOL1 [t=9755000]: ch=1, y=0, x=11, val=0
POOL1 [t=9755000]: ch=2, y=0, x=11, val=0
POOL1 [t=9755000]: ch=3, y=0, x=11, val=0
POOL1 [t=9755000]: ch=4, y=0, x=11, val=0
POOL1 [t=9755000]: ch=5, y=0, x=11, val=0
CONV1 [t=9795000]: ch=0, y=2, x=1, val=0
CONV1 [t=9795000]: ch=1, y=2, x=1, val=0
CONV1 [t=9795000]: ch=2, y=2, x=1, val=0
CONV1 [t=9795000]: ch=3, y=2, x=1, val=0
CONV1 [t=9795000]: ch=4, y=2, x=1, val=0
CONV1 [t=9795000]: ch=5, y=2, x=1, val=0
CONV1_PRE_RELU [t=9795000]: ch=0, y=2, x=1, val=-1
CONV1_PRE_RELU [t=9795000]: ch=1, y=2, x=1, val=-1
CONV1_PRE_RELU [t=9795000]: ch=2, y=2, x=1, val=-1
CONV1_PRE_RELU [t=9795000]: ch=3, y=2, x=1, val=-1
CONV1_PRE_RELU [t=9795000]: ch=4, y=2, x=1, val=-1
CONV1_PRE_RELU [t=9795000]: ch=5, y=2, x=1, val=-1
CONV1 [t=9805000]: ch=0, y=2, x=2, val=0
CONV1 [t=9805000]: ch=1, y=2, x=2, val=0
CONV1 [t=9805000]: ch=2, y=2, x=2, val=0
CONV1 [t=9805000]: ch=3, y=2, x=2, val=0
CONV1 [t=9805000]: ch=4, y=2, x=2, val=0
CONV1 [t=9805000]: ch=5, y=2, x=2, val=0
CONV1_PRE_RELU [t=9805000]: ch=0, y=2, x=2, val=-1
CONV1_PRE_RELU [t=9805000]: ch=1, y=2, x=2, val=-1
CONV1_PRE_RELU [t=9805000]: ch=2, y=2, x=2, val=15
CONV1_PRE_RELU [t=9805000]: ch=3, y=2, x=2, val=15
CONV1_PRE_RELU [t=9805000]: ch=4, y=2, x=2, val=15
CONV1_PRE_RELU [t=9805000]: ch=5, y=2, x=2, val=15
CONV1 [t=9815000]: ch=0, y=2, x=3, val=0
CONV1 [t=9815000]: ch=1, y=2, x=3, val=0
CONV1 [t=9815000]: ch=2, y=2, x=3, val=0
CONV1 [t=9815000]: ch=3, y=2, x=3, val=0
CONV1 [t=9815000]: ch=4, y=2, x=3, val=0
CONV1 [t=9815000]: ch=5, y=2, x=3, val=0
CONV1_PRE_RELU [t=9815000]: ch=0, y=2, x=3, val=31
CONV1_PRE_RELU [t=9815000]: ch=1, y=2, x=3, val=15
CONV1_PRE_RELU [t=9815000]: ch=2, y=2, x=3, val=15
CONV1_PRE_RELU [t=9815000]: ch=3, y=2, x=3, val=-1
CONV1_PRE_RELU [t=9815000]: ch=4, y=2, x=3, val=15
CONV1_PRE_RELU [t=9815000]: ch=5, y=2, x=3, val=-1
CONV1 [t=9825000]: ch=0, y=2, x=4, val=0
CONV1 [t=9825000]: ch=1, y=2, x=4, val=0
CONV1 [t=9825000]: ch=2, y=2, x=4, val=15
CONV1 [t=9825000]: ch=3, y=2, x=4, val=15
CONV1 [t=9825000]: ch=4, y=2, x=4, val=15
CONV1 [t=9825000]: ch=5, y=2, x=4, val=15
CONV1_PRE_RELU [t=9825000]: ch=0, y=2, x=4, val=15
CONV1_PRE_RELU [t=9825000]: ch=1, y=2, x=4, val=15
CONV1_PRE_RELU [t=9825000]: ch=2, y=2, x=4, val=15
CONV1_PRE_RELU [t=9825000]: ch=3, y=2, x=4, val=31
CONV1_PRE_RELU [t=9825000]: ch=4, y=2, x=4, val=-1
CONV1_PRE_RELU [t=9825000]: ch=5, y=2, x=4, val=15
CONV1 [t=9835000]: ch=0, y=2, x=5, val=31
CONV1 [t=9835000]: ch=1, y=2, x=5, val=15
CONV1 [t=9835000]: ch=2, y=2, x=5, val=15
CONV1 [t=9835000]: ch=3, y=2, x=5, val=0
CONV1 [t=9835000]: ch=4, y=2, x=5, val=15
CONV1 [t=9835000]: ch=5, y=2, x=5, val=0
CONV1_PRE_RELU [t=9835000]: ch=0, y=2, x=5, val=-1
CONV1_PRE_RELU [t=9835000]: ch=1, y=2, x=5, val=31
CONV1_PRE_RELU [t=9835000]: ch=2, y=2, x=5, val=-1
CONV1_PRE_RELU [t=9835000]: ch=3, y=2, x=5, val=-1
CONV1_PRE_RELU [t=9835000]: ch=4, y=2, x=5, val=31
CONV1_PRE_RELU [t=9835000]: ch=5, y=2, x=5, val=31
CONV1 [t=9845000]: ch=0, y=2, x=6, val=15
CONV1 [t=9845000]: ch=1, y=2, x=6, val=15
CONV1 [t=9845000]: ch=2, y=2, x=6, val=15
CONV1 [t=9845000]: ch=3, y=2, x=6, val=31
CONV1 [t=9845000]: ch=4, y=2, x=6, val=0
CONV1 [t=9845000]: ch=5, y=2, x=6, val=15
CONV1_PRE_RELU [t=9845000]: ch=0, y=2, x=6, val=15
CONV1_PRE_RELU [t=9845000]: ch=1, y=2, x=6, val=-1
CONV1_PRE_RELU [t=9845000]: ch=2, y=2, x=6, val=15
CONV1_PRE_RELU [t=9845000]: ch=3, y=2, x=6, val=15
CONV1_PRE_RELU [t=9845000]: ch=4, y=2, x=6, val=-1
CONV1_PRE_RELU [t=9845000]: ch=5, y=2, x=6, val=-1
CONV1 [t=9855000]: ch=0, y=2, x=7, val=0
CONV1 [t=9855000]: ch=1, y=2, x=7, val=31
CONV1 [t=9855000]: ch=2, y=2, x=7, val=0
CONV1 [t=9855000]: ch=3, y=2, x=7, val=0
CONV1 [t=9855000]: ch=4, y=2, x=7, val=31
CONV1 [t=9855000]: ch=5, y=2, x=7, val=31
CONV1_PRE_RELU [t=9855000]: ch=0, y=2, x=7, val=-1
CONV1_PRE_RELU [t=9855000]: ch=1, y=2, x=7, val=-1
CONV1_PRE_RELU [t=9855000]: ch=2, y=2, x=7, val=-1
CONV1_PRE_RELU [t=9855000]: ch=3, y=2, x=7, val=-1
CONV1_PRE_RELU [t=9855000]: ch=4, y=2, x=7, val=-1
CONV1_PRE_RELU [t=9855000]: ch=5, y=2, x=7, val=-1
CONV1 [t=9865000]: ch=0, y=2, x=8, val=15
CONV1 [t=9865000]: ch=1, y=2, x=8, val=0
CONV1 [t=9865000]: ch=2, y=2, x=8, val=15
CONV1 [t=9865000]: ch=3, y=2, x=8, val=15
CONV1 [t=9865000]: ch=4, y=2, x=8, val=0
CONV1 [t=9865000]: ch=5, y=2, x=8, val=0
CONV1_PRE_RELU [t=9865000]: ch=0, y=2, x=8, val=-1
CONV1_PRE_RELU [t=9865000]: ch=1, y=2, x=8, val=-1
CONV1_PRE_RELU [t=9865000]: ch=2, y=2, x=8, val=-1
CONV1_PRE_RELU [t=9865000]: ch=3, y=2, x=8, val=-1
CONV1_PRE_RELU [t=9865000]: ch=4, y=2, x=8, val=-1
CONV1_PRE_RELU [t=9865000]: ch=5, y=2, x=8, val=-1
CONV1 [t=9875000]: ch=0, y=2, x=9, val=0
CONV1 [t=9875000]: ch=1, y=2, x=9, val=0
CONV1 [t=9875000]: ch=2, y=2, x=9, val=0
CONV1 [t=9875000]: ch=3, y=2, x=9, val=0
CONV1 [t=9875000]: ch=4, y=2, x=9, val=0
CONV1 [t=9875000]: ch=5, y=2, x=9, val=0
CONV1_PRE_RELU [t=9875000]: ch=0, y=2, x=9, val=-1
CONV1_PRE_RELU [t=9875000]: ch=1, y=2, x=9, val=-1
CONV1_PRE_RELU [t=9875000]: ch=2, y=2, x=9, val=-1
CONV1_PRE_RELU [t=9875000]: ch=3, y=2, x=9, val=-1
CONV1_PRE_RELU [t=9875000]: ch=4, y=2, x=9, val=-1
CONV1_PRE_RELU [t=9875000]: ch=5, y=2, x=9, val=-1
CONV1 [t=9885000]: ch=0, y=2, x=10, val=0
CONV1 [t=9885000]: ch=1, y=2, x=10, val=0
CONV1 [t=9885000]: ch=2, y=2, x=10, val=0
CONV1 [t=9885000]: ch=3, y=2, x=10, val=0
CONV1 [t=9885000]: ch=4, y=2, x=10, val=0
CONV1 [t=9885000]: ch=5, y=2, x=10, val=0
CONV1_PRE_RELU [t=9885000]: ch=0, y=2, x=10, val=-1
CONV1_PRE_RELU [t=9885000]: ch=1, y=2, x=10, val=-1
CONV1_PRE_RELU [t=9885000]: ch=2, y=2, x=10, val=-1
CONV1_PRE_RELU [t=9885000]: ch=3, y=2, x=10, val=-1
CONV1_PRE_RELU [t=9885000]: ch=4, y=2, x=10, val=-1
CONV1_PRE_RELU [t=9885000]: ch=5, y=2, x=10, val=-1
CONV1 [t=9895000]: ch=0, y=2, x=11, val=0
CONV1 [t=9895000]: ch=1, y=2, x=11, val=0
CONV1 [t=9895000]: ch=2, y=2, x=11, val=0
CONV1 [t=9895000]: ch=3, y=2, x=11, val=0
CONV1 [t=9895000]: ch=4, y=2, x=11, val=0
CONV1 [t=9895000]: ch=5, y=2, x=11, val=0
CONV1_PRE_RELU [t=9895000]: ch=0, y=2, x=11, val=15
CONV1_PRE_RELU [t=9895000]: ch=1, y=2, x=11, val=15
CONV1_PRE_RELU [t=9895000]: ch=2, y=2, x=11, val=-1
CONV1_PRE_RELU [t=9895000]: ch=3, y=2, x=11, val=-1
CONV1_PRE_RELU [t=9895000]: ch=4, y=2, x=11, val=-1
CONV1_PRE_RELU [t=9895000]: ch=5, y=2, x=11, val=-1
CONV1 [t=9905000]: ch=0, y=2, x=12, val=0
CONV1 [t=9905000]: ch=1, y=2, x=12, val=0
CONV1 [t=9905000]: ch=2, y=2, x=12, val=0
CONV1 [t=9905000]: ch=3, y=2, x=12, val=0
CONV1 [t=9905000]: ch=4, y=2, x=12, val=0
CONV1 [t=9905000]: ch=5, y=2, x=12, val=0
CONV1_PRE_RELU [t=9905000]: ch=0, y=2, x=12, val=15
CONV1_PRE_RELU [t=9905000]: ch=1, y=2, x=12, val=31
CONV1_PRE_RELU [t=9905000]: ch=2, y=2, x=12, val=-1
CONV1_PRE_RELU [t=9905000]: ch=3, y=2, x=12, val=15
CONV1_PRE_RELU [t=9905000]: ch=4, y=2, x=12, val=-1
CONV1_PRE_RELU [t=9905000]: ch=5, y=2, x=12, val=15
CONV1 [t=9915000]: ch=0, y=2, x=13, val=15
CONV1 [t=9915000]: ch=1, y=2, x=13, val=15
CONV1 [t=9915000]: ch=2, y=2, x=13, val=0
CONV1 [t=9915000]: ch=3, y=2, x=13, val=0
CONV1 [t=9915000]: ch=4, y=2, x=13, val=0
CONV1 [t=9915000]: ch=5, y=2, x=13, val=0
CONV1_PRE_RELU [t=9915000]: ch=0, y=2, x=13, val=-1
CONV1_PRE_RELU [t=9915000]: ch=1, y=2, x=13, val=31
CONV1_PRE_RELU [t=9915000]: ch=2, y=2, x=13, val=-1
CONV1_PRE_RELU [t=9915000]: ch=3, y=2, x=13, val=15
CONV1_PRE_RELU [t=9915000]: ch=4, y=2, x=13, val=15
CONV1_PRE_RELU [t=9915000]: ch=5, y=2, x=13, val=31
CONV1 [t=9925000]: ch=0, y=2, x=14, val=15
CONV1 [t=9925000]: ch=1, y=2, x=14, val=31
CONV1 [t=9925000]: ch=2, y=2, x=14, val=0
CONV1 [t=9925000]: ch=3, y=2, x=14, val=15
CONV1 [t=9925000]: ch=4, y=2, x=14, val=0
CONV1 [t=9925000]: ch=5, y=2, x=14, val=15
CONV1_PRE_RELU [t=9925000]: ch=0, y=2, x=14, val=15
CONV1_PRE_RELU [t=9925000]: ch=1, y=2, x=14, val=15
CONV1_PRE_RELU [t=9925000]: ch=2, y=2, x=14, val=15
CONV1_PRE_RELU [t=9925000]: ch=3, y=2, x=14, val=15
CONV1_PRE_RELU [t=9925000]: ch=4, y=2, x=14, val=15
CONV1_PRE_RELU [t=9925000]: ch=5, y=2, x=14, val=15
CONV1 [t=9935000]: ch=0, y=2, x=15, val=0
CONV1 [t=9935000]: ch=1, y=2, x=15, val=31
CONV1 [t=9935000]: ch=2, y=2, x=15, val=0
CONV1 [t=9935000]: ch=3, y=2, x=15, val=15
CONV1 [t=9935000]: ch=4, y=2, x=15, val=15
CONV1 [t=9935000]: ch=5, y=2, x=15, val=31
CONV1_PRE_RELU [t=9935000]: ch=0, y=2, x=15, val=15
CONV1_PRE_RELU [t=9935000]: ch=1, y=2, x=15, val=-1
CONV1_PRE_RELU [t=9935000]: ch=2, y=2, x=15, val=15
CONV1_PRE_RELU [t=9935000]: ch=3, y=2, x=15, val=15
CONV1_PRE_RELU [t=9935000]: ch=4, y=2, x=15, val=-1
CONV1_PRE_RELU [t=9935000]: ch=5, y=2, x=15, val=-1
CONV1 [t=9945000]: ch=0, y=2, x=16, val=15
CONV1 [t=9945000]: ch=1, y=2, x=16, val=15
CONV1 [t=9945000]: ch=2, y=2, x=16, val=15
CONV1 [t=9945000]: ch=3, y=2, x=16, val=15
CONV1 [t=9945000]: ch=4, y=2, x=16, val=15
CONV1 [t=9945000]: ch=5, y=2, x=16, val=15
CONV1_PRE_RELU [t=9945000]: ch=0, y=2, x=16, val=-1
CONV1_PRE_RELU [t=9945000]: ch=1, y=2, x=16, val=-1
CONV1_PRE_RELU [t=9945000]: ch=2, y=2, x=16, val=-1
CONV1_PRE_RELU [t=9945000]: ch=3, y=2, x=16, val=-1
CONV1_PRE_RELU [t=9945000]: ch=4, y=2, x=16, val=-1
CONV1_PRE_RELU [t=9945000]: ch=5, y=2, x=16, val=-1
CONV1 [t=9955000]: ch=0, y=2, x=17, val=15
CONV1 [t=9955000]: ch=1, y=2, x=17, val=0
CONV1 [t=9955000]: ch=2, y=2, x=17, val=15
CONV1 [t=9955000]: ch=3, y=2, x=17, val=15
CONV1 [t=9955000]: ch=4, y=2, x=17, val=0
CONV1 [t=9955000]: ch=5, y=2, x=17, val=0
CONV1_PRE_RELU [t=9955000]: ch=0, y=2, x=17, val=-1
CONV1_PRE_RELU [t=9955000]: ch=1, y=2, x=17, val=-1
CONV1_PRE_RELU [t=9955000]: ch=2, y=2, x=17, val=-1
CONV1_PRE_RELU [t=9955000]: ch=3, y=2, x=17, val=-1
CONV1_PRE_RELU [t=9955000]: ch=4, y=2, x=17, val=-1
CONV1_PRE_RELU [t=9955000]: ch=5, y=2, x=17, val=-1
CONV1 [t=9965000]: ch=0, y=2, x=18, val=0
CONV1 [t=9965000]: ch=1, y=2, x=18, val=0
CONV1 [t=9965000]: ch=2, y=2, x=18, val=0
CONV1 [t=9965000]: ch=3, y=2, x=18, val=0
CONV1 [t=9965000]: ch=4, y=2, x=18, val=0
CONV1 [t=9965000]: ch=5, y=2, x=18, val=0
CONV1_PRE_RELU [t=9965000]: ch=0, y=2, x=18, val=-1
CONV1_PRE_RELU [t=9965000]: ch=1, y=2, x=18, val=-1
CONV1_PRE_RELU [t=9965000]: ch=2, y=2, x=18, val=-1
CONV1_PRE_RELU [t=9965000]: ch=3, y=2, x=18, val=-1
CONV1_PRE_RELU [t=9965000]: ch=4, y=2, x=18, val=-1
CONV1_PRE_RELU [t=9965000]: ch=5, y=2, x=18, val=-1
CONV1 [t=9975000]: ch=0, y=2, x=19, val=0
CONV1 [t=9975000]: ch=1, y=2, x=19, val=0
CONV1 [t=9975000]: ch=2, y=2, x=19, val=0
CONV1 [t=9975000]: ch=3, y=2, x=19, val=0
CONV1 [t=9975000]: ch=4, y=2, x=19, val=0
CONV1 [t=9975000]: ch=5, y=2, x=19, val=0
CONV1_PRE_RELU [t=9975000]: ch=0, y=2, x=19, val=-1
CONV1_PRE_RELU [t=9975000]: ch=1, y=2, x=19, val=-1
CONV1_PRE_RELU [t=9975000]: ch=2, y=2, x=19, val=-1
CONV1_PRE_RELU [t=9975000]: ch=3, y=2, x=19, val=-1
CONV1_PRE_RELU [t=9975000]: ch=4, y=2, x=19, val=-1
CONV1_PRE_RELU [t=9975000]: ch=5, y=2, x=19, val=-1
CONV1 [t=9985000]: ch=0, y=2, x=20, val=0
CONV1 [t=9985000]: ch=1, y=2, x=20, val=0
CONV1 [t=9985000]: ch=2, y=2, x=20, val=0
CONV1 [t=9985000]: ch=3, y=2, x=20, val=0
CONV1 [t=9985000]: ch=4, y=2, x=20, val=0
CONV1 [t=9985000]: ch=5, y=2, x=20, val=0
CONV1_PRE_RELU [t=9985000]: ch=0, y=2, x=20, val=-1
CONV1_PRE_RELU [t=9985000]: ch=1, y=2, x=20, val=-1
CONV1_PRE_RELU [t=9985000]: ch=2, y=2, x=20, val=-1
CONV1_PRE_RELU [t=9985000]: ch=3, y=2, x=20, val=-1
CONV1_PRE_RELU [t=9985000]: ch=4, y=2, x=20, val=-1
CONV1_PRE_RELU [t=9985000]: ch=5, y=2, x=20, val=-1
CONV1 [t=9995000]: ch=0, y=2, x=21, val=0
CONV1 [t=9995000]: ch=1, y=2, x=21, val=0
CONV1 [t=9995000]: ch=2, y=2, x=21, val=0
CONV1 [t=9995000]: ch=3, y=2, x=21, val=0
CONV1 [t=9995000]: ch=4, y=2, x=21, val=0
CONV1 [t=9995000]: ch=5, y=2, x=21, val=0
CONV1_PRE_RELU [t=9995000]: ch=0, y=2, x=21, val=-1
CONV1_PRE_RELU [t=9995000]: ch=1, y=2, x=21, val=-1
CONV1_PRE_RELU [t=9995000]: ch=2, y=2, x=21, val=-1
CONV1_PRE_RELU [t=9995000]: ch=3, y=2, x=21, val=-1
CONV1_PRE_RELU [t=9995000]: ch=4, y=2, x=21, val=-1
CONV1_PRE_RELU [t=9995000]: ch=5, y=2, x=21, val=-1
CONV1 [t=10005000]: ch=0, y=2, x=22, val=0
CONV1 [t=10005000]: ch=1, y=2, x=22, val=0
CONV1 [t=10005000]: ch=2, y=2, x=22, val=0
CONV1 [t=10005000]: ch=3, y=2, x=22, val=0
CONV1 [t=10005000]: ch=4, y=2, x=22, val=0
CONV1 [t=10005000]: ch=5, y=2, x=22, val=0
CONV1_PRE_RELU [t=10005000]: ch=0, y=2, x=22, val=-1
CONV1_PRE_RELU [t=10005000]: ch=1, y=2, x=22, val=-1
CONV1_PRE_RELU [t=10005000]: ch=2, y=2, x=22, val=-1
CONV1_PRE_RELU [t=10005000]: ch=3, y=2, x=22, val=-1
CONV1_PRE_RELU [t=10005000]: ch=4, y=2, x=22, val=-1
CONV1_PRE_RELU [t=10005000]: ch=5, y=2, x=22, val=-1
CONV1 [t=10015000]: ch=0, y=2, x=23, val=0
CONV1 [t=10015000]: ch=1, y=2, x=23, val=0
CONV1 [t=10015000]: ch=2, y=2, x=23, val=0
CONV1 [t=10015000]: ch=3, y=2, x=23, val=0
CONV1 [t=10015000]: ch=4, y=2, x=23, val=0
CONV1 [t=10015000]: ch=5, y=2, x=23, val=0
CONV1_PRE_RELU [t=10015000]: ch=0, y=2, x=23, val=-1
CONV1_PRE_RELU [t=10015000]: ch=1, y=2, x=23, val=-1
CONV1_PRE_RELU [t=10015000]: ch=2, y=2, x=23, val=-1
CONV1_PRE_RELU [t=10015000]: ch=3, y=2, x=23, val=-1
CONV1_PRE_RELU [t=10015000]: ch=4, y=2, x=23, val=-1
CONV1_PRE_RELU [t=10015000]: ch=5, y=2, x=23, val=-1
CONV1 [t=10025000]: ch=0, y=3, x=0, val=0
CONV1 [t=10025000]: ch=1, y=3, x=0, val=0
CONV1 [t=10025000]: ch=2, y=3, x=0, val=0
CONV1 [t=10025000]: ch=3, y=3, x=0, val=0
CONV1 [t=10025000]: ch=4, y=3, x=0, val=0
CONV1 [t=10025000]: ch=5, y=3, x=0, val=0
CONV1_PRE_RELU [t=10025000]: ch=0, y=3, x=0, val=-1
CONV1_PRE_RELU [t=10025000]: ch=1, y=3, x=0, val=-1
CONV1_PRE_RELU [t=10025000]: ch=2, y=3, x=0, val=-1
CONV1_PRE_RELU [t=10025000]: ch=3, y=3, x=0, val=-1
CONV1_PRE_RELU [t=10025000]: ch=4, y=3, x=0, val=-1
CONV1_PRE_RELU [t=10025000]: ch=5, y=3, x=0, val=-1
CONV1 [t=10075000]: ch=0, y=3, x=1, val=0
CONV1 [t=10075000]: ch=1, y=3, x=1, val=0
CONV1 [t=10075000]: ch=2, y=3, x=1, val=0
CONV1 [t=10075000]: ch=3, y=3, x=1, val=0
CONV1 [t=10075000]: ch=4, y=3, x=1, val=0
CONV1 [t=10075000]: ch=5, y=3, x=1, val=0
CONV1_PRE_RELU [t=10075000]: ch=0, y=3, x=1, val=-1
CONV1_PRE_RELU [t=10075000]: ch=1, y=3, x=1, val=-1
CONV1_PRE_RELU [t=10075000]: ch=2, y=3, x=1, val=15
CONV1_PRE_RELU [t=10075000]: ch=3, y=3, x=1, val=15
CONV1_PRE_RELU [t=10075000]: ch=4, y=3, x=1, val=15
CONV1_PRE_RELU [t=10075000]: ch=5, y=3, x=1, val=15
CONV1 [t=10085000]: ch=0, y=3, x=2, val=0
CONV1 [t=10085000]: ch=1, y=3, x=2, val=0
CONV1 [t=10085000]: ch=2, y=3, x=2, val=0
CONV1 [t=10085000]: ch=3, y=3, x=2, val=0
CONV1 [t=10085000]: ch=4, y=3, x=2, val=0
CONV1 [t=10085000]: ch=5, y=3, x=2, val=0
CONV1_PRE_RELU [t=10085000]: ch=0, y=3, x=2, val=31
CONV1_PRE_RELU [t=10085000]: ch=1, y=3, x=2, val=15
CONV1_PRE_RELU [t=10085000]: ch=2, y=3, x=2, val=15
CONV1_PRE_RELU [t=10085000]: ch=3, y=3, x=2, val=-1
CONV1_PRE_RELU [t=10085000]: ch=4, y=3, x=2, val=15
CONV1_PRE_RELU [t=10085000]: ch=5, y=3, x=2, val=-1
CONV1 [t=10095000]: ch=0, y=3, x=3, val=0
CONV1 [t=10095000]: ch=1, y=3, x=3, val=0
CONV1 [t=10095000]: ch=2, y=3, x=3, val=15
CONV1 [t=10095000]: ch=3, y=3, x=3, val=15
CONV1 [t=10095000]: ch=4, y=3, x=3, val=15
CONV1 [t=10095000]: ch=5, y=3, x=3, val=15
CONV1_PRE_RELU [t=10095000]: ch=0, y=3, x=3, val=31
CONV1_PRE_RELU [t=10095000]: ch=1, y=3, x=3, val=31
CONV1_PRE_RELU [t=10095000]: ch=2, y=3, x=3, val=15
CONV1_PRE_RELU [t=10095000]: ch=3, y=3, x=3, val=31
CONV1_PRE_RELU [t=10095000]: ch=4, y=3, x=3, val=-1
CONV1_PRE_RELU [t=10095000]: ch=5, y=3, x=3, val=15
POOL1 [t=10095000]: ch=0, y=1, x=0, val=0
POOL1 [t=10095000]: ch=1, y=1, x=0, val=0
POOL1 [t=10095000]: ch=2, y=1, x=0, val=0
POOL1 [t=10095000]: ch=3, y=1, x=0, val=0
POOL1 [t=10095000]: ch=4, y=1, x=0, val=0
POOL1 [t=10095000]: ch=5, y=1, x=0, val=0
CONV1 [t=10105000]: ch=0, y=3, x=4, val=31
CONV1 [t=10105000]: ch=1, y=3, x=4, val=15
CONV1 [t=10105000]: ch=2, y=3, x=4, val=15
CONV1 [t=10105000]: ch=3, y=3, x=4, val=0
CONV1 [t=10105000]: ch=4, y=3, x=4, val=15
CONV1 [t=10105000]: ch=5, y=3, x=4, val=0
CONV1_PRE_RELU [t=10105000]: ch=0, y=3, x=4, val=-1
CONV1_PRE_RELU [t=10105000]: ch=1, y=3, x=4, val=47
CONV1_PRE_RELU [t=10105000]: ch=2, y=3, x=4, val=-1
CONV1_PRE_RELU [t=10105000]: ch=3, y=3, x=4, val=15
CONV1_PRE_RELU [t=10105000]: ch=4, y=3, x=4, val=31
CONV1_PRE_RELU [t=10105000]: ch=5, y=3, x=4, val=47
CONV1 [t=10115000]: ch=0, y=3, x=5, val=31
CONV1 [t=10115000]: ch=1, y=3, x=5, val=31
CONV1 [t=10115000]: ch=2, y=3, x=5, val=15
CONV1 [t=10115000]: ch=3, y=3, x=5, val=31
CONV1 [t=10115000]: ch=4, y=3, x=5, val=0
CONV1 [t=10115000]: ch=5, y=3, x=5, val=15
CONV1_PRE_RELU [t=10115000]: ch=0, y=3, x=5, val=15
CONV1_PRE_RELU [t=10115000]: ch=1, y=3, x=5, val=15
CONV1_PRE_RELU [t=10115000]: ch=2, y=3, x=5, val=15
CONV1_PRE_RELU [t=10115000]: ch=3, y=3, x=5, val=15
CONV1_PRE_RELU [t=10115000]: ch=4, y=3, x=5, val=15
CONV1_PRE_RELU [t=10115000]: ch=5, y=3, x=5, val=15
POOL1 [t=10115000]: ch=0, y=1, x=1, val=0
POOL1 [t=10115000]: ch=1, y=1, x=1, val=0
POOL1 [t=10115000]: ch=2, y=1, x=1, val=15
POOL1 [t=10115000]: ch=3, y=1, x=1, val=15
POOL1 [t=10115000]: ch=4, y=1, x=1, val=15
POOL1 [t=10115000]: ch=5, y=1, x=1, val=15
CONV1 [t=10125000]: ch=0, y=3, x=6, val=0
CONV1 [t=10125000]: ch=1, y=3, x=6, val=47
CONV1 [t=10125000]: ch=2, y=3, x=6, val=0
CONV1 [t=10125000]: ch=3, y=3, x=6, val=15
CONV1 [t=10125000]: ch=4, y=3, x=6, val=31
CONV1 [t=10125000]: ch=5, y=3, x=6, val=47
CONV1_PRE_RELU [t=10125000]: ch=0, y=3, x=6, val=15
CONV1_PRE_RELU [t=10125000]: ch=1, y=3, x=6, val=-1
CONV1_PRE_RELU [t=10125000]: ch=2, y=3, x=6, val=15
CONV1_PRE_RELU [t=10125000]: ch=3, y=3, x=6, val=15
CONV1_PRE_RELU [t=10125000]: ch=4, y=3, x=6, val=-1
CONV1_PRE_RELU [t=10125000]: ch=5, y=3, x=6, val=-1
CONV1 [t=10135000]: ch=0, y=3, x=7, val=15
CONV1 [t=10135000]: ch=1, y=3, x=7, val=15
CONV1 [t=10135000]: ch=2, y=3, x=7, val=15
CONV1 [t=10135000]: ch=3, y=3, x=7, val=15
CONV1 [t=10135000]: ch=4, y=3, x=7, val=15
CONV1 [t=10135000]: ch=5, y=3, x=7, val=15
CONV1_PRE_RELU [t=10135000]: ch=0, y=3, x=7, val=-1
CONV1_PRE_RELU [t=10135000]: ch=1, y=3, x=7, val=-1
CONV1_PRE_RELU [t=10135000]: ch=2, y=3, x=7, val=-1
CONV1_PRE_RELU [t=10135000]: ch=3, y=3, x=7, val=-1
CONV1_PRE_RELU [t=10135000]: ch=4, y=3, x=7, val=-1
CONV1_PRE_RELU [t=10135000]: ch=5, y=3, x=7, val=-1
POOL1 [t=10135000]: ch=0, y=1, x=2, val=31
POOL1 [t=10135000]: ch=1, y=1, x=2, val=31
POOL1 [t=10135000]: ch=2, y=1, x=2, val=15
POOL1 [t=10135000]: ch=3, y=1, x=2, val=31
POOL1 [t=10135000]: ch=4, y=1, x=2, val=15
POOL1 [t=10135000]: ch=5, y=1, x=2, val=15
CONV1 [t=10145000]: ch=0, y=3, x=8, val=15
CONV1 [t=10145000]: ch=1, y=3, x=8, val=0
CONV1 [t=10145000]: ch=2, y=3, x=8, val=15
CONV1 [t=10145000]: ch=3, y=3, x=8, val=15
CONV1 [t=10145000]: ch=4, y=3, x=8, val=0
CONV1 [t=10145000]: ch=5, y=3, x=8, val=0
CONV1_PRE_RELU [t=10145000]: ch=0, y=3, x=8, val=-1
CONV1_PRE_RELU [t=10145000]: ch=1, y=3, x=8, val=-1
CONV1_PRE_RELU [t=10145000]: ch=2, y=3, x=8, val=-1
CONV1_PRE_RELU [t=10145000]: ch=3, y=3, x=8, val=-1
CONV1_PRE_RELU [t=10145000]: ch=4, y=3, x=8, val=-1
CONV1_PRE_RELU [t=10145000]: ch=5, y=3, x=8, val=-1
CONV1 [t=10155000]: ch=0, y=3, x=9, val=0
CONV1 [t=10155000]: ch=1, y=3, x=9, val=0
CONV1 [t=10155000]: ch=2, y=3, x=9, val=0
CONV1 [t=10155000]: ch=3, y=3, x=9, val=0
CONV1 [t=10155000]: ch=4, y=3, x=9, val=0
CONV1 [t=10155000]: ch=5, y=3, x=9, val=0
CONV1_PRE_RELU [t=10155000]: ch=0, y=3, x=9, val=-1
CONV1_PRE_RELU [t=10155000]: ch=1, y=3, x=9, val=-1
CONV1_PRE_RELU [t=10155000]: ch=2, y=3, x=9, val=-1
CONV1_PRE_RELU [t=10155000]: ch=3, y=3, x=9, val=-1
CONV1_PRE_RELU [t=10155000]: ch=4, y=3, x=9, val=-1
CONV1_PRE_RELU [t=10155000]: ch=5, y=3, x=9, val=-1
POOL1 [t=10155000]: ch=0, y=1, x=3, val=15
POOL1 [t=10155000]: ch=1, y=1, x=3, val=47
POOL1 [t=10155000]: ch=2, y=1, x=3, val=15
POOL1 [t=10155000]: ch=3, y=1, x=3, val=31
POOL1 [t=10155000]: ch=4, y=1, x=3, val=31
POOL1 [t=10155000]: ch=5, y=1, x=3, val=47
CONV1 [t=10165000]: ch=0, y=3, x=10, val=0
CONV1 [t=10165000]: ch=1, y=3, x=10, val=0
CONV1 [t=10165000]: ch=2, y=3, x=10, val=0
CONV1 [t=10165000]: ch=3, y=3, x=10, val=0
CONV1 [t=10165000]: ch=4, y=3, x=10, val=0
CONV1 [t=10165000]: ch=5, y=3, x=10, val=0
CONV1_PRE_RELU [t=10165000]: ch=0, y=3, x=10, val=-1
CONV1_PRE_RELU [t=10165000]: ch=1, y=3, x=10, val=-1
CONV1_PRE_RELU [t=10165000]: ch=2, y=3, x=10, val=-1
CONV1_PRE_RELU [t=10165000]: ch=3, y=3, x=10, val=-1
CONV1_PRE_RELU [t=10165000]: ch=4, y=3, x=10, val=-1
CONV1_PRE_RELU [t=10165000]: ch=5, y=3, x=10, val=-1
CONV1 [t=10175000]: ch=0, y=3, x=11, val=0
CONV1 [t=10175000]: ch=1, y=3, x=11, val=0
CONV1 [t=10175000]: ch=2, y=3, x=11, val=0
CONV1 [t=10175000]: ch=3, y=3, x=11, val=0
CONV1 [t=10175000]: ch=4, y=3, x=11, val=0
CONV1 [t=10175000]: ch=5, y=3, x=11, val=0
CONV1_PRE_RELU [t=10175000]: ch=0, y=3, x=11, val=-1
CONV1_PRE_RELU [t=10175000]: ch=1, y=3, x=11, val=-1
CONV1_PRE_RELU [t=10175000]: ch=2, y=3, x=11, val=15
CONV1_PRE_RELU [t=10175000]: ch=3, y=3, x=11, val=15
CONV1_PRE_RELU [t=10175000]: ch=4, y=3, x=11, val=15
CONV1_PRE_RELU [t=10175000]: ch=5, y=3, x=11, val=15
POOL1 [t=10175000]: ch=0, y=1, x=4, val=15
POOL1 [t=10175000]: ch=1, y=1, x=4, val=0
POOL1 [t=10175000]: ch=2, y=1, x=4, val=15
POOL1 [t=10175000]: ch=3, y=1, x=4, val=15
POOL1 [t=10175000]: ch=4, y=1, x=4, val=0
POOL1 [t=10175000]: ch=5, y=1, x=4, val=0
CONV1 [t=10185000]: ch=0, y=3, x=12, val=0
CONV1 [t=10185000]: ch=1, y=3, x=12, val=0
CONV1 [t=10185000]: ch=2, y=3, x=12, val=0
CONV1 [t=10185000]: ch=3, y=3, x=12, val=0
CONV1 [t=10185000]: ch=4, y=3, x=12, val=0
CONV1 [t=10185000]: ch=5, y=3, x=12, val=0
CONV1_PRE_RELU [t=10185000]: ch=0, y=3, x=12, val=31
CONV1_PRE_RELU [t=10185000]: ch=1, y=3, x=12, val=15
CONV1_PRE_RELU [t=10185000]: ch=2, y=3, x=12, val=15
CONV1_PRE_RELU [t=10185000]: ch=3, y=3, x=12, val=-1
CONV1_PRE_RELU [t=10185000]: ch=4, y=3, x=12, val=15
CONV1_PRE_RELU [t=10185000]: ch=5, y=3, x=12, val=-1
CONV1 [t=10195000]: ch=0, y=3, x=13, val=0
CONV1 [t=10195000]: ch=1, y=3, x=13, val=0
CONV1 [t=10195000]: ch=2, y=3, x=13, val=15
CONV1 [t=10195000]: ch=3, y=3, x=13, val=15
CONV1 [t=10195000]: ch=4, y=3, x=13, val=15
CONV1 [t=10195000]: ch=5, y=3, x=13, val=15
CONV1_PRE_RELU [t=10195000]: ch=0, y=3, x=13, val=15
CONV1_PRE_RELU [t=10195000]: ch=1, y=3, x=13, val=15
CONV1_PRE_RELU [t=10195000]: ch=2, y=3, x=13, val=31
CONV1_PRE_RELU [t=10195000]: ch=3, y=3, x=13, val=47
CONV1_PRE_RELU [t=10195000]: ch=4, y=3, x=13, val=15
CONV1_PRE_RELU [t=10195000]: ch=5, y=3, x=13, val=31
POOL1 [t=10195000]: ch=0, y=1, x=5, val=0
POOL1 [t=10195000]: ch=1, y=1, x=5, val=0
POOL1 [t=10195000]: ch=2, y=1, x=5, val=0
POOL1 [t=10195000]: ch=3, y=1, x=5, val=0
POOL1 [t=10195000]: ch=4, y=1, x=5, val=0
POOL1 [t=10195000]: ch=5, y=1, x=5, val=0
CONV1 [t=10205000]: ch=0, y=3, x=14, val=31
CONV1 [t=10205000]: ch=1, y=3, x=14, val=15
CONV1 [t=10205000]: ch=2, y=3, x=14, val=15
CONV1 [t=10205000]: ch=3, y=3, x=14, val=0
CONV1 [t=10205000]: ch=4, y=3, x=14, val=15
CONV1 [t=10205000]: ch=5, y=3, x=14, val=0
CONV1_PRE_RELU [t=10205000]: ch=0, y=3, x=14, val=15
CONV1_PRE_RELU [t=10205000]: ch=1, y=3, x=14, val=31
CONV1_PRE_RELU [t=10205000]: ch=2, y=3, x=14, val=15
CONV1_PRE_RELU [t=10205000]: ch=3, y=3, x=14, val=-1
CONV1_PRE_RELU [t=10205000]: ch=4, y=3, x=14, val=47
CONV1_PRE_RELU [t=10205000]: ch=5, y=3, x=14, val=31
CONV1 [t=10215000]: ch=0, y=3, x=15, val=15
CONV1 [t=10215000]: ch=1, y=3, x=15, val=15
CONV1 [t=10215000]: ch=2, y=3, x=15, val=31
CONV1 [t=10215000]: ch=3, y=3, x=15, val=47
CONV1 [t=10215000]: ch=4, y=3, x=15, val=15
CONV1 [t=10215000]: ch=5, y=3, x=15, val=31
CONV1_PRE_RELU [t=10215000]: ch=0, y=3, x=15, val=31
CONV1_PRE_RELU [t=10215000]: ch=1, y=3, x=15, val=-1
CONV1_PRE_RELU [t=10215000]: ch=2, y=3, x=15, val=31
CONV1_PRE_RELU [t=10215000]: ch=3, y=3, x=15, val=31
CONV1_PRE_RELU [t=10215000]: ch=4, y=3, x=15, val=-1
CONV1_PRE_RELU [t=10215000]: ch=5, y=3, x=15, val=-1
POOL1 [t=10215000]: ch=0, y=1, x=6, val=15
POOL1 [t=10215000]: ch=1, y=1, x=6, val=15
POOL1 [t=10215000]: ch=2, y=1, x=6, val=15
POOL1 [t=10215000]: ch=3, y=1, x=6, val=15
POOL1 [t=10215000]: ch=4, y=1, x=6, val=15
POOL1 [t=10215000]: ch=5, y=1, x=6, val=15
CONV1 [t=10225000]: ch=0, y=3, x=16, val=15
CONV1 [t=10225000]: ch=1, y=3, x=16, val=31
CONV1 [t=10225000]: ch=2, y=3, x=16, val=15
CONV1 [t=10225000]: ch=3, y=3, x=16, val=0
CONV1 [t=10225000]: ch=4, y=3, x=16, val=47
CONV1 [t=10225000]: ch=5, y=3, x=16, val=31
CONV1_PRE_RELU [t=10225000]: ch=0, y=3, x=16, val=-1
CONV1_PRE_RELU [t=10225000]: ch=1, y=3, x=16, val=15
CONV1_PRE_RELU [t=10225000]: ch=2, y=3, x=16, val=-1
CONV1_PRE_RELU [t=10225000]: ch=3, y=3, x=16, val=-1
CONV1_PRE_RELU [t=10225000]: ch=4, y=3, x=16, val=15
CONV1_PRE_RELU [t=10225000]: ch=5, y=3, x=16, val=15
CONV1 [t=10235000]: ch=0, y=3, x=17, val=31
CONV1 [t=10235000]: ch=1, y=3, x=17, val=0
CONV1 [t=10235000]: ch=2, y=3, x=17, val=31
CONV1 [t=10235000]: ch=3, y=3, x=17, val=31
CONV1 [t=10235000]: ch=4, y=3, x=17, val=0
CONV1 [t=10235000]: ch=5, y=3, x=17, val=0
CONV1_PRE_RELU [t=10235000]: ch=0, y=3, x=17, val=-1
CONV1_PRE_RELU [t=10235000]: ch=1, y=3, x=17, val=-1
CONV1_PRE_RELU [t=10235000]: ch=2, y=3, x=17, val=-1
CONV1_PRE_RELU [t=10235000]: ch=3, y=3, x=17, val=-1
CONV1_PRE_RELU [t=10235000]: ch=4, y=3, x=17, val=-1
CONV1_PRE_RELU [t=10235000]: ch=5, y=3, x=17, val=-1
POOL1 [t=10235000]: ch=0, y=1, x=7, val=31
POOL1 [t=10235000]: ch=1, y=1, x=7, val=31
POOL1 [t=10235000]: ch=2, y=1, x=7, val=31
POOL1 [t=10235000]: ch=3, y=1, x=7, val=47
POOL1 [t=10235000]: ch=4, y=1, x=7, val=15
POOL1 [t=10235000]: ch=5, y=1, x=7, val=31
CONV1 [t=10245000]: ch=0, y=3, x=18, val=0
CONV1 [t=10245000]: ch=1, y=3, x=18, val=15
CONV1 [t=10245000]: ch=2, y=3, x=18, val=0
CONV1 [t=10245000]: ch=3, y=3, x=18, val=0
CONV1 [t=10245000]: ch=4, y=3, x=18, val=15
CONV1 [t=10245000]: ch=5, y=3, x=18, val=15
CONV1_PRE_RELU [t=10245000]: ch=0, y=3, x=18, val=-1
CONV1_PRE_RELU [t=10245000]: ch=1, y=3, x=18, val=-1
CONV1_PRE_RELU [t=10245000]: ch=2, y=3, x=18, val=-1
CONV1_PRE_RELU [t=10245000]: ch=3, y=3, x=18, val=-1
CONV1_PRE_RELU [t=10245000]: ch=4, y=3, x=18, val=-1
CONV1_PRE_RELU [t=10245000]: ch=5, y=3, x=18, val=-1
CONV1 [t=10255000]: ch=0, y=3, x=19, val=0
CONV1 [t=10255000]: ch=1, y=3, x=19, val=0
CONV1 [t=10255000]: ch=2, y=3, x=19, val=0
CONV1 [t=10255000]: ch=3, y=3, x=19, val=0
CONV1 [t=10255000]: ch=4, y=3, x=19, val=0
CONV1 [t=10255000]: ch=5, y=3, x=19, val=0
CONV1_PRE_RELU [t=10255000]: ch=0, y=3, x=19, val=-1
CONV1_PRE_RELU [t=10255000]: ch=1, y=3, x=19, val=-1
CONV1_PRE_RELU [t=10255000]: ch=2, y=3, x=19, val=-1
CONV1_PRE_RELU [t=10255000]: ch=3, y=3, x=19, val=-1
CONV1_PRE_RELU [t=10255000]: ch=4, y=3, x=19, val=-1
CONV1_PRE_RELU [t=10255000]: ch=5, y=3, x=19, val=-1
POOL1 [t=10255000]: ch=0, y=1, x=8, val=31
POOL1 [t=10255000]: ch=1, y=1, x=8, val=31
POOL1 [t=10255000]: ch=2, y=1, x=8, val=31
POOL1 [t=10255000]: ch=3, y=1, x=8, val=31
POOL1 [t=10255000]: ch=4, y=1, x=8, val=47
POOL1 [t=10255000]: ch=5, y=1, x=8, val=31
CONV1 [t=10265000]: ch=0, y=3, x=20, val=0
CONV1 [t=10265000]: ch=1, y=3, x=20, val=0
CONV1 [t=10265000]: ch=2, y=3, x=20, val=0
CONV1 [t=10265000]: ch=3, y=3, x=20, val=0
CONV1 [t=10265000]: ch=4, y=3, x=20, val=0
CONV1 [t=10265000]: ch=5, y=3, x=20, val=0
CONV1_PRE_RELU [t=10265000]: ch=0, y=3, x=20, val=-1
CONV1_PRE_RELU [t=10265000]: ch=1, y=3, x=20, val=-1
CONV1_PRE_RELU [t=10265000]: ch=2, y=3, x=20, val=-1
CONV1_PRE_RELU [t=10265000]: ch=3, y=3, x=20, val=-1
CONV1_PRE_RELU [t=10265000]: ch=4, y=3, x=20, val=-1
CONV1_PRE_RELU [t=10265000]: ch=5, y=3, x=20, val=-1
CONV1 [t=10275000]: ch=0, y=3, x=21, val=0
CONV1 [t=10275000]: ch=1, y=3, x=21, val=0
CONV1 [t=10275000]: ch=2, y=3, x=21, val=0
CONV1 [t=10275000]: ch=3, y=3, x=21, val=0
CONV1 [t=10275000]: ch=4, y=3, x=21, val=0
CONV1 [t=10275000]: ch=5, y=3, x=21, val=0
CONV1_PRE_RELU [t=10275000]: ch=0, y=3, x=21, val=-1
CONV1_PRE_RELU [t=10275000]: ch=1, y=3, x=21, val=-1
CONV1_PRE_RELU [t=10275000]: ch=2, y=3, x=21, val=-1
CONV1_PRE_RELU [t=10275000]: ch=3, y=3, x=21, val=-1
CONV1_PRE_RELU [t=10275000]: ch=4, y=3, x=21, val=-1
CONV1_PRE_RELU [t=10275000]: ch=5, y=3, x=21, val=-1
POOL1 [t=10275000]: ch=0, y=1, x=9, val=0
POOL1 [t=10275000]: ch=1, y=1, x=9, val=15
POOL1 [t=10275000]: ch=2, y=1, x=9, val=0
POOL1 [t=10275000]: ch=3, y=1, x=9, val=0
POOL1 [t=10275000]: ch=4, y=1, x=9, val=15
POOL1 [t=10275000]: ch=5, y=1, x=9, val=15
CONV1 [t=10285000]: ch=0, y=3, x=22, val=0
CONV1 [t=10285000]: ch=1, y=3, x=22, val=0
CONV1 [t=10285000]: ch=2, y=3, x=22, val=0
CONV1 [t=10285000]: ch=3, y=3, x=22, val=0
CONV1 [t=10285000]: ch=4, y=3, x=22, val=0
CONV1 [t=10285000]: ch=5, y=3, x=22, val=0
CONV1_PRE_RELU [t=10285000]: ch=0, y=3, x=22, val=-1
CONV1_PRE_RELU [t=10285000]: ch=1, y=3, x=22, val=-1
CONV1_PRE_RELU [t=10285000]: ch=2, y=3, x=22, val=-1
CONV1_PRE_RELU [t=10285000]: ch=3, y=3, x=22, val=-1
CONV1_PRE_RELU [t=10285000]: ch=4, y=3, x=22, val=-1
CONV1_PRE_RELU [t=10285000]: ch=5, y=3, x=22, val=-1
CONV1 [t=10295000]: ch=0, y=3, x=23, val=0
CONV1 [t=10295000]: ch=1, y=3, x=23, val=0
CONV1 [t=10295000]: ch=2, y=3, x=23, val=0
CONV1 [t=10295000]: ch=3, y=3, x=23, val=0
CONV1 [t=10295000]: ch=4, y=3, x=23, val=0
CONV1 [t=10295000]: ch=5, y=3, x=23, val=0
CONV1_PRE_RELU [t=10295000]: ch=0, y=3, x=23, val=-1
CONV1_PRE_RELU [t=10295000]: ch=1, y=3, x=23, val=-1
CONV1_PRE_RELU [t=10295000]: ch=2, y=3, x=23, val=-1
CONV1_PRE_RELU [t=10295000]: ch=3, y=3, x=23, val=-1
CONV1_PRE_RELU [t=10295000]: ch=4, y=3, x=23, val=-1
CONV1_PRE_RELU [t=10295000]: ch=5, y=3, x=23, val=-1
POOL1 [t=10295000]: ch=0, y=1, x=10, val=0
POOL1 [t=10295000]: ch=1, y=1, x=10, val=0
POOL1 [t=10295000]: ch=2, y=1, x=10, val=0
POOL1 [t=10295000]: ch=3, y=1, x=10, val=0
POOL1 [t=10295000]: ch=4, y=1, x=10, val=0
POOL1 [t=10295000]: ch=5, y=1, x=10, val=0
CONV1 [t=10305000]: ch=0, y=4, x=0, val=0
CONV1 [t=10305000]: ch=1, y=4, x=0, val=0
CONV1 [t=10305000]: ch=2, y=4, x=0, val=0
CONV1 [t=10305000]: ch=3, y=4, x=0, val=0
CONV1 [t=10305000]: ch=4, y=4, x=0, val=0
CONV1 [t=10305000]: ch=5, y=4, x=0, val=0
CONV1_PRE_RELU [t=10305000]: ch=0, y=4, x=0, val=-1
CONV1_PRE_RELU [t=10305000]: ch=1, y=4, x=0, val=-1
CONV1_PRE_RELU [t=10305000]: ch=2, y=4, x=0, val=-1
CONV1_PRE_RELU [t=10305000]: ch=3, y=4, x=0, val=-1
CONV1_PRE_RELU [t=10305000]: ch=4, y=4, x=0, val=-1
CONV1_PRE_RELU [t=10305000]: ch=5, y=4, x=0, val=-1
POOL1 [t=10315000]: ch=0, y=1, x=11, val=0
POOL1 [t=10315000]: ch=1, y=1, x=11, val=0
POOL1 [t=10315000]: ch=2, y=1, x=11, val=0
POOL1 [t=10315000]: ch=3, y=1, x=11, val=0
POOL1 [t=10315000]: ch=4, y=1, x=11, val=0
POOL1 [t=10315000]: ch=5, y=1, x=11, val=0
CONV1 [t=10355000]: ch=0, y=4, x=1, val=0
CONV1 [t=10355000]: ch=1, y=4, x=1, val=0
CONV1 [t=10355000]: ch=2, y=4, x=1, val=0
CONV1 [t=10355000]: ch=3, y=4, x=1, val=0
CONV1 [t=10355000]: ch=4, y=4, x=1, val=0
CONV1 [t=10355000]: ch=5, y=4, x=1, val=0
CONV1_PRE_RELU [t=10355000]: ch=0, y=4, x=1, val=-1
CONV1_PRE_RELU [t=10355000]: ch=1, y=4, x=1, val=-1
CONV1_PRE_RELU [t=10355000]: ch=2, y=4, x=1, val=15
CONV1_PRE_RELU [t=10355000]: ch=3, y=4, x=1, val=15
CONV1_PRE_RELU [t=10355000]: ch=4, y=4, x=1, val=15
CONV1_PRE_RELU [t=10355000]: ch=5, y=4, x=1, val=15
CONV1 [t=10365000]: ch=0, y=4, x=2, val=0
CONV1 [t=10365000]: ch=1, y=4, x=2, val=0
CONV1 [t=10365000]: ch=2, y=4, x=2, val=0
CONV1 [t=10365000]: ch=3, y=4, x=2, val=0
CONV1 [t=10365000]: ch=4, y=4, x=2, val=0
CONV1 [t=10365000]: ch=5, y=4, x=2, val=0
CONV1_PRE_RELU [t=10365000]: ch=0, y=4, x=2, val=31
CONV1_PRE_RELU [t=10365000]: ch=1, y=4, x=2, val=15
CONV1_PRE_RELU [t=10365000]: ch=2, y=4, x=2, val=15
CONV1_PRE_RELU [t=10365000]: ch=3, y=4, x=2, val=-1
CONV1_PRE_RELU [t=10365000]: ch=4, y=4, x=2, val=15
CONV1_PRE_RELU [t=10365000]: ch=5, y=4, x=2, val=-1
CONV1 [t=10375000]: ch=0, y=4, x=3, val=0
CONV1 [t=10375000]: ch=1, y=4, x=3, val=0
CONV1 [t=10375000]: ch=2, y=4, x=3, val=15
CONV1 [t=10375000]: ch=3, y=4, x=3, val=15
CONV1 [t=10375000]: ch=4, y=4, x=3, val=15
CONV1 [t=10375000]: ch=5, y=4, x=3, val=15
CONV1_PRE_RELU [t=10375000]: ch=0, y=4, x=3, val=31
CONV1_PRE_RELU [t=10375000]: ch=1, y=4, x=3, val=31
CONV1_PRE_RELU [t=10375000]: ch=2, y=4, x=3, val=15
CONV1_PRE_RELU [t=10375000]: ch=3, y=4, x=3, val=31
CONV1_PRE_RELU [t=10375000]: ch=4, y=4, x=3, val=-1
CONV1_PRE_RELU [t=10375000]: ch=5, y=4, x=3, val=15
CONV1 [t=10385000]: ch=0, y=4, x=4, val=31
CONV1 [t=10385000]: ch=1, y=4, x=4, val=15
CONV1 [t=10385000]: ch=2, y=4, x=4, val=15
CONV1 [t=10385000]: ch=3, y=4, x=4, val=0
CONV1 [t=10385000]: ch=4, y=4, x=4, val=15
CONV1 [t=10385000]: ch=5, y=4, x=4, val=0
CONV1_PRE_RELU [t=10385000]: ch=0, y=4, x=4, val=-1
CONV1_PRE_RELU [t=10385000]: ch=1, y=4, x=4, val=47
CONV1_PRE_RELU [t=10385000]: ch=2, y=4, x=4, val=-1
CONV1_PRE_RELU [t=10385000]: ch=3, y=4, x=4, val=15
CONV1_PRE_RELU [t=10385000]: ch=4, y=4, x=4, val=31
CONV1_PRE_RELU [t=10385000]: ch=5, y=4, x=4, val=47
CONV1 [t=10395000]: ch=0, y=4, x=5, val=31
CONV1 [t=10395000]: ch=1, y=4, x=5, val=31
CONV1 [t=10395000]: ch=2, y=4, x=5, val=15
CONV1 [t=10395000]: ch=3, y=4, x=5, val=31
CONV1 [t=10395000]: ch=4, y=4, x=5, val=0
CONV1 [t=10395000]: ch=5, y=4, x=5, val=15
CONV1_PRE_RELU [t=10395000]: ch=0, y=4, x=5, val=15
CONV1_PRE_RELU [t=10395000]: ch=1, y=4, x=5, val=15
CONV1_PRE_RELU [t=10395000]: ch=2, y=4, x=5, val=15
CONV1_PRE_RELU [t=10395000]: ch=3, y=4, x=5, val=15
CONV1_PRE_RELU [t=10395000]: ch=4, y=4, x=5, val=15
CONV1_PRE_RELU [t=10395000]: ch=5, y=4, x=5, val=15
CONV1 [t=10405000]: ch=0, y=4, x=6, val=0
CONV1 [t=10405000]: ch=1, y=4, x=6, val=47
CONV1 [t=10405000]: ch=2, y=4, x=6, val=0
CONV1 [t=10405000]: ch=3, y=4, x=6, val=15
CONV1 [t=10405000]: ch=4, y=4, x=6, val=31
CONV1 [t=10405000]: ch=5, y=4, x=6, val=47
CONV1_PRE_RELU [t=10405000]: ch=0, y=4, x=6, val=15
CONV1_PRE_RELU [t=10405000]: ch=1, y=4, x=6, val=-1
CONV1_PRE_RELU [t=10405000]: ch=2, y=4, x=6, val=15
CONV1_PRE_RELU [t=10405000]: ch=3, y=4, x=6, val=15
CONV1_PRE_RELU [t=10405000]: ch=4, y=4, x=6, val=-1
CONV1_PRE_RELU [t=10405000]: ch=5, y=4, x=6, val=-1
CONV1 [t=10415000]: ch=0, y=4, x=7, val=15
CONV1 [t=10415000]: ch=1, y=4, x=7, val=15
CONV1 [t=10415000]: ch=2, y=4, x=7, val=15
CONV1 [t=10415000]: ch=3, y=4, x=7, val=15
CONV1 [t=10415000]: ch=4, y=4, x=7, val=15
CONV1 [t=10415000]: ch=5, y=4, x=7, val=15
CONV1_PRE_RELU [t=10415000]: ch=0, y=4, x=7, val=-1
CONV1_PRE_RELU [t=10415000]: ch=1, y=4, x=7, val=-1
CONV1_PRE_RELU [t=10415000]: ch=2, y=4, x=7, val=-1
CONV1_PRE_RELU [t=10415000]: ch=3, y=4, x=7, val=-1
CONV1_PRE_RELU [t=10415000]: ch=4, y=4, x=7, val=-1
CONV1_PRE_RELU [t=10415000]: ch=5, y=4, x=7, val=-1
CONV1 [t=10425000]: ch=0, y=4, x=8, val=15
CONV1 [t=10425000]: ch=1, y=4, x=8, val=0
CONV1 [t=10425000]: ch=2, y=4, x=8, val=15
CONV1 [t=10425000]: ch=3, y=4, x=8, val=15
CONV1 [t=10425000]: ch=4, y=4, x=8, val=0
CONV1 [t=10425000]: ch=5, y=4, x=8, val=0
CONV1_PRE_RELU [t=10425000]: ch=0, y=4, x=8, val=-1
CONV1_PRE_RELU [t=10425000]: ch=1, y=4, x=8, val=-1
CONV1_PRE_RELU [t=10425000]: ch=2, y=4, x=8, val=-1
CONV1_PRE_RELU [t=10425000]: ch=3, y=4, x=8, val=-1
CONV1_PRE_RELU [t=10425000]: ch=4, y=4, x=8, val=-1
CONV1_PRE_RELU [t=10425000]: ch=5, y=4, x=8, val=-1
CONV1 [t=10435000]: ch=0, y=4, x=9, val=0
CONV1 [t=10435000]: ch=1, y=4, x=9, val=0
CONV1 [t=10435000]: ch=2, y=4, x=9, val=0
CONV1 [t=10435000]: ch=3, y=4, x=9, val=0
CONV1 [t=10435000]: ch=4, y=4, x=9, val=0
CONV1 [t=10435000]: ch=5, y=4, x=9, val=0
CONV1_PRE_RELU [t=10435000]: ch=0, y=4, x=9, val=-1
CONV1_PRE_RELU [t=10435000]: ch=1, y=4, x=9, val=-1
CONV1_PRE_RELU [t=10435000]: ch=2, y=4, x=9, val=-1
CONV1_PRE_RELU [t=10435000]: ch=3, y=4, x=9, val=-1
CONV1_PRE_RELU [t=10435000]: ch=4, y=4, x=9, val=-1
CONV1_PRE_RELU [t=10435000]: ch=5, y=4, x=9, val=-1
CONV1 [t=10445000]: ch=0, y=4, x=10, val=0
CONV1 [t=10445000]: ch=1, y=4, x=10, val=0
CONV1 [t=10445000]: ch=2, y=4, x=10, val=0
CONV1 [t=10445000]: ch=3, y=4, x=10, val=0
CONV1 [t=10445000]: ch=4, y=4, x=10, val=0
CONV1 [t=10445000]: ch=5, y=4, x=10, val=0
CONV1_PRE_RELU [t=10445000]: ch=0, y=4, x=10, val=-1
CONV1_PRE_RELU [t=10445000]: ch=1, y=4, x=10, val=-1
CONV1_PRE_RELU [t=10445000]: ch=2, y=4, x=10, val=-1
CONV1_PRE_RELU [t=10445000]: ch=3, y=4, x=10, val=-1
CONV1_PRE_RELU [t=10445000]: ch=4, y=4, x=10, val=-1
CONV1_PRE_RELU [t=10445000]: ch=5, y=4, x=10, val=-1
CONV1 [t=10455000]: ch=0, y=4, x=11, val=0
CONV1 [t=10455000]: ch=1, y=4, x=11, val=0
CONV1 [t=10455000]: ch=2, y=4, x=11, val=0
CONV1 [t=10455000]: ch=3, y=4, x=11, val=0
CONV1 [t=10455000]: ch=4, y=4, x=11, val=0
CONV1 [t=10455000]: ch=5, y=4, x=11, val=0
CONV1_PRE_RELU [t=10455000]: ch=0, y=4, x=11, val=-1
CONV1_PRE_RELU [t=10455000]: ch=1, y=4, x=11, val=-1
CONV1_PRE_RELU [t=10455000]: ch=2, y=4, x=11, val=15
CONV1_PRE_RELU [t=10455000]: ch=3, y=4, x=11, val=15
CONV1_PRE_RELU [t=10455000]: ch=4, y=4, x=11, val=15
CONV1_PRE_RELU [t=10455000]: ch=5, y=4, x=11, val=15
CONV1 [t=10465000]: ch=0, y=4, x=12, val=0
CONV1 [t=10465000]: ch=1, y=4, x=12, val=0
CONV1 [t=10465000]: ch=2, y=4, x=12, val=0
CONV1 [t=10465000]: ch=3, y=4, x=12, val=0
CONV1 [t=10465000]: ch=4, y=4, x=12, val=0
CONV1 [t=10465000]: ch=5, y=4, x=12, val=0
CONV1_PRE_RELU [t=10465000]: ch=0, y=4, x=12, val=31
CONV1_PRE_RELU [t=10465000]: ch=1, y=4, x=12, val=15
CONV1_PRE_RELU [t=10465000]: ch=2, y=4, x=12, val=15
CONV1_PRE_RELU [t=10465000]: ch=3, y=4, x=12, val=-1
CONV1_PRE_RELU [t=10465000]: ch=4, y=4, x=12, val=15
CONV1_PRE_RELU [t=10465000]: ch=5, y=4, x=12, val=-1
CONV1 [t=10475000]: ch=0, y=4, x=13, val=0
CONV1 [t=10475000]: ch=1, y=4, x=13, val=0
CONV1 [t=10475000]: ch=2, y=4, x=13, val=15
CONV1 [t=10475000]: ch=3, y=4, x=13, val=15
CONV1 [t=10475000]: ch=4, y=4, x=13, val=15
CONV1 [t=10475000]: ch=5, y=4, x=13, val=15
CONV1_PRE_RELU [t=10475000]: ch=0, y=4, x=13, val=15
CONV1_PRE_RELU [t=10475000]: ch=1, y=4, x=13, val=15
CONV1_PRE_RELU [t=10475000]: ch=2, y=4, x=13, val=31
CONV1_PRE_RELU [t=10475000]: ch=3, y=4, x=13, val=47
CONV1_PRE_RELU [t=10475000]: ch=4, y=4, x=13, val=15
CONV1_PRE_RELU [t=10475000]: ch=5, y=4, x=13, val=31
CONV1 [t=10485000]: ch=0, y=4, x=14, val=31
CONV1 [t=10485000]: ch=1, y=4, x=14, val=15
CONV1 [t=10485000]: ch=2, y=4, x=14, val=15
CONV1 [t=10485000]: ch=3, y=4, x=14, val=0
CONV1 [t=10485000]: ch=4, y=4, x=14, val=15
CONV1 [t=10485000]: ch=5, y=4, x=14, val=0
CONV1_PRE_RELU [t=10485000]: ch=0, y=4, x=14, val=15
CONV1_PRE_RELU [t=10485000]: ch=1, y=4, x=14, val=31
CONV1_PRE_RELU [t=10485000]: ch=2, y=4, x=14, val=15
CONV1_PRE_RELU [t=10485000]: ch=3, y=4, x=14, val=-1
CONV1_PRE_RELU [t=10485000]: ch=4, y=4, x=14, val=47
CONV1_PRE_RELU [t=10485000]: ch=5, y=4, x=14, val=31
CONV1 [t=10495000]: ch=0, y=4, x=15, val=15
CONV1 [t=10495000]: ch=1, y=4, x=15, val=15
CONV1 [t=10495000]: ch=2, y=4, x=15, val=31
CONV1 [t=10495000]: ch=3, y=4, x=15, val=47
CONV1 [t=10495000]: ch=4, y=4, x=15, val=15
CONV1 [t=10495000]: ch=5, y=4, x=15, val=31
CONV1_PRE_RELU [t=10495000]: ch=0, y=4, x=15, val=31
CONV1_PRE_RELU [t=10495000]: ch=1, y=4, x=15, val=-1
CONV1_PRE_RELU [t=10495000]: ch=2, y=4, x=15, val=31
CONV1_PRE_RELU [t=10495000]: ch=3, y=4, x=15, val=31
CONV1_PRE_RELU [t=10495000]: ch=4, y=4, x=15, val=-1
CONV1_PRE_RELU [t=10495000]: ch=5, y=4, x=15, val=-1
CONV1 [t=10505000]: ch=0, y=4, x=16, val=15
CONV1 [t=10505000]: ch=1, y=4, x=16, val=31
CONV1 [t=10505000]: ch=2, y=4, x=16, val=15
CONV1 [t=10505000]: ch=3, y=4, x=16, val=0
CONV1 [t=10505000]: ch=4, y=4, x=16, val=47
CONV1 [t=10505000]: ch=5, y=4, x=16, val=31
CONV1_PRE_RELU [t=10505000]: ch=0, y=4, x=16, val=-1
CONV1_PRE_RELU [t=10505000]: ch=1, y=4, x=16, val=15
CONV1_PRE_RELU [t=10505000]: ch=2, y=4, x=16, val=-1
CONV1_PRE_RELU [t=10505000]: ch=3, y=4, x=16, val=-1
CONV1_PRE_RELU [t=10505000]: ch=4, y=4, x=16, val=15
CONV1_PRE_RELU [t=10505000]: ch=5, y=4, x=16, val=15
CONV1 [t=10515000]: ch=0, y=4, x=17, val=31
CONV1 [t=10515000]: ch=1, y=4, x=17, val=0
CONV1 [t=10515000]: ch=2, y=4, x=17, val=31
CONV1 [t=10515000]: ch=3, y=4, x=17, val=31
CONV1 [t=10515000]: ch=4, y=4, x=17, val=0
CONV1 [t=10515000]: ch=5, y=4, x=17, val=0
CONV1_PRE_RELU [t=10515000]: ch=0, y=4, x=17, val=-1
CONV1_PRE_RELU [t=10515000]: ch=1, y=4, x=17, val=-1
CONV1_PRE_RELU [t=10515000]: ch=2, y=4, x=17, val=-1
CONV1_PRE_RELU [t=10515000]: ch=3, y=4, x=17, val=-1
CONV1_PRE_RELU [t=10515000]: ch=4, y=4, x=17, val=-1
CONV1_PRE_RELU [t=10515000]: ch=5, y=4, x=17, val=-1
CONV1 [t=10525000]: ch=0, y=4, x=18, val=0
CONV1 [t=10525000]: ch=1, y=4, x=18, val=15
CONV1 [t=10525000]: ch=2, y=4, x=18, val=0
CONV1 [t=10525000]: ch=3, y=4, x=18, val=0
CONV1 [t=10525000]: ch=4, y=4, x=18, val=15
CONV1 [t=10525000]: ch=5, y=4, x=18, val=15
CONV1_PRE_RELU [t=10525000]: ch=0, y=4, x=18, val=-1
CONV1_PRE_RELU [t=10525000]: ch=1, y=4, x=18, val=-1
CONV1_PRE_RELU [t=10525000]: ch=2, y=4, x=18, val=-1
CONV1_PRE_RELU [t=10525000]: ch=3, y=4, x=18, val=-1
CONV1_PRE_RELU [t=10525000]: ch=4, y=4, x=18, val=-1
CONV1_PRE_RELU [t=10525000]: ch=5, y=4, x=18, val=-1
CONV1 [t=10535000]: ch=0, y=4, x=19, val=0
CONV1 [t=10535000]: ch=1, y=4, x=19, val=0
CONV1 [t=10535000]: ch=2, y=4, x=19, val=0
CONV1 [t=10535000]: ch=3, y=4, x=19, val=0
CONV1 [t=10535000]: ch=4, y=4, x=19, val=0
CONV1 [t=10535000]: ch=5, y=4, x=19, val=0
CONV1_PRE_RELU [t=10535000]: ch=0, y=4, x=19, val=-1
CONV1_PRE_RELU [t=10535000]: ch=1, y=4, x=19, val=-1
CONV1_PRE_RELU [t=10535000]: ch=2, y=4, x=19, val=-1
CONV1_PRE_RELU [t=10535000]: ch=3, y=4, x=19, val=-1
CONV1_PRE_RELU [t=10535000]: ch=4, y=4, x=19, val=-1
CONV1_PRE_RELU [t=10535000]: ch=5, y=4, x=19, val=-1
CONV1 [t=10545000]: ch=0, y=4, x=20, val=0
CONV1 [t=10545000]: ch=1, y=4, x=20, val=0
CONV1 [t=10545000]: ch=2, y=4, x=20, val=0
CONV1 [t=10545000]: ch=3, y=4, x=20, val=0
CONV1 [t=10545000]: ch=4, y=4, x=20, val=0
CONV1 [t=10545000]: ch=5, y=4, x=20, val=0
CONV1_PRE_RELU [t=10545000]: ch=0, y=4, x=20, val=-1
CONV1_PRE_RELU [t=10545000]: ch=1, y=4, x=20, val=-1
CONV1_PRE_RELU [t=10545000]: ch=2, y=4, x=20, val=-1
CONV1_PRE_RELU [t=10545000]: ch=3, y=4, x=20, val=-1
CONV1_PRE_RELU [t=10545000]: ch=4, y=4, x=20, val=-1
CONV1_PRE_RELU [t=10545000]: ch=5, y=4, x=20, val=-1
CONV1 [t=10555000]: ch=0, y=4, x=21, val=0
CONV1 [t=10555000]: ch=1, y=4, x=21, val=0
CONV1 [t=10555000]: ch=2, y=4, x=21, val=0
CONV1 [t=10555000]: ch=3, y=4, x=21, val=0
CONV1 [t=10555000]: ch=4, y=4, x=21, val=0
CONV1 [t=10555000]: ch=5, y=4, x=21, val=0
CONV1_PRE_RELU [t=10555000]: ch=0, y=4, x=21, val=-1
CONV1_PRE_RELU [t=10555000]: ch=1, y=4, x=21, val=-1
CONV1_PRE_RELU [t=10555000]: ch=2, y=4, x=21, val=-1
CONV1_PRE_RELU [t=10555000]: ch=3, y=4, x=21, val=-1
CONV1_PRE_RELU [t=10555000]: ch=4, y=4, x=21, val=-1
CONV1_PRE_RELU [t=10555000]: ch=5, y=4, x=21, val=-1
CONV1 [t=10565000]: ch=0, y=4, x=22, val=0
CONV1 [t=10565000]: ch=1, y=4, x=22, val=0
CONV1 [t=10565000]: ch=2, y=4, x=22, val=0
CONV1 [t=10565000]: ch=3, y=4, x=22, val=0
CONV1 [t=10565000]: ch=4, y=4, x=22, val=0
CONV1 [t=10565000]: ch=5, y=4, x=22, val=0
CONV1_PRE_RELU [t=10565000]: ch=0, y=4, x=22, val=-1
CONV1_PRE_RELU [t=10565000]: ch=1, y=4, x=22, val=-1
CONV1_PRE_RELU [t=10565000]: ch=2, y=4, x=22, val=-1
CONV1_PRE_RELU [t=10565000]: ch=3, y=4, x=22, val=-1
CONV1_PRE_RELU [t=10565000]: ch=4, y=4, x=22, val=-1
CONV1_PRE_RELU [t=10565000]: ch=5, y=4, x=22, val=-1
CONV1 [t=10575000]: ch=0, y=4, x=23, val=0
CONV1 [t=10575000]: ch=1, y=4, x=23, val=0
CONV1 [t=10575000]: ch=2, y=4, x=23, val=0
CONV1 [t=10575000]: ch=3, y=4, x=23, val=0
CONV1 [t=10575000]: ch=4, y=4, x=23, val=0
CONV1 [t=10575000]: ch=5, y=4, x=23, val=0
CONV1_PRE_RELU [t=10575000]: ch=0, y=4, x=23, val=-1
CONV1_PRE_RELU [t=10575000]: ch=1, y=4, x=23, val=-1
CONV1_PRE_RELU [t=10575000]: ch=2, y=4, x=23, val=-1
CONV1_PRE_RELU [t=10575000]: ch=3, y=4, x=23, val=-1
CONV1_PRE_RELU [t=10575000]: ch=4, y=4, x=23, val=-1
CONV1_PRE_RELU [t=10575000]: ch=5, y=4, x=23, val=-1
CONV1 [t=10585000]: ch=0, y=5, x=0, val=0
CONV1 [t=10585000]: ch=1, y=5, x=0, val=0
CONV1 [t=10585000]: ch=2, y=5, x=0, val=0
CONV1 [t=10585000]: ch=3, y=5, x=0, val=0
CONV1 [t=10585000]: ch=4, y=5, x=0, val=0
CONV1 [t=10585000]: ch=5, y=5, x=0, val=0
CONV1_PRE_RELU [t=10585000]: ch=0, y=5, x=0, val=-1
CONV1_PRE_RELU [t=10585000]: ch=1, y=5, x=0, val=-1
CONV1_PRE_RELU [t=10585000]: ch=2, y=5, x=0, val=-1
CONV1_PRE_RELU [t=10585000]: ch=3, y=5, x=0, val=-1
CONV1_PRE_RELU [t=10585000]: ch=4, y=5, x=0, val=-1
CONV1_PRE_RELU [t=10585000]: ch=5, y=5, x=0, val=-1
CONV1 [t=10635000]: ch=0, y=5, x=1, val=0
CONV1 [t=10635000]: ch=1, y=5, x=1, val=0
CONV1 [t=10635000]: ch=2, y=5, x=1, val=0
CONV1 [t=10635000]: ch=3, y=5, x=1, val=0
CONV1 [t=10635000]: ch=4, y=5, x=1, val=0
CONV1 [t=10635000]: ch=5, y=5, x=1, val=0
CONV1_PRE_RELU [t=10635000]: ch=0, y=5, x=1, val=31
CONV1_PRE_RELU [t=10635000]: ch=1, y=5, x=1, val=15
CONV1_PRE_RELU [t=10635000]: ch=2, y=5, x=1, val=15
CONV1_PRE_RELU [t=10635000]: ch=3, y=5, x=1, val=-1
CONV1_PRE_RELU [t=10635000]: ch=4, y=5, x=1, val=15
CONV1_PRE_RELU [t=10635000]: ch=5, y=5, x=1, val=-1
CONV1 [t=10645000]: ch=0, y=5, x=2, val=0
CONV1 [t=10645000]: ch=1, y=5, x=2, val=0
CONV1 [t=10645000]: ch=2, y=5, x=2, val=15
CONV1 [t=10645000]: ch=3, y=5, x=2, val=15
CONV1 [t=10645000]: ch=4, y=5, x=2, val=15
CONV1 [t=10645000]: ch=5, y=5, x=2, val=15
CONV1_PRE_RELU [t=10645000]: ch=0, y=5, x=2, val=31
CONV1_PRE_RELU [t=10645000]: ch=1, y=5, x=2, val=31
CONV1_PRE_RELU [t=10645000]: ch=2, y=5, x=2, val=15
CONV1_PRE_RELU [t=10645000]: ch=3, y=5, x=2, val=31
CONV1_PRE_RELU [t=10645000]: ch=4, y=5, x=2, val=-1
CONV1_PRE_RELU [t=10645000]: ch=5, y=5, x=2, val=15
CONV1 [t=10655000]: ch=0, y=5, x=3, val=31
CONV1 [t=10655000]: ch=1, y=5, x=3, val=15
CONV1 [t=10655000]: ch=2, y=5, x=3, val=15
CONV1 [t=10655000]: ch=3, y=5, x=3, val=0
CONV1 [t=10655000]: ch=4, y=5, x=3, val=15
CONV1 [t=10655000]: ch=5, y=5, x=3, val=0
CONV1_PRE_RELU [t=10655000]: ch=0, y=5, x=3, val=-1
CONV1_PRE_RELU [t=10655000]: ch=1, y=5, x=3, val=47
CONV1_PRE_RELU [t=10655000]: ch=2, y=5, x=3, val=15
CONV1_PRE_RELU [t=10655000]: ch=3, y=5, x=3, val=31
CONV1_PRE_RELU [t=10655000]: ch=4, y=5, x=3, val=47
CONV1_PRE_RELU [t=10655000]: ch=5, y=5, x=3, val=63
POOL1 [t=10655000]: ch=0, y=2, x=0, val=0
POOL1 [t=10655000]: ch=1, y=2, x=0, val=0
POOL1 [t=10655000]: ch=2, y=2, x=0, val=0
POOL1 [t=10655000]: ch=3, y=2, x=0, val=0
POOL1 [t=10655000]: ch=4, y=2, x=0, val=0
POOL1 [t=10655000]: ch=5, y=2, x=0, val=0
CONV1 [t=10665000]: ch=0, y=5, x=4, val=31
CONV1 [t=10665000]: ch=1, y=5, x=4, val=31
CONV1 [t=10665000]: ch=2, y=5, x=4, val=15
CONV1 [t=10665000]: ch=3, y=5, x=4, val=31
CONV1 [t=10665000]: ch=4, y=5, x=4, val=0
CONV1 [t=10665000]: ch=5, y=5, x=4, val=15
CONV1_PRE_RELU [t=10665000]: ch=0, y=5, x=4, val=31
CONV1_PRE_RELU [t=10665000]: ch=1, y=5, x=4, val=15
CONV1_PRE_RELU [t=10665000]: ch=2, y=5, x=4, val=31
CONV1_PRE_RELU [t=10665000]: ch=3, y=5, x=4, val=15
CONV1_PRE_RELU [t=10665000]: ch=4, y=5, x=4, val=31
CONV1_PRE_RELU [t=10665000]: ch=5, y=5, x=4, val=15
CONV1 [t=10675000]: ch=0, y=5, x=5, val=0
CONV1 [t=10675000]: ch=1, y=5, x=5, val=47
CONV1 [t=10675000]: ch=2, y=5, x=5, val=15
CONV1 [t=10675000]: ch=3, y=5, x=5, val=31
CONV1 [t=10675000]: ch=4, y=5, x=5, val=47
CONV1 [t=10675000]: ch=5, y=5, x=5, val=63
CONV1_PRE_RELU [t=10675000]: ch=0, y=5, x=5, val=31
CONV1_PRE_RELU [t=10675000]: ch=1, y=5, x=5, val=-1
CONV1_PRE_RELU [t=10675000]: ch=2, y=5, x=5, val=31
CONV1_PRE_RELU [t=10675000]: ch=3, y=5, x=5, val=31
CONV1_PRE_RELU [t=10675000]: ch=4, y=5, x=5, val=-1
CONV1_PRE_RELU [t=10675000]: ch=5, y=5, x=5, val=-1
POOL1 [t=10675000]: ch=0, y=2, x=1, val=31
POOL1 [t=10675000]: ch=1, y=2, x=1, val=15
POOL1 [t=10675000]: ch=2, y=2, x=1, val=15
POOL1 [t=10675000]: ch=3, y=2, x=1, val=15
POOL1 [t=10675000]: ch=4, y=2, x=1, val=15
POOL1 [t=10675000]: ch=5, y=2, x=1, val=15
CONV1 [t=10685000]: ch=0, y=5, x=6, val=31
CONV1 [t=10685000]: ch=1, y=5, x=6, val=15
CONV1 [t=10685000]: ch=2, y=5, x=6, val=31
CONV1 [t=10685000]: ch=3, y=5, x=6, val=15
CONV1 [t=10685000]: ch=4, y=5, x=6, val=31
CONV1 [t=10685000]: ch=5, y=5, x=6, val=15
CONV1_PRE_RELU [t=10685000]: ch=0, y=5, x=6, val=-1
CONV1_PRE_RELU [t=10685000]: ch=1, y=5, x=6, val=15
CONV1_PRE_RELU [t=10685000]: ch=2, y=5, x=6, val=-1
CONV1_PRE_RELU [t=10685000]: ch=3, y=5, x=6, val=-1
CONV1_PRE_RELU [t=10685000]: ch=4, y=5, x=6, val=15
CONV1_PRE_RELU [t=10685000]: ch=5, y=5, x=6, val=15
CONV1 [t=10695000]: ch=0, y=5, x=7, val=31
CONV1 [t=10695000]: ch=1, y=5, x=7, val=0
CONV1 [t=10695000]: ch=2, y=5, x=7, val=31
CONV1 [t=10695000]: ch=3, y=5, x=7, val=31
CONV1 [t=10695000]: ch=4, y=5, x=7, val=0
CONV1 [t=10695000]: ch=5, y=5, x=7, val=0
CONV1_PRE_RELU [t=10695000]: ch=0, y=5, x=7, val=-1
CONV1_PRE_RELU [t=10695000]: ch=1, y=5, x=7, val=-1
CONV1_PRE_RELU [t=10695000]: ch=2, y=5, x=7, val=-1
CONV1_PRE_RELU [t=10695000]: ch=3, y=5, x=7, val=-1
CONV1_PRE_RELU [t=10695000]: ch=4, y=5, x=7, val=-1
CONV1_PRE_RELU [t=10695000]: ch=5, y=5, x=7, val=-1
POOL1 [t=10695000]: ch=0, y=2, x=2, val=31
POOL1 [t=10695000]: ch=1, y=2, x=2, val=47
POOL1 [t=10695000]: ch=2, y=2, x=2, val=15
POOL1 [t=10695000]: ch=3, y=2, x=2, val=31
POOL1 [t=10695000]: ch=4, y=2, x=2, val=47
POOL1 [t=10695000]: ch=5, y=2, x=2, val=63
CONV1 [t=10705000]: ch=0, y=5, x=8, val=0
CONV1 [t=10705000]: ch=1, y=5, x=8, val=15
CONV1 [t=10705000]: ch=2, y=5, x=8, val=0
CONV1 [t=10705000]: ch=3, y=5, x=8, val=0
CONV1 [t=10705000]: ch=4, y=5, x=8, val=15
CONV1 [t=10705000]: ch=5, y=5, x=8, val=15
CONV1_PRE_RELU [t=10705000]: ch=0, y=5, x=8, val=-1
CONV1_PRE_RELU [t=10705000]: ch=1, y=5, x=8, val=-1
CONV1_PRE_RELU [t=10705000]: ch=2, y=5, x=8, val=-1
CONV1_PRE_RELU [t=10705000]: ch=3, y=5, x=8, val=-1
CONV1_PRE_RELU [t=10705000]: ch=4, y=5, x=8, val=-1
CONV1_PRE_RELU [t=10705000]: ch=5, y=5, x=8, val=-1
CONV1 [t=10715000]: ch=0, y=5, x=9, val=0
CONV1 [t=10715000]: ch=1, y=5, x=9, val=0
CONV1 [t=10715000]: ch=2, y=5, x=9, val=0
CONV1 [t=10715000]: ch=3, y=5, x=9, val=0
CONV1 [t=10715000]: ch=4, y=5, x=9, val=0
CONV1 [t=10715000]: ch=5, y=5, x=9, val=0
CONV1_PRE_RELU [t=10715000]: ch=0, y=5, x=9, val=-1
CONV1_PRE_RELU [t=10715000]: ch=1, y=5, x=9, val=-1
CONV1_PRE_RELU [t=10715000]: ch=2, y=5, x=9, val=-1
CONV1_PRE_RELU [t=10715000]: ch=3, y=5, x=9, val=-1
CONV1_PRE_RELU [t=10715000]: ch=4, y=5, x=9, val=-1
CONV1_PRE_RELU [t=10715000]: ch=5, y=5, x=9, val=-1
POOL1 [t=10715000]: ch=0, y=2, x=3, val=31
POOL1 [t=10715000]: ch=1, y=2, x=3, val=47
POOL1 [t=10715000]: ch=2, y=2, x=3, val=31
POOL1 [t=10715000]: ch=3, y=2, x=3, val=31
POOL1 [t=10715000]: ch=4, y=2, x=3, val=31
POOL1 [t=10715000]: ch=5, y=2, x=3, val=47
CONV1 [t=10725000]: ch=0, y=5, x=10, val=0
CONV1 [t=10725000]: ch=1, y=5, x=10, val=0
CONV1 [t=10725000]: ch=2, y=5, x=10, val=0
CONV1 [t=10725000]: ch=3, y=5, x=10, val=0
CONV1 [t=10725000]: ch=4, y=5, x=10, val=0
CONV1 [t=10725000]: ch=5, y=5, x=10, val=0
CONV1_PRE_RELU [t=10725000]: ch=0, y=5, x=10, val=-1
CONV1_PRE_RELU [t=10725000]: ch=1, y=5, x=10, val=-1
CONV1_PRE_RELU [t=10725000]: ch=2, y=5, x=10, val=-1
CONV1_PRE_RELU [t=10725000]: ch=3, y=5, x=10, val=-1
CONV1_PRE_RELU [t=10725000]: ch=4, y=5, x=10, val=-1
CONV1_PRE_RELU [t=10725000]: ch=5, y=5, x=10, val=-1
CONV1 [t=10735000]: ch=0, y=5, x=11, val=0
CONV1 [t=10735000]: ch=1, y=5, x=11, val=0
CONV1 [t=10735000]: ch=2, y=5, x=11, val=0
CONV1 [t=10735000]: ch=3, y=5, x=11, val=0
CONV1 [t=10735000]: ch=4, y=5, x=11, val=0
CONV1 [t=10735000]: ch=5, y=5, x=11, val=0
CONV1_PRE_RELU [t=10735000]: ch=0, y=5, x=11, val=15
CONV1_PRE_RELU [t=10735000]: ch=1, y=5, x=11, val=15
CONV1_PRE_RELU [t=10735000]: ch=2, y=5, x=11, val=-1
CONV1_PRE_RELU [t=10735000]: ch=3, y=5, x=11, val=-1
CONV1_PRE_RELU [t=10735000]: ch=4, y=5, x=11, val=-1
CONV1_PRE_RELU [t=10735000]: ch=5, y=5, x=11, val=-1
POOL1 [t=10735000]: ch=0, y=2, x=4, val=15
POOL1 [t=10735000]: ch=1, y=2, x=4, val=15
POOL1 [t=10735000]: ch=2, y=2, x=4, val=15
POOL1 [t=10735000]: ch=3, y=2, x=4, val=15
POOL1 [t=10735000]: ch=4, y=2, x=4, val=15
POOL1 [t=10735000]: ch=5, y=2, x=4, val=15
CONV1 [t=10745000]: ch=0, y=5, x=12, val=0
CONV1 [t=10745000]: ch=1, y=5, x=12, val=0
CONV1 [t=10745000]: ch=2, y=5, x=12, val=0
CONV1 [t=10745000]: ch=3, y=5, x=12, val=0
CONV1 [t=10745000]: ch=4, y=5, x=12, val=0
CONV1 [t=10745000]: ch=5, y=5, x=12, val=0
CONV1_PRE_RELU [t=10745000]: ch=0, y=5, x=12, val=15
CONV1_PRE_RELU [t=10745000]: ch=1, y=5, x=12, val=31
CONV1_PRE_RELU [t=10745000]: ch=2, y=5, x=12, val=-1
CONV1_PRE_RELU [t=10745000]: ch=3, y=5, x=12, val=15
CONV1_PRE_RELU [t=10745000]: ch=4, y=5, x=12, val=-1
CONV1_PRE_RELU [t=10745000]: ch=5, y=5, x=12, val=15
CONV1 [t=10755000]: ch=0, y=5, x=13, val=15
CONV1 [t=10755000]: ch=1, y=5, x=13, val=15
CONV1 [t=10755000]: ch=2, y=5, x=13, val=0
CONV1 [t=10755000]: ch=3, y=5, x=13, val=0
CONV1 [t=10755000]: ch=4, y=5, x=13, val=0
CONV1 [t=10755000]: ch=5, y=5, x=13, val=0
CONV1_PRE_RELU [t=10755000]: ch=0, y=5, x=13, val=-1
CONV1_PRE_RELU [t=10755000]: ch=1, y=5, x=13, val=31
CONV1_PRE_RELU [t=10755000]: ch=2, y=5, x=13, val=15
CONV1_PRE_RELU [t=10755000]: ch=3, y=5, x=13, val=31
CONV1_PRE_RELU [t=10755000]: ch=4, y=5, x=13, val=31
CONV1_PRE_RELU [t=10755000]: ch=5, y=5, x=13, val=47
POOL1 [t=10755000]: ch=0, y=2, x=5, val=0
POOL1 [t=10755000]: ch=1, y=2, x=5, val=0
POOL1 [t=10755000]: ch=2, y=2, x=5, val=0
POOL1 [t=10755000]: ch=3, y=2, x=5, val=0
POOL1 [t=10755000]: ch=4, y=2, x=5, val=0
POOL1 [t=10755000]: ch=5, y=2, x=5, val=0
CONV1 [t=10765000]: ch=0, y=5, x=14, val=15
CONV1 [t=10765000]: ch=1, y=5, x=14, val=31
CONV1 [t=10765000]: ch=2, y=5, x=14, val=0
CONV1 [t=10765000]: ch=3, y=5, x=14, val=15
CONV1 [t=10765000]: ch=4, y=5, x=14, val=0
CONV1 [t=10765000]: ch=5, y=5, x=14, val=15
CONV1_PRE_RELU [t=10765000]: ch=0, y=5, x=14, val=31
CONV1_PRE_RELU [t=10765000]: ch=1, y=5, x=14, val=15
CONV1_PRE_RELU [t=10765000]: ch=2, y=5, x=14, val=31
CONV1_PRE_RELU [t=10765000]: ch=3, y=5, x=14, val=15
CONV1_PRE_RELU [t=10765000]: ch=4, y=5, x=14, val=31
CONV1_PRE_RELU [t=10765000]: ch=5, y=5, x=14, val=15
CONV1 [t=10775000]: ch=0, y=5, x=15, val=0
CONV1 [t=10775000]: ch=1, y=5, x=15, val=31
CONV1 [t=10775000]: ch=2, y=5, x=15, val=15
CONV1 [t=10775000]: ch=3, y=5, x=15, val=31
CONV1 [t=10775000]: ch=4, y=5, x=15, val=31
CONV1 [t=10775000]: ch=5, y=5, x=15, val=47
CONV1_PRE_RELU [t=10775000]: ch=0, y=5, x=15, val=31
CONV1_PRE_RELU [t=10775000]: ch=1, y=5, x=15, val=-1
CONV1_PRE_RELU [t=10775000]: ch=2, y=5, x=15, val=31
CONV1_PRE_RELU [t=10775000]: ch=3, y=5, x=15, val=31
CONV1_PRE_RELU [t=10775000]: ch=4, y=5, x=15, val=-1
CONV1_PRE_RELU [t=10775000]: ch=5, y=5, x=15, val=-1
POOL1 [t=10775000]: ch=0, y=2, x=6, val=15
POOL1 [t=10775000]: ch=1, y=2, x=6, val=15
POOL1 [t=10775000]: ch=2, y=2, x=6, val=15
POOL1 [t=10775000]: ch=3, y=2, x=6, val=15
POOL1 [t=10775000]: ch=4, y=2, x=6, val=15
POOL1 [t=10775000]: ch=5, y=2, x=6, val=15
CONV1 [t=10785000]: ch=0, y=5, x=16, val=31
CONV1 [t=10785000]: ch=1, y=5, x=16, val=15
CONV1 [t=10785000]: ch=2, y=5, x=16, val=31
CONV1 [t=10785000]: ch=3, y=5, x=16, val=15
CONV1 [t=10785000]: ch=4, y=5, x=16, val=31
CONV1 [t=10785000]: ch=5, y=5, x=16, val=15
CONV1_PRE_RELU [t=10785000]: ch=0, y=5, x=16, val=-1
CONV1_PRE_RELU [t=10785000]: ch=1, y=5, x=16, val=15
CONV1_PRE_RELU [t=10785000]: ch=2, y=5, x=16, val=-1
CONV1_PRE_RELU [t=10785000]: ch=3, y=5, x=16, val=-1
CONV1_PRE_RELU [t=10785000]: ch=4, y=5, x=16, val=15
CONV1_PRE_RELU [t=10785000]: ch=5, y=5, x=16, val=15
CONV1 [t=10795000]: ch=0, y=5, x=17, val=31
CONV1 [t=10795000]: ch=1, y=5, x=17, val=0
CONV1 [t=10795000]: ch=2, y=5, x=17, val=31
CONV1 [t=10795000]: ch=3, y=5, x=17, val=31
CONV1 [t=10795000]: ch=4, y=5, x=17, val=0
CONV1 [t=10795000]: ch=5, y=5, x=17, val=0
CONV1_PRE_RELU [t=10795000]: ch=0, y=5, x=17, val=-1
CONV1_PRE_RELU [t=10795000]: ch=1, y=5, x=17, val=-1
CONV1_PRE_RELU [t=10795000]: ch=2, y=5, x=17, val=-1
CONV1_PRE_RELU [t=10795000]: ch=3, y=5, x=17, val=-1
CONV1_PRE_RELU [t=10795000]: ch=4, y=5, x=17, val=-1
CONV1_PRE_RELU [t=10795000]: ch=5, y=5, x=17, val=-1
POOL1 [t=10795000]: ch=0, y=2, x=7, val=31
POOL1 [t=10795000]: ch=1, y=2, x=7, val=31
POOL1 [t=10795000]: ch=2, y=2, x=7, val=31
POOL1 [t=10795000]: ch=3, y=2, x=7, val=47
POOL1 [t=10795000]: ch=4, y=2, x=7, val=31
POOL1 [t=10795000]: ch=5, y=2, x=7, val=47
CONV1 [t=10805000]: ch=0, y=5, x=18, val=0
CONV1 [t=10805000]: ch=1, y=5, x=18, val=15
CONV1 [t=10805000]: ch=2, y=5, x=18, val=0
CONV1 [t=10805000]: ch=3, y=5, x=18, val=0
CONV1 [t=10805000]: ch=4, y=5, x=18, val=15
CONV1 [t=10805000]: ch=5, y=5, x=18, val=15
CONV1_PRE_RELU [t=10805000]: ch=0, y=5, x=18, val=-1
CONV1_PRE_RELU [t=10805000]: ch=1, y=5, x=18, val=-1
CONV1_PRE_RELU [t=10805000]: ch=2, y=5, x=18, val=-1
CONV1_PRE_RELU [t=10805000]: ch=3, y=5, x=18, val=-1
CONV1_PRE_RELU [t=10805000]: ch=4, y=5, x=18, val=-1
CONV1_PRE_RELU [t=10805000]: ch=5, y=5, x=18, val=-1
CONV1 [t=10815000]: ch=0, y=5, x=19, val=0
CONV1 [t=10815000]: ch=1, y=5, x=19, val=0
CONV1 [t=10815000]: ch=2, y=5, x=19, val=0
CONV1 [t=10815000]: ch=3, y=5, x=19, val=0
CONV1 [t=10815000]: ch=4, y=5, x=19, val=0
CONV1 [t=10815000]: ch=5, y=5, x=19, val=0
CONV1_PRE_RELU [t=10815000]: ch=0, y=5, x=19, val=-1
CONV1_PRE_RELU [t=10815000]: ch=1, y=5, x=19, val=-1
CONV1_PRE_RELU [t=10815000]: ch=2, y=5, x=19, val=-1
CONV1_PRE_RELU [t=10815000]: ch=3, y=5, x=19, val=-1
CONV1_PRE_RELU [t=10815000]: ch=4, y=5, x=19, val=-1
CONV1_PRE_RELU [t=10815000]: ch=5, y=5, x=19, val=-1
POOL1 [t=10815000]: ch=0, y=2, x=8, val=31
POOL1 [t=10815000]: ch=1, y=2, x=8, val=31
POOL1 [t=10815000]: ch=2, y=2, x=8, val=31
POOL1 [t=10815000]: ch=3, y=2, x=8, val=31
POOL1 [t=10815000]: ch=4, y=2, x=8, val=47
POOL1 [t=10815000]: ch=5, y=2, x=8, val=31
CONV1 [t=10825000]: ch=0, y=5, x=20, val=0
CONV1 [t=10825000]: ch=1, y=5, x=20, val=0
CONV1 [t=10825000]: ch=2, y=5, x=20, val=0
CONV1 [t=10825000]: ch=3, y=5, x=20, val=0
CONV1 [t=10825000]: ch=4, y=5, x=20, val=0
CONV1 [t=10825000]: ch=5, y=5, x=20, val=0
CONV1_PRE_RELU [t=10825000]: ch=0, y=5, x=20, val=-1
CONV1_PRE_RELU [t=10825000]: ch=1, y=5, x=20, val=-1
CONV1_PRE_RELU [t=10825000]: ch=2, y=5, x=20, val=-1
CONV1_PRE_RELU [t=10825000]: ch=3, y=5, x=20, val=-1
CONV1_PRE_RELU [t=10825000]: ch=4, y=5, x=20, val=-1
CONV1_PRE_RELU [t=10825000]: ch=5, y=5, x=20, val=-1
CONV1 [t=10835000]: ch=0, y=5, x=21, val=0
CONV1 [t=10835000]: ch=1, y=5, x=21, val=0
CONV1 [t=10835000]: ch=2, y=5, x=21, val=0
CONV1 [t=10835000]: ch=3, y=5, x=21, val=0
CONV1 [t=10835000]: ch=4, y=5, x=21, val=0
CONV1 [t=10835000]: ch=5, y=5, x=21, val=0
CONV1_PRE_RELU [t=10835000]: ch=0, y=5, x=21, val=-1
CONV1_PRE_RELU [t=10835000]: ch=1, y=5, x=21, val=-1
CONV1_PRE_RELU [t=10835000]: ch=2, y=5, x=21, val=-1
CONV1_PRE_RELU [t=10835000]: ch=3, y=5, x=21, val=-1
CONV1_PRE_RELU [t=10835000]: ch=4, y=5, x=21, val=-1
CONV1_PRE_RELU [t=10835000]: ch=5, y=5, x=21, val=-1
POOL1 [t=10835000]: ch=0, y=2, x=9, val=0
POOL1 [t=10835000]: ch=1, y=2, x=9, val=15
POOL1 [t=10835000]: ch=2, y=2, x=9, val=0
POOL1 [t=10835000]: ch=3, y=2, x=9, val=0
POOL1 [t=10835000]: ch=4, y=2, x=9, val=15
POOL1 [t=10835000]: ch=5, y=2, x=9, val=15
CONV1 [t=10845000]: ch=0, y=5, x=22, val=0
CONV1 [t=10845000]: ch=1, y=5, x=22, val=0
CONV1 [t=10845000]: ch=2, y=5, x=22, val=0
CONV1 [t=10845000]: ch=3, y=5, x=22, val=0
CONV1 [t=10845000]: ch=4, y=5, x=22, val=0
CONV1 [t=10845000]: ch=5, y=5, x=22, val=0
CONV1_PRE_RELU [t=10845000]: ch=0, y=5, x=22, val=-1
CONV1_PRE_RELU [t=10845000]: ch=1, y=5, x=22, val=-1
CONV1_PRE_RELU [t=10845000]: ch=2, y=5, x=22, val=-1
CONV1_PRE_RELU [t=10845000]: ch=3, y=5, x=22, val=-1
CONV1_PRE_RELU [t=10845000]: ch=4, y=5, x=22, val=-1
CONV1_PRE_RELU [t=10845000]: ch=5, y=5, x=22, val=-1
CONV1 [t=10855000]: ch=0, y=5, x=23, val=0
CONV1 [t=10855000]: ch=1, y=5, x=23, val=0
CONV1 [t=10855000]: ch=2, y=5, x=23, val=0
CONV1 [t=10855000]: ch=3, y=5, x=23, val=0
CONV1 [t=10855000]: ch=4, y=5, x=23, val=0
CONV1 [t=10855000]: ch=5, y=5, x=23, val=0
CONV1_PRE_RELU [t=10855000]: ch=0, y=5, x=23, val=-1
CONV1_PRE_RELU [t=10855000]: ch=1, y=5, x=23, val=-1
CONV1_PRE_RELU [t=10855000]: ch=2, y=5, x=23, val=-1
CONV1_PRE_RELU [t=10855000]: ch=3, y=5, x=23, val=-1
CONV1_PRE_RELU [t=10855000]: ch=4, y=5, x=23, val=-1
CONV1_PRE_RELU [t=10855000]: ch=5, y=5, x=23, val=-1
POOL1 [t=10855000]: ch=0, y=2, x=10, val=0
POOL1 [t=10855000]: ch=1, y=2, x=10, val=0
POOL1 [t=10855000]: ch=2, y=2, x=10, val=0
POOL1 [t=10855000]: ch=3, y=2, x=10, val=0
POOL1 [t=10855000]: ch=4, y=2, x=10, val=0
POOL1 [t=10855000]: ch=5, y=2, x=10, val=0
CONV1 [t=10865000]: ch=0, y=6, x=0, val=0
CONV1 [t=10865000]: ch=1, y=6, x=0, val=0
CONV1 [t=10865000]: ch=2, y=6, x=0, val=0
CONV1 [t=10865000]: ch=3, y=6, x=0, val=0
CONV1 [t=10865000]: ch=4, y=6, x=0, val=0
CONV1 [t=10865000]: ch=5, y=6, x=0, val=0
CONV1_PRE_RELU [t=10865000]: ch=0, y=6, x=0, val=-1
CONV1_PRE_RELU [t=10865000]: ch=1, y=6, x=0, val=-1
CONV1_PRE_RELU [t=10865000]: ch=2, y=6, x=0, val=-1
CONV1_PRE_RELU [t=10865000]: ch=3, y=6, x=0, val=-1
CONV1_PRE_RELU [t=10865000]: ch=4, y=6, x=0, val=-1
CONV1_PRE_RELU [t=10865000]: ch=5, y=6, x=0, val=-1
POOL1 [t=10875000]: ch=0, y=2, x=11, val=0
POOL1 [t=10875000]: ch=1, y=2, x=11, val=0
POOL1 [t=10875000]: ch=2, y=2, x=11, val=0
POOL1 [t=10875000]: ch=3, y=2, x=11, val=0
POOL1 [t=10875000]: ch=4, y=2, x=11, val=0
POOL1 [t=10875000]: ch=5, y=2, x=11, val=0
CONV1 [t=10915000]: ch=0, y=6, x=1, val=0
CONV1 [t=10915000]: ch=1, y=6, x=1, val=0
CONV1 [t=10915000]: ch=2, y=6, x=1, val=0
CONV1 [t=10915000]: ch=3, y=6, x=1, val=0
CONV1 [t=10915000]: ch=4, y=6, x=1, val=0
CONV1 [t=10915000]: ch=5, y=6, x=1, val=0
CONV1_PRE_RELU [t=10915000]: ch=0, y=6, x=1, val=15
CONV1_PRE_RELU [t=10915000]: ch=1, y=6, x=1, val=31
CONV1_PRE_RELU [t=10915000]: ch=2, y=6, x=1, val=-1
CONV1_PRE_RELU [t=10915000]: ch=3, y=6, x=1, val=15
CONV1_PRE_RELU [t=10915000]: ch=4, y=6, x=1, val=-1
CONV1_PRE_RELU [t=10915000]: ch=5, y=6, x=1, val=15
CONV1 [t=10925000]: ch=0, y=6, x=2, val=15
CONV1 [t=10925000]: ch=1, y=6, x=2, val=15
CONV1 [t=10925000]: ch=2, y=6, x=2, val=0
CONV1 [t=10925000]: ch=3, y=6, x=2, val=0
CONV1 [t=10925000]: ch=4, y=6, x=2, val=0
CONV1 [t=10925000]: ch=5, y=6, x=2, val=0
CONV1_PRE_RELU [t=10925000]: ch=0, y=6, x=2, val=-1
CONV1_PRE_RELU [t=10925000]: ch=1, y=6, x=2, val=31
CONV1_PRE_RELU [t=10925000]: ch=2, y=6, x=2, val=15
CONV1_PRE_RELU [t=10925000]: ch=3, y=6, x=2, val=31
CONV1_PRE_RELU [t=10925000]: ch=4, y=6, x=2, val=31
CONV1_PRE_RELU [t=10925000]: ch=5, y=6, x=2, val=47
CONV1 [t=10935000]: ch=0, y=6, x=3, val=15
CONV1 [t=10935000]: ch=1, y=6, x=3, val=31
CONV1 [t=10935000]: ch=2, y=6, x=3, val=0
CONV1 [t=10935000]: ch=3, y=6, x=3, val=15
CONV1 [t=10935000]: ch=4, y=6, x=3, val=0
CONV1 [t=10935000]: ch=5, y=6, x=3, val=15
CONV1_PRE_RELU [t=10935000]: ch=0, y=6, x=3, val=31
CONV1_PRE_RELU [t=10935000]: ch=1, y=6, x=3, val=15
CONV1_PRE_RELU [t=10935000]: ch=2, y=6, x=3, val=31
CONV1_PRE_RELU [t=10935000]: ch=3, y=6, x=3, val=15
CONV1_PRE_RELU [t=10935000]: ch=4, y=6, x=3, val=31
CONV1_PRE_RELU [t=10935000]: ch=5, y=6, x=3, val=15
CONV1 [t=10945000]: ch=0, y=6, x=4, val=0
CONV1 [t=10945000]: ch=1, y=6, x=4, val=31
CONV1 [t=10945000]: ch=2, y=6, x=4, val=15
CONV1 [t=10945000]: ch=3, y=6, x=4, val=31
CONV1 [t=10945000]: ch=4, y=6, x=4, val=31
CONV1 [t=10945000]: ch=5, y=6, x=4, val=47
CONV1_PRE_RELU [t=10945000]: ch=0, y=6, x=4, val=31
CONV1_PRE_RELU [t=10945000]: ch=1, y=6, x=4, val=-1
CONV1_PRE_RELU [t=10945000]: ch=2, y=6, x=4, val=31
CONV1_PRE_RELU [t=10945000]: ch=3, y=6, x=4, val=31
CONV1_PRE_RELU [t=10945000]: ch=4, y=6, x=4, val=-1
CONV1_PRE_RELU [t=10945000]: ch=5, y=6, x=4, val=-1
CONV1 [t=10955000]: ch=0, y=6, x=5, val=31
CONV1 [t=10955000]: ch=1, y=6, x=5, val=15
CONV1 [t=10955000]: ch=2, y=6, x=5, val=31
CONV1 [t=10955000]: ch=3, y=6, x=5, val=15
CONV1 [t=10955000]: ch=4, y=6, x=5, val=31
CONV1 [t=10955000]: ch=5, y=6, x=5, val=15
CONV1_PRE_RELU [t=10955000]: ch=0, y=6, x=5, val=-1
CONV1_PRE_RELU [t=10955000]: ch=1, y=6, x=5, val=15
CONV1_PRE_RELU [t=10955000]: ch=2, y=6, x=5, val=-1
CONV1_PRE_RELU [t=10955000]: ch=3, y=6, x=5, val=-1
CONV1_PRE_RELU [t=10955000]: ch=4, y=6, x=5, val=15
CONV1_PRE_RELU [t=10955000]: ch=5, y=6, x=5, val=15
CONV1 [t=10965000]: ch=0, y=6, x=6, val=31
CONV1 [t=10965000]: ch=1, y=6, x=6, val=0
CONV1 [t=10965000]: ch=2, y=6, x=6, val=31
CONV1 [t=10965000]: ch=3, y=6, x=6, val=31
CONV1 [t=10965000]: ch=4, y=6, x=6, val=0
CONV1 [t=10965000]: ch=5, y=6, x=6, val=0
CONV1_PRE_RELU [t=10965000]: ch=0, y=6, x=6, val=-1
CONV1_PRE_RELU [t=10965000]: ch=1, y=6, x=6, val=-1
CONV1_PRE_RELU [t=10965000]: ch=2, y=6, x=6, val=-1
CONV1_PRE_RELU [t=10965000]: ch=3, y=6, x=6, val=-1
CONV1_PRE_RELU [t=10965000]: ch=4, y=6, x=6, val=-1
CONV1_PRE_RELU [t=10965000]: ch=5, y=6, x=6, val=-1
CONV1 [t=10975000]: ch=0, y=6, x=7, val=0
CONV1 [t=10975000]: ch=1, y=6, x=7, val=15
CONV1 [t=10975000]: ch=2, y=6, x=7, val=0
CONV1 [t=10975000]: ch=3, y=6, x=7, val=0
CONV1 [t=10975000]: ch=4, y=6, x=7, val=15
CONV1 [t=10975000]: ch=5, y=6, x=7, val=15
CONV1_PRE_RELU [t=10975000]: ch=0, y=6, x=7, val=-1
CONV1_PRE_RELU [t=10975000]: ch=1, y=6, x=7, val=-1
CONV1_PRE_RELU [t=10975000]: ch=2, y=6, x=7, val=-1
CONV1_PRE_RELU [t=10975000]: ch=3, y=6, x=7, val=-1
CONV1_PRE_RELU [t=10975000]: ch=4, y=6, x=7, val=-1
CONV1_PRE_RELU [t=10975000]: ch=5, y=6, x=7, val=-1
CONV1 [t=10985000]: ch=0, y=6, x=8, val=0
CONV1 [t=10985000]: ch=1, y=6, x=8, val=0
CONV1 [t=10985000]: ch=2, y=6, x=8, val=0
CONV1 [t=10985000]: ch=3, y=6, x=8, val=0
CONV1 [t=10985000]: ch=4, y=6, x=8, val=0
CONV1 [t=10985000]: ch=5, y=6, x=8, val=0
CONV1_PRE_RELU [t=10985000]: ch=0, y=6, x=8, val=-1
CONV1_PRE_RELU [t=10985000]: ch=1, y=6, x=8, val=-1
CONV1_PRE_RELU [t=10985000]: ch=2, y=6, x=8, val=-1
CONV1_PRE_RELU [t=10985000]: ch=3, y=6, x=8, val=-1
CONV1_PRE_RELU [t=10985000]: ch=4, y=6, x=8, val=-1
CONV1_PRE_RELU [t=10985000]: ch=5, y=6, x=8, val=-1
CONV1 [t=10995000]: ch=0, y=6, x=9, val=0
CONV1 [t=10995000]: ch=1, y=6, x=9, val=0
CONV1 [t=10995000]: ch=2, y=6, x=9, val=0
CONV1 [t=10995000]: ch=3, y=6, x=9, val=0
CONV1 [t=10995000]: ch=4, y=6, x=9, val=0
CONV1 [t=10995000]: ch=5, y=6, x=9, val=0
CONV1_PRE_RELU [t=10995000]: ch=0, y=6, x=9, val=-1
CONV1_PRE_RELU [t=10995000]: ch=1, y=6, x=9, val=-1
CONV1_PRE_RELU [t=10995000]: ch=2, y=6, x=9, val=-1
CONV1_PRE_RELU [t=10995000]: ch=3, y=6, x=9, val=-1
CONV1_PRE_RELU [t=10995000]: ch=4, y=6, x=9, val=-1
CONV1_PRE_RELU [t=10995000]: ch=5, y=6, x=9, val=-1
CONV1 [t=11005000]: ch=0, y=6, x=10, val=0
CONV1 [t=11005000]: ch=1, y=6, x=10, val=0
CONV1 [t=11005000]: ch=2, y=6, x=10, val=0
CONV1 [t=11005000]: ch=3, y=6, x=10, val=0
CONV1 [t=11005000]: ch=4, y=6, x=10, val=0
CONV1 [t=11005000]: ch=5, y=6, x=10, val=0
CONV1_PRE_RELU [t=11005000]: ch=0, y=6, x=10, val=-1
CONV1_PRE_RELU [t=11005000]: ch=1, y=6, x=10, val=-1
CONV1_PRE_RELU [t=11005000]: ch=2, y=6, x=10, val=15
CONV1_PRE_RELU [t=11005000]: ch=3, y=6, x=10, val=15
CONV1_PRE_RELU [t=11005000]: ch=4, y=6, x=10, val=15
CONV1_PRE_RELU [t=11005000]: ch=5, y=6, x=10, val=15
CONV1 [t=11015000]: ch=0, y=6, x=11, val=0
CONV1 [t=11015000]: ch=1, y=6, x=11, val=0
CONV1 [t=11015000]: ch=2, y=6, x=11, val=0
CONV1 [t=11015000]: ch=3, y=6, x=11, val=0
CONV1 [t=11015000]: ch=4, y=6, x=11, val=0
CONV1 [t=11015000]: ch=5, y=6, x=11, val=0
CONV1_PRE_RELU [t=11015000]: ch=0, y=6, x=11, val=31
CONV1_PRE_RELU [t=11015000]: ch=1, y=6, x=11, val=15
CONV1_PRE_RELU [t=11015000]: ch=2, y=6, x=11, val=15
CONV1_PRE_RELU [t=11015000]: ch=3, y=6, x=11, val=-1
CONV1_PRE_RELU [t=11015000]: ch=4, y=6, x=11, val=15
CONV1_PRE_RELU [t=11015000]: ch=5, y=6, x=11, val=-1
CONV1 [t=11025000]: ch=0, y=6, x=12, val=0
CONV1 [t=11025000]: ch=1, y=6, x=12, val=0
CONV1 [t=11025000]: ch=2, y=6, x=12, val=15
CONV1 [t=11025000]: ch=3, y=6, x=12, val=15
CONV1 [t=11025000]: ch=4, y=6, x=12, val=15
CONV1 [t=11025000]: ch=5, y=6, x=12, val=15
CONV1_PRE_RELU [t=11025000]: ch=0, y=6, x=12, val=31
CONV1_PRE_RELU [t=11025000]: ch=1, y=6, x=12, val=31
CONV1_PRE_RELU [t=11025000]: ch=2, y=6, x=12, val=15
CONV1_PRE_RELU [t=11025000]: ch=3, y=6, x=12, val=31
CONV1_PRE_RELU [t=11025000]: ch=4, y=6, x=12, val=-1
CONV1_PRE_RELU [t=11025000]: ch=5, y=6, x=12, val=15
CONV1 [t=11035000]: ch=0, y=6, x=13, val=31
CONV1 [t=11035000]: ch=1, y=6, x=13, val=15
CONV1 [t=11035000]: ch=2, y=6, x=13, val=15
CONV1 [t=11035000]: ch=3, y=6, x=13, val=0
CONV1 [t=11035000]: ch=4, y=6, x=13, val=15
CONV1 [t=11035000]: ch=5, y=6, x=13, val=0
CONV1_PRE_RELU [t=11035000]: ch=0, y=6, x=13, val=-1
CONV1_PRE_RELU [t=11035000]: ch=1, y=6, x=13, val=47
CONV1_PRE_RELU [t=11035000]: ch=2, y=6, x=13, val=15
CONV1_PRE_RELU [t=11035000]: ch=3, y=6, x=13, val=31
CONV1_PRE_RELU [t=11035000]: ch=4, y=6, x=13, val=47
CONV1_PRE_RELU [t=11035000]: ch=5, y=6, x=13, val=63
CONV1 [t=11045000]: ch=0, y=6, x=14, val=31
CONV1 [t=11045000]: ch=1, y=6, x=14, val=31
CONV1 [t=11045000]: ch=2, y=6, x=14, val=15
CONV1 [t=11045000]: ch=3, y=6, x=14, val=31
CONV1 [t=11045000]: ch=4, y=6, x=14, val=0
CONV1 [t=11045000]: ch=5, y=6, x=14, val=15
CONV1_PRE_RELU [t=11045000]: ch=0, y=6, x=14, val=31
CONV1_PRE_RELU [t=11045000]: ch=1, y=6, x=14, val=15
CONV1_PRE_RELU [t=11045000]: ch=2, y=6, x=14, val=31
CONV1_PRE_RELU [t=11045000]: ch=3, y=6, x=14, val=15
CONV1_PRE_RELU [t=11045000]: ch=4, y=6, x=14, val=31
CONV1_PRE_RELU [t=11045000]: ch=5, y=6, x=14, val=15
CONV1 [t=11055000]: ch=0, y=6, x=15, val=0
CONV1 [t=11055000]: ch=1, y=6, x=15, val=47
CONV1 [t=11055000]: ch=2, y=6, x=15, val=15
CONV1 [t=11055000]: ch=3, y=6, x=15, val=31
CONV1 [t=11055000]: ch=4, y=6, x=15, val=47
CONV1 [t=11055000]: ch=5, y=6, x=15, val=63
CONV1_PRE_RELU [t=11055000]: ch=0, y=6, x=15, val=31
CONV1_PRE_RELU [t=11055000]: ch=1, y=6, x=15, val=-1
CONV1_PRE_RELU [t=11055000]: ch=2, y=6, x=15, val=31
CONV1_PRE_RELU [t=11055000]: ch=3, y=6, x=15, val=31
CONV1_PRE_RELU [t=11055000]: ch=4, y=6, x=15, val=-1
CONV1_PRE_RELU [t=11055000]: ch=5, y=6, x=15, val=-1
CONV1 [t=11065000]: ch=0, y=6, x=16, val=31
CONV1 [t=11065000]: ch=1, y=6, x=16, val=15
CONV1 [t=11065000]: ch=2, y=6, x=16, val=31
CONV1 [t=11065000]: ch=3, y=6, x=16, val=15
CONV1 [t=11065000]: ch=4, y=6, x=16, val=31
CONV1 [t=11065000]: ch=5, y=6, x=16, val=15
CONV1_PRE_RELU [t=11065000]: ch=0, y=6, x=16, val=-1
CONV1_PRE_RELU [t=11065000]: ch=1, y=6, x=16, val=15
CONV1_PRE_RELU [t=11065000]: ch=2, y=6, x=16, val=-1
CONV1_PRE_RELU [t=11065000]: ch=3, y=6, x=16, val=-1
CONV1_PRE_RELU [t=11065000]: ch=4, y=6, x=16, val=15
CONV1_PRE_RELU [t=11065000]: ch=5, y=6, x=16, val=15
CONV1 [t=11075000]: ch=0, y=6, x=17, val=31
CONV1 [t=11075000]: ch=1, y=6, x=17, val=0
CONV1 [t=11075000]: ch=2, y=6, x=17, val=31
CONV1 [t=11075000]: ch=3, y=6, x=17, val=31
CONV1 [t=11075000]: ch=4, y=6, x=17, val=0
CONV1 [t=11075000]: ch=5, y=6, x=17, val=0
CONV1_PRE_RELU [t=11075000]: ch=0, y=6, x=17, val=-1
CONV1_PRE_RELU [t=11075000]: ch=1, y=6, x=17, val=-1
CONV1_PRE_RELU [t=11075000]: ch=2, y=6, x=17, val=-1
CONV1_PRE_RELU [t=11075000]: ch=3, y=6, x=17, val=-1
CONV1_PRE_RELU [t=11075000]: ch=4, y=6, x=17, val=-1
CONV1_PRE_RELU [t=11075000]: ch=5, y=6, x=17, val=-1
CONV1 [t=11085000]: ch=0, y=6, x=18, val=0
CONV1 [t=11085000]: ch=1, y=6, x=18, val=15
CONV1 [t=11085000]: ch=2, y=6, x=18, val=0
CONV1 [t=11085000]: ch=3, y=6, x=18, val=0
CONV1 [t=11085000]: ch=4, y=6, x=18, val=15
CONV1 [t=11085000]: ch=5, y=6, x=18, val=15
CONV1_PRE_RELU [t=11085000]: ch=0, y=6, x=18, val=-1
CONV1_PRE_RELU [t=11085000]: ch=1, y=6, x=18, val=-1
CONV1_PRE_RELU [t=11085000]: ch=2, y=6, x=18, val=-1
CONV1_PRE_RELU [t=11085000]: ch=3, y=6, x=18, val=-1
CONV1_PRE_RELU [t=11085000]: ch=4, y=6, x=18, val=-1
CONV1_PRE_RELU [t=11085000]: ch=5, y=6, x=18, val=-1
CONV1 [t=11095000]: ch=0, y=6, x=19, val=0
CONV1 [t=11095000]: ch=1, y=6, x=19, val=0
CONV1 [t=11095000]: ch=2, y=6, x=19, val=0
CONV1 [t=11095000]: ch=3, y=6, x=19, val=0
CONV1 [t=11095000]: ch=4, y=6, x=19, val=0
CONV1 [t=11095000]: ch=5, y=6, x=19, val=0
CONV1_PRE_RELU [t=11095000]: ch=0, y=6, x=19, val=-1
CONV1_PRE_RELU [t=11095000]: ch=1, y=6, x=19, val=-1
CONV1_PRE_RELU [t=11095000]: ch=2, y=6, x=19, val=-1
CONV1_PRE_RELU [t=11095000]: ch=3, y=6, x=19, val=-1
CONV1_PRE_RELU [t=11095000]: ch=4, y=6, x=19, val=-1
CONV1_PRE_RELU [t=11095000]: ch=5, y=6, x=19, val=-1
CONV1 [t=11105000]: ch=0, y=6, x=20, val=0
CONV1 [t=11105000]: ch=1, y=6, x=20, val=0
CONV1 [t=11105000]: ch=2, y=6, x=20, val=0
CONV1 [t=11105000]: ch=3, y=6, x=20, val=0
CONV1 [t=11105000]: ch=4, y=6, x=20, val=0
CONV1 [t=11105000]: ch=5, y=6, x=20, val=0
CONV1_PRE_RELU [t=11105000]: ch=0, y=6, x=20, val=-1
CONV1_PRE_RELU [t=11105000]: ch=1, y=6, x=20, val=-1
CONV1_PRE_RELU [t=11105000]: ch=2, y=6, x=20, val=-1
CONV1_PRE_RELU [t=11105000]: ch=3, y=6, x=20, val=-1
CONV1_PRE_RELU [t=11105000]: ch=4, y=6, x=20, val=-1
CONV1_PRE_RELU [t=11105000]: ch=5, y=6, x=20, val=-1
CONV1 [t=11115000]: ch=0, y=6, x=21, val=0
CONV1 [t=11115000]: ch=1, y=6, x=21, val=0
CONV1 [t=11115000]: ch=2, y=6, x=21, val=0
CONV1 [t=11115000]: ch=3, y=6, x=21, val=0
CONV1 [t=11115000]: ch=4, y=6, x=21, val=0
CONV1 [t=11115000]: ch=5, y=6, x=21, val=0
CONV1_PRE_RELU [t=11115000]: ch=0, y=6, x=21, val=-1
CONV1_PRE_RELU [t=11115000]: ch=1, y=6, x=21, val=-1
CONV1_PRE_RELU [t=11115000]: ch=2, y=6, x=21, val=-1
CONV1_PRE_RELU [t=11115000]: ch=3, y=6, x=21, val=-1
CONV1_PRE_RELU [t=11115000]: ch=4, y=6, x=21, val=-1
CONV1_PRE_RELU [t=11115000]: ch=5, y=6, x=21, val=-1
CONV1 [t=11125000]: ch=0, y=6, x=22, val=0
CONV1 [t=11125000]: ch=1, y=6, x=22, val=0
CONV1 [t=11125000]: ch=2, y=6, x=22, val=0
CONV1 [t=11125000]: ch=3, y=6, x=22, val=0
CONV1 [t=11125000]: ch=4, y=6, x=22, val=0
CONV1 [t=11125000]: ch=5, y=6, x=22, val=0
CONV1_PRE_RELU [t=11125000]: ch=0, y=6, x=22, val=-1
CONV1_PRE_RELU [t=11125000]: ch=1, y=6, x=22, val=-1
CONV1_PRE_RELU [t=11125000]: ch=2, y=6, x=22, val=-1
CONV1_PRE_RELU [t=11125000]: ch=3, y=6, x=22, val=-1
CONV1_PRE_RELU [t=11125000]: ch=4, y=6, x=22, val=-1
CONV1_PRE_RELU [t=11125000]: ch=5, y=6, x=22, val=-1
CONV1 [t=11135000]: ch=0, y=6, x=23, val=0
CONV1 [t=11135000]: ch=1, y=6, x=23, val=0
CONV1 [t=11135000]: ch=2, y=6, x=23, val=0
CONV1 [t=11135000]: ch=3, y=6, x=23, val=0
CONV1 [t=11135000]: ch=4, y=6, x=23, val=0
CONV1 [t=11135000]: ch=5, y=6, x=23, val=0
CONV1_PRE_RELU [t=11135000]: ch=0, y=6, x=23, val=-1
CONV1_PRE_RELU [t=11135000]: ch=1, y=6, x=23, val=-1
CONV1_PRE_RELU [t=11135000]: ch=2, y=6, x=23, val=-1
CONV1_PRE_RELU [t=11135000]: ch=3, y=6, x=23, val=-1
CONV1_PRE_RELU [t=11135000]: ch=4, y=6, x=23, val=-1
CONV1_PRE_RELU [t=11135000]: ch=5, y=6, x=23, val=-1
CONV1 [t=11145000]: ch=0, y=7, x=0, val=0
CONV1 [t=11145000]: ch=1, y=7, x=0, val=0
CONV1 [t=11145000]: ch=2, y=7, x=0, val=0
CONV1 [t=11145000]: ch=3, y=7, x=0, val=0
CONV1 [t=11145000]: ch=4, y=7, x=0, val=0
CONV1 [t=11145000]: ch=5, y=7, x=0, val=0
CONV1_PRE_RELU [t=11145000]: ch=0, y=7, x=0, val=-1
CONV1_PRE_RELU [t=11145000]: ch=1, y=7, x=0, val=-1
CONV1_PRE_RELU [t=11145000]: ch=2, y=7, x=0, val=-1
CONV1_PRE_RELU [t=11145000]: ch=3, y=7, x=0, val=-1
CONV1_PRE_RELU [t=11145000]: ch=4, y=7, x=0, val=-1
CONV1_PRE_RELU [t=11145000]: ch=5, y=7, x=0, val=-1
CONV1 [t=11195000]: ch=0, y=7, x=1, val=0
CONV1 [t=11195000]: ch=1, y=7, x=1, val=0
CONV1 [t=11195000]: ch=2, y=7, x=1, val=15
CONV1 [t=11195000]: ch=3, y=7, x=1, val=15
CONV1 [t=11195000]: ch=4, y=7, x=1, val=15
CONV1 [t=11195000]: ch=5, y=7, x=1, val=15
CONV1_PRE_RELU [t=11195000]: ch=0, y=7, x=1, val=31
CONV1_PRE_RELU [t=11195000]: ch=1, y=7, x=1, val=31
CONV1_PRE_RELU [t=11195000]: ch=2, y=7, x=1, val=15
CONV1_PRE_RELU [t=11195000]: ch=3, y=7, x=1, val=31
CONV1_PRE_RELU [t=11195000]: ch=4, y=7, x=1, val=-1
CONV1_PRE_RELU [t=11195000]: ch=5, y=7, x=1, val=15
CONV1 [t=11205000]: ch=0, y=7, x=2, val=31
CONV1 [t=11205000]: ch=1, y=7, x=2, val=15
CONV1 [t=11205000]: ch=2, y=7, x=2, val=15
CONV1 [t=11205000]: ch=3, y=7, x=2, val=0
CONV1 [t=11205000]: ch=4, y=7, x=2, val=15
CONV1 [t=11205000]: ch=5, y=7, x=2, val=0
CONV1_PRE_RELU [t=11205000]: ch=0, y=7, x=2, val=-1
CONV1_PRE_RELU [t=11205000]: ch=1, y=7, x=2, val=47
CONV1_PRE_RELU [t=11205000]: ch=2, y=7, x=2, val=-1
CONV1_PRE_RELU [t=11205000]: ch=3, y=7, x=2, val=15
CONV1_PRE_RELU [t=11205000]: ch=4, y=7, x=2, val=31
CONV1_PRE_RELU [t=11205000]: ch=5, y=7, x=2, val=47
CONV1 [t=11215000]: ch=0, y=7, x=3, val=31
CONV1 [t=11215000]: ch=1, y=7, x=3, val=31
CONV1 [t=11215000]: ch=2, y=7, x=3, val=15
CONV1 [t=11215000]: ch=3, y=7, x=3, val=31
CONV1 [t=11215000]: ch=4, y=7, x=3, val=0
CONV1 [t=11215000]: ch=5, y=7, x=3, val=15
CONV1_PRE_RELU [t=11215000]: ch=0, y=7, x=3, val=15
CONV1_PRE_RELU [t=11215000]: ch=1, y=7, x=3, val=15
CONV1_PRE_RELU [t=11215000]: ch=2, y=7, x=3, val=15
CONV1_PRE_RELU [t=11215000]: ch=3, y=7, x=3, val=15
CONV1_PRE_RELU [t=11215000]: ch=4, y=7, x=3, val=15
CONV1_PRE_RELU [t=11215000]: ch=5, y=7, x=3, val=15
POOL1 [t=11215000]: ch=0, y=3, x=0, val=0
POOL1 [t=11215000]: ch=1, y=3, x=0, val=0
POOL1 [t=11215000]: ch=2, y=3, x=0, val=15
POOL1 [t=11215000]: ch=3, y=3, x=0, val=15
POOL1 [t=11215000]: ch=4, y=3, x=0, val=15
POOL1 [t=11215000]: ch=5, y=3, x=0, val=15
CONV1 [t=11225000]: ch=0, y=7, x=4, val=0
CONV1 [t=11225000]: ch=1, y=7, x=4, val=47
CONV1 [t=11225000]: ch=2, y=7, x=4, val=0
CONV1 [t=11225000]: ch=3, y=7, x=4, val=15
CONV1 [t=11225000]: ch=4, y=7, x=4, val=31
CONV1 [t=11225000]: ch=5, y=7, x=4, val=47
CONV1_PRE_RELU [t=11225000]: ch=0, y=7, x=4, val=15
CONV1_PRE_RELU [t=11225000]: ch=1, y=7, x=4, val=-1
CONV1_PRE_RELU [t=11225000]: ch=2, y=7, x=4, val=15
CONV1_PRE_RELU [t=11225000]: ch=3, y=7, x=4, val=15
CONV1_PRE_RELU [t=11225000]: ch=4, y=7, x=4, val=-1
CONV1_PRE_RELU [t=11225000]: ch=5, y=7, x=4, val=-1
CONV1 [t=11235000]: ch=0, y=7, x=5, val=15
CONV1 [t=11235000]: ch=1, y=7, x=5, val=15
CONV1 [t=11235000]: ch=2, y=7, x=5, val=15
CONV1 [t=11235000]: ch=3, y=7, x=5, val=15
CONV1 [t=11235000]: ch=4, y=7, x=5, val=15
CONV1 [t=11235000]: ch=5, y=7, x=5, val=15
CONV1_PRE_RELU [t=11235000]: ch=0, y=7, x=5, val=-1
CONV1_PRE_RELU [t=11235000]: ch=1, y=7, x=5, val=-1
CONV1_PRE_RELU [t=11235000]: ch=2, y=7, x=5, val=-1
CONV1_PRE_RELU [t=11235000]: ch=3, y=7, x=5, val=-1
CONV1_PRE_RELU [t=11235000]: ch=4, y=7, x=5, val=-1
CONV1_PRE_RELU [t=11235000]: ch=5, y=7, x=5, val=-1
POOL1 [t=11235000]: ch=0, y=3, x=1, val=31
POOL1 [t=11235000]: ch=1, y=3, x=1, val=31
POOL1 [t=11235000]: ch=2, y=3, x=1, val=15
POOL1 [t=11235000]: ch=3, y=3, x=1, val=31
POOL1 [t=11235000]: ch=4, y=3, x=1, val=15
POOL1 [t=11235000]: ch=5, y=3, x=1, val=15
CONV1 [t=11245000]: ch=0, y=7, x=6, val=15
CONV1 [t=11245000]: ch=1, y=7, x=6, val=0
CONV1 [t=11245000]: ch=2, y=7, x=6, val=15
CONV1 [t=11245000]: ch=3, y=7, x=6, val=15
CONV1 [t=11245000]: ch=4, y=7, x=6, val=0
CONV1 [t=11245000]: ch=5, y=7, x=6, val=0
CONV1_PRE_RELU [t=11245000]: ch=0, y=7, x=6, val=-1
CONV1_PRE_RELU [t=11245000]: ch=1, y=7, x=6, val=-1
CONV1_PRE_RELU [t=11245000]: ch=2, y=7, x=6, val=-1
CONV1_PRE_RELU [t=11245000]: ch=3, y=7, x=6, val=-1
CONV1_PRE_RELU [t=11245000]: ch=4, y=7, x=6, val=-1
CONV1_PRE_RELU [t=11245000]: ch=5, y=7, x=6, val=-1
CONV1 [t=11255000]: ch=0, y=7, x=7, val=0
CONV1 [t=11255000]: ch=1, y=7, x=7, val=0
CONV1 [t=11255000]: ch=2, y=7, x=7, val=0
CONV1 [t=11255000]: ch=3, y=7, x=7, val=0
CONV1 [t=11255000]: ch=4, y=7, x=7, val=0
CONV1 [t=11255000]: ch=5, y=7, x=7, val=0
CONV1_PRE_RELU [t=11255000]: ch=0, y=7, x=7, val=-1
CONV1_PRE_RELU [t=11255000]: ch=1, y=7, x=7, val=-1
CONV1_PRE_RELU [t=11255000]: ch=2, y=7, x=7, val=-1
CONV1_PRE_RELU [t=11255000]: ch=3, y=7, x=7, val=-1
CONV1_PRE_RELU [t=11255000]: ch=4, y=7, x=7, val=-1
CONV1_PRE_RELU [t=11255000]: ch=5, y=7, x=7, val=-1
POOL1 [t=11255000]: ch=0, y=3, x=2, val=31
POOL1 [t=11255000]: ch=1, y=3, x=2, val=47
POOL1 [t=11255000]: ch=2, y=3, x=2, val=31
POOL1 [t=11255000]: ch=3, y=3, x=2, val=31
POOL1 [t=11255000]: ch=4, y=3, x=2, val=31
POOL1 [t=11255000]: ch=5, y=3, x=2, val=47
CONV1 [t=11265000]: ch=0, y=7, x=8, val=0
CONV1 [t=11265000]: ch=1, y=7, x=8, val=0
CONV1 [t=11265000]: ch=2, y=7, x=8, val=0
CONV1 [t=11265000]: ch=3, y=7, x=8, val=0
CONV1 [t=11265000]: ch=4, y=7, x=8, val=0
CONV1 [t=11265000]: ch=5, y=7, x=8, val=0
CONV1_PRE_RELU [t=11265000]: ch=0, y=7, x=8, val=-1
CONV1_PRE_RELU [t=11265000]: ch=1, y=7, x=8, val=-1
CONV1_PRE_RELU [t=11265000]: ch=2, y=7, x=8, val=-1
CONV1_PRE_RELU [t=11265000]: ch=3, y=7, x=8, val=-1
CONV1_PRE_RELU [t=11265000]: ch=4, y=7, x=8, val=-1
CONV1_PRE_RELU [t=11265000]: ch=5, y=7, x=8, val=-1
CONV1 [t=11275000]: ch=0, y=7, x=9, val=0
CONV1 [t=11275000]: ch=1, y=7, x=9, val=0
CONV1 [t=11275000]: ch=2, y=7, x=9, val=0
CONV1 [t=11275000]: ch=3, y=7, x=9, val=0
CONV1 [t=11275000]: ch=4, y=7, x=9, val=0
CONV1 [t=11275000]: ch=5, y=7, x=9, val=0
CONV1_PRE_RELU [t=11275000]: ch=0, y=7, x=9, val=-1
CONV1_PRE_RELU [t=11275000]: ch=1, y=7, x=9, val=-1
CONV1_PRE_RELU [t=11275000]: ch=2, y=7, x=9, val=-1
CONV1_PRE_RELU [t=11275000]: ch=3, y=7, x=9, val=-1
CONV1_PRE_RELU [t=11275000]: ch=4, y=7, x=9, val=-1
CONV1_PRE_RELU [t=11275000]: ch=5, y=7, x=9, val=-1
POOL1 [t=11275000]: ch=0, y=3, x=3, val=31
POOL1 [t=11275000]: ch=1, y=3, x=3, val=15
POOL1 [t=11275000]: ch=2, y=3, x=3, val=31
POOL1 [t=11275000]: ch=3, y=3, x=3, val=31
POOL1 [t=11275000]: ch=4, y=3, x=3, val=15
POOL1 [t=11275000]: ch=5, y=3, x=3, val=15
CONV1 [t=11285000]: ch=0, y=7, x=10, val=0
CONV1 [t=11285000]: ch=1, y=7, x=10, val=0
CONV1 [t=11285000]: ch=2, y=7, x=10, val=0
CONV1 [t=11285000]: ch=3, y=7, x=10, val=0
CONV1 [t=11285000]: ch=4, y=7, x=10, val=0
CONV1 [t=11285000]: ch=5, y=7, x=10, val=0
CONV1_PRE_RELU [t=11285000]: ch=0, y=7, x=10, val=15
CONV1_PRE_RELU [t=11285000]: ch=1, y=7, x=10, val=15
CONV1_PRE_RELU [t=11285000]: ch=2, y=7, x=10, val=-1
CONV1_PRE_RELU [t=11285000]: ch=3, y=7, x=10, val=-1
CONV1_PRE_RELU [t=11285000]: ch=4, y=7, x=10, val=-1
CONV1_PRE_RELU [t=11285000]: ch=5, y=7, x=10, val=-1
CONV1 [t=11295000]: ch=0, y=7, x=11, val=0
CONV1 [t=11295000]: ch=1, y=7, x=11, val=0
CONV1 [t=11295000]: ch=2, y=7, x=11, val=0
CONV1 [t=11295000]: ch=3, y=7, x=11, val=0
CONV1 [t=11295000]: ch=4, y=7, x=11, val=0
CONV1 [t=11295000]: ch=5, y=7, x=11, val=0
CONV1_PRE_RELU [t=11295000]: ch=0, y=7, x=11, val=15
CONV1_PRE_RELU [t=11295000]: ch=1, y=7, x=11, val=31
CONV1_PRE_RELU [t=11295000]: ch=2, y=7, x=11, val=-1
CONV1_PRE_RELU [t=11295000]: ch=3, y=7, x=11, val=15
CONV1_PRE_RELU [t=11295000]: ch=4, y=7, x=11, val=-1
CONV1_PRE_RELU [t=11295000]: ch=5, y=7, x=11, val=15
POOL1 [t=11295000]: ch=0, y=3, x=4, val=0
POOL1 [t=11295000]: ch=1, y=3, x=4, val=0
POOL1 [t=11295000]: ch=2, y=3, x=4, val=0
POOL1 [t=11295000]: ch=3, y=3, x=4, val=0
POOL1 [t=11295000]: ch=4, y=3, x=4, val=0
POOL1 [t=11295000]: ch=5, y=3, x=4, val=0
CONV1 [t=11305000]: ch=0, y=7, x=12, val=15
CONV1 [t=11305000]: ch=1, y=7, x=12, val=15
CONV1 [t=11305000]: ch=2, y=7, x=12, val=0
CONV1 [t=11305000]: ch=3, y=7, x=12, val=0
CONV1 [t=11305000]: ch=4, y=7, x=12, val=0
CONV1 [t=11305000]: ch=5, y=7, x=12, val=0
CONV1_PRE_RELU [t=11305000]: ch=0, y=7, x=12, val=15
CONV1_PRE_RELU [t=11305000]: ch=1, y=7, x=12, val=47
CONV1_PRE_RELU [t=11305000]: ch=2, y=7, x=12, val=-1
CONV1_PRE_RELU [t=11305000]: ch=3, y=7, x=12, val=15
CONV1_PRE_RELU [t=11305000]: ch=4, y=7, x=12, val=15
CONV1_PRE_RELU [t=11305000]: ch=5, y=7, x=12, val=31
CONV1 [t=11315000]: ch=0, y=7, x=13, val=15
CONV1 [t=11315000]: ch=1, y=7, x=13, val=31
CONV1 [t=11315000]: ch=2, y=7, x=13, val=0
CONV1 [t=11315000]: ch=3, y=7, x=13, val=15
CONV1 [t=11315000]: ch=4, y=7, x=13, val=0
CONV1 [t=11315000]: ch=5, y=7, x=13, val=15
CONV1_PRE_RELU [t=11315000]: ch=0, y=7, x=13, val=15
CONV1_PRE_RELU [t=11315000]: ch=1, y=7, x=13, val=31
CONV1_PRE_RELU [t=11315000]: ch=2, y=7, x=13, val=31
CONV1_PRE_RELU [t=11315000]: ch=3, y=7, x=13, val=47
CONV1_PRE_RELU [t=11315000]: ch=4, y=7, x=13, val=31
CONV1_PRE_RELU [t=11315000]: ch=5, y=7, x=13, val=47
POOL1 [t=11315000]: ch=0, y=3, x=5, val=0
POOL1 [t=11315000]: ch=1, y=3, x=5, val=0
POOL1 [t=11315000]: ch=2, y=3, x=5, val=0
POOL1 [t=11315000]: ch=3, y=3, x=5, val=0
POOL1 [t=11315000]: ch=4, y=3, x=5, val=0
POOL1 [t=11315000]: ch=5, y=3, x=5, val=0
CONV1 [t=11325000]: ch=0, y=7, x=14, val=15
CONV1 [t=11325000]: ch=1, y=7, x=14, val=47
CONV1 [t=11325000]: ch=2, y=7, x=14, val=0
CONV1 [t=11325000]: ch=3, y=7, x=14, val=15
CONV1 [t=11325000]: ch=4, y=7, x=14, val=15
CONV1 [t=11325000]: ch=5, y=7, x=14, val=31
CONV1_PRE_RELU [t=11325000]: ch=0, y=7, x=14, val=31
CONV1_PRE_RELU [t=11325000]: ch=1, y=7, x=14, val=15
CONV1_PRE_RELU [t=11325000]: ch=2, y=7, x=14, val=31
CONV1_PRE_RELU [t=11325000]: ch=3, y=7, x=14, val=15
CONV1_PRE_RELU [t=11325000]: ch=4, y=7, x=14, val=31
CONV1_PRE_RELU [t=11325000]: ch=5, y=7, x=14, val=15
CONV1 [t=11335000]: ch=0, y=7, x=15, val=15
CONV1 [t=11335000]: ch=1, y=7, x=15, val=31
CONV1 [t=11335000]: ch=2, y=7, x=15, val=31
CONV1 [t=11335000]: ch=3, y=7, x=15, val=47
CONV1 [t=11335000]: ch=4, y=7, x=15, val=31
CONV1 [t=11335000]: ch=5, y=7, x=15, val=47
CONV1_PRE_RELU [t=11335000]: ch=0, y=7, x=15, val=31
CONV1_PRE_RELU [t=11335000]: ch=1, y=7, x=15, val=-1
CONV1_PRE_RELU [t=11335000]: ch=2, y=7, x=15, val=31
CONV1_PRE_RELU [t=11335000]: ch=3, y=7, x=15, val=31
CONV1_PRE_RELU [t=11335000]: ch=4, y=7, x=15, val=-1
CONV1_PRE_RELU [t=11335000]: ch=5, y=7, x=15, val=-1
POOL1 [t=11335000]: ch=0, y=3, x=6, val=31
POOL1 [t=11335000]: ch=1, y=3, x=6, val=31
POOL1 [t=11335000]: ch=2, y=3, x=6, val=15
POOL1 [t=11335000]: ch=3, y=3, x=6, val=15
POOL1 [t=11335000]: ch=4, y=3, x=6, val=15
POOL1 [t=11335000]: ch=5, y=3, x=6, val=15
CONV1 [t=11345000]: ch=0, y=7, x=16, val=31
CONV1 [t=11345000]: ch=1, y=7, x=16, val=15
CONV1 [t=11345000]: ch=2, y=7, x=16, val=31
CONV1 [t=11345000]: ch=3, y=7, x=16, val=15
CONV1 [t=11345000]: ch=4, y=7, x=16, val=31
CONV1 [t=11345000]: ch=5, y=7, x=16, val=15
CONV1_PRE_RELU [t=11345000]: ch=0, y=7, x=16, val=-1
CONV1_PRE_RELU [t=11345000]: ch=1, y=7, x=16, val=15
CONV1_PRE_RELU [t=11345000]: ch=2, y=7, x=16, val=-1
CONV1_PRE_RELU [t=11345000]: ch=3, y=7, x=16, val=-1
CONV1_PRE_RELU [t=11345000]: ch=4, y=7, x=16, val=15
CONV1_PRE_RELU [t=11345000]: ch=5, y=7, x=16, val=15
CONV1 [t=11355000]: ch=0, y=7, x=17, val=31
CONV1 [t=11355000]: ch=1, y=7, x=17, val=0
CONV1 [t=11355000]: ch=2, y=7, x=17, val=31
CONV1 [t=11355000]: ch=3, y=7, x=17, val=31
CONV1 [t=11355000]: ch=4, y=7, x=17, val=0
CONV1 [t=11355000]: ch=5, y=7, x=17, val=0
CONV1_PRE_RELU [t=11355000]: ch=0, y=7, x=17, val=-1
CONV1_PRE_RELU [t=11355000]: ch=1, y=7, x=17, val=-1
CONV1_PRE_RELU [t=11355000]: ch=2, y=7, x=17, val=-1
CONV1_PRE_RELU [t=11355000]: ch=3, y=7, x=17, val=-1
CONV1_PRE_RELU [t=11355000]: ch=4, y=7, x=17, val=-1
CONV1_PRE_RELU [t=11355000]: ch=5, y=7, x=17, val=-1
POOL1 [t=11355000]: ch=0, y=3, x=7, val=31
POOL1 [t=11355000]: ch=1, y=3, x=7, val=47
POOL1 [t=11355000]: ch=2, y=3, x=7, val=31
POOL1 [t=11355000]: ch=3, y=3, x=7, val=47
POOL1 [t=11355000]: ch=4, y=3, x=7, val=47
POOL1 [t=11355000]: ch=5, y=3, x=7, val=63
CONV1 [t=11365000]: ch=0, y=7, x=18, val=0
CONV1 [t=11365000]: ch=1, y=7, x=18, val=15
CONV1 [t=11365000]: ch=2, y=7, x=18, val=0
CONV1 [t=11365000]: ch=3, y=7, x=18, val=0
CONV1 [t=11365000]: ch=4, y=7, x=18, val=15
CONV1 [t=11365000]: ch=5, y=7, x=18, val=15
CONV1_PRE_RELU [t=11365000]: ch=0, y=7, x=18, val=-1
CONV1_PRE_RELU [t=11365000]: ch=1, y=7, x=18, val=-1
CONV1_PRE_RELU [t=11365000]: ch=2, y=7, x=18, val=-1
CONV1_PRE_RELU [t=11365000]: ch=3, y=7, x=18, val=-1
CONV1_PRE_RELU [t=11365000]: ch=4, y=7, x=18, val=-1
CONV1_PRE_RELU [t=11365000]: ch=5, y=7, x=18, val=-1
CONV1 [t=11375000]: ch=0, y=7, x=19, val=0
CONV1 [t=11375000]: ch=1, y=7, x=19, val=0
CONV1 [t=11375000]: ch=2, y=7, x=19, val=0
CONV1 [t=11375000]: ch=3, y=7, x=19, val=0
CONV1 [t=11375000]: ch=4, y=7, x=19, val=0
CONV1 [t=11375000]: ch=5, y=7, x=19, val=0
CONV1_PRE_RELU [t=11375000]: ch=0, y=7, x=19, val=-1
CONV1_PRE_RELU [t=11375000]: ch=1, y=7, x=19, val=-1
CONV1_PRE_RELU [t=11375000]: ch=2, y=7, x=19, val=-1
CONV1_PRE_RELU [t=11375000]: ch=3, y=7, x=19, val=-1
CONV1_PRE_RELU [t=11375000]: ch=4, y=7, x=19, val=-1
CONV1_PRE_RELU [t=11375000]: ch=5, y=7, x=19, val=-1
POOL1 [t=11375000]: ch=0, y=3, x=8, val=31
POOL1 [t=11375000]: ch=1, y=3, x=8, val=15
POOL1 [t=11375000]: ch=2, y=3, x=8, val=31
POOL1 [t=11375000]: ch=3, y=3, x=8, val=31
POOL1 [t=11375000]: ch=4, y=3, x=8, val=31
POOL1 [t=11375000]: ch=5, y=3, x=8, val=15
CONV1 [t=11385000]: ch=0, y=7, x=20, val=0
CONV1 [t=11385000]: ch=1, y=7, x=20, val=0
CONV1 [t=11385000]: ch=2, y=7, x=20, val=0
CONV1 [t=11385000]: ch=3, y=7, x=20, val=0
CONV1 [t=11385000]: ch=4, y=7, x=20, val=0
CONV1 [t=11385000]: ch=5, y=7, x=20, val=0
CONV1_PRE_RELU [t=11385000]: ch=0, y=7, x=20, val=-1
CONV1_PRE_RELU [t=11385000]: ch=1, y=7, x=20, val=-1
CONV1_PRE_RELU [t=11385000]: ch=2, y=7, x=20, val=-1
CONV1_PRE_RELU [t=11385000]: ch=3, y=7, x=20, val=-1
CONV1_PRE_RELU [t=11385000]: ch=4, y=7, x=20, val=-1
CONV1_PRE_RELU [t=11385000]: ch=5, y=7, x=20, val=-1
CONV1 [t=11395000]: ch=0, y=7, x=21, val=0
CONV1 [t=11395000]: ch=1, y=7, x=21, val=0
CONV1 [t=11395000]: ch=2, y=7, x=21, val=0
CONV1 [t=11395000]: ch=3, y=7, x=21, val=0
CONV1 [t=11395000]: ch=4, y=7, x=21, val=0
CONV1 [t=11395000]: ch=5, y=7, x=21, val=0
CONV1_PRE_RELU [t=11395000]: ch=0, y=7, x=21, val=-1
CONV1_PRE_RELU [t=11395000]: ch=1, y=7, x=21, val=-1
CONV1_PRE_RELU [t=11395000]: ch=2, y=7, x=21, val=-1
CONV1_PRE_RELU [t=11395000]: ch=3, y=7, x=21, val=-1
CONV1_PRE_RELU [t=11395000]: ch=4, y=7, x=21, val=-1
CONV1_PRE_RELU [t=11395000]: ch=5, y=7, x=21, val=-1
POOL1 [t=11395000]: ch=0, y=3, x=9, val=0
POOL1 [t=11395000]: ch=1, y=3, x=9, val=15
POOL1 [t=11395000]: ch=2, y=3, x=9, val=0
POOL1 [t=11395000]: ch=3, y=3, x=9, val=0
POOL1 [t=11395000]: ch=4, y=3, x=9, val=15
POOL1 [t=11395000]: ch=5, y=3, x=9, val=15
CONV1 [t=11405000]: ch=0, y=7, x=22, val=0
CONV1 [t=11405000]: ch=1, y=7, x=22, val=0
CONV1 [t=11405000]: ch=2, y=7, x=22, val=0
CONV1 [t=11405000]: ch=3, y=7, x=22, val=0
CONV1 [t=11405000]: ch=4, y=7, x=22, val=0
CONV1 [t=11405000]: ch=5, y=7, x=22, val=0
CONV1_PRE_RELU [t=11405000]: ch=0, y=7, x=22, val=-1
CONV1_PRE_RELU [t=11405000]: ch=1, y=7, x=22, val=-1
CONV1_PRE_RELU [t=11405000]: ch=2, y=7, x=22, val=-1
CONV1_PRE_RELU [t=11405000]: ch=3, y=7, x=22, val=-1
CONV1_PRE_RELU [t=11405000]: ch=4, y=7, x=22, val=-1
CONV1_PRE_RELU [t=11405000]: ch=5, y=7, x=22, val=-1
CONV1 [t=11415000]: ch=0, y=7, x=23, val=0
CONV1 [t=11415000]: ch=1, y=7, x=23, val=0
CONV1 [t=11415000]: ch=2, y=7, x=23, val=0
CONV1 [t=11415000]: ch=3, y=7, x=23, val=0
CONV1 [t=11415000]: ch=4, y=7, x=23, val=0
CONV1 [t=11415000]: ch=5, y=7, x=23, val=0
CONV1_PRE_RELU [t=11415000]: ch=0, y=7, x=23, val=-1
CONV1_PRE_RELU [t=11415000]: ch=1, y=7, x=23, val=-1
CONV1_PRE_RELU [t=11415000]: ch=2, y=7, x=23, val=-1
CONV1_PRE_RELU [t=11415000]: ch=3, y=7, x=23, val=-1
CONV1_PRE_RELU [t=11415000]: ch=4, y=7, x=23, val=-1
CONV1_PRE_RELU [t=11415000]: ch=5, y=7, x=23, val=-1
POOL1 [t=11415000]: ch=0, y=3, x=10, val=0
POOL1 [t=11415000]: ch=1, y=3, x=10, val=0
POOL1 [t=11415000]: ch=2, y=3, x=10, val=0
POOL1 [t=11415000]: ch=3, y=3, x=10, val=0
POOL1 [t=11415000]: ch=4, y=3, x=10, val=0
POOL1 [t=11415000]: ch=5, y=3, x=10, val=0
CONV1 [t=11425000]: ch=0, y=8, x=0, val=0
CONV1 [t=11425000]: ch=1, y=8, x=0, val=0
CONV1 [t=11425000]: ch=2, y=8, x=0, val=0
CONV1 [t=11425000]: ch=3, y=8, x=0, val=0
CONV1 [t=11425000]: ch=4, y=8, x=0, val=0
CONV1 [t=11425000]: ch=5, y=8, x=0, val=0
CONV1_PRE_RELU [t=11425000]: ch=0, y=8, x=0, val=-1
CONV1_PRE_RELU [t=11425000]: ch=1, y=8, x=0, val=-1
CONV1_PRE_RELU [t=11425000]: ch=2, y=8, x=0, val=-1
CONV1_PRE_RELU [t=11425000]: ch=3, y=8, x=0, val=-1
CONV1_PRE_RELU [t=11425000]: ch=4, y=8, x=0, val=-1
CONV1_PRE_RELU [t=11425000]: ch=5, y=8, x=0, val=-1
POOL1 [t=11435000]: ch=0, y=3, x=11, val=0
POOL1 [t=11435000]: ch=1, y=3, x=11, val=0
POOL1 [t=11435000]: ch=2, y=3, x=11, val=0
POOL1 [t=11435000]: ch=3, y=3, x=11, val=0
POOL1 [t=11435000]: ch=4, y=3, x=11, val=0
POOL1 [t=11435000]: ch=5, y=3, x=11, val=0
CONV1 [t=11475000]: ch=0, y=8, x=1, val=15
CONV1 [t=11475000]: ch=1, y=8, x=1, val=15
CONV1 [t=11475000]: ch=2, y=8, x=1, val=15
CONV1 [t=11475000]: ch=3, y=8, x=1, val=15
CONV1 [t=11475000]: ch=4, y=8, x=1, val=0
CONV1 [t=11475000]: ch=5, y=8, x=1, val=15
CONV1_PRE_RELU [t=11475000]: ch=0, y=8, x=1, val=15
CONV1_PRE_RELU [t=11475000]: ch=1, y=8, x=1, val=47
CONV1_PRE_RELU [t=11475000]: ch=2, y=8, x=1, val=15
CONV1_PRE_RELU [t=11475000]: ch=3, y=8, x=1, val=31
CONV1_PRE_RELU [t=11475000]: ch=4, y=8, x=1, val=47
CONV1_PRE_RELU [t=11475000]: ch=5, y=8, x=1, val=47
CONV1 [t=11485000]: ch=0, y=8, x=2, val=31
CONV1 [t=11485000]: ch=1, y=8, x=2, val=47
CONV1 [t=11485000]: ch=2, y=8, x=2, val=0
CONV1 [t=11485000]: ch=3, y=8, x=2, val=15
CONV1 [t=11485000]: ch=4, y=8, x=2, val=15
CONV1 [t=11485000]: ch=5, y=8, x=2, val=15
CONV1_PRE_RELU [t=11485000]: ch=0, y=8, x=2, val=31
CONV1_PRE_RELU [t=11485000]: ch=1, y=8, x=2, val=15
CONV1_PRE_RELU [t=11485000]: ch=2, y=8, x=2, val=47
CONV1_PRE_RELU [t=11485000]: ch=3, y=8, x=2, val=31
CONV1_PRE_RELU [t=11485000]: ch=4, y=8, x=2, val=31
CONV1_PRE_RELU [t=11485000]: ch=5, y=8, x=2, val=31
CONV1 [t=11495000]: ch=0, y=8, x=3, val=15
CONV1 [t=11495000]: ch=1, y=8, x=3, val=47
CONV1 [t=11495000]: ch=2, y=8, x=3, val=15
CONV1 [t=11495000]: ch=3, y=8, x=3, val=31
CONV1 [t=11495000]: ch=4, y=8, x=3, val=47
CONV1 [t=11495000]: ch=5, y=8, x=3, val=47
CONV1_PRE_RELU [t=11495000]: ch=0, y=8, x=3, val=31
CONV1_PRE_RELU [t=11495000]: ch=1, y=8, x=3, val=-1
CONV1_PRE_RELU [t=11495000]: ch=2, y=8, x=3, val=31
CONV1_PRE_RELU [t=11495000]: ch=3, y=8, x=3, val=31
CONV1_PRE_RELU [t=11495000]: ch=4, y=8, x=3, val=-1
CONV1_PRE_RELU [t=11495000]: ch=5, y=8, x=3, val=-1
CONV1 [t=11505000]: ch=0, y=8, x=4, val=31
CONV1 [t=11505000]: ch=1, y=8, x=4, val=15
CONV1 [t=11505000]: ch=2, y=8, x=4, val=47
CONV1 [t=11505000]: ch=3, y=8, x=4, val=31
CONV1 [t=11505000]: ch=4, y=8, x=4, val=31
CONV1 [t=11505000]: ch=5, y=8, x=4, val=31
CONV1_PRE_RELU [t=11505000]: ch=0, y=8, x=4, val=-1
CONV1_PRE_RELU [t=11505000]: ch=1, y=8, x=4, val=15
CONV1_PRE_RELU [t=11505000]: ch=2, y=8, x=4, val=-1
CONV1_PRE_RELU [t=11505000]: ch=3, y=8, x=4, val=-1
CONV1_PRE_RELU [t=11505000]: ch=4, y=8, x=4, val=15
CONV1_PRE_RELU [t=11505000]: ch=5, y=8, x=4, val=15
CONV1 [t=11515000]: ch=0, y=8, x=5, val=31
CONV1 [t=11515000]: ch=1, y=8, x=5, val=0
CONV1 [t=11515000]: ch=2, y=8, x=5, val=31
CONV1 [t=11515000]: ch=3, y=8, x=5, val=31
CONV1 [t=11515000]: ch=4, y=8, x=5, val=0
CONV1 [t=11515000]: ch=5, y=8, x=5, val=0
CONV1_PRE_RELU [t=11515000]: ch=0, y=8, x=5, val=-1
CONV1_PRE_RELU [t=11515000]: ch=1, y=8, x=5, val=-1
CONV1_PRE_RELU [t=11515000]: ch=2, y=8, x=5, val=-1
CONV1_PRE_RELU [t=11515000]: ch=3, y=8, x=5, val=-1
CONV1_PRE_RELU [t=11515000]: ch=4, y=8, x=5, val=-1
CONV1_PRE_RELU [t=11515000]: ch=5, y=8, x=5, val=-1
CONV1 [t=11525000]: ch=0, y=8, x=6, val=0
CONV1 [t=11525000]: ch=1, y=8, x=6, val=15
CONV1 [t=11525000]: ch=2, y=8, x=6, val=0
CONV1 [t=11525000]: ch=3, y=8, x=6, val=0
CONV1 [t=11525000]: ch=4, y=8, x=6, val=15
CONV1 [t=11525000]: ch=5, y=8, x=6, val=15
CONV1_PRE_RELU [t=11525000]: ch=0, y=8, x=6, val=-1
CONV1_PRE_RELU [t=11525000]: ch=1, y=8, x=6, val=-1
CONV1_PRE_RELU [t=11525000]: ch=2, y=8, x=6, val=-1
CONV1_PRE_RELU [t=11525000]: ch=3, y=8, x=6, val=-1
CONV1_PRE_RELU [t=11525000]: ch=4, y=8, x=6, val=-1
CONV1_PRE_RELU [t=11525000]: ch=5, y=8, x=6, val=-1
CONV1 [t=11535000]: ch=0, y=8, x=7, val=0
CONV1 [t=11535000]: ch=1, y=8, x=7, val=0
CONV1 [t=11535000]: ch=2, y=8, x=7, val=0
CONV1 [t=11535000]: ch=3, y=8, x=7, val=0
CONV1 [t=11535000]: ch=4, y=8, x=7, val=0
CONV1 [t=11535000]: ch=5, y=8, x=7, val=0
CONV1_PRE_RELU [t=11535000]: ch=0, y=8, x=7, val=-1
CONV1_PRE_RELU [t=11535000]: ch=1, y=8, x=7, val=-1
CONV1_PRE_RELU [t=11535000]: ch=2, y=8, x=7, val=-1
CONV1_PRE_RELU [t=11535000]: ch=3, y=8, x=7, val=-1
CONV1_PRE_RELU [t=11535000]: ch=4, y=8, x=7, val=-1
CONV1_PRE_RELU [t=11535000]: ch=5, y=8, x=7, val=-1
CONV1 [t=11545000]: ch=0, y=8, x=8, val=0
CONV1 [t=11545000]: ch=1, y=8, x=8, val=0
CONV1 [t=11545000]: ch=2, y=8, x=8, val=0
CONV1 [t=11545000]: ch=3, y=8, x=8, val=0
CONV1 [t=11545000]: ch=4, y=8, x=8, val=0
CONV1 [t=11545000]: ch=5, y=8, x=8, val=0
CONV1_PRE_RELU [t=11545000]: ch=0, y=8, x=8, val=-1
CONV1_PRE_RELU [t=11545000]: ch=1, y=8, x=8, val=-1
CONV1_PRE_RELU [t=11545000]: ch=2, y=8, x=8, val=-1
CONV1_PRE_RELU [t=11545000]: ch=3, y=8, x=8, val=-1
CONV1_PRE_RELU [t=11545000]: ch=4, y=8, x=8, val=-1
CONV1_PRE_RELU [t=11545000]: ch=5, y=8, x=8, val=-1
CONV1 [t=11555000]: ch=0, y=8, x=9, val=0
CONV1 [t=11555000]: ch=1, y=8, x=9, val=0
CONV1 [t=11555000]: ch=2, y=8, x=9, val=0
CONV1 [t=11555000]: ch=3, y=8, x=9, val=0
CONV1 [t=11555000]: ch=4, y=8, x=9, val=0
CONV1 [t=11555000]: ch=5, y=8, x=9, val=0
CONV1_PRE_RELU [t=11555000]: ch=0, y=8, x=9, val=-1
CONV1_PRE_RELU [t=11555000]: ch=1, y=8, x=9, val=-1
CONV1_PRE_RELU [t=11555000]: ch=2, y=8, x=9, val=15
CONV1_PRE_RELU [t=11555000]: ch=3, y=8, x=9, val=15
CONV1_PRE_RELU [t=11555000]: ch=4, y=8, x=9, val=15
CONV1_PRE_RELU [t=11555000]: ch=5, y=8, x=9, val=15
CONV1 [t=11565000]: ch=0, y=8, x=10, val=0
CONV1 [t=11565000]: ch=1, y=8, x=10, val=0
CONV1 [t=11565000]: ch=2, y=8, x=10, val=0
CONV1 [t=11565000]: ch=3, y=8, x=10, val=0
CONV1 [t=11565000]: ch=4, y=8, x=10, val=0
CONV1 [t=11565000]: ch=5, y=8, x=10, val=0
CONV1_PRE_RELU [t=11565000]: ch=0, y=8, x=10, val=47
CONV1_PRE_RELU [t=11565000]: ch=1, y=8, x=10, val=31
CONV1_PRE_RELU [t=11565000]: ch=2, y=8, x=10, val=15
CONV1_PRE_RELU [t=11565000]: ch=3, y=8, x=10, val=-1
CONV1_PRE_RELU [t=11565000]: ch=4, y=8, x=10, val=31
CONV1_PRE_RELU [t=11565000]: ch=5, y=8, x=10, val=-1
CONV1 [t=11575000]: ch=0, y=8, x=11, val=0
CONV1 [t=11575000]: ch=1, y=8, x=11, val=0
CONV1 [t=11575000]: ch=2, y=8, x=11, val=15
CONV1 [t=11575000]: ch=3, y=8, x=11, val=15
CONV1 [t=11575000]: ch=4, y=8, x=11, val=15
CONV1 [t=11575000]: ch=5, y=8, x=11, val=15
CONV1_PRE_RELU [t=11575000]: ch=0, y=8, x=11, val=47
CONV1_PRE_RELU [t=11575000]: ch=1, y=8, x=11, val=47
CONV1_PRE_RELU [t=11575000]: ch=2, y=8, x=11, val=15
CONV1_PRE_RELU [t=11575000]: ch=3, y=8, x=11, val=31
CONV1_PRE_RELU [t=11575000]: ch=4, y=8, x=11, val=15
CONV1_PRE_RELU [t=11575000]: ch=5, y=8, x=11, val=15
CONV1 [t=11585000]: ch=0, y=8, x=12, val=47
CONV1 [t=11585000]: ch=1, y=8, x=12, val=31
CONV1 [t=11585000]: ch=2, y=8, x=12, val=15
CONV1 [t=11585000]: ch=3, y=8, x=12, val=0
CONV1 [t=11585000]: ch=4, y=8, x=12, val=31
CONV1 [t=11585000]: ch=5, y=8, x=12, val=0
CONV1_PRE_RELU [t=11585000]: ch=0, y=8, x=12, val=-1
CONV1_PRE_RELU [t=11585000]: ch=1, y=8, x=12, val=47
CONV1_PRE_RELU [t=11585000]: ch=2, y=8, x=12, val=31
CONV1_PRE_RELU [t=11585000]: ch=3, y=8, x=12, val=47
CONV1_PRE_RELU [t=11585000]: ch=4, y=8, x=12, val=47
CONV1_PRE_RELU [t=11585000]: ch=5, y=8, x=12, val=79
CONV1 [t=11595000]: ch=0, y=8, x=13, val=47
CONV1 [t=11595000]: ch=1, y=8, x=13, val=47
CONV1 [t=11595000]: ch=2, y=8, x=13, val=15
CONV1 [t=11595000]: ch=3, y=8, x=13, val=31
CONV1 [t=11595000]: ch=4, y=8, x=13, val=15
CONV1 [t=11595000]: ch=5, y=8, x=13, val=15
CONV1_PRE_RELU [t=11595000]: ch=0, y=8, x=13, val=31
CONV1_PRE_RELU [t=11595000]: ch=1, y=8, x=13, val=15
CONV1_PRE_RELU [t=11595000]: ch=2, y=8, x=13, val=31
CONV1_PRE_RELU [t=11595000]: ch=3, y=8, x=13, val=15
CONV1_PRE_RELU [t=11595000]: ch=4, y=8, x=13, val=31
CONV1_PRE_RELU [t=11595000]: ch=5, y=8, x=13, val=15
CONV1 [t=11605000]: ch=0, y=8, x=14, val=0
CONV1 [t=11605000]: ch=1, y=8, x=14, val=47
CONV1 [t=11605000]: ch=2, y=8, x=14, val=31
CONV1 [t=11605000]: ch=3, y=8, x=14, val=47
CONV1 [t=11605000]: ch=4, y=8, x=14, val=47
CONV1 [t=11605000]: ch=5, y=8, x=14, val=79
CONV1_PRE_RELU [t=11605000]: ch=0, y=8, x=14, val=31
CONV1_PRE_RELU [t=11605000]: ch=1, y=8, x=14, val=-1
CONV1_PRE_RELU [t=11605000]: ch=2, y=8, x=14, val=31
CONV1_PRE_RELU [t=11605000]: ch=3, y=8, x=14, val=31
CONV1_PRE_RELU [t=11605000]: ch=4, y=8, x=14, val=-1
CONV1_PRE_RELU [t=11605000]: ch=5, y=8, x=14, val=-1
CONV1 [t=11615000]: ch=0, y=8, x=15, val=31
CONV1 [t=11615000]: ch=1, y=8, x=15, val=15
CONV1 [t=11615000]: ch=2, y=8, x=15, val=31
CONV1 [t=11615000]: ch=3, y=8, x=15, val=15
CONV1 [t=11615000]: ch=4, y=8, x=15, val=31
CONV1 [t=11615000]: ch=5, y=8, x=15, val=15
CONV1_PRE_RELU [t=11615000]: ch=0, y=8, x=15, val=-1
CONV1_PRE_RELU [t=11615000]: ch=1, y=8, x=15, val=15
CONV1_PRE_RELU [t=11615000]: ch=2, y=8, x=15, val=-1
CONV1_PRE_RELU [t=11615000]: ch=3, y=8, x=15, val=-1
CONV1_PRE_RELU [t=11615000]: ch=4, y=8, x=15, val=15
CONV1_PRE_RELU [t=11615000]: ch=5, y=8, x=15, val=15
CONV1 [t=11625000]: ch=0, y=8, x=16, val=31
CONV1 [t=11625000]: ch=1, y=8, x=16, val=0
CONV1 [t=11625000]: ch=2, y=8, x=16, val=31
CONV1 [t=11625000]: ch=3, y=8, x=16, val=31
CONV1 [t=11625000]: ch=4, y=8, x=16, val=0
CONV1 [t=11625000]: ch=5, y=8, x=16, val=0
CONV1_PRE_RELU [t=11625000]: ch=0, y=8, x=16, val=-1
CONV1_PRE_RELU [t=11625000]: ch=1, y=8, x=16, val=-1
CONV1_PRE_RELU [t=11625000]: ch=2, y=8, x=16, val=-1
CONV1_PRE_RELU [t=11625000]: ch=3, y=8, x=16, val=-1
CONV1_PRE_RELU [t=11625000]: ch=4, y=8, x=16, val=-1
CONV1_PRE_RELU [t=11625000]: ch=5, y=8, x=16, val=-1
CONV1 [t=11635000]: ch=0, y=8, x=17, val=0
CONV1 [t=11635000]: ch=1, y=8, x=17, val=15
CONV1 [t=11635000]: ch=2, y=8, x=17, val=0
CONV1 [t=11635000]: ch=3, y=8, x=17, val=0
CONV1 [t=11635000]: ch=4, y=8, x=17, val=15
CONV1 [t=11635000]: ch=5, y=8, x=17, val=15
CONV1_PRE_RELU [t=11635000]: ch=0, y=8, x=17, val=-1
CONV1_PRE_RELU [t=11635000]: ch=1, y=8, x=17, val=-1
CONV1_PRE_RELU [t=11635000]: ch=2, y=8, x=17, val=-1
CONV1_PRE_RELU [t=11635000]: ch=3, y=8, x=17, val=-1
CONV1_PRE_RELU [t=11635000]: ch=4, y=8, x=17, val=-1
CONV1_PRE_RELU [t=11635000]: ch=5, y=8, x=17, val=-1
CONV1 [t=11645000]: ch=0, y=8, x=18, val=0
CONV1 [t=11645000]: ch=1, y=8, x=18, val=0
CONV1 [t=11645000]: ch=2, y=8, x=18, val=0
CONV1 [t=11645000]: ch=3, y=8, x=18, val=0
CONV1 [t=11645000]: ch=4, y=8, x=18, val=0
CONV1 [t=11645000]: ch=5, y=8, x=18, val=0
CONV1_PRE_RELU [t=11645000]: ch=0, y=8, x=18, val=-1
CONV1_PRE_RELU [t=11645000]: ch=1, y=8, x=18, val=-1
CONV1_PRE_RELU [t=11645000]: ch=2, y=8, x=18, val=-1
CONV1_PRE_RELU [t=11645000]: ch=3, y=8, x=18, val=-1
CONV1_PRE_RELU [t=11645000]: ch=4, y=8, x=18, val=-1
CONV1_PRE_RELU [t=11645000]: ch=5, y=8, x=18, val=-1
CONV1 [t=11655000]: ch=0, y=8, x=19, val=0
CONV1 [t=11655000]: ch=1, y=8, x=19, val=0
CONV1 [t=11655000]: ch=2, y=8, x=19, val=0
CONV1 [t=11655000]: ch=3, y=8, x=19, val=0
CONV1 [t=11655000]: ch=4, y=8, x=19, val=0
CONV1 [t=11655000]: ch=5, y=8, x=19, val=0
CONV1_PRE_RELU [t=11655000]: ch=0, y=8, x=19, val=-1
CONV1_PRE_RELU [t=11655000]: ch=1, y=8, x=19, val=-1
CONV1_PRE_RELU [t=11655000]: ch=2, y=8, x=19, val=-1
CONV1_PRE_RELU [t=11655000]: ch=3, y=8, x=19, val=-1
CONV1_PRE_RELU [t=11655000]: ch=4, y=8, x=19, val=-1
CONV1_PRE_RELU [t=11655000]: ch=5, y=8, x=19, val=-1
CONV1 [t=11665000]: ch=0, y=8, x=20, val=0
CONV1 [t=11665000]: ch=1, y=8, x=20, val=0
CONV1 [t=11665000]: ch=2, y=8, x=20, val=0
CONV1 [t=11665000]: ch=3, y=8, x=20, val=0
CONV1 [t=11665000]: ch=4, y=8, x=20, val=0
CONV1 [t=11665000]: ch=5, y=8, x=20, val=0
CONV1_PRE_RELU [t=11665000]: ch=0, y=8, x=20, val=-1
CONV1_PRE_RELU [t=11665000]: ch=1, y=8, x=20, val=-1
CONV1_PRE_RELU [t=11665000]: ch=2, y=8, x=20, val=-1
CONV1_PRE_RELU [t=11665000]: ch=3, y=8, x=20, val=-1
CONV1_PRE_RELU [t=11665000]: ch=4, y=8, x=20, val=-1
CONV1_PRE_RELU [t=11665000]: ch=5, y=8, x=20, val=-1
CONV1 [t=11675000]: ch=0, y=8, x=21, val=0
CONV1 [t=11675000]: ch=1, y=8, x=21, val=0
CONV1 [t=11675000]: ch=2, y=8, x=21, val=0
CONV1 [t=11675000]: ch=3, y=8, x=21, val=0
CONV1 [t=11675000]: ch=4, y=8, x=21, val=0
CONV1 [t=11675000]: ch=5, y=8, x=21, val=0
CONV1_PRE_RELU [t=11675000]: ch=0, y=8, x=21, val=-1
CONV1_PRE_RELU [t=11675000]: ch=1, y=8, x=21, val=-1
CONV1_PRE_RELU [t=11675000]: ch=2, y=8, x=21, val=-1
CONV1_PRE_RELU [t=11675000]: ch=3, y=8, x=21, val=-1
CONV1_PRE_RELU [t=11675000]: ch=4, y=8, x=21, val=-1
CONV1_PRE_RELU [t=11675000]: ch=5, y=8, x=21, val=-1
CONV1 [t=11685000]: ch=0, y=8, x=22, val=0
CONV1 [t=11685000]: ch=1, y=8, x=22, val=0
CONV1 [t=11685000]: ch=2, y=8, x=22, val=0
CONV1 [t=11685000]: ch=3, y=8, x=22, val=0
CONV1 [t=11685000]: ch=4, y=8, x=22, val=0
CONV1 [t=11685000]: ch=5, y=8, x=22, val=0
CONV1_PRE_RELU [t=11685000]: ch=0, y=8, x=22, val=-1
CONV1_PRE_RELU [t=11685000]: ch=1, y=8, x=22, val=-1
CONV1_PRE_RELU [t=11685000]: ch=2, y=8, x=22, val=-1
CONV1_PRE_RELU [t=11685000]: ch=3, y=8, x=22, val=-1
CONV1_PRE_RELU [t=11685000]: ch=4, y=8, x=22, val=-1
CONV1_PRE_RELU [t=11685000]: ch=5, y=8, x=22, val=-1
CONV1 [t=11695000]: ch=0, y=8, x=23, val=0
CONV1 [t=11695000]: ch=1, y=8, x=23, val=0
CONV1 [t=11695000]: ch=2, y=8, x=23, val=0
CONV1 [t=11695000]: ch=3, y=8, x=23, val=0
CONV1 [t=11695000]: ch=4, y=8, x=23, val=0
CONV1 [t=11695000]: ch=5, y=8, x=23, val=0
CONV1_PRE_RELU [t=11695000]: ch=0, y=8, x=23, val=-1
CONV1_PRE_RELU [t=11695000]: ch=1, y=8, x=23, val=-1
CONV1_PRE_RELU [t=11695000]: ch=2, y=8, x=23, val=-1
CONV1_PRE_RELU [t=11695000]: ch=3, y=8, x=23, val=-1
CONV1_PRE_RELU [t=11695000]: ch=4, y=8, x=23, val=-1
CONV1_PRE_RELU [t=11695000]: ch=5, y=8, x=23, val=-1
CONV1 [t=11705000]: ch=0, y=9, x=0, val=0
CONV1 [t=11705000]: ch=1, y=9, x=0, val=0
CONV1 [t=11705000]: ch=2, y=9, x=0, val=0
CONV1 [t=11705000]: ch=3, y=9, x=0, val=0
CONV1 [t=11705000]: ch=4, y=9, x=0, val=0
CONV1 [t=11705000]: ch=5, y=9, x=0, val=0
CONV1_PRE_RELU [t=11705000]: ch=0, y=9, x=0, val=-1
CONV1_PRE_RELU [t=11705000]: ch=1, y=9, x=0, val=-1
CONV1_PRE_RELU [t=11705000]: ch=2, y=9, x=0, val=-1
CONV1_PRE_RELU [t=11705000]: ch=3, y=9, x=0, val=-1
CONV1_PRE_RELU [t=11705000]: ch=4, y=9, x=0, val=-1
CONV1_PRE_RELU [t=11705000]: ch=5, y=9, x=0, val=-1
CONV1 [t=11755000]: ch=0, y=9, x=1, val=31
CONV1 [t=11755000]: ch=1, y=9, x=1, val=15
CONV1 [t=11755000]: ch=2, y=9, x=1, val=31
CONV1 [t=11755000]: ch=3, y=9, x=1, val=15
CONV1 [t=11755000]: ch=4, y=9, x=1, val=15
CONV1 [t=11755000]: ch=5, y=9, x=1, val=15
CONV1_PRE_RELU [t=11755000]: ch=0, y=9, x=1, val=15
CONV1_PRE_RELU [t=11755000]: ch=1, y=9, x=1, val=63
CONV1_PRE_RELU [t=11755000]: ch=2, y=9, x=1, val=-1
CONV1_PRE_RELU [t=11755000]: ch=3, y=9, x=1, val=15
CONV1_PRE_RELU [t=11755000]: ch=4, y=9, x=1, val=47
CONV1_PRE_RELU [t=11755000]: ch=5, y=9, x=1, val=47
CONV1 [t=11765000]: ch=0, y=9, x=2, val=47
CONV1 [t=11765000]: ch=1, y=9, x=2, val=47
CONV1 [t=11765000]: ch=2, y=9, x=2, val=15
CONV1 [t=11765000]: ch=3, y=9, x=2, val=31
CONV1 [t=11765000]: ch=4, y=9, x=2, val=15
CONV1 [t=11765000]: ch=5, y=9, x=2, val=15
CONV1_PRE_RELU [t=11765000]: ch=0, y=9, x=2, val=15
CONV1_PRE_RELU [t=11765000]: ch=1, y=9, x=2, val=15
CONV1_PRE_RELU [t=11765000]: ch=2, y=9, x=2, val=31
CONV1_PRE_RELU [t=11765000]: ch=3, y=9, x=2, val=31
CONV1_PRE_RELU [t=11765000]: ch=4, y=9, x=2, val=15
CONV1_PRE_RELU [t=11765000]: ch=5, y=9, x=2, val=31
CONV1 [t=11775000]: ch=0, y=9, x=3, val=15
CONV1 [t=11775000]: ch=1, y=9, x=3, val=63
CONV1 [t=11775000]: ch=2, y=9, x=3, val=0
CONV1 [t=11775000]: ch=3, y=9, x=3, val=15
CONV1 [t=11775000]: ch=4, y=9, x=3, val=47
CONV1 [t=11775000]: ch=5, y=9, x=3, val=47
CONV1_PRE_RELU [t=11775000]: ch=0, y=9, x=3, val=15
CONV1_PRE_RELU [t=11775000]: ch=1, y=9, x=3, val=-1
CONV1_PRE_RELU [t=11775000]: ch=2, y=9, x=3, val=15
CONV1_PRE_RELU [t=11775000]: ch=3, y=9, x=3, val=15
CONV1_PRE_RELU [t=11775000]: ch=4, y=9, x=3, val=-1
CONV1_PRE_RELU [t=11775000]: ch=5, y=9, x=3, val=-1
POOL1 [t=11775000]: ch=0, y=4, x=0, val=31
POOL1 [t=11775000]: ch=1, y=4, x=0, val=15
POOL1 [t=11775000]: ch=2, y=4, x=0, val=31
POOL1 [t=11775000]: ch=3, y=4, x=0, val=15
POOL1 [t=11775000]: ch=4, y=4, x=0, val=15
POOL1 [t=11775000]: ch=5, y=4, x=0, val=15
CONV1 [t=11785000]: ch=0, y=9, x=4, val=15
CONV1 [t=11785000]: ch=1, y=9, x=4, val=15
CONV1 [t=11785000]: ch=2, y=9, x=4, val=31
CONV1 [t=11785000]: ch=3, y=9, x=4, val=31
CONV1 [t=11785000]: ch=4, y=9, x=4, val=15
CONV1 [t=11785000]: ch=5, y=9, x=4, val=31
CONV1_PRE_RELU [t=11785000]: ch=0, y=9, x=4, val=-1
CONV1_PRE_RELU [t=11785000]: ch=1, y=9, x=4, val=-1
CONV1_PRE_RELU [t=11785000]: ch=2, y=9, x=4, val=-1
CONV1_PRE_RELU [t=11785000]: ch=3, y=9, x=4, val=-1
CONV1_PRE_RELU [t=11785000]: ch=4, y=9, x=4, val=-1
CONV1_PRE_RELU [t=11785000]: ch=5, y=9, x=4, val=-1
CONV1 [t=11795000]: ch=0, y=9, x=5, val=15
CONV1 [t=11795000]: ch=1, y=9, x=5, val=0
CONV1 [t=11795000]: ch=2, y=9, x=5, val=15
CONV1 [t=11795000]: ch=3, y=9, x=5, val=15
CONV1 [t=11795000]: ch=4, y=9, x=5, val=0
CONV1 [t=11795000]: ch=5, y=9, x=5, val=0
CONV1_PRE_RELU [t=11795000]: ch=0, y=9, x=5, val=-1
CONV1_PRE_RELU [t=11795000]: ch=1, y=9, x=5, val=-1
CONV1_PRE_RELU [t=11795000]: ch=2, y=9, x=5, val=-1
CONV1_PRE_RELU [t=11795000]: ch=3, y=9, x=5, val=-1
CONV1_PRE_RELU [t=11795000]: ch=4, y=9, x=5, val=-1
CONV1_PRE_RELU [t=11795000]: ch=5, y=9, x=5, val=-1
POOL1 [t=11795000]: ch=0, y=4, x=1, val=47
POOL1 [t=11795000]: ch=1, y=4, x=1, val=63
POOL1 [t=11795000]: ch=2, y=4, x=1, val=15
POOL1 [t=11795000]: ch=3, y=4, x=1, val=31
POOL1 [t=11795000]: ch=4, y=4, x=1, val=47
POOL1 [t=11795000]: ch=5, y=4, x=1, val=47
CONV1 [t=11805000]: ch=0, y=9, x=6, val=0
CONV1 [t=11805000]: ch=1, y=9, x=6, val=0
CONV1 [t=11805000]: ch=2, y=9, x=6, val=0
CONV1 [t=11805000]: ch=3, y=9, x=6, val=0
CONV1 [t=11805000]: ch=4, y=9, x=6, val=0
CONV1 [t=11805000]: ch=5, y=9, x=6, val=0
CONV1_PRE_RELU [t=11805000]: ch=0, y=9, x=6, val=-1
CONV1_PRE_RELU [t=11805000]: ch=1, y=9, x=6, val=-1
CONV1_PRE_RELU [t=11805000]: ch=2, y=9, x=6, val=-1
CONV1_PRE_RELU [t=11805000]: ch=3, y=9, x=6, val=-1
CONV1_PRE_RELU [t=11805000]: ch=4, y=9, x=6, val=-1
CONV1_PRE_RELU [t=11805000]: ch=5, y=9, x=6, val=-1
CONV1 [t=11815000]: ch=0, y=9, x=7, val=0
CONV1 [t=11815000]: ch=1, y=9, x=7, val=0
CONV1 [t=11815000]: ch=2, y=9, x=7, val=0
CONV1 [t=11815000]: ch=3, y=9, x=7, val=0
CONV1 [t=11815000]: ch=4, y=9, x=7, val=0
CONV1 [t=11815000]: ch=5, y=9, x=7, val=0
CONV1_PRE_RELU [t=11815000]: ch=0, y=9, x=7, val=-1
CONV1_PRE_RELU [t=11815000]: ch=1, y=9, x=7, val=-1
CONV1_PRE_RELU [t=11815000]: ch=2, y=9, x=7, val=-1
CONV1_PRE_RELU [t=11815000]: ch=3, y=9, x=7, val=-1
CONV1_PRE_RELU [t=11815000]: ch=4, y=9, x=7, val=-1
CONV1_PRE_RELU [t=11815000]: ch=5, y=9, x=7, val=-1
POOL1 [t=11815000]: ch=0, y=4, x=2, val=31
POOL1 [t=11815000]: ch=1, y=4, x=2, val=15
POOL1 [t=11815000]: ch=2, y=4, x=2, val=47
POOL1 [t=11815000]: ch=3, y=4, x=2, val=31
POOL1 [t=11815000]: ch=4, y=4, x=2, val=31
POOL1 [t=11815000]: ch=5, y=4, x=2, val=31
CONV1 [t=11825000]: ch=0, y=9, x=8, val=0
CONV1 [t=11825000]: ch=1, y=9, x=8, val=0
CONV1 [t=11825000]: ch=2, y=9, x=8, val=0
CONV1 [t=11825000]: ch=3, y=9, x=8, val=0
CONV1 [t=11825000]: ch=4, y=9, x=8, val=0
CONV1 [t=11825000]: ch=5, y=9, x=8, val=0
CONV1_PRE_RELU [t=11825000]: ch=0, y=9, x=8, val=-1
CONV1_PRE_RELU [t=11825000]: ch=1, y=9, x=8, val=-1
CONV1_PRE_RELU [t=11825000]: ch=2, y=9, x=8, val=-1
CONV1_PRE_RELU [t=11825000]: ch=3, y=9, x=8, val=-1
CONV1_PRE_RELU [t=11825000]: ch=4, y=9, x=8, val=-1
CONV1_PRE_RELU [t=11825000]: ch=5, y=9, x=8, val=-1
CONV1 [t=11835000]: ch=0, y=9, x=9, val=0
CONV1 [t=11835000]: ch=1, y=9, x=9, val=0
CONV1 [t=11835000]: ch=2, y=9, x=9, val=0
CONV1 [t=11835000]: ch=3, y=9, x=9, val=0
CONV1 [t=11835000]: ch=4, y=9, x=9, val=0
CONV1 [t=11835000]: ch=5, y=9, x=9, val=0
CONV1_PRE_RELU [t=11835000]: ch=0, y=9, x=9, val=15
CONV1_PRE_RELU [t=11835000]: ch=1, y=9, x=9, val=15
CONV1_PRE_RELU [t=11835000]: ch=2, y=9, x=9, val=-1
CONV1_PRE_RELU [t=11835000]: ch=3, y=9, x=9, val=-1
CONV1_PRE_RELU [t=11835000]: ch=4, y=9, x=9, val=-1
CONV1_PRE_RELU [t=11835000]: ch=5, y=9, x=9, val=-1
POOL1 [t=11835000]: ch=0, y=4, x=3, val=0
POOL1 [t=11835000]: ch=1, y=4, x=3, val=15
POOL1 [t=11835000]: ch=2, y=4, x=3, val=0
POOL1 [t=11835000]: ch=3, y=4, x=3, val=0
POOL1 [t=11835000]: ch=4, y=4, x=3, val=15
POOL1 [t=11835000]: ch=5, y=4, x=3, val=15
CONV1 [t=11845000]: ch=0, y=9, x=10, val=0
CONV1 [t=11845000]: ch=1, y=9, x=10, val=0
CONV1 [t=11845000]: ch=2, y=9, x=10, val=0
CONV1 [t=11845000]: ch=3, y=9, x=10, val=0
CONV1 [t=11845000]: ch=4, y=9, x=10, val=0
CONV1 [t=11845000]: ch=5, y=9, x=10, val=0
CONV1_PRE_RELU [t=11845000]: ch=0, y=9, x=10, val=31
CONV1_PRE_RELU [t=11845000]: ch=1, y=9, x=10, val=47
CONV1_PRE_RELU [t=11845000]: ch=2, y=9, x=10, val=-1
CONV1_PRE_RELU [t=11845000]: ch=3, y=9, x=10, val=15
CONV1_PRE_RELU [t=11845000]: ch=4, y=9, x=10, val=15
CONV1_PRE_RELU [t=11845000]: ch=5, y=9, x=10, val=15
CONV1 [t=11855000]: ch=0, y=9, x=11, val=15
CONV1 [t=11855000]: ch=1, y=9, x=11, val=15
CONV1 [t=11855000]: ch=2, y=9, x=11, val=0
CONV1 [t=11855000]: ch=3, y=9, x=11, val=0
CONV1 [t=11855000]: ch=4, y=9, x=11, val=0
CONV1 [t=11855000]: ch=5, y=9, x=11, val=0
CONV1_PRE_RELU [t=11855000]: ch=0, y=9, x=11, val=31
CONV1_PRE_RELU [t=11855000]: ch=1, y=9, x=11, val=63
CONV1_PRE_RELU [t=11855000]: ch=2, y=9, x=11, val=-1
CONV1_PRE_RELU [t=11855000]: ch=3, y=9, x=11, val=15
CONV1_PRE_RELU [t=11855000]: ch=4, y=9, x=11, val=31
CONV1_PRE_RELU [t=11855000]: ch=5, y=9, x=11, val=31
POOL1 [t=11855000]: ch=0, y=4, x=4, val=0
POOL1 [t=11855000]: ch=1, y=4, x=4, val=0
POOL1 [t=11855000]: ch=2, y=4, x=4, val=0
POOL1 [t=11855000]: ch=3, y=4, x=4, val=0
POOL1 [t=11855000]: ch=4, y=4, x=4, val=0
POOL1 [t=11855000]: ch=5, y=4, x=4, val=0
CONV1 [t=11865000]: ch=0, y=9, x=12, val=31
CONV1 [t=11865000]: ch=1, y=9, x=12, val=47
CONV1 [t=11865000]: ch=2, y=9, x=12, val=0
CONV1 [t=11865000]: ch=3, y=9, x=12, val=15
CONV1 [t=11865000]: ch=4, y=9, x=12, val=15
CONV1 [t=11865000]: ch=5, y=9, x=12, val=15
CONV1_PRE_RELU [t=11865000]: ch=0, y=9, x=12, val=15
CONV1_PRE_RELU [t=11865000]: ch=1, y=9, x=12, val=31
CONV1_PRE_RELU [t=11865000]: ch=2, y=9, x=12, val=31
CONV1_PRE_RELU [t=11865000]: ch=3, y=9, x=12, val=47
CONV1_PRE_RELU [t=11865000]: ch=4, y=9, x=12, val=15
CONV1_PRE_RELU [t=11865000]: ch=5, y=9, x=12, val=47
CONV1 [t=11875000]: ch=0, y=9, x=13, val=31
CONV1 [t=11875000]: ch=1, y=9, x=13, val=63
CONV1 [t=11875000]: ch=2, y=9, x=13, val=0
CONV1 [t=11875000]: ch=3, y=9, x=13, val=15
CONV1 [t=11875000]: ch=4, y=9, x=13, val=31
CONV1 [t=11875000]: ch=5, y=9, x=13, val=31
CONV1_PRE_RELU [t=11875000]: ch=0, y=9, x=13, val=15
CONV1_PRE_RELU [t=11875000]: ch=1, y=9, x=13, val=15
CONV1_PRE_RELU [t=11875000]: ch=2, y=9, x=13, val=15
CONV1_PRE_RELU [t=11875000]: ch=3, y=9, x=13, val=15
CONV1_PRE_RELU [t=11875000]: ch=4, y=9, x=13, val=15
CONV1_PRE_RELU [t=11875000]: ch=5, y=9, x=13, val=15
POOL1 [t=11875000]: ch=0, y=4, x=5, val=15
POOL1 [t=11875000]: ch=1, y=4, x=5, val=15
POOL1 [t=11875000]: ch=2, y=4, x=5, val=15
POOL1 [t=11875000]: ch=3, y=4, x=5, val=15
POOL1 [t=11875000]: ch=4, y=4, x=5, val=15
POOL1 [t=11875000]: ch=5, y=4, x=5, val=15
CONV1 [t=11885000]: ch=0, y=9, x=14, val=15
CONV1 [t=11885000]: ch=1, y=9, x=14, val=31
CONV1 [t=11885000]: ch=2, y=9, x=14, val=31
CONV1 [t=11885000]: ch=3, y=9, x=14, val=47
CONV1 [t=11885000]: ch=4, y=9, x=14, val=15
CONV1 [t=11885000]: ch=5, y=9, x=14, val=47
CONV1_PRE_RELU [t=11885000]: ch=0, y=9, x=14, val=15
CONV1_PRE_RELU [t=11885000]: ch=1, y=9, x=14, val=-1
CONV1_PRE_RELU [t=11885000]: ch=2, y=9, x=14, val=15
CONV1_PRE_RELU [t=11885000]: ch=3, y=9, x=14, val=15
CONV1_PRE_RELU [t=11885000]: ch=4, y=9, x=14, val=-1
CONV1_PRE_RELU [t=11885000]: ch=5, y=9, x=14, val=-1
CONV1 [t=11895000]: ch=0, y=9, x=15, val=15
CONV1 [t=11895000]: ch=1, y=9, x=15, val=15
CONV1 [t=11895000]: ch=2, y=9, x=15, val=15
CONV1 [t=11895000]: ch=3, y=9, x=15, val=15
CONV1 [t=11895000]: ch=4, y=9, x=15, val=15
CONV1 [t=11895000]: ch=5, y=9, x=15, val=15
CONV1_PRE_RELU [t=11895000]: ch=0, y=9, x=15, val=-1
CONV1_PRE_RELU [t=11895000]: ch=1, y=9, x=15, val=-1
CONV1_PRE_RELU [t=11895000]: ch=2, y=9, x=15, val=-1
CONV1_PRE_RELU [t=11895000]: ch=3, y=9, x=15, val=-1
CONV1_PRE_RELU [t=11895000]: ch=4, y=9, x=15, val=-1
CONV1_PRE_RELU [t=11895000]: ch=5, y=9, x=15, val=-1
POOL1 [t=11895000]: ch=0, y=4, x=6, val=47
POOL1 [t=11895000]: ch=1, y=4, x=6, val=63
POOL1 [t=11895000]: ch=2, y=4, x=6, val=15
POOL1 [t=11895000]: ch=3, y=4, x=6, val=31
POOL1 [t=11895000]: ch=4, y=4, x=6, val=31
POOL1 [t=11895000]: ch=5, y=4, x=6, val=31
CONV1 [t=11905000]: ch=0, y=9, x=16, val=15
CONV1 [t=11905000]: ch=1, y=9, x=16, val=0
CONV1 [t=11905000]: ch=2, y=9, x=16, val=15
CONV1 [t=11905000]: ch=3, y=9, x=16, val=15
CONV1 [t=11905000]: ch=4, y=9, x=16, val=0
CONV1 [t=11905000]: ch=5, y=9, x=16, val=0
CONV1_PRE_RELU [t=11905000]: ch=0, y=9, x=16, val=-1
CONV1_PRE_RELU [t=11905000]: ch=1, y=9, x=16, val=-1
CONV1_PRE_RELU [t=11905000]: ch=2, y=9, x=16, val=-1
CONV1_PRE_RELU [t=11905000]: ch=3, y=9, x=16, val=-1
CONV1_PRE_RELU [t=11905000]: ch=4, y=9, x=16, val=-1
CONV1_PRE_RELU [t=11905000]: ch=5, y=9, x=16, val=-1
CONV1 [t=11915000]: ch=0, y=9, x=17, val=0
CONV1 [t=11915000]: ch=1, y=9, x=17, val=0
CONV1 [t=11915000]: ch=2, y=9, x=17, val=0
CONV1 [t=11915000]: ch=3, y=9, x=17, val=0
CONV1 [t=11915000]: ch=4, y=9, x=17, val=0
CONV1 [t=11915000]: ch=5, y=9, x=17, val=0
CONV1_PRE_RELU [t=11915000]: ch=0, y=9, x=17, val=-1
CONV1_PRE_RELU [t=11915000]: ch=1, y=9, x=17, val=-1
CONV1_PRE_RELU [t=11915000]: ch=2, y=9, x=17, val=-1
CONV1_PRE_RELU [t=11915000]: ch=3, y=9, x=17, val=-1
CONV1_PRE_RELU [t=11915000]: ch=4, y=9, x=17, val=-1
CONV1_PRE_RELU [t=11915000]: ch=5, y=9, x=17, val=-1
POOL1 [t=11915000]: ch=0, y=4, x=7, val=31
POOL1 [t=11915000]: ch=1, y=4, x=7, val=47
POOL1 [t=11915000]: ch=2, y=4, x=7, val=31
POOL1 [t=11915000]: ch=3, y=4, x=7, val=47
POOL1 [t=11915000]: ch=4, y=4, x=7, val=47
POOL1 [t=11915000]: ch=5, y=4, x=7, val=79
CONV1 [t=11925000]: ch=0, y=9, x=18, val=0
CONV1 [t=11925000]: ch=1, y=9, x=18, val=0
CONV1 [t=11925000]: ch=2, y=9, x=18, val=0
CONV1 [t=11925000]: ch=3, y=9, x=18, val=0
CONV1 [t=11925000]: ch=4, y=9, x=18, val=0
CONV1 [t=11925000]: ch=5, y=9, x=18, val=0
CONV1_PRE_RELU [t=11925000]: ch=0, y=9, x=18, val=-1
CONV1_PRE_RELU [t=11925000]: ch=1, y=9, x=18, val=-1
CONV1_PRE_RELU [t=11925000]: ch=2, y=9, x=18, val=-1
CONV1_PRE_RELU [t=11925000]: ch=3, y=9, x=18, val=-1
CONV1_PRE_RELU [t=11925000]: ch=4, y=9, x=18, val=-1
CONV1_PRE_RELU [t=11925000]: ch=5, y=9, x=18, val=-1
CONV1 [t=11935000]: ch=0, y=9, x=19, val=0
CONV1 [t=11935000]: ch=1, y=9, x=19, val=0
CONV1 [t=11935000]: ch=2, y=9, x=19, val=0
CONV1 [t=11935000]: ch=3, y=9, x=19, val=0
CONV1 [t=11935000]: ch=4, y=9, x=19, val=0
CONV1 [t=11935000]: ch=5, y=9, x=19, val=0
CONV1_PRE_RELU [t=11935000]: ch=0, y=9, x=19, val=-1
CONV1_PRE_RELU [t=11935000]: ch=1, y=9, x=19, val=-1
CONV1_PRE_RELU [t=11935000]: ch=2, y=9, x=19, val=-1
CONV1_PRE_RELU [t=11935000]: ch=3, y=9, x=19, val=-1
CONV1_PRE_RELU [t=11935000]: ch=4, y=9, x=19, val=-1
CONV1_PRE_RELU [t=11935000]: ch=5, y=9, x=19, val=-1
POOL1 [t=11935000]: ch=0, y=4, x=8, val=31
POOL1 [t=11935000]: ch=1, y=4, x=8, val=15
POOL1 [t=11935000]: ch=2, y=4, x=8, val=31
POOL1 [t=11935000]: ch=3, y=4, x=8, val=31
POOL1 [t=11935000]: ch=4, y=4, x=8, val=15
POOL1 [t=11935000]: ch=5, y=4, x=8, val=15
CONV1 [t=11945000]: ch=0, y=9, x=20, val=0
CONV1 [t=11945000]: ch=1, y=9, x=20, val=0
CONV1 [t=11945000]: ch=2, y=9, x=20, val=0
CONV1 [t=11945000]: ch=3, y=9, x=20, val=0
CONV1 [t=11945000]: ch=4, y=9, x=20, val=0
CONV1 [t=11945000]: ch=5, y=9, x=20, val=0
CONV1_PRE_RELU [t=11945000]: ch=0, y=9, x=20, val=-1
CONV1_PRE_RELU [t=11945000]: ch=1, y=9, x=20, val=-1
CONV1_PRE_RELU [t=11945000]: ch=2, y=9, x=20, val=-1
CONV1_PRE_RELU [t=11945000]: ch=3, y=9, x=20, val=-1
CONV1_PRE_RELU [t=11945000]: ch=4, y=9, x=20, val=-1
CONV1_PRE_RELU [t=11945000]: ch=5, y=9, x=20, val=-1
CONV1 [t=11955000]: ch=0, y=9, x=21, val=0
CONV1 [t=11955000]: ch=1, y=9, x=21, val=0
CONV1 [t=11955000]: ch=2, y=9, x=21, val=0
CONV1 [t=11955000]: ch=3, y=9, x=21, val=0
CONV1 [t=11955000]: ch=4, y=9, x=21, val=0
CONV1 [t=11955000]: ch=5, y=9, x=21, val=0
CONV1_PRE_RELU [t=11955000]: ch=0, y=9, x=21, val=-1
CONV1_PRE_RELU [t=11955000]: ch=1, y=9, x=21, val=-1
CONV1_PRE_RELU [t=11955000]: ch=2, y=9, x=21, val=-1
CONV1_PRE_RELU [t=11955000]: ch=3, y=9, x=21, val=-1
CONV1_PRE_RELU [t=11955000]: ch=4, y=9, x=21, val=-1
CONV1_PRE_RELU [t=11955000]: ch=5, y=9, x=21, val=-1
POOL1 [t=11955000]: ch=0, y=4, x=9, val=0
POOL1 [t=11955000]: ch=1, y=4, x=9, val=0
POOL1 [t=11955000]: ch=2, y=4, x=9, val=0
POOL1 [t=11955000]: ch=3, y=4, x=9, val=0
POOL1 [t=11955000]: ch=4, y=4, x=9, val=0
POOL1 [t=11955000]: ch=5, y=4, x=9, val=0
CONV1 [t=11965000]: ch=0, y=9, x=22, val=0
CONV1 [t=11965000]: ch=1, y=9, x=22, val=0
CONV1 [t=11965000]: ch=2, y=9, x=22, val=0
CONV1 [t=11965000]: ch=3, y=9, x=22, val=0
CONV1 [t=11965000]: ch=4, y=9, x=22, val=0
CONV1 [t=11965000]: ch=5, y=9, x=22, val=0
CONV1_PRE_RELU [t=11965000]: ch=0, y=9, x=22, val=-1
CONV1_PRE_RELU [t=11965000]: ch=1, y=9, x=22, val=-1
CONV1_PRE_RELU [t=11965000]: ch=2, y=9, x=22, val=-1
CONV1_PRE_RELU [t=11965000]: ch=3, y=9, x=22, val=-1
CONV1_PRE_RELU [t=11965000]: ch=4, y=9, x=22, val=-1
CONV1_PRE_RELU [t=11965000]: ch=5, y=9, x=22, val=-1
CONV1 [t=11975000]: ch=0, y=9, x=23, val=0
CONV1 [t=11975000]: ch=1, y=9, x=23, val=0
CONV1 [t=11975000]: ch=2, y=9, x=23, val=0
CONV1 [t=11975000]: ch=3, y=9, x=23, val=0
CONV1 [t=11975000]: ch=4, y=9, x=23, val=0
CONV1 [t=11975000]: ch=5, y=9, x=23, val=0
CONV1_PRE_RELU [t=11975000]: ch=0, y=9, x=23, val=-1
CONV1_PRE_RELU [t=11975000]: ch=1, y=9, x=23, val=-1
CONV1_PRE_RELU [t=11975000]: ch=2, y=9, x=23, val=-1
CONV1_PRE_RELU [t=11975000]: ch=3, y=9, x=23, val=-1
CONV1_PRE_RELU [t=11975000]: ch=4, y=9, x=23, val=-1
CONV1_PRE_RELU [t=11975000]: ch=5, y=9, x=23, val=-1
POOL1 [t=11975000]: ch=0, y=4, x=10, val=0
POOL1 [t=11975000]: ch=1, y=4, x=10, val=0
POOL1 [t=11975000]: ch=2, y=4, x=10, val=0
POOL1 [t=11975000]: ch=3, y=4, x=10, val=0
POOL1 [t=11975000]: ch=4, y=4, x=10, val=0
POOL1 [t=11975000]: ch=5, y=4, x=10, val=0
CONV1 [t=11985000]: ch=0, y=10, x=0, val=0
CONV1 [t=11985000]: ch=1, y=10, x=0, val=0
CONV1 [t=11985000]: ch=2, y=10, x=0, val=0
CONV1 [t=11985000]: ch=3, y=10, x=0, val=0
CONV1 [t=11985000]: ch=4, y=10, x=0, val=0
CONV1 [t=11985000]: ch=5, y=10, x=0, val=0
CONV1_PRE_RELU [t=11985000]: ch=0, y=10, x=0, val=-1
CONV1_PRE_RELU [t=11985000]: ch=1, y=10, x=0, val=-1
CONV1_PRE_RELU [t=11985000]: ch=2, y=10, x=0, val=-1
CONV1_PRE_RELU [t=11985000]: ch=3, y=10, x=0, val=-1
CONV1_PRE_RELU [t=11985000]: ch=4, y=10, x=0, val=-1
CONV1_PRE_RELU [t=11985000]: ch=5, y=10, x=0, val=-1
POOL1 [t=11995000]: ch=0, y=4, x=11, val=0
POOL1 [t=11995000]: ch=1, y=4, x=11, val=0
POOL1 [t=11995000]: ch=2, y=4, x=11, val=0
POOL1 [t=11995000]: ch=3, y=4, x=11, val=0
POOL1 [t=11995000]: ch=4, y=4, x=11, val=0
POOL1 [t=11995000]: ch=5, y=4, x=11, val=0
CONV1 [t=12035000]: ch=0, y=10, x=1, val=31
CONV1 [t=12035000]: ch=1, y=10, x=1, val=15
CONV1 [t=12035000]: ch=2, y=10, x=1, val=31
CONV1 [t=12035000]: ch=3, y=10, x=1, val=15
CONV1 [t=12035000]: ch=4, y=10, x=1, val=15
CONV1 [t=12035000]: ch=5, y=10, x=1, val=15
CONV1_PRE_RELU [t=12035000]: ch=0, y=10, x=1, val=15
CONV1_PRE_RELU [t=12035000]: ch=1, y=10, x=1, val=63
CONV1_PRE_RELU [t=12035000]: ch=2, y=10, x=1, val=-1
CONV1_PRE_RELU [t=12035000]: ch=3, y=10, x=1, val=15
CONV1_PRE_RELU [t=12035000]: ch=4, y=10, x=1, val=47
CONV1_PRE_RELU [t=12035000]: ch=5, y=10, x=1, val=47
CONV1 [t=12045000]: ch=0, y=10, x=2, val=47
CONV1 [t=12045000]: ch=1, y=10, x=2, val=47
CONV1 [t=12045000]: ch=2, y=10, x=2, val=15
CONV1 [t=12045000]: ch=3, y=10, x=2, val=31
CONV1 [t=12045000]: ch=4, y=10, x=2, val=15
CONV1 [t=12045000]: ch=5, y=10, x=2, val=15
CONV1_PRE_RELU [t=12045000]: ch=0, y=10, x=2, val=15
CONV1_PRE_RELU [t=12045000]: ch=1, y=10, x=2, val=15
CONV1_PRE_RELU [t=12045000]: ch=2, y=10, x=2, val=31
CONV1_PRE_RELU [t=12045000]: ch=3, y=10, x=2, val=31
CONV1_PRE_RELU [t=12045000]: ch=4, y=10, x=2, val=15
CONV1_PRE_RELU [t=12045000]: ch=5, y=10, x=2, val=31
CONV1 [t=12055000]: ch=0, y=10, x=3, val=15
CONV1 [t=12055000]: ch=1, y=10, x=3, val=63
CONV1 [t=12055000]: ch=2, y=10, x=3, val=0
CONV1 [t=12055000]: ch=3, y=10, x=3, val=15
CONV1 [t=12055000]: ch=4, y=10, x=3, val=47
CONV1 [t=12055000]: ch=5, y=10, x=3, val=47
CONV1_PRE_RELU [t=12055000]: ch=0, y=10, x=3, val=15
CONV1_PRE_RELU [t=12055000]: ch=1, y=10, x=3, val=-1
CONV1_PRE_RELU [t=12055000]: ch=2, y=10, x=3, val=15
CONV1_PRE_RELU [t=12055000]: ch=3, y=10, x=3, val=15
CONV1_PRE_RELU [t=12055000]: ch=4, y=10, x=3, val=-1
CONV1_PRE_RELU [t=12055000]: ch=5, y=10, x=3, val=-1
CONV1 [t=12065000]: ch=0, y=10, x=4, val=15
CONV1 [t=12065000]: ch=1, y=10, x=4, val=15
CONV1 [t=12065000]: ch=2, y=10, x=4, val=31
CONV1 [t=12065000]: ch=3, y=10, x=4, val=31
CONV1 [t=12065000]: ch=4, y=10, x=4, val=15
CONV1 [t=12065000]: ch=5, y=10, x=4, val=31
CONV1_PRE_RELU [t=12065000]: ch=0, y=10, x=4, val=-1
CONV1_PRE_RELU [t=12065000]: ch=1, y=10, x=4, val=-1
CONV1_PRE_RELU [t=12065000]: ch=2, y=10, x=4, val=-1
CONV1_PRE_RELU [t=12065000]: ch=3, y=10, x=4, val=-1
CONV1_PRE_RELU [t=12065000]: ch=4, y=10, x=4, val=-1
CONV1_PRE_RELU [t=12065000]: ch=5, y=10, x=4, val=-1
CONV1 [t=12075000]: ch=0, y=10, x=5, val=15
CONV1 [t=12075000]: ch=1, y=10, x=5, val=0
CONV1 [t=12075000]: ch=2, y=10, x=5, val=15
CONV1 [t=12075000]: ch=3, y=10, x=5, val=15
CONV1 [t=12075000]: ch=4, y=10, x=5, val=0
CONV1 [t=12075000]: ch=5, y=10, x=5, val=0
CONV1_PRE_RELU [t=12075000]: ch=0, y=10, x=5, val=-1
CONV1_PRE_RELU [t=12075000]: ch=1, y=10, x=5, val=-1
CONV1_PRE_RELU [t=12075000]: ch=2, y=10, x=5, val=-1
CONV1_PRE_RELU [t=12075000]: ch=3, y=10, x=5, val=-1
CONV1_PRE_RELU [t=12075000]: ch=4, y=10, x=5, val=-1
CONV1_PRE_RELU [t=12075000]: ch=5, y=10, x=5, val=-1
CONV1 [t=12085000]: ch=0, y=10, x=6, val=0
CONV1 [t=12085000]: ch=1, y=10, x=6, val=0
CONV1 [t=12085000]: ch=2, y=10, x=6, val=0
CONV1 [t=12085000]: ch=3, y=10, x=6, val=0
CONV1 [t=12085000]: ch=4, y=10, x=6, val=0
CONV1 [t=12085000]: ch=5, y=10, x=6, val=0
CONV1_PRE_RELU [t=12085000]: ch=0, y=10, x=6, val=-1
CONV1_PRE_RELU [t=12085000]: ch=1, y=10, x=6, val=-1
CONV1_PRE_RELU [t=12085000]: ch=2, y=10, x=6, val=-1
CONV1_PRE_RELU [t=12085000]: ch=3, y=10, x=6, val=-1
CONV1_PRE_RELU [t=12085000]: ch=4, y=10, x=6, val=-1
CONV1_PRE_RELU [t=12085000]: ch=5, y=10, x=6, val=-1
CONV1 [t=12095000]: ch=0, y=10, x=7, val=0
CONV1 [t=12095000]: ch=1, y=10, x=7, val=0
CONV1 [t=12095000]: ch=2, y=10, x=7, val=0
CONV1 [t=12095000]: ch=3, y=10, x=7, val=0
CONV1 [t=12095000]: ch=4, y=10, x=7, val=0
CONV1 [t=12095000]: ch=5, y=10, x=7, val=0
CONV1_PRE_RELU [t=12095000]: ch=0, y=10, x=7, val=-1
CONV1_PRE_RELU [t=12095000]: ch=1, y=10, x=7, val=-1
CONV1_PRE_RELU [t=12095000]: ch=2, y=10, x=7, val=-1
CONV1_PRE_RELU [t=12095000]: ch=3, y=10, x=7, val=-1
CONV1_PRE_RELU [t=12095000]: ch=4, y=10, x=7, val=-1
CONV1_PRE_RELU [t=12095000]: ch=5, y=10, x=7, val=-1
CONV1 [t=12105000]: ch=0, y=10, x=8, val=0
CONV1 [t=12105000]: ch=1, y=10, x=8, val=0
CONV1 [t=12105000]: ch=2, y=10, x=8, val=0
CONV1 [t=12105000]: ch=3, y=10, x=8, val=0
CONV1 [t=12105000]: ch=4, y=10, x=8, val=0
CONV1 [t=12105000]: ch=5, y=10, x=8, val=0
CONV1_PRE_RELU [t=12105000]: ch=0, y=10, x=8, val=-1
CONV1_PRE_RELU [t=12105000]: ch=1, y=10, x=8, val=-1
CONV1_PRE_RELU [t=12105000]: ch=2, y=10, x=8, val=-1
CONV1_PRE_RELU [t=12105000]: ch=3, y=10, x=8, val=-1
CONV1_PRE_RELU [t=12105000]: ch=4, y=10, x=8, val=-1
CONV1_PRE_RELU [t=12105000]: ch=5, y=10, x=8, val=-1
CONV1 [t=12115000]: ch=0, y=10, x=9, val=0
CONV1 [t=12115000]: ch=1, y=10, x=9, val=0
CONV1 [t=12115000]: ch=2, y=10, x=9, val=0
CONV1 [t=12115000]: ch=3, y=10, x=9, val=0
CONV1 [t=12115000]: ch=4, y=10, x=9, val=0
CONV1 [t=12115000]: ch=5, y=10, x=9, val=0
CONV1_PRE_RELU [t=12115000]: ch=0, y=10, x=9, val=15
CONV1_PRE_RELU [t=12115000]: ch=1, y=10, x=9, val=15
CONV1_PRE_RELU [t=12115000]: ch=2, y=10, x=9, val=-1
CONV1_PRE_RELU [t=12115000]: ch=3, y=10, x=9, val=-1
CONV1_PRE_RELU [t=12115000]: ch=4, y=10, x=9, val=-1
CONV1_PRE_RELU [t=12115000]: ch=5, y=10, x=9, val=-1
CONV1 [t=12125000]: ch=0, y=10, x=10, val=0
CONV1 [t=12125000]: ch=1, y=10, x=10, val=0
CONV1 [t=12125000]: ch=2, y=10, x=10, val=0
CONV1 [t=12125000]: ch=3, y=10, x=10, val=0
CONV1 [t=12125000]: ch=4, y=10, x=10, val=0
CONV1 [t=12125000]: ch=5, y=10, x=10, val=0
CONV1_PRE_RELU [t=12125000]: ch=0, y=10, x=10, val=31
CONV1_PRE_RELU [t=12125000]: ch=1, y=10, x=10, val=47
CONV1_PRE_RELU [t=12125000]: ch=2, y=10, x=10, val=-1
CONV1_PRE_RELU [t=12125000]: ch=3, y=10, x=10, val=15
CONV1_PRE_RELU [t=12125000]: ch=4, y=10, x=10, val=15
CONV1_PRE_RELU [t=12125000]: ch=5, y=10, x=10, val=15
CONV1 [t=12135000]: ch=0, y=10, x=11, val=15
CONV1 [t=12135000]: ch=1, y=10, x=11, val=15
CONV1 [t=12135000]: ch=2, y=10, x=11, val=0
CONV1 [t=12135000]: ch=3, y=10, x=11, val=0
CONV1 [t=12135000]: ch=4, y=10, x=11, val=0
CONV1 [t=12135000]: ch=5, y=10, x=11, val=0
CONV1_PRE_RELU [t=12135000]: ch=0, y=10, x=11, val=31
CONV1_PRE_RELU [t=12135000]: ch=1, y=10, x=11, val=63
CONV1_PRE_RELU [t=12135000]: ch=2, y=10, x=11, val=-1
CONV1_PRE_RELU [t=12135000]: ch=3, y=10, x=11, val=15
CONV1_PRE_RELU [t=12135000]: ch=4, y=10, x=11, val=31
CONV1_PRE_RELU [t=12135000]: ch=5, y=10, x=11, val=31
CONV1 [t=12145000]: ch=0, y=10, x=12, val=31
CONV1 [t=12145000]: ch=1, y=10, x=12, val=47
CONV1 [t=12145000]: ch=2, y=10, x=12, val=0
CONV1 [t=12145000]: ch=3, y=10, x=12, val=15
CONV1 [t=12145000]: ch=4, y=10, x=12, val=15
CONV1 [t=12145000]: ch=5, y=10, x=12, val=15
CONV1_PRE_RELU [t=12145000]: ch=0, y=10, x=12, val=15
CONV1_PRE_RELU [t=12145000]: ch=1, y=10, x=12, val=31
CONV1_PRE_RELU [t=12145000]: ch=2, y=10, x=12, val=31
CONV1_PRE_RELU [t=12145000]: ch=3, y=10, x=12, val=47
CONV1_PRE_RELU [t=12145000]: ch=4, y=10, x=12, val=15
CONV1_PRE_RELU [t=12145000]: ch=5, y=10, x=12, val=47
CONV1 [t=12155000]: ch=0, y=10, x=13, val=31
CONV1 [t=12155000]: ch=1, y=10, x=13, val=63
CONV1 [t=12155000]: ch=2, y=10, x=13, val=0
CONV1 [t=12155000]: ch=3, y=10, x=13, val=15
CONV1 [t=12155000]: ch=4, y=10, x=13, val=31
CONV1 [t=12155000]: ch=5, y=10, x=13, val=31
CONV1_PRE_RELU [t=12155000]: ch=0, y=10, x=13, val=15
CONV1_PRE_RELU [t=12155000]: ch=1, y=10, x=13, val=15
CONV1_PRE_RELU [t=12155000]: ch=2, y=10, x=13, val=15
CONV1_PRE_RELU [t=12155000]: ch=3, y=10, x=13, val=15
CONV1_PRE_RELU [t=12155000]: ch=4, y=10, x=13, val=15
CONV1_PRE_RELU [t=12155000]: ch=5, y=10, x=13, val=15
CONV1 [t=12165000]: ch=0, y=10, x=14, val=15
CONV1 [t=12165000]: ch=1, y=10, x=14, val=31
CONV1 [t=12165000]: ch=2, y=10, x=14, val=31
CONV1 [t=12165000]: ch=3, y=10, x=14, val=47
CONV1 [t=12165000]: ch=4, y=10, x=14, val=15
CONV1 [t=12165000]: ch=5, y=10, x=14, val=47
CONV1_PRE_RELU [t=12165000]: ch=0, y=10, x=14, val=15
CONV1_PRE_RELU [t=12165000]: ch=1, y=10, x=14, val=-1
CONV1_PRE_RELU [t=12165000]: ch=2, y=10, x=14, val=15
CONV1_PRE_RELU [t=12165000]: ch=3, y=10, x=14, val=15
CONV1_PRE_RELU [t=12165000]: ch=4, y=10, x=14, val=-1
CONV1_PRE_RELU [t=12165000]: ch=5, y=10, x=14, val=-1
CONV1 [t=12175000]: ch=0, y=10, x=15, val=15
CONV1 [t=12175000]: ch=1, y=10, x=15, val=15
CONV1 [t=12175000]: ch=2, y=10, x=15, val=15
CONV1 [t=12175000]: ch=3, y=10, x=15, val=15
CONV1 [t=12175000]: ch=4, y=10, x=15, val=15
CONV1 [t=12175000]: ch=5, y=10, x=15, val=15
CONV1_PRE_RELU [t=12175000]: ch=0, y=10, x=15, val=-1
CONV1_PRE_RELU [t=12175000]: ch=1, y=10, x=15, val=-1
CONV1_PRE_RELU [t=12175000]: ch=2, y=10, x=15, val=-1
CONV1_PRE_RELU [t=12175000]: ch=3, y=10, x=15, val=-1
CONV1_PRE_RELU [t=12175000]: ch=4, y=10, x=15, val=-1
CONV1_PRE_RELU [t=12175000]: ch=5, y=10, x=15, val=-1
CONV1 [t=12185000]: ch=0, y=10, x=16, val=15
CONV1 [t=12185000]: ch=1, y=10, x=16, val=0
CONV1 [t=12185000]: ch=2, y=10, x=16, val=15
CONV1 [t=12185000]: ch=3, y=10, x=16, val=15
CONV1 [t=12185000]: ch=4, y=10, x=16, val=0
CONV1 [t=12185000]: ch=5, y=10, x=16, val=0
CONV1_PRE_RELU [t=12185000]: ch=0, y=10, x=16, val=-1
CONV1_PRE_RELU [t=12185000]: ch=1, y=10, x=16, val=-1
CONV1_PRE_RELU [t=12185000]: ch=2, y=10, x=16, val=-1
CONV1_PRE_RELU [t=12185000]: ch=3, y=10, x=16, val=-1
CONV1_PRE_RELU [t=12185000]: ch=4, y=10, x=16, val=-1
CONV1_PRE_RELU [t=12185000]: ch=5, y=10, x=16, val=-1
CONV1 [t=12195000]: ch=0, y=10, x=17, val=0
CONV1 [t=12195000]: ch=1, y=10, x=17, val=0
CONV1 [t=12195000]: ch=2, y=10, x=17, val=0
CONV1 [t=12195000]: ch=3, y=10, x=17, val=0
CONV1 [t=12195000]: ch=4, y=10, x=17, val=0
CONV1 [t=12195000]: ch=5, y=10, x=17, val=0
CONV1_PRE_RELU [t=12195000]: ch=0, y=10, x=17, val=-1
CONV1_PRE_RELU [t=12195000]: ch=1, y=10, x=17, val=-1
CONV1_PRE_RELU [t=12195000]: ch=2, y=10, x=17, val=-1
CONV1_PRE_RELU [t=12195000]: ch=3, y=10, x=17, val=-1
CONV1_PRE_RELU [t=12195000]: ch=4, y=10, x=17, val=-1
CONV1_PRE_RELU [t=12195000]: ch=5, y=10, x=17, val=-1
CONV1 [t=12205000]: ch=0, y=10, x=18, val=0
CONV1 [t=12205000]: ch=1, y=10, x=18, val=0
CONV1 [t=12205000]: ch=2, y=10, x=18, val=0
CONV1 [t=12205000]: ch=3, y=10, x=18, val=0
CONV1 [t=12205000]: ch=4, y=10, x=18, val=0
CONV1 [t=12205000]: ch=5, y=10, x=18, val=0
CONV1_PRE_RELU [t=12205000]: ch=0, y=10, x=18, val=-1
CONV1_PRE_RELU [t=12205000]: ch=1, y=10, x=18, val=-1
CONV1_PRE_RELU [t=12205000]: ch=2, y=10, x=18, val=-1
CONV1_PRE_RELU [t=12205000]: ch=3, y=10, x=18, val=-1
CONV1_PRE_RELU [t=12205000]: ch=4, y=10, x=18, val=-1
CONV1_PRE_RELU [t=12205000]: ch=5, y=10, x=18, val=-1
CONV1 [t=12215000]: ch=0, y=10, x=19, val=0
CONV1 [t=12215000]: ch=1, y=10, x=19, val=0
CONV1 [t=12215000]: ch=2, y=10, x=19, val=0
CONV1 [t=12215000]: ch=3, y=10, x=19, val=0
CONV1 [t=12215000]: ch=4, y=10, x=19, val=0
CONV1 [t=12215000]: ch=5, y=10, x=19, val=0
CONV1_PRE_RELU [t=12215000]: ch=0, y=10, x=19, val=-1
CONV1_PRE_RELU [t=12215000]: ch=1, y=10, x=19, val=-1
CONV1_PRE_RELU [t=12215000]: ch=2, y=10, x=19, val=-1
CONV1_PRE_RELU [t=12215000]: ch=3, y=10, x=19, val=-1
CONV1_PRE_RELU [t=12215000]: ch=4, y=10, x=19, val=-1
CONV1_PRE_RELU [t=12215000]: ch=5, y=10, x=19, val=-1
CONV1 [t=12225000]: ch=0, y=10, x=20, val=0
CONV1 [t=12225000]: ch=1, y=10, x=20, val=0
CONV1 [t=12225000]: ch=2, y=10, x=20, val=0
CONV1 [t=12225000]: ch=3, y=10, x=20, val=0
CONV1 [t=12225000]: ch=4, y=10, x=20, val=0
CONV1 [t=12225000]: ch=5, y=10, x=20, val=0
CONV1_PRE_RELU [t=12225000]: ch=0, y=10, x=20, val=-1
CONV1_PRE_RELU [t=12225000]: ch=1, y=10, x=20, val=-1
CONV1_PRE_RELU [t=12225000]: ch=2, y=10, x=20, val=-1
CONV1_PRE_RELU [t=12225000]: ch=3, y=10, x=20, val=-1
CONV1_PRE_RELU [t=12225000]: ch=4, y=10, x=20, val=-1
CONV1_PRE_RELU [t=12225000]: ch=5, y=10, x=20, val=-1
CONV1 [t=12235000]: ch=0, y=10, x=21, val=0
CONV1 [t=12235000]: ch=1, y=10, x=21, val=0
CONV1 [t=12235000]: ch=2, y=10, x=21, val=0
CONV1 [t=12235000]: ch=3, y=10, x=21, val=0
CONV1 [t=12235000]: ch=4, y=10, x=21, val=0
CONV1 [t=12235000]: ch=5, y=10, x=21, val=0
CONV1_PRE_RELU [t=12235000]: ch=0, y=10, x=21, val=-1
CONV1_PRE_RELU [t=12235000]: ch=1, y=10, x=21, val=-1
CONV1_PRE_RELU [t=12235000]: ch=2, y=10, x=21, val=-1
CONV1_PRE_RELU [t=12235000]: ch=3, y=10, x=21, val=-1
CONV1_PRE_RELU [t=12235000]: ch=4, y=10, x=21, val=-1
CONV1_PRE_RELU [t=12235000]: ch=5, y=10, x=21, val=-1
CONV1 [t=12245000]: ch=0, y=10, x=22, val=0
CONV1 [t=12245000]: ch=1, y=10, x=22, val=0
CONV1 [t=12245000]: ch=2, y=10, x=22, val=0
CONV1 [t=12245000]: ch=3, y=10, x=22, val=0
CONV1 [t=12245000]: ch=4, y=10, x=22, val=0
CONV1 [t=12245000]: ch=5, y=10, x=22, val=0
CONV1_PRE_RELU [t=12245000]: ch=0, y=10, x=22, val=-1
CONV1_PRE_RELU [t=12245000]: ch=1, y=10, x=22, val=-1
CONV1_PRE_RELU [t=12245000]: ch=2, y=10, x=22, val=-1
CONV1_PRE_RELU [t=12245000]: ch=3, y=10, x=22, val=-1
CONV1_PRE_RELU [t=12245000]: ch=4, y=10, x=22, val=-1
CONV1_PRE_RELU [t=12245000]: ch=5, y=10, x=22, val=-1
CONV1 [t=12255000]: ch=0, y=10, x=23, val=0
CONV1 [t=12255000]: ch=1, y=10, x=23, val=0
CONV1 [t=12255000]: ch=2, y=10, x=23, val=0
CONV1 [t=12255000]: ch=3, y=10, x=23, val=0
CONV1 [t=12255000]: ch=4, y=10, x=23, val=0
CONV1 [t=12255000]: ch=5, y=10, x=23, val=0
CONV1_PRE_RELU [t=12255000]: ch=0, y=10, x=23, val=-1
CONV1_PRE_RELU [t=12255000]: ch=1, y=10, x=23, val=-1
CONV1_PRE_RELU [t=12255000]: ch=2, y=10, x=23, val=-1
CONV1_PRE_RELU [t=12255000]: ch=3, y=10, x=23, val=-1
CONV1_PRE_RELU [t=12255000]: ch=4, y=10, x=23, val=-1
CONV1_PRE_RELU [t=12255000]: ch=5, y=10, x=23, val=-1
CONV1 [t=12265000]: ch=0, y=11, x=0, val=0
CONV1 [t=12265000]: ch=1, y=11, x=0, val=0
CONV1 [t=12265000]: ch=2, y=11, x=0, val=0
CONV1 [t=12265000]: ch=3, y=11, x=0, val=0
CONV1 [t=12265000]: ch=4, y=11, x=0, val=0
CONV1 [t=12265000]: ch=5, y=11, x=0, val=0
CONV1_PRE_RELU [t=12265000]: ch=0, y=11, x=0, val=-1
CONV1_PRE_RELU [t=12265000]: ch=1, y=11, x=0, val=-1
CONV1_PRE_RELU [t=12265000]: ch=2, y=11, x=0, val=-1
CONV1_PRE_RELU [t=12265000]: ch=3, y=11, x=0, val=-1
CONV1_PRE_RELU [t=12265000]: ch=4, y=11, x=0, val=-1
CONV1_PRE_RELU [t=12265000]: ch=5, y=11, x=0, val=-1
CONV1 [t=12315000]: ch=0, y=11, x=1, val=31
CONV1 [t=12315000]: ch=1, y=11, x=1, val=15
CONV1 [t=12315000]: ch=2, y=11, x=1, val=31
CONV1 [t=12315000]: ch=3, y=11, x=1, val=15
CONV1 [t=12315000]: ch=4, y=11, x=1, val=15
CONV1 [t=12315000]: ch=5, y=11, x=1, val=15
CONV1_PRE_RELU [t=12315000]: ch=0, y=11, x=1, val=15
CONV1_PRE_RELU [t=12315000]: ch=1, y=11, x=1, val=63
CONV1_PRE_RELU [t=12315000]: ch=2, y=11, x=1, val=15
CONV1_PRE_RELU [t=12315000]: ch=3, y=11, x=1, val=31
CONV1_PRE_RELU [t=12315000]: ch=4, y=11, x=1, val=63
CONV1_PRE_RELU [t=12315000]: ch=5, y=11, x=1, val=63
CONV1 [t=12325000]: ch=0, y=11, x=2, val=47
CONV1 [t=12325000]: ch=1, y=11, x=2, val=47
CONV1 [t=12325000]: ch=2, y=11, x=2, val=15
CONV1 [t=12325000]: ch=3, y=11, x=2, val=31
CONV1 [t=12325000]: ch=4, y=11, x=2, val=15
CONV1 [t=12325000]: ch=5, y=11, x=2, val=15
CONV1_PRE_RELU [t=12325000]: ch=0, y=11, x=2, val=31
CONV1_PRE_RELU [t=12325000]: ch=1, y=11, x=2, val=15
CONV1_PRE_RELU [t=12325000]: ch=2, y=11, x=2, val=47
CONV1_PRE_RELU [t=12325000]: ch=3, y=11, x=2, val=31
CONV1_PRE_RELU [t=12325000]: ch=4, y=11, x=2, val=31
CONV1_PRE_RELU [t=12325000]: ch=5, y=11, x=2, val=31
CONV1 [t=12335000]: ch=0, y=11, x=3, val=15
CONV1 [t=12335000]: ch=1, y=11, x=3, val=63
CONV1 [t=12335000]: ch=2, y=11, x=3, val=15
CONV1 [t=12335000]: ch=3, y=11, x=3, val=31
CONV1 [t=12335000]: ch=4, y=11, x=3, val=63
CONV1 [t=12335000]: ch=5, y=11, x=3, val=63
CONV1_PRE_RELU [t=12335000]: ch=0, y=11, x=3, val=31
CONV1_PRE_RELU [t=12335000]: ch=1, y=11, x=3, val=-1
CONV1_PRE_RELU [t=12335000]: ch=2, y=11, x=3, val=31
CONV1_PRE_RELU [t=12335000]: ch=3, y=11, x=3, val=31
CONV1_PRE_RELU [t=12335000]: ch=4, y=11, x=3, val=-1
CONV1_PRE_RELU [t=12335000]: ch=5, y=11, x=3, val=-1
POOL1 [t=12335000]: ch=0, y=5, x=0, val=31
POOL1 [t=12335000]: ch=1, y=5, x=0, val=15
POOL1 [t=12335000]: ch=2, y=5, x=0, val=31
POOL1 [t=12335000]: ch=3, y=5, x=0, val=15
POOL1 [t=12335000]: ch=4, y=5, x=0, val=15
POOL1 [t=12335000]: ch=5, y=5, x=0, val=15
CONV1 [t=12345000]: ch=0, y=11, x=4, val=31
CONV1 [t=12345000]: ch=1, y=11, x=4, val=15
CONV1 [t=12345000]: ch=2, y=11, x=4, val=47
CONV1 [t=12345000]: ch=3, y=11, x=4, val=31
CONV1 [t=12345000]: ch=4, y=11, x=4, val=31
CONV1 [t=12345000]: ch=5, y=11, x=4, val=31
CONV1_PRE_RELU [t=12345000]: ch=0, y=11, x=4, val=-1
CONV1_PRE_RELU [t=12345000]: ch=1, y=11, x=4, val=15
CONV1_PRE_RELU [t=12345000]: ch=2, y=11, x=4, val=-1
CONV1_PRE_RELU [t=12345000]: ch=3, y=11, x=4, val=-1
CONV1_PRE_RELU [t=12345000]: ch=4, y=11, x=4, val=15
CONV1_PRE_RELU [t=12345000]: ch=5, y=11, x=4, val=15
CONV1 [t=12355000]: ch=0, y=11, x=5, val=31
CONV1 [t=12355000]: ch=1, y=11, x=5, val=0
CONV1 [t=12355000]: ch=2, y=11, x=5, val=31
CONV1 [t=12355000]: ch=3, y=11, x=5, val=31
CONV1 [t=12355000]: ch=4, y=11, x=5, val=0
CONV1 [t=12355000]: ch=5, y=11, x=5, val=0
CONV1_PRE_RELU [t=12355000]: ch=0, y=11, x=5, val=-1
CONV1_PRE_RELU [t=12355000]: ch=1, y=11, x=5, val=-1
CONV1_PRE_RELU [t=12355000]: ch=2, y=11, x=5, val=-1
CONV1_PRE_RELU [t=12355000]: ch=3, y=11, x=5, val=-1
CONV1_PRE_RELU [t=12355000]: ch=4, y=11, x=5, val=-1
CONV1_PRE_RELU [t=12355000]: ch=5, y=11, x=5, val=-1
POOL1 [t=12355000]: ch=0, y=5, x=1, val=47
POOL1 [t=12355000]: ch=1, y=5, x=1, val=63
POOL1 [t=12355000]: ch=2, y=5, x=1, val=15
POOL1 [t=12355000]: ch=3, y=5, x=1, val=31
POOL1 [t=12355000]: ch=4, y=5, x=1, val=63
POOL1 [t=12355000]: ch=5, y=5, x=1, val=63
CONV1 [t=12365000]: ch=0, y=11, x=6, val=0
CONV1 [t=12365000]: ch=1, y=11, x=6, val=15
CONV1 [t=12365000]: ch=2, y=11, x=6, val=0
CONV1 [t=12365000]: ch=3, y=11, x=6, val=0
CONV1 [t=12365000]: ch=4, y=11, x=6, val=15
CONV1 [t=12365000]: ch=5, y=11, x=6, val=15
CONV1_PRE_RELU [t=12365000]: ch=0, y=11, x=6, val=-1
CONV1_PRE_RELU [t=12365000]: ch=1, y=11, x=6, val=-1
CONV1_PRE_RELU [t=12365000]: ch=2, y=11, x=6, val=-1
CONV1_PRE_RELU [t=12365000]: ch=3, y=11, x=6, val=-1
CONV1_PRE_RELU [t=12365000]: ch=4, y=11, x=6, val=-1
CONV1_PRE_RELU [t=12365000]: ch=5, y=11, x=6, val=-1
CONV1 [t=12375000]: ch=0, y=11, x=7, val=0
CONV1 [t=12375000]: ch=1, y=11, x=7, val=0
CONV1 [t=12375000]: ch=2, y=11, x=7, val=0
CONV1 [t=12375000]: ch=3, y=11, x=7, val=0
CONV1 [t=12375000]: ch=4, y=11, x=7, val=0
CONV1 [t=12375000]: ch=5, y=11, x=7, val=0
CONV1_PRE_RELU [t=12375000]: ch=0, y=11, x=7, val=-1
CONV1_PRE_RELU [t=12375000]: ch=1, y=11, x=7, val=-1
CONV1_PRE_RELU [t=12375000]: ch=2, y=11, x=7, val=-1
CONV1_PRE_RELU [t=12375000]: ch=3, y=11, x=7, val=-1
CONV1_PRE_RELU [t=12375000]: ch=4, y=11, x=7, val=-1
CONV1_PRE_RELU [t=12375000]: ch=5, y=11, x=7, val=-1
POOL1 [t=12375000]: ch=0, y=5, x=2, val=31
POOL1 [t=12375000]: ch=1, y=5, x=2, val=15
POOL1 [t=12375000]: ch=2, y=5, x=2, val=47
POOL1 [t=12375000]: ch=3, y=5, x=2, val=31
POOL1 [t=12375000]: ch=4, y=5, x=2, val=31
POOL1 [t=12375000]: ch=5, y=5, x=2, val=31
CONV1 [t=12385000]: ch=0, y=11, x=8, val=0
CONV1 [t=12385000]: ch=1, y=11, x=8, val=0
CONV1 [t=12385000]: ch=2, y=11, x=8, val=0
CONV1 [t=12385000]: ch=3, y=11, x=8, val=0
CONV1 [t=12385000]: ch=4, y=11, x=8, val=0
CONV1 [t=12385000]: ch=5, y=11, x=8, val=0
CONV1_PRE_RELU [t=12385000]: ch=0, y=11, x=8, val=-1
CONV1_PRE_RELU [t=12385000]: ch=1, y=11, x=8, val=-1
CONV1_PRE_RELU [t=12385000]: ch=2, y=11, x=8, val=15
CONV1_PRE_RELU [t=12385000]: ch=3, y=11, x=8, val=15
CONV1_PRE_RELU [t=12385000]: ch=4, y=11, x=8, val=15
CONV1_PRE_RELU [t=12385000]: ch=5, y=11, x=8, val=15
CONV1 [t=12395000]: ch=0, y=11, x=9, val=0
CONV1 [t=12395000]: ch=1, y=11, x=9, val=0
CONV1 [t=12395000]: ch=2, y=11, x=9, val=0
CONV1 [t=12395000]: ch=3, y=11, x=9, val=0
CONV1 [t=12395000]: ch=4, y=11, x=9, val=0
CONV1 [t=12395000]: ch=5, y=11, x=9, val=0
CONV1_PRE_RELU [t=12395000]: ch=0, y=11, x=9, val=31
CONV1_PRE_RELU [t=12395000]: ch=1, y=11, x=9, val=15
CONV1_PRE_RELU [t=12395000]: ch=2, y=11, x=9, val=15
CONV1_PRE_RELU [t=12395000]: ch=3, y=11, x=9, val=-1
CONV1_PRE_RELU [t=12395000]: ch=4, y=11, x=9, val=15
CONV1_PRE_RELU [t=12395000]: ch=5, y=11, x=9, val=-1
POOL1 [t=12395000]: ch=0, y=5, x=3, val=0
POOL1 [t=12395000]: ch=1, y=5, x=3, val=15
POOL1 [t=12395000]: ch=2, y=5, x=3, val=0
POOL1 [t=12395000]: ch=3, y=5, x=3, val=0
POOL1 [t=12395000]: ch=4, y=5, x=3, val=15
POOL1 [t=12395000]: ch=5, y=5, x=3, val=15
CONV1 [t=12405000]: ch=0, y=11, x=10, val=0
CONV1 [t=12405000]: ch=1, y=11, x=10, val=0
CONV1 [t=12405000]: ch=2, y=11, x=10, val=15
CONV1 [t=12405000]: ch=3, y=11, x=10, val=15
CONV1 [t=12405000]: ch=4, y=11, x=10, val=15
CONV1 [t=12405000]: ch=5, y=11, x=10, val=15
CONV1_PRE_RELU [t=12405000]: ch=0, y=11, x=10, val=47
CONV1_PRE_RELU [t=12405000]: ch=1, y=11, x=10, val=47
CONV1_PRE_RELU [t=12405000]: ch=2, y=11, x=10, val=15
CONV1_PRE_RELU [t=12405000]: ch=3, y=11, x=10, val=31
CONV1_PRE_RELU [t=12405000]: ch=4, y=11, x=10, val=15
CONV1_PRE_RELU [t=12405000]: ch=5, y=11, x=10, val=15
CONV1 [t=12415000]: ch=0, y=11, x=11, val=31
CONV1 [t=12415000]: ch=1, y=11, x=11, val=15
CONV1 [t=12415000]: ch=2, y=11, x=11, val=15
CONV1 [t=12415000]: ch=3, y=11, x=11, val=0
CONV1 [t=12415000]: ch=4, y=11, x=11, val=15
CONV1 [t=12415000]: ch=5, y=11, x=11, val=0
CONV1_PRE_RELU [t=12415000]: ch=0, y=11, x=11, val=15
CONV1_PRE_RELU [t=12415000]: ch=1, y=11, x=11, val=63
CONV1_PRE_RELU [t=12415000]: ch=2, y=11, x=11, val=15
CONV1_PRE_RELU [t=12415000]: ch=3, y=11, x=11, val=31
CONV1_PRE_RELU [t=12415000]: ch=4, y=11, x=11, val=63
CONV1_PRE_RELU [t=12415000]: ch=5, y=11, x=11, val=63
POOL1 [t=12415000]: ch=0, y=5, x=4, val=0
POOL1 [t=12415000]: ch=1, y=5, x=4, val=0
POOL1 [t=12415000]: ch=2, y=5, x=4, val=0
POOL1 [t=12415000]: ch=3, y=5, x=4, val=0
POOL1 [t=12415000]: ch=4, y=5, x=4, val=0
POOL1 [t=12415000]: ch=5, y=5, x=4, val=0
CONV1 [t=12425000]: ch=0, y=11, x=12, val=47
CONV1 [t=12425000]: ch=1, y=11, x=12, val=47
CONV1 [t=12425000]: ch=2, y=11, x=12, val=15
CONV1 [t=12425000]: ch=3, y=11, x=12, val=31
CONV1 [t=12425000]: ch=4, y=11, x=12, val=15
CONV1 [t=12425000]: ch=5, y=11, x=12, val=15
CONV1_PRE_RELU [t=12425000]: ch=0, y=11, x=12, val=31
CONV1_PRE_RELU [t=12425000]: ch=1, y=11, x=12, val=15
CONV1_PRE_RELU [t=12425000]: ch=2, y=11, x=12, val=47
CONV1_PRE_RELU [t=12425000]: ch=3, y=11, x=12, val=31
CONV1_PRE_RELU [t=12425000]: ch=4, y=11, x=12, val=31
CONV1_PRE_RELU [t=12425000]: ch=5, y=11, x=12, val=31
CONV1 [t=12435000]: ch=0, y=11, x=13, val=15
CONV1 [t=12435000]: ch=1, y=11, x=13, val=63
CONV1 [t=12435000]: ch=2, y=11, x=13, val=15
CONV1 [t=12435000]: ch=3, y=11, x=13, val=31
CONV1 [t=12435000]: ch=4, y=11, x=13, val=63
CONV1 [t=12435000]: ch=5, y=11, x=13, val=63
CONV1_PRE_RELU [t=12435000]: ch=0, y=11, x=13, val=31
CONV1_PRE_RELU [t=12435000]: ch=1, y=11, x=13, val=-1
CONV1_PRE_RELU [t=12435000]: ch=2, y=11, x=13, val=31
CONV1_PRE_RELU [t=12435000]: ch=3, y=11, x=13, val=31
CONV1_PRE_RELU [t=12435000]: ch=4, y=11, x=13, val=-1
CONV1_PRE_RELU [t=12435000]: ch=5, y=11, x=13, val=-1
POOL1 [t=12435000]: ch=0, y=5, x=5, val=31
POOL1 [t=12435000]: ch=1, y=5, x=5, val=15
POOL1 [t=12435000]: ch=2, y=5, x=5, val=15
POOL1 [t=12435000]: ch=3, y=5, x=5, val=15
POOL1 [t=12435000]: ch=4, y=5, x=5, val=15
POOL1 [t=12435000]: ch=5, y=5, x=5, val=15
CONV1 [t=12445000]: ch=0, y=11, x=14, val=31
CONV1 [t=12445000]: ch=1, y=11, x=14, val=15
CONV1 [t=12445000]: ch=2, y=11, x=14, val=47
CONV1 [t=12445000]: ch=3, y=11, x=14, val=31
CONV1 [t=12445000]: ch=4, y=11, x=14, val=31
CONV1 [t=12445000]: ch=5, y=11, x=14, val=31
CONV1_PRE_RELU [t=12445000]: ch=0, y=11, x=14, val=-1
CONV1_PRE_RELU [t=12445000]: ch=1, y=11, x=14, val=15
CONV1_PRE_RELU [t=12445000]: ch=2, y=11, x=14, val=-1
CONV1_PRE_RELU [t=12445000]: ch=3, y=11, x=14, val=-1
CONV1_PRE_RELU [t=12445000]: ch=4, y=11, x=14, val=15
CONV1_PRE_RELU [t=12445000]: ch=5, y=11, x=14, val=15
CONV1 [t=12455000]: ch=0, y=11, x=15, val=31
CONV1 [t=12455000]: ch=1, y=11, x=15, val=0
CONV1 [t=12455000]: ch=2, y=11, x=15, val=31
CONV1 [t=12455000]: ch=3, y=11, x=15, val=31
CONV1 [t=12455000]: ch=4, y=11, x=15, val=0
CONV1 [t=12455000]: ch=5, y=11, x=15, val=0
CONV1_PRE_RELU [t=12455000]: ch=0, y=11, x=15, val=-1
CONV1_PRE_RELU [t=12455000]: ch=1, y=11, x=15, val=-1
CONV1_PRE_RELU [t=12455000]: ch=2, y=11, x=15, val=-1
CONV1_PRE_RELU [t=12455000]: ch=3, y=11, x=15, val=-1
CONV1_PRE_RELU [t=12455000]: ch=4, y=11, x=15, val=-1
CONV1_PRE_RELU [t=12455000]: ch=5, y=11, x=15, val=-1
POOL1 [t=12455000]: ch=0, y=5, x=6, val=47
POOL1 [t=12455000]: ch=1, y=5, x=6, val=63
POOL1 [t=12455000]: ch=2, y=5, x=6, val=15
POOL1 [t=12455000]: ch=3, y=5, x=6, val=31
POOL1 [t=12455000]: ch=4, y=5, x=6, val=63
POOL1 [t=12455000]: ch=5, y=5, x=6, val=63
CONV1 [t=12465000]: ch=0, y=11, x=16, val=0
CONV1 [t=12465000]: ch=1, y=11, x=16, val=15
CONV1 [t=12465000]: ch=2, y=11, x=16, val=0
CONV1 [t=12465000]: ch=3, y=11, x=16, val=0
CONV1 [t=12465000]: ch=4, y=11, x=16, val=15
CONV1 [t=12465000]: ch=5, y=11, x=16, val=15
CONV1_PRE_RELU [t=12465000]: ch=0, y=11, x=16, val=-1
CONV1_PRE_RELU [t=12465000]: ch=1, y=11, x=16, val=-1
CONV1_PRE_RELU [t=12465000]: ch=2, y=11, x=16, val=-1
CONV1_PRE_RELU [t=12465000]: ch=3, y=11, x=16, val=-1
CONV1_PRE_RELU [t=12465000]: ch=4, y=11, x=16, val=-1
CONV1_PRE_RELU [t=12465000]: ch=5, y=11, x=16, val=-1
CONV1 [t=12475000]: ch=0, y=11, x=17, val=0
CONV1 [t=12475000]: ch=1, y=11, x=17, val=0
CONV1 [t=12475000]: ch=2, y=11, x=17, val=0
CONV1 [t=12475000]: ch=3, y=11, x=17, val=0
CONV1 [t=12475000]: ch=4, y=11, x=17, val=0
CONV1 [t=12475000]: ch=5, y=11, x=17, val=0
CONV1_PRE_RELU [t=12475000]: ch=0, y=11, x=17, val=-1
CONV1_PRE_RELU [t=12475000]: ch=1, y=11, x=17, val=-1
CONV1_PRE_RELU [t=12475000]: ch=2, y=11, x=17, val=-1
CONV1_PRE_RELU [t=12475000]: ch=3, y=11, x=17, val=-1
CONV1_PRE_RELU [t=12475000]: ch=4, y=11, x=17, val=-1
CONV1_PRE_RELU [t=12475000]: ch=5, y=11, x=17, val=-1
POOL1 [t=12475000]: ch=0, y=5, x=7, val=31
POOL1 [t=12475000]: ch=1, y=5, x=7, val=31
POOL1 [t=12475000]: ch=2, y=5, x=7, val=47
POOL1 [t=12475000]: ch=3, y=5, x=7, val=47
POOL1 [t=12475000]: ch=4, y=5, x=7, val=31
POOL1 [t=12475000]: ch=5, y=5, x=7, val=47
CONV1 [t=12485000]: ch=0, y=11, x=18, val=0
CONV1 [t=12485000]: ch=1, y=11, x=18, val=0
CONV1 [t=12485000]: ch=2, y=11, x=18, val=0
CONV1 [t=12485000]: ch=3, y=11, x=18, val=0
CONV1 [t=12485000]: ch=4, y=11, x=18, val=0
CONV1 [t=12485000]: ch=5, y=11, x=18, val=0
CONV1_PRE_RELU [t=12485000]: ch=0, y=11, x=18, val=-1
CONV1_PRE_RELU [t=12485000]: ch=1, y=11, x=18, val=-1
CONV1_PRE_RELU [t=12485000]: ch=2, y=11, x=18, val=-1
CONV1_PRE_RELU [t=12485000]: ch=3, y=11, x=18, val=-1
CONV1_PRE_RELU [t=12485000]: ch=4, y=11, x=18, val=-1
CONV1_PRE_RELU [t=12485000]: ch=5, y=11, x=18, val=-1
CONV1 [t=12495000]: ch=0, y=11, x=19, val=0
CONV1 [t=12495000]: ch=1, y=11, x=19, val=0
CONV1 [t=12495000]: ch=2, y=11, x=19, val=0
CONV1 [t=12495000]: ch=3, y=11, x=19, val=0
CONV1 [t=12495000]: ch=4, y=11, x=19, val=0
CONV1 [t=12495000]: ch=5, y=11, x=19, val=0
CONV1_PRE_RELU [t=12495000]: ch=0, y=11, x=19, val=-1
CONV1_PRE_RELU [t=12495000]: ch=1, y=11, x=19, val=-1
CONV1_PRE_RELU [t=12495000]: ch=2, y=11, x=19, val=-1
CONV1_PRE_RELU [t=12495000]: ch=3, y=11, x=19, val=-1
CONV1_PRE_RELU [t=12495000]: ch=4, y=11, x=19, val=-1
CONV1_PRE_RELU [t=12495000]: ch=5, y=11, x=19, val=-1
POOL1 [t=12495000]: ch=0, y=5, x=8, val=15
POOL1 [t=12495000]: ch=1, y=5, x=8, val=15
POOL1 [t=12495000]: ch=2, y=5, x=8, val=15
POOL1 [t=12495000]: ch=3, y=5, x=8, val=15
POOL1 [t=12495000]: ch=4, y=5, x=8, val=15
POOL1 [t=12495000]: ch=5, y=5, x=8, val=15
CONV1 [t=12505000]: ch=0, y=11, x=20, val=0
CONV1 [t=12505000]: ch=1, y=11, x=20, val=0
CONV1 [t=12505000]: ch=2, y=11, x=20, val=0
CONV1 [t=12505000]: ch=3, y=11, x=20, val=0
CONV1 [t=12505000]: ch=4, y=11, x=20, val=0
CONV1 [t=12505000]: ch=5, y=11, x=20, val=0
CONV1_PRE_RELU [t=12505000]: ch=0, y=11, x=20, val=-1
CONV1_PRE_RELU [t=12505000]: ch=1, y=11, x=20, val=-1
CONV1_PRE_RELU [t=12505000]: ch=2, y=11, x=20, val=-1
CONV1_PRE_RELU [t=12505000]: ch=3, y=11, x=20, val=-1
CONV1_PRE_RELU [t=12505000]: ch=4, y=11, x=20, val=-1
CONV1_PRE_RELU [t=12505000]: ch=5, y=11, x=20, val=-1
CONV1 [t=12515000]: ch=0, y=11, x=21, val=0
CONV1 [t=12515000]: ch=1, y=11, x=21, val=0
CONV1 [t=12515000]: ch=2, y=11, x=21, val=0
CONV1 [t=12515000]: ch=3, y=11, x=21, val=0
CONV1 [t=12515000]: ch=4, y=11, x=21, val=0
CONV1 [t=12515000]: ch=5, y=11, x=21, val=0
CONV1_PRE_RELU [t=12515000]: ch=0, y=11, x=21, val=-1
CONV1_PRE_RELU [t=12515000]: ch=1, y=11, x=21, val=-1
CONV1_PRE_RELU [t=12515000]: ch=2, y=11, x=21, val=-1
CONV1_PRE_RELU [t=12515000]: ch=3, y=11, x=21, val=-1
CONV1_PRE_RELU [t=12515000]: ch=4, y=11, x=21, val=-1
CONV1_PRE_RELU [t=12515000]: ch=5, y=11, x=21, val=-1
POOL1 [t=12515000]: ch=0, y=5, x=9, val=0
POOL1 [t=12515000]: ch=1, y=5, x=9, val=0
POOL1 [t=12515000]: ch=2, y=5, x=9, val=0
POOL1 [t=12515000]: ch=3, y=5, x=9, val=0
POOL1 [t=12515000]: ch=4, y=5, x=9, val=0
POOL1 [t=12515000]: ch=5, y=5, x=9, val=0
CONV1 [t=12525000]: ch=0, y=11, x=22, val=0
CONV1 [t=12525000]: ch=1, y=11, x=22, val=0
CONV1 [t=12525000]: ch=2, y=11, x=22, val=0
CONV1 [t=12525000]: ch=3, y=11, x=22, val=0
CONV1 [t=12525000]: ch=4, y=11, x=22, val=0
CONV1 [t=12525000]: ch=5, y=11, x=22, val=0
CONV1_PRE_RELU [t=12525000]: ch=0, y=11, x=22, val=-1
CONV1_PRE_RELU [t=12525000]: ch=1, y=11, x=22, val=-1
CONV1_PRE_RELU [t=12525000]: ch=2, y=11, x=22, val=-1
CONV1_PRE_RELU [t=12525000]: ch=3, y=11, x=22, val=-1
CONV1_PRE_RELU [t=12525000]: ch=4, y=11, x=22, val=-1
CONV1_PRE_RELU [t=12525000]: ch=5, y=11, x=22, val=-1
CONV1 [t=12535000]: ch=0, y=11, x=23, val=0
CONV1 [t=12535000]: ch=1, y=11, x=23, val=0
CONV1 [t=12535000]: ch=2, y=11, x=23, val=0
CONV1 [t=12535000]: ch=3, y=11, x=23, val=0
CONV1 [t=12535000]: ch=4, y=11, x=23, val=0
CONV1 [t=12535000]: ch=5, y=11, x=23, val=0
CONV1_PRE_RELU [t=12535000]: ch=0, y=11, x=23, val=-1
CONV1_PRE_RELU [t=12535000]: ch=1, y=11, x=23, val=-1
CONV1_PRE_RELU [t=12535000]: ch=2, y=11, x=23, val=-1
CONV1_PRE_RELU [t=12535000]: ch=3, y=11, x=23, val=-1
CONV1_PRE_RELU [t=12535000]: ch=4, y=11, x=23, val=-1
CONV1_PRE_RELU [t=12535000]: ch=5, y=11, x=23, val=-1
POOL1 [t=12535000]: ch=0, y=5, x=10, val=0
POOL1 [t=12535000]: ch=1, y=5, x=10, val=0
POOL1 [t=12535000]: ch=2, y=5, x=10, val=0
POOL1 [t=12535000]: ch=3, y=5, x=10, val=0
POOL1 [t=12535000]: ch=4, y=5, x=10, val=0
POOL1 [t=12535000]: ch=5, y=5, x=10, val=0
CONV1 [t=12545000]: ch=0, y=12, x=0, val=0
CONV1 [t=12545000]: ch=1, y=12, x=0, val=0
CONV1 [t=12545000]: ch=2, y=12, x=0, val=0
CONV1 [t=12545000]: ch=3, y=12, x=0, val=0
CONV1 [t=12545000]: ch=4, y=12, x=0, val=0
CONV1 [t=12545000]: ch=5, y=12, x=0, val=0
CONV1_PRE_RELU [t=12545000]: ch=0, y=12, x=0, val=-1
CONV1_PRE_RELU [t=12545000]: ch=1, y=12, x=0, val=-1
CONV1_PRE_RELU [t=12545000]: ch=2, y=12, x=0, val=-1
CONV1_PRE_RELU [t=12545000]: ch=3, y=12, x=0, val=-1
CONV1_PRE_RELU [t=12545000]: ch=4, y=12, x=0, val=-1
CONV1_PRE_RELU [t=12545000]: ch=5, y=12, x=0, val=-1
POOL1 [t=12555000]: ch=0, y=5, x=11, val=0
POOL1 [t=12555000]: ch=1, y=5, x=11, val=0
POOL1 [t=12555000]: ch=2, y=5, x=11, val=0
POOL1 [t=12555000]: ch=3, y=5, x=11, val=0
POOL1 [t=12555000]: ch=4, y=5, x=11, val=0
POOL1 [t=12555000]: ch=5, y=5, x=11, val=0
CONV1 [t=12595000]: ch=0, y=12, x=1, val=15
CONV1 [t=12595000]: ch=1, y=12, x=1, val=15
CONV1 [t=12595000]: ch=2, y=12, x=1, val=15
CONV1 [t=12595000]: ch=3, y=12, x=1, val=15
CONV1 [t=12595000]: ch=4, y=12, x=1, val=0
CONV1 [t=12595000]: ch=5, y=12, x=1, val=15
CONV1_PRE_RELU [t=12595000]: ch=0, y=12, x=1, val=31
CONV1_PRE_RELU [t=12595000]: ch=1, y=12, x=1, val=63
CONV1_PRE_RELU [t=12595000]: ch=2, y=12, x=1, val=-1
CONV1_PRE_RELU [t=12595000]: ch=3, y=12, x=1, val=15
CONV1_PRE_RELU [t=12595000]: ch=4, y=12, x=1, val=31
CONV1_PRE_RELU [t=12595000]: ch=5, y=12, x=1, val=31
CONV1 [t=12605000]: ch=0, y=12, x=2, val=31
CONV1 [t=12605000]: ch=1, y=12, x=2, val=47
CONV1 [t=12605000]: ch=2, y=12, x=2, val=0
CONV1 [t=12605000]: ch=3, y=12, x=2, val=15
CONV1 [t=12605000]: ch=4, y=12, x=2, val=15
CONV1 [t=12605000]: ch=5, y=12, x=2, val=15
CONV1_PRE_RELU [t=12605000]: ch=0, y=12, x=2, val=15
CONV1_PRE_RELU [t=12605000]: ch=1, y=12, x=2, val=31
CONV1_PRE_RELU [t=12605000]: ch=2, y=12, x=2, val=47
CONV1_PRE_RELU [t=12605000]: ch=3, y=12, x=2, val=63
CONV1_PRE_RELU [t=12605000]: ch=4, y=12, x=2, val=31
CONV1_PRE_RELU [t=12605000]: ch=5, y=12, x=2, val=63
CONV1 [t=12615000]: ch=0, y=12, x=3, val=31
CONV1 [t=12615000]: ch=1, y=12, x=3, val=63
CONV1 [t=12615000]: ch=2, y=12, x=3, val=0
CONV1 [t=12615000]: ch=3, y=12, x=3, val=15
CONV1 [t=12615000]: ch=4, y=12, x=3, val=31
CONV1 [t=12615000]: ch=5, y=12, x=3, val=31
CONV1_PRE_RELU [t=12615000]: ch=0, y=12, x=3, val=31
CONV1_PRE_RELU [t=12615000]: ch=1, y=12, x=3, val=15
CONV1_PRE_RELU [t=12615000]: ch=2, y=12, x=3, val=47
CONV1_PRE_RELU [t=12615000]: ch=3, y=12, x=3, val=31
CONV1_PRE_RELU [t=12615000]: ch=4, y=12, x=3, val=47
CONV1_PRE_RELU [t=12615000]: ch=5, y=12, x=3, val=31
CONV1 [t=12625000]: ch=0, y=12, x=4, val=15
CONV1 [t=12625000]: ch=1, y=12, x=4, val=31
CONV1 [t=12625000]: ch=2, y=12, x=4, val=47
CONV1 [t=12625000]: ch=3, y=12, x=4, val=63
CONV1 [t=12625000]: ch=4, y=12, x=4, val=31
CONV1 [t=12625000]: ch=5, y=12, x=4, val=63
CONV1_PRE_RELU [t=12625000]: ch=0, y=12, x=4, val=47
CONV1_PRE_RELU [t=12625000]: ch=1, y=12, x=4, val=-1
CONV1_PRE_RELU [t=12625000]: ch=2, y=12, x=4, val=63
CONV1_PRE_RELU [t=12625000]: ch=3, y=12, x=4, val=47
CONV1_PRE_RELU [t=12625000]: ch=4, y=12, x=4, val=31
CONV1_PRE_RELU [t=12625000]: ch=5, y=12, x=4, val=15
CONV1 [t=12635000]: ch=0, y=12, x=5, val=31
CONV1 [t=12635000]: ch=1, y=12, x=5, val=15
CONV1 [t=12635000]: ch=2, y=12, x=5, val=47
CONV1 [t=12635000]: ch=3, y=12, x=5, val=31
CONV1 [t=12635000]: ch=4, y=12, x=5, val=47
CONV1 [t=12635000]: ch=5, y=12, x=5, val=31
CONV1_PRE_RELU [t=12635000]: ch=0, y=12, x=5, val=31
CONV1_PRE_RELU [t=12635000]: ch=1, y=12, x=5, val=15
CONV1_PRE_RELU [t=12635000]: ch=2, y=12, x=5, val=47
CONV1_PRE_RELU [t=12635000]: ch=3, y=12, x=5, val=31
CONV1_PRE_RELU [t=12635000]: ch=4, y=12, x=5, val=47
CONV1_PRE_RELU [t=12635000]: ch=5, y=12, x=5, val=31
CONV1 [t=12645000]: ch=0, y=12, x=6, val=47
CONV1 [t=12645000]: ch=1, y=12, x=6, val=0
CONV1 [t=12645000]: ch=2, y=12, x=6, val=63
CONV1 [t=12645000]: ch=3, y=12, x=6, val=47
CONV1 [t=12645000]: ch=4, y=12, x=6, val=31
CONV1 [t=12645000]: ch=5, y=12, x=6, val=15
CONV1_PRE_RELU [t=12645000]: ch=0, y=12, x=6, val=47
CONV1_PRE_RELU [t=12645000]: ch=1, y=12, x=6, val=31
CONV1_PRE_RELU [t=12645000]: ch=2, y=12, x=6, val=31
CONV1_PRE_RELU [t=12645000]: ch=3, y=12, x=6, val=15
CONV1_PRE_RELU [t=12645000]: ch=4, y=12, x=6, val=31
CONV1_PRE_RELU [t=12645000]: ch=5, y=12, x=6, val=15
CONV1 [t=12655000]: ch=0, y=12, x=7, val=31
CONV1 [t=12655000]: ch=1, y=12, x=7, val=15
CONV1 [t=12655000]: ch=2, y=12, x=7, val=47
CONV1 [t=12655000]: ch=3, y=12, x=7, val=31
CONV1 [t=12655000]: ch=4, y=12, x=7, val=47
CONV1 [t=12655000]: ch=5, y=12, x=7, val=31
CONV1_PRE_RELU [t=12655000]: ch=0, y=12, x=7, val=31
CONV1_PRE_RELU [t=12655000]: ch=1, y=12, x=7, val=47
CONV1_PRE_RELU [t=12655000]: ch=2, y=12, x=7, val=15
CONV1_PRE_RELU [t=12655000]: ch=3, y=12, x=7, val=31
CONV1_PRE_RELU [t=12655000]: ch=4, y=12, x=7, val=15
CONV1_PRE_RELU [t=12655000]: ch=5, y=12, x=7, val=31
CONV1 [t=12665000]: ch=0, y=12, x=8, val=47
CONV1 [t=12665000]: ch=1, y=12, x=8, val=31
CONV1 [t=12665000]: ch=2, y=12, x=8, val=31
CONV1 [t=12665000]: ch=3, y=12, x=8, val=15
CONV1 [t=12665000]: ch=4, y=12, x=8, val=31
CONV1 [t=12665000]: ch=5, y=12, x=8, val=15
CONV1_PRE_RELU [t=12665000]: ch=0, y=12, x=8, val=15
CONV1_PRE_RELU [t=12665000]: ch=1, y=12, x=8, val=63
CONV1_PRE_RELU [t=12665000]: ch=2, y=12, x=8, val=-1
CONV1_PRE_RELU [t=12665000]: ch=3, y=12, x=8, val=15
CONV1_PRE_RELU [t=12665000]: ch=4, y=12, x=8, val=31
CONV1_PRE_RELU [t=12665000]: ch=5, y=12, x=8, val=47
CONV1 [t=12675000]: ch=0, y=12, x=9, val=31
CONV1 [t=12675000]: ch=1, y=12, x=9, val=47
CONV1 [t=12675000]: ch=2, y=12, x=9, val=15
CONV1 [t=12675000]: ch=3, y=12, x=9, val=31
CONV1 [t=12675000]: ch=4, y=12, x=9, val=15
CONV1 [t=12675000]: ch=5, y=12, x=9, val=31
CONV1_PRE_RELU [t=12675000]: ch=0, y=12, x=9, val=31
CONV1_PRE_RELU [t=12675000]: ch=1, y=12, x=9, val=47
CONV1_PRE_RELU [t=12675000]: ch=2, y=12, x=9, val=15
CONV1_PRE_RELU [t=12675000]: ch=3, y=12, x=9, val=31
CONV1_PRE_RELU [t=12675000]: ch=4, y=12, x=9, val=15
CONV1_PRE_RELU [t=12675000]: ch=5, y=12, x=9, val=31
CONV1 [t=12685000]: ch=0, y=12, x=10, val=15
CONV1 [t=12685000]: ch=1, y=12, x=10, val=63
CONV1 [t=12685000]: ch=2, y=12, x=10, val=0
CONV1 [t=12685000]: ch=3, y=12, x=10, val=15
CONV1 [t=12685000]: ch=4, y=12, x=10, val=31
CONV1 [t=12685000]: ch=5, y=12, x=10, val=47
CONV1_PRE_RELU [t=12685000]: ch=0, y=12, x=10, val=47
CONV1_PRE_RELU [t=12685000]: ch=1, y=12, x=10, val=63
CONV1_PRE_RELU [t=12685000]: ch=2, y=12, x=10, val=15
CONV1_PRE_RELU [t=12685000]: ch=3, y=12, x=10, val=31
CONV1_PRE_RELU [t=12685000]: ch=4, y=12, x=10, val=31
CONV1_PRE_RELU [t=12685000]: ch=5, y=12, x=10, val=31
CONV1 [t=12695000]: ch=0, y=12, x=11, val=31
CONV1 [t=12695000]: ch=1, y=12, x=11, val=47
CONV1 [t=12695000]: ch=2, y=12, x=11, val=15
CONV1 [t=12695000]: ch=3, y=12, x=11, val=31
CONV1 [t=12695000]: ch=4, y=12, x=11, val=15
CONV1 [t=12695000]: ch=5, y=12, x=11, val=31
CONV1_PRE_RELU [t=12695000]: ch=0, y=12, x=11, val=31
CONV1_PRE_RELU [t=12695000]: ch=1, y=12, x=11, val=47
CONV1_PRE_RELU [t=12695000]: ch=2, y=12, x=11, val=31
CONV1_PRE_RELU [t=12695000]: ch=3, y=12, x=11, val=47
CONV1_PRE_RELU [t=12695000]: ch=4, y=12, x=11, val=47
CONV1_PRE_RELU [t=12695000]: ch=5, y=12, x=11, val=47
CONV1 [t=12705000]: ch=0, y=12, x=12, val=47
CONV1 [t=12705000]: ch=1, y=12, x=12, val=63
CONV1 [t=12705000]: ch=2, y=12, x=12, val=15
CONV1 [t=12705000]: ch=3, y=12, x=12, val=31
CONV1 [t=12705000]: ch=4, y=12, x=12, val=31
CONV1 [t=12705000]: ch=5, y=12, x=12, val=31
CONV1_PRE_RELU [t=12705000]: ch=0, y=12, x=12, val=31
CONV1_PRE_RELU [t=12705000]: ch=1, y=12, x=12, val=15
CONV1_PRE_RELU [t=12705000]: ch=2, y=12, x=12, val=47
CONV1_PRE_RELU [t=12705000]: ch=3, y=12, x=12, val=31
CONV1_PRE_RELU [t=12705000]: ch=4, y=12, x=12, val=31
CONV1_PRE_RELU [t=12705000]: ch=5, y=12, x=12, val=31
CONV1 [t=12715000]: ch=0, y=12, x=13, val=31
CONV1 [t=12715000]: ch=1, y=12, x=13, val=47
CONV1 [t=12715000]: ch=2, y=12, x=13, val=31
CONV1 [t=12715000]: ch=3, y=12, x=13, val=47
CONV1 [t=12715000]: ch=4, y=12, x=13, val=47
CONV1 [t=12715000]: ch=5, y=12, x=13, val=47
CONV1_PRE_RELU [t=12715000]: ch=0, y=12, x=13, val=31
CONV1_PRE_RELU [t=12715000]: ch=1, y=12, x=13, val=-1
CONV1_PRE_RELU [t=12715000]: ch=2, y=12, x=13, val=31
CONV1_PRE_RELU [t=12715000]: ch=3, y=12, x=13, val=31
CONV1_PRE_RELU [t=12715000]: ch=4, y=12, x=13, val=-1
CONV1_PRE_RELU [t=12715000]: ch=5, y=12, x=13, val=-1
CONV1 [t=12725000]: ch=0, y=12, x=14, val=31
CONV1 [t=12725000]: ch=1, y=12, x=14, val=15
CONV1 [t=12725000]: ch=2, y=12, x=14, val=47
CONV1 [t=12725000]: ch=3, y=12, x=14, val=31
CONV1 [t=12725000]: ch=4, y=12, x=14, val=31
CONV1 [t=12725000]: ch=5, y=12, x=14, val=31
CONV1_PRE_RELU [t=12725000]: ch=0, y=12, x=14, val=-1
CONV1_PRE_RELU [t=12725000]: ch=1, y=12, x=14, val=15
CONV1_PRE_RELU [t=12725000]: ch=2, y=12, x=14, val=-1
CONV1_PRE_RELU [t=12725000]: ch=3, y=12, x=14, val=-1
CONV1_PRE_RELU [t=12725000]: ch=4, y=12, x=14, val=15
CONV1_PRE_RELU [t=12725000]: ch=5, y=12, x=14, val=15
CONV1 [t=12735000]: ch=0, y=12, x=15, val=31
CONV1 [t=12735000]: ch=1, y=12, x=15, val=0
CONV1 [t=12735000]: ch=2, y=12, x=15, val=31
CONV1 [t=12735000]: ch=3, y=12, x=15, val=31
CONV1 [t=12735000]: ch=4, y=12, x=15, val=0
CONV1 [t=12735000]: ch=5, y=12, x=15, val=0
CONV1_PRE_RELU [t=12735000]: ch=0, y=12, x=15, val=-1
CONV1_PRE_RELU [t=12735000]: ch=1, y=12, x=15, val=-1
CONV1_PRE_RELU [t=12735000]: ch=2, y=12, x=15, val=-1
CONV1_PRE_RELU [t=12735000]: ch=3, y=12, x=15, val=-1
CONV1_PRE_RELU [t=12735000]: ch=4, y=12, x=15, val=-1
CONV1_PRE_RELU [t=12735000]: ch=5, y=12, x=15, val=-1
CONV1 [t=12745000]: ch=0, y=12, x=16, val=0
CONV1 [t=12745000]: ch=1, y=12, x=16, val=15
CONV1 [t=12745000]: ch=2, y=12, x=16, val=0
CONV1 [t=12745000]: ch=3, y=12, x=16, val=0
CONV1 [t=12745000]: ch=4, y=12, x=16, val=15
CONV1 [t=12745000]: ch=5, y=12, x=16, val=15
CONV1_PRE_RELU [t=12745000]: ch=0, y=12, x=16, val=-1
CONV1_PRE_RELU [t=12745000]: ch=1, y=12, x=16, val=-1
CONV1_PRE_RELU [t=12745000]: ch=2, y=12, x=16, val=-1
CONV1_PRE_RELU [t=12745000]: ch=3, y=12, x=16, val=-1
CONV1_PRE_RELU [t=12745000]: ch=4, y=12, x=16, val=-1
CONV1_PRE_RELU [t=12745000]: ch=5, y=12, x=16, val=-1
CONV1 [t=12755000]: ch=0, y=12, x=17, val=0
CONV1 [t=12755000]: ch=1, y=12, x=17, val=0
CONV1 [t=12755000]: ch=2, y=12, x=17, val=0
CONV1 [t=12755000]: ch=3, y=12, x=17, val=0
CONV1 [t=12755000]: ch=4, y=12, x=17, val=0
CONV1 [t=12755000]: ch=5, y=12, x=17, val=0
CONV1_PRE_RELU [t=12755000]: ch=0, y=12, x=17, val=-1
CONV1_PRE_RELU [t=12755000]: ch=1, y=12, x=17, val=-1
CONV1_PRE_RELU [t=12755000]: ch=2, y=12, x=17, val=-1
CONV1_PRE_RELU [t=12755000]: ch=3, y=12, x=17, val=-1
CONV1_PRE_RELU [t=12755000]: ch=4, y=12, x=17, val=-1
CONV1_PRE_RELU [t=12755000]: ch=5, y=12, x=17, val=-1
CONV1 [t=12765000]: ch=0, y=12, x=18, val=0
CONV1 [t=12765000]: ch=1, y=12, x=18, val=0
CONV1 [t=12765000]: ch=2, y=12, x=18, val=0
CONV1 [t=12765000]: ch=3, y=12, x=18, val=0
CONV1 [t=12765000]: ch=4, y=12, x=18, val=0
CONV1 [t=12765000]: ch=5, y=12, x=18, val=0
CONV1_PRE_RELU [t=12765000]: ch=0, y=12, x=18, val=-1
CONV1_PRE_RELU [t=12765000]: ch=1, y=12, x=18, val=-1
CONV1_PRE_RELU [t=12765000]: ch=2, y=12, x=18, val=-1
CONV1_PRE_RELU [t=12765000]: ch=3, y=12, x=18, val=-1
CONV1_PRE_RELU [t=12765000]: ch=4, y=12, x=18, val=-1
CONV1_PRE_RELU [t=12765000]: ch=5, y=12, x=18, val=-1
CONV1 [t=12775000]: ch=0, y=12, x=19, val=0
CONV1 [t=12775000]: ch=1, y=12, x=19, val=0
CONV1 [t=12775000]: ch=2, y=12, x=19, val=0
CONV1 [t=12775000]: ch=3, y=12, x=19, val=0
CONV1 [t=12775000]: ch=4, y=12, x=19, val=0
CONV1 [t=12775000]: ch=5, y=12, x=19, val=0
CONV1_PRE_RELU [t=12775000]: ch=0, y=12, x=19, val=-1
CONV1_PRE_RELU [t=12775000]: ch=1, y=12, x=19, val=-1
CONV1_PRE_RELU [t=12775000]: ch=2, y=12, x=19, val=-1
CONV1_PRE_RELU [t=12775000]: ch=3, y=12, x=19, val=-1
CONV1_PRE_RELU [t=12775000]: ch=4, y=12, x=19, val=-1
CONV1_PRE_RELU [t=12775000]: ch=5, y=12, x=19, val=-1
CONV1 [t=12785000]: ch=0, y=12, x=20, val=0
CONV1 [t=12785000]: ch=1, y=12, x=20, val=0
CONV1 [t=12785000]: ch=2, y=12, x=20, val=0
CONV1 [t=12785000]: ch=3, y=12, x=20, val=0
CONV1 [t=12785000]: ch=4, y=12, x=20, val=0
CONV1 [t=12785000]: ch=5, y=12, x=20, val=0
CONV1_PRE_RELU [t=12785000]: ch=0, y=12, x=20, val=-1
CONV1_PRE_RELU [t=12785000]: ch=1, y=12, x=20, val=-1
CONV1_PRE_RELU [t=12785000]: ch=2, y=12, x=20, val=-1
CONV1_PRE_RELU [t=12785000]: ch=3, y=12, x=20, val=-1
CONV1_PRE_RELU [t=12785000]: ch=4, y=12, x=20, val=-1
CONV1_PRE_RELU [t=12785000]: ch=5, y=12, x=20, val=-1
CONV1 [t=12795000]: ch=0, y=12, x=21, val=0
CONV1 [t=12795000]: ch=1, y=12, x=21, val=0
CONV1 [t=12795000]: ch=2, y=12, x=21, val=0
CONV1 [t=12795000]: ch=3, y=12, x=21, val=0
CONV1 [t=12795000]: ch=4, y=12, x=21, val=0
CONV1 [t=12795000]: ch=5, y=12, x=21, val=0
CONV1_PRE_RELU [t=12795000]: ch=0, y=12, x=21, val=-1
CONV1_PRE_RELU [t=12795000]: ch=1, y=12, x=21, val=-1
CONV1_PRE_RELU [t=12795000]: ch=2, y=12, x=21, val=-1
CONV1_PRE_RELU [t=12795000]: ch=3, y=12, x=21, val=-1
CONV1_PRE_RELU [t=12795000]: ch=4, y=12, x=21, val=-1
CONV1_PRE_RELU [t=12795000]: ch=5, y=12, x=21, val=-1
CONV1 [t=12805000]: ch=0, y=12, x=22, val=0
CONV1 [t=12805000]: ch=1, y=12, x=22, val=0
CONV1 [t=12805000]: ch=2, y=12, x=22, val=0
CONV1 [t=12805000]: ch=3, y=12, x=22, val=0
CONV1 [t=12805000]: ch=4, y=12, x=22, val=0
CONV1 [t=12805000]: ch=5, y=12, x=22, val=0
CONV1_PRE_RELU [t=12805000]: ch=0, y=12, x=22, val=-1
CONV1_PRE_RELU [t=12805000]: ch=1, y=12, x=22, val=-1
CONV1_PRE_RELU [t=12805000]: ch=2, y=12, x=22, val=-1
CONV1_PRE_RELU [t=12805000]: ch=3, y=12, x=22, val=-1
CONV1_PRE_RELU [t=12805000]: ch=4, y=12, x=22, val=-1
CONV1_PRE_RELU [t=12805000]: ch=5, y=12, x=22, val=-1
CONV1 [t=12815000]: ch=0, y=12, x=23, val=0
CONV1 [t=12815000]: ch=1, y=12, x=23, val=0
CONV1 [t=12815000]: ch=2, y=12, x=23, val=0
CONV1 [t=12815000]: ch=3, y=12, x=23, val=0
CONV1 [t=12815000]: ch=4, y=12, x=23, val=0
CONV1 [t=12815000]: ch=5, y=12, x=23, val=0
CONV1_PRE_RELU [t=12815000]: ch=0, y=12, x=23, val=-1
CONV1_PRE_RELU [t=12815000]: ch=1, y=12, x=23, val=-1
CONV1_PRE_RELU [t=12815000]: ch=2, y=12, x=23, val=-1
CONV1_PRE_RELU [t=12815000]: ch=3, y=12, x=23, val=-1
CONV1_PRE_RELU [t=12815000]: ch=4, y=12, x=23, val=-1
CONV1_PRE_RELU [t=12815000]: ch=5, y=12, x=23, val=-1
CONV1 [t=12825000]: ch=0, y=13, x=0, val=0
CONV1 [t=12825000]: ch=1, y=13, x=0, val=0
CONV1 [t=12825000]: ch=2, y=13, x=0, val=0
CONV1 [t=12825000]: ch=3, y=13, x=0, val=0
CONV1 [t=12825000]: ch=4, y=13, x=0, val=0
CONV1 [t=12825000]: ch=5, y=13, x=0, val=0
CONV1_PRE_RELU [t=12825000]: ch=0, y=13, x=0, val=-1
CONV1_PRE_RELU [t=12825000]: ch=1, y=13, x=0, val=-1
CONV1_PRE_RELU [t=12825000]: ch=2, y=13, x=0, val=-1
CONV1_PRE_RELU [t=12825000]: ch=3, y=13, x=0, val=-1
CONV1_PRE_RELU [t=12825000]: ch=4, y=13, x=0, val=-1
CONV1_PRE_RELU [t=12825000]: ch=5, y=13, x=0, val=-1
CONV1 [t=12875000]: ch=0, y=13, x=1, val=15
CONV1 [t=12875000]: ch=1, y=13, x=1, val=15
CONV1 [t=12875000]: ch=2, y=13, x=1, val=15
CONV1 [t=12875000]: ch=3, y=13, x=1, val=15
CONV1 [t=12875000]: ch=4, y=13, x=1, val=31
CONV1 [t=12875000]: ch=5, y=13, x=1, val=15
CONV1_PRE_RELU [t=12875000]: ch=0, y=13, x=1, val=31
CONV1_PRE_RELU [t=12875000]: ch=1, y=13, x=1, val=31
CONV1_PRE_RELU [t=12875000]: ch=2, y=13, x=1, val=15
CONV1_PRE_RELU [t=12875000]: ch=3, y=13, x=1, val=31
CONV1_PRE_RELU [t=12875000]: ch=4, y=13, x=1, val=-1
CONV1_PRE_RELU [t=12875000]: ch=5, y=13, x=1, val=15
CONV1 [t=12885000]: ch=0, y=13, x=2, val=31
CONV1 [t=12885000]: ch=1, y=13, x=2, val=15
CONV1 [t=12885000]: ch=2, y=13, x=2, val=15
CONV1 [t=12885000]: ch=3, y=13, x=2, val=0
CONV1 [t=12885000]: ch=4, y=13, x=2, val=15
CONV1 [t=12885000]: ch=5, y=13, x=2, val=0
CONV1_PRE_RELU [t=12885000]: ch=0, y=13, x=2, val=15
CONV1_PRE_RELU [t=12885000]: ch=1, y=13, x=2, val=63
CONV1_PRE_RELU [t=12885000]: ch=2, y=13, x=2, val=-1
CONV1_PRE_RELU [t=12885000]: ch=3, y=13, x=2, val=15
CONV1_PRE_RELU [t=12885000]: ch=4, y=13, x=2, val=31
CONV1_PRE_RELU [t=12885000]: ch=5, y=13, x=2, val=47
CONV1 [t=12895000]: ch=0, y=13, x=3, val=31
CONV1 [t=12895000]: ch=1, y=13, x=3, val=31
CONV1 [t=12895000]: ch=2, y=13, x=3, val=15
CONV1 [t=12895000]: ch=3, y=13, x=3, val=31
CONV1 [t=12895000]: ch=4, y=13, x=3, val=0
CONV1 [t=12895000]: ch=5, y=13, x=3, val=15
CONV1_PRE_RELU [t=12895000]: ch=0, y=13, x=3, val=31
CONV1_PRE_RELU [t=12895000]: ch=1, y=13, x=3, val=47
CONV1_PRE_RELU [t=12895000]: ch=2, y=13, x=3, val=15
CONV1_PRE_RELU [t=12895000]: ch=3, y=13, x=3, val=31
CONV1_PRE_RELU [t=12895000]: ch=4, y=13, x=3, val=15
CONV1_PRE_RELU [t=12895000]: ch=5, y=13, x=3, val=31
POOL1 [t=12895000]: ch=0, y=6, x=0, val=15
POOL1 [t=12895000]: ch=1, y=6, x=0, val=15
POOL1 [t=12895000]: ch=2, y=6, x=0, val=15
POOL1 [t=12895000]: ch=3, y=6, x=0, val=15
POOL1 [t=12895000]: ch=4, y=6, x=0, val=31
POOL1 [t=12895000]: ch=5, y=6, x=0, val=15
CONV1 [t=12905000]: ch=0, y=13, x=4, val=15
CONV1 [t=12905000]: ch=1, y=13, x=4, val=63
CONV1 [t=12905000]: ch=2, y=13, x=4, val=0
CONV1 [t=12905000]: ch=3, y=13, x=4, val=15
CONV1 [t=12905000]: ch=4, y=13, x=4, val=31
CONV1 [t=12905000]: ch=5, y=13, x=4, val=47
CONV1_PRE_RELU [t=12905000]: ch=0, y=13, x=4, val=31
CONV1_PRE_RELU [t=12905000]: ch=1, y=13, x=4, val=47
CONV1_PRE_RELU [t=12905000]: ch=2, y=13, x=4, val=15
CONV1_PRE_RELU [t=12905000]: ch=3, y=13, x=4, val=31
CONV1_PRE_RELU [t=12905000]: ch=4, y=13, x=4, val=15
CONV1_PRE_RELU [t=12905000]: ch=5, y=13, x=4, val=31
CONV1 [t=12915000]: ch=0, y=13, x=5, val=31
CONV1 [t=12915000]: ch=1, y=13, x=5, val=47
CONV1 [t=12915000]: ch=2, y=13, x=5, val=15
CONV1 [t=12915000]: ch=3, y=13, x=5, val=31
CONV1 [t=12915000]: ch=4, y=13, x=5, val=15
CONV1 [t=12915000]: ch=5, y=13, x=5, val=31
CONV1_PRE_RELU [t=12915000]: ch=0, y=13, x=5, val=31
CONV1_PRE_RELU [t=12915000]: ch=1, y=13, x=5, val=47
CONV1_PRE_RELU [t=12915000]: ch=2, y=13, x=5, val=15
CONV1_PRE_RELU [t=12915000]: ch=3, y=13, x=5, val=31
CONV1_PRE_RELU [t=12915000]: ch=4, y=13, x=5, val=15
CONV1_PRE_RELU [t=12915000]: ch=5, y=13, x=5, val=31
POOL1 [t=12915000]: ch=0, y=6, x=1, val=31
POOL1 [t=12915000]: ch=1, y=6, x=1, val=63
POOL1 [t=12915000]: ch=2, y=6, x=1, val=15
POOL1 [t=12915000]: ch=3, y=6, x=1, val=31
POOL1 [t=12915000]: ch=4, y=6, x=1, val=31
POOL1 [t=12915000]: ch=5, y=6, x=1, val=31
CONV1 [t=12925000]: ch=0, y=13, x=6, val=31
CONV1 [t=12925000]: ch=1, y=13, x=6, val=47
CONV1 [t=12925000]: ch=2, y=13, x=6, val=15
CONV1 [t=12925000]: ch=3, y=13, x=6, val=31
CONV1 [t=12925000]: ch=4, y=13, x=6, val=15
CONV1 [t=12925000]: ch=5, y=13, x=6, val=31
CONV1_PRE_RELU [t=12925000]: ch=0, y=13, x=6, val=31
CONV1_PRE_RELU [t=12925000]: ch=1, y=13, x=6, val=47
CONV1_PRE_RELU [t=12925000]: ch=2, y=13, x=6, val=15
CONV1_PRE_RELU [t=12925000]: ch=3, y=13, x=6, val=31
CONV1_PRE_RELU [t=12925000]: ch=4, y=13, x=6, val=15
CONV1_PRE_RELU [t=12925000]: ch=5, y=13, x=6, val=31
CONV1 [t=12935000]: ch=0, y=13, x=7, val=31
CONV1 [t=12935000]: ch=1, y=13, x=7, val=47
CONV1 [t=12935000]: ch=2, y=13, x=7, val=15
CONV1 [t=12935000]: ch=3, y=13, x=7, val=31
CONV1 [t=12935000]: ch=4, y=13, x=7, val=15
CONV1 [t=12935000]: ch=5, y=13, x=7, val=31
CONV1_PRE_RELU [t=12935000]: ch=0, y=13, x=7, val=31
CONV1_PRE_RELU [t=12935000]: ch=1, y=13, x=7, val=47
CONV1_PRE_RELU [t=12935000]: ch=2, y=13, x=7, val=15
CONV1_PRE_RELU [t=12935000]: ch=3, y=13, x=7, val=31
CONV1_PRE_RELU [t=12935000]: ch=4, y=13, x=7, val=15
CONV1_PRE_RELU [t=12935000]: ch=5, y=13, x=7, val=31
POOL1 [t=12935000]: ch=0, y=6, x=2, val=31
POOL1 [t=12935000]: ch=1, y=6, x=2, val=63
POOL1 [t=12935000]: ch=2, y=6, x=2, val=47
POOL1 [t=12935000]: ch=3, y=6, x=2, val=63
POOL1 [t=12935000]: ch=4, y=6, x=2, val=47
POOL1 [t=12935000]: ch=5, y=6, x=2, val=63
CONV1 [t=12945000]: ch=0, y=13, x=8, val=31
CONV1 [t=12945000]: ch=1, y=13, x=8, val=47
CONV1 [t=12945000]: ch=2, y=13, x=8, val=15
CONV1 [t=12945000]: ch=3, y=13, x=8, val=31
CONV1 [t=12945000]: ch=4, y=13, x=8, val=15
CONV1 [t=12945000]: ch=5, y=13, x=8, val=31
CONV1_PRE_RELU [t=12945000]: ch=0, y=13, x=8, val=47
CONV1_PRE_RELU [t=12945000]: ch=1, y=13, x=8, val=63
CONV1_PRE_RELU [t=12945000]: ch=2, y=13, x=8, val=15
CONV1_PRE_RELU [t=12945000]: ch=3, y=13, x=8, val=31
CONV1_PRE_RELU [t=12945000]: ch=4, y=13, x=8, val=31
CONV1_PRE_RELU [t=12945000]: ch=5, y=13, x=8, val=31
CONV1 [t=12955000]: ch=0, y=13, x=9, val=31
CONV1 [t=12955000]: ch=1, y=13, x=9, val=47
CONV1 [t=12955000]: ch=2, y=13, x=9, val=15
CONV1 [t=12955000]: ch=3, y=13, x=9, val=31
CONV1 [t=12955000]: ch=4, y=13, x=9, val=15
CONV1 [t=12955000]: ch=5, y=13, x=9, val=31
CONV1_PRE_RELU [t=12955000]: ch=0, y=13, x=9, val=47
CONV1_PRE_RELU [t=12955000]: ch=1, y=13, x=9, val=63
CONV1_PRE_RELU [t=12955000]: ch=2, y=13, x=9, val=15
CONV1_PRE_RELU [t=12955000]: ch=3, y=13, x=9, val=31
CONV1_PRE_RELU [t=12955000]: ch=4, y=13, x=9, val=31
CONV1_PRE_RELU [t=12955000]: ch=5, y=13, x=9, val=31
POOL1 [t=12955000]: ch=0, y=6, x=3, val=47
POOL1 [t=12955000]: ch=1, y=6, x=3, val=47
POOL1 [t=12955000]: ch=2, y=6, x=3, val=63
POOL1 [t=12955000]: ch=3, y=6, x=3, val=47
POOL1 [t=12955000]: ch=4, y=6, x=3, val=47
POOL1 [t=12955000]: ch=5, y=6, x=3, val=31
CONV1 [t=12965000]: ch=0, y=13, x=10, val=47
CONV1 [t=12965000]: ch=1, y=13, x=10, val=63
CONV1 [t=12965000]: ch=2, y=13, x=10, val=15
CONV1 [t=12965000]: ch=3, y=13, x=10, val=31
CONV1 [t=12965000]: ch=4, y=13, x=10, val=31
CONV1 [t=12965000]: ch=5, y=13, x=10, val=31
CONV1_PRE_RELU [t=12965000]: ch=0, y=13, x=10, val=47
CONV1_PRE_RELU [t=12965000]: ch=1, y=13, x=10, val=63
CONV1_PRE_RELU [t=12965000]: ch=2, y=13, x=10, val=15
CONV1_PRE_RELU [t=12965000]: ch=3, y=13, x=10, val=31
CONV1_PRE_RELU [t=12965000]: ch=4, y=13, x=10, val=31
CONV1_PRE_RELU [t=12965000]: ch=5, y=13, x=10, val=31
CONV1 [t=12975000]: ch=0, y=13, x=11, val=47
CONV1 [t=12975000]: ch=1, y=13, x=11, val=63
CONV1 [t=12975000]: ch=2, y=13, x=11, val=15
CONV1 [t=12975000]: ch=3, y=13, x=11, val=31
CONV1 [t=12975000]: ch=4, y=13, x=11, val=31
CONV1 [t=12975000]: ch=5, y=13, x=11, val=31
CONV1_PRE_RELU [t=12975000]: ch=0, y=13, x=11, val=15
CONV1_PRE_RELU [t=12975000]: ch=1, y=13, x=11, val=31
CONV1_PRE_RELU [t=12975000]: ch=2, y=13, x=11, val=31
CONV1_PRE_RELU [t=12975000]: ch=3, y=13, x=11, val=47
CONV1_PRE_RELU [t=12975000]: ch=4, y=13, x=11, val=31
CONV1_PRE_RELU [t=12975000]: ch=5, y=13, x=11, val=47
POOL1 [t=12975000]: ch=0, y=6, x=4, val=47
POOL1 [t=12975000]: ch=1, y=6, x=4, val=47
POOL1 [t=12975000]: ch=2, y=6, x=4, val=31
POOL1 [t=12975000]: ch=3, y=6, x=4, val=31
POOL1 [t=12975000]: ch=4, y=6, x=4, val=31
POOL1 [t=12975000]: ch=5, y=6, x=4, val=31
CONV1 [t=12985000]: ch=0, y=13, x=12, val=47
CONV1 [t=12985000]: ch=1, y=13, x=12, val=63
CONV1 [t=12985000]: ch=2, y=13, x=12, val=15
CONV1 [t=12985000]: ch=3, y=13, x=12, val=31
CONV1 [t=12985000]: ch=4, y=13, x=12, val=31
CONV1 [t=12985000]: ch=5, y=13, x=12, val=31
CONV1_PRE_RELU [t=12985000]: ch=0, y=13, x=12, val=31
CONV1_PRE_RELU [t=12985000]: ch=1, y=13, x=12, val=15
CONV1_PRE_RELU [t=12985000]: ch=2, y=13, x=12, val=31
CONV1_PRE_RELU [t=12985000]: ch=3, y=13, x=12, val=15
CONV1_PRE_RELU [t=12985000]: ch=4, y=13, x=12, val=31
CONV1_PRE_RELU [t=12985000]: ch=5, y=13, x=12, val=15
CONV1 [t=12995000]: ch=0, y=13, x=13, val=15
CONV1 [t=12995000]: ch=1, y=13, x=13, val=31
CONV1 [t=12995000]: ch=2, y=13, x=13, val=31
CONV1 [t=12995000]: ch=3, y=13, x=13, val=47
CONV1 [t=12995000]: ch=4, y=13, x=13, val=31
CONV1 [t=12995000]: ch=5, y=13, x=13, val=47
CONV1_PRE_RELU [t=12995000]: ch=0, y=13, x=13, val=31
CONV1_PRE_RELU [t=12995000]: ch=1, y=13, x=13, val=-1
CONV1_PRE_RELU [t=12995000]: ch=2, y=13, x=13, val=31
CONV1_PRE_RELU [t=12995000]: ch=3, y=13, x=13, val=31
CONV1_PRE_RELU [t=12995000]: ch=4, y=13, x=13, val=-1
CONV1_PRE_RELU [t=12995000]: ch=5, y=13, x=13, val=-1
POOL1 [t=12995000]: ch=0, y=6, x=5, val=47
POOL1 [t=12995000]: ch=1, y=6, x=5, val=63
POOL1 [t=12995000]: ch=2, y=6, x=5, val=15
POOL1 [t=12995000]: ch=3, y=6, x=5, val=31
POOL1 [t=12995000]: ch=4, y=6, x=5, val=31
POOL1 [t=12995000]: ch=5, y=6, x=5, val=47
CONV1 [t=13005000]: ch=0, y=13, x=14, val=31
CONV1 [t=13005000]: ch=1, y=13, x=14, val=15
CONV1 [t=13005000]: ch=2, y=13, x=14, val=31
CONV1 [t=13005000]: ch=3, y=13, x=14, val=15
CONV1 [t=13005000]: ch=4, y=13, x=14, val=31
CONV1 [t=13005000]: ch=5, y=13, x=14, val=15
CONV1_PRE_RELU [t=13005000]: ch=0, y=13, x=14, val=-1
CONV1_PRE_RELU [t=13005000]: ch=1, y=13, x=14, val=15
CONV1_PRE_RELU [t=13005000]: ch=2, y=13, x=14, val=-1
CONV1_PRE_RELU [t=13005000]: ch=3, y=13, x=14, val=-1
CONV1_PRE_RELU [t=13005000]: ch=4, y=13, x=14, val=15
CONV1_PRE_RELU [t=13005000]: ch=5, y=13, x=14, val=15
CONV1 [t=13015000]: ch=0, y=13, x=15, val=31
CONV1 [t=13015000]: ch=1, y=13, x=15, val=0
CONV1 [t=13015000]: ch=2, y=13, x=15, val=31
CONV1 [t=13015000]: ch=3, y=13, x=15, val=31
CONV1 [t=13015000]: ch=4, y=13, x=15, val=0
CONV1 [t=13015000]: ch=5, y=13, x=15, val=0
CONV1_PRE_RELU [t=13015000]: ch=0, y=13, x=15, val=-1
CONV1_PRE_RELU [t=13015000]: ch=1, y=13, x=15, val=-1
CONV1_PRE_RELU [t=13015000]: ch=2, y=13, x=15, val=-1
CONV1_PRE_RELU [t=13015000]: ch=3, y=13, x=15, val=-1
CONV1_PRE_RELU [t=13015000]: ch=4, y=13, x=15, val=-1
CONV1_PRE_RELU [t=13015000]: ch=5, y=13, x=15, val=-1
POOL1 [t=13015000]: ch=0, y=6, x=6, val=47
POOL1 [t=13015000]: ch=1, y=6, x=6, val=63
POOL1 [t=13015000]: ch=2, y=6, x=6, val=31
POOL1 [t=13015000]: ch=3, y=6, x=6, val=47
POOL1 [t=13015000]: ch=4, y=6, x=6, val=47
POOL1 [t=13015000]: ch=5, y=6, x=6, val=47
CONV1 [t=13025000]: ch=0, y=13, x=16, val=0
CONV1 [t=13025000]: ch=1, y=13, x=16, val=15
CONV1 [t=13025000]: ch=2, y=13, x=16, val=0
CONV1 [t=13025000]: ch=3, y=13, x=16, val=0
CONV1 [t=13025000]: ch=4, y=13, x=16, val=15
CONV1 [t=13025000]: ch=5, y=13, x=16, val=15
CONV1_PRE_RELU [t=13025000]: ch=0, y=13, x=16, val=-1
CONV1_PRE_RELU [t=13025000]: ch=1, y=13, x=16, val=-1
CONV1_PRE_RELU [t=13025000]: ch=2, y=13, x=16, val=-1
CONV1_PRE_RELU [t=13025000]: ch=3, y=13, x=16, val=-1
CONV1_PRE_RELU [t=13025000]: ch=4, y=13, x=16, val=-1
CONV1_PRE_RELU [t=13025000]: ch=5, y=13, x=16, val=-1
CONV1 [t=13035000]: ch=0, y=13, x=17, val=0
CONV1 [t=13035000]: ch=1, y=13, x=17, val=0
CONV1 [t=13035000]: ch=2, y=13, x=17, val=0
CONV1 [t=13035000]: ch=3, y=13, x=17, val=0
CONV1 [t=13035000]: ch=4, y=13, x=17, val=0
CONV1 [t=13035000]: ch=5, y=13, x=17, val=0
CONV1_PRE_RELU [t=13035000]: ch=0, y=13, x=17, val=-1
CONV1_PRE_RELU [t=13035000]: ch=1, y=13, x=17, val=-1
CONV1_PRE_RELU [t=13035000]: ch=2, y=13, x=17, val=-1
CONV1_PRE_RELU [t=13035000]: ch=3, y=13, x=17, val=-1
CONV1_PRE_RELU [t=13035000]: ch=4, y=13, x=17, val=-1
CONV1_PRE_RELU [t=13035000]: ch=5, y=13, x=17, val=-1
POOL1 [t=13035000]: ch=0, y=6, x=7, val=31
POOL1 [t=13035000]: ch=1, y=6, x=7, val=15
POOL1 [t=13035000]: ch=2, y=6, x=7, val=47
POOL1 [t=13035000]: ch=3, y=6, x=7, val=31
POOL1 [t=13035000]: ch=4, y=6, x=7, val=31
POOL1 [t=13035000]: ch=5, y=6, x=7, val=31
CONV1 [t=13045000]: ch=0, y=13, x=18, val=0
CONV1 [t=13045000]: ch=1, y=13, x=18, val=0
CONV1 [t=13045000]: ch=2, y=13, x=18, val=0
CONV1 [t=13045000]: ch=3, y=13, x=18, val=0
CONV1 [t=13045000]: ch=4, y=13, x=18, val=0
CONV1 [t=13045000]: ch=5, y=13, x=18, val=0
CONV1_PRE_RELU [t=13045000]: ch=0, y=13, x=18, val=-1
CONV1_PRE_RELU [t=13045000]: ch=1, y=13, x=18, val=-1
CONV1_PRE_RELU [t=13045000]: ch=2, y=13, x=18, val=-1
CONV1_PRE_RELU [t=13045000]: ch=3, y=13, x=18, val=-1
CONV1_PRE_RELU [t=13045000]: ch=4, y=13, x=18, val=-1
CONV1_PRE_RELU [t=13045000]: ch=5, y=13, x=18, val=-1
CONV1 [t=13055000]: ch=0, y=13, x=19, val=0
CONV1 [t=13055000]: ch=1, y=13, x=19, val=0
CONV1 [t=13055000]: ch=2, y=13, x=19, val=0
CONV1 [t=13055000]: ch=3, y=13, x=19, val=0
CONV1 [t=13055000]: ch=4, y=13, x=19, val=0
CONV1 [t=13055000]: ch=5, y=13, x=19, val=0
CONV1_PRE_RELU [t=13055000]: ch=0, y=13, x=19, val=-1
CONV1_PRE_RELU [t=13055000]: ch=1, y=13, x=19, val=-1
CONV1_PRE_RELU [t=13055000]: ch=2, y=13, x=19, val=-1
CONV1_PRE_RELU [t=13055000]: ch=3, y=13, x=19, val=-1
CONV1_PRE_RELU [t=13055000]: ch=4, y=13, x=19, val=-1
CONV1_PRE_RELU [t=13055000]: ch=5, y=13, x=19, val=-1
POOL1 [t=13055000]: ch=0, y=6, x=8, val=0
POOL1 [t=13055000]: ch=1, y=6, x=8, val=15
POOL1 [t=13055000]: ch=2, y=6, x=8, val=0
POOL1 [t=13055000]: ch=3, y=6, x=8, val=0
POOL1 [t=13055000]: ch=4, y=6, x=8, val=15
POOL1 [t=13055000]: ch=5, y=6, x=8, val=15
CONV1 [t=13065000]: ch=0, y=13, x=20, val=0
CONV1 [t=13065000]: ch=1, y=13, x=20, val=0
CONV1 [t=13065000]: ch=2, y=13, x=20, val=0
CONV1 [t=13065000]: ch=3, y=13, x=20, val=0
CONV1 [t=13065000]: ch=4, y=13, x=20, val=0
CONV1 [t=13065000]: ch=5, y=13, x=20, val=0
CONV1_PRE_RELU [t=13065000]: ch=0, y=13, x=20, val=-1
CONV1_PRE_RELU [t=13065000]: ch=1, y=13, x=20, val=-1
CONV1_PRE_RELU [t=13065000]: ch=2, y=13, x=20, val=-1
CONV1_PRE_RELU [t=13065000]: ch=3, y=13, x=20, val=-1
CONV1_PRE_RELU [t=13065000]: ch=4, y=13, x=20, val=-1
CONV1_PRE_RELU [t=13065000]: ch=5, y=13, x=20, val=-1
CONV1 [t=13075000]: ch=0, y=13, x=21, val=0
CONV1 [t=13075000]: ch=1, y=13, x=21, val=0
CONV1 [t=13075000]: ch=2, y=13, x=21, val=0
CONV1 [t=13075000]: ch=3, y=13, x=21, val=0
CONV1 [t=13075000]: ch=4, y=13, x=21, val=0
CONV1 [t=13075000]: ch=5, y=13, x=21, val=0
CONV1_PRE_RELU [t=13075000]: ch=0, y=13, x=21, val=-1
CONV1_PRE_RELU [t=13075000]: ch=1, y=13, x=21, val=-1
CONV1_PRE_RELU [t=13075000]: ch=2, y=13, x=21, val=-1
CONV1_PRE_RELU [t=13075000]: ch=3, y=13, x=21, val=-1
CONV1_PRE_RELU [t=13075000]: ch=4, y=13, x=21, val=-1
CONV1_PRE_RELU [t=13075000]: ch=5, y=13, x=21, val=-1
POOL1 [t=13075000]: ch=0, y=6, x=9, val=0
POOL1 [t=13075000]: ch=1, y=6, x=9, val=0
POOL1 [t=13075000]: ch=2, y=6, x=9, val=0
POOL1 [t=13075000]: ch=3, y=6, x=9, val=0
POOL1 [t=13075000]: ch=4, y=6, x=9, val=0
POOL1 [t=13075000]: ch=5, y=6, x=9, val=0
CONV1 [t=13085000]: ch=0, y=13, x=22, val=0
CONV1 [t=13085000]: ch=1, y=13, x=22, val=0
CONV1 [t=13085000]: ch=2, y=13, x=22, val=0
CONV1 [t=13085000]: ch=3, y=13, x=22, val=0
CONV1 [t=13085000]: ch=4, y=13, x=22, val=0
CONV1 [t=13085000]: ch=5, y=13, x=22, val=0
CONV1_PRE_RELU [t=13085000]: ch=0, y=13, x=22, val=-1
CONV1_PRE_RELU [t=13085000]: ch=1, y=13, x=22, val=-1
CONV1_PRE_RELU [t=13085000]: ch=2, y=13, x=22, val=-1
CONV1_PRE_RELU [t=13085000]: ch=3, y=13, x=22, val=-1
CONV1_PRE_RELU [t=13085000]: ch=4, y=13, x=22, val=-1
CONV1_PRE_RELU [t=13085000]: ch=5, y=13, x=22, val=-1
CONV1 [t=13095000]: ch=0, y=13, x=23, val=0
CONV1 [t=13095000]: ch=1, y=13, x=23, val=0
CONV1 [t=13095000]: ch=2, y=13, x=23, val=0
CONV1 [t=13095000]: ch=3, y=13, x=23, val=0
CONV1 [t=13095000]: ch=4, y=13, x=23, val=0
CONV1 [t=13095000]: ch=5, y=13, x=23, val=0
CONV1_PRE_RELU [t=13095000]: ch=0, y=13, x=23, val=-1
CONV1_PRE_RELU [t=13095000]: ch=1, y=13, x=23, val=-1
CONV1_PRE_RELU [t=13095000]: ch=2, y=13, x=23, val=-1
CONV1_PRE_RELU [t=13095000]: ch=3, y=13, x=23, val=-1
CONV1_PRE_RELU [t=13095000]: ch=4, y=13, x=23, val=-1
CONV1_PRE_RELU [t=13095000]: ch=5, y=13, x=23, val=-1
POOL1 [t=13095000]: ch=0, y=6, x=10, val=0
POOL1 [t=13095000]: ch=1, y=6, x=10, val=0
POOL1 [t=13095000]: ch=2, y=6, x=10, val=0
POOL1 [t=13095000]: ch=3, y=6, x=10, val=0
POOL1 [t=13095000]: ch=4, y=6, x=10, val=0
POOL1 [t=13095000]: ch=5, y=6, x=10, val=0
CONV1 [t=13105000]: ch=0, y=14, x=0, val=0
CONV1 [t=13105000]: ch=1, y=14, x=0, val=0
CONV1 [t=13105000]: ch=2, y=14, x=0, val=0
CONV1 [t=13105000]: ch=3, y=14, x=0, val=0
CONV1 [t=13105000]: ch=4, y=14, x=0, val=0
CONV1 [t=13105000]: ch=5, y=14, x=0, val=0
CONV1_PRE_RELU [t=13105000]: ch=0, y=14, x=0, val=-1
CONV1_PRE_RELU [t=13105000]: ch=1, y=14, x=0, val=-1
CONV1_PRE_RELU [t=13105000]: ch=2, y=14, x=0, val=-1
CONV1_PRE_RELU [t=13105000]: ch=3, y=14, x=0, val=-1
CONV1_PRE_RELU [t=13105000]: ch=4, y=14, x=0, val=-1
CONV1_PRE_RELU [t=13105000]: ch=5, y=14, x=0, val=-1
POOL1 [t=13115000]: ch=0, y=6, x=11, val=0
POOL1 [t=13115000]: ch=1, y=6, x=11, val=0
POOL1 [t=13115000]: ch=2, y=6, x=11, val=0
POOL1 [t=13115000]: ch=3, y=6, x=11, val=0
POOL1 [t=13115000]: ch=4, y=6, x=11, val=0
POOL1 [t=13115000]: ch=5, y=6, x=11, val=0
CONV1 [t=13155000]: ch=0, y=14, x=1, val=15
CONV1 [t=13155000]: ch=1, y=14, x=1, val=15
CONV1 [t=13155000]: ch=2, y=14, x=1, val=0
CONV1 [t=13155000]: ch=3, y=14, x=1, val=0
CONV1 [t=13155000]: ch=4, y=14, x=1, val=15
CONV1 [t=13155000]: ch=5, y=14, x=1, val=0
CONV1_PRE_RELU [t=13155000]: ch=0, y=14, x=1, val=-1
CONV1_PRE_RELU [t=13155000]: ch=1, y=14, x=1, val=-1
CONV1_PRE_RELU [t=13155000]: ch=2, y=14, x=1, val=15
CONV1_PRE_RELU [t=13155000]: ch=3, y=14, x=1, val=15
CONV1_PRE_RELU [t=13155000]: ch=4, y=14, x=1, val=15
CONV1_PRE_RELU [t=13155000]: ch=5, y=14, x=1, val=15
CONV1 [t=13165000]: ch=0, y=14, x=2, val=0
CONV1 [t=13165000]: ch=1, y=14, x=2, val=0
CONV1 [t=13165000]: ch=2, y=14, x=2, val=0
CONV1 [t=13165000]: ch=3, y=14, x=2, val=0
CONV1 [t=13165000]: ch=4, y=14, x=2, val=0
CONV1 [t=13165000]: ch=5, y=14, x=2, val=0
CONV1_PRE_RELU [t=13165000]: ch=0, y=14, x=2, val=15
CONV1_PRE_RELU [t=13165000]: ch=1, y=14, x=2, val=-1
CONV1_PRE_RELU [t=13165000]: ch=2, y=14, x=2, val=31
CONV1_PRE_RELU [t=13165000]: ch=3, y=14, x=2, val=15
CONV1_PRE_RELU [t=13165000]: ch=4, y=14, x=2, val=31
CONV1_PRE_RELU [t=13165000]: ch=5, y=14, x=2, val=15
CONV1 [t=13175000]: ch=0, y=14, x=3, val=0
CONV1 [t=13175000]: ch=1, y=14, x=3, val=0
CONV1 [t=13175000]: ch=2, y=14, x=3, val=15
CONV1 [t=13175000]: ch=3, y=14, x=3, val=15
CONV1 [t=13175000]: ch=4, y=14, x=3, val=15
CONV1 [t=13175000]: ch=5, y=14, x=3, val=15
CONV1_PRE_RELU [t=13175000]: ch=0, y=14, x=3, val=31
CONV1_PRE_RELU [t=13175000]: ch=1, y=14, x=3, val=-1
CONV1_PRE_RELU [t=13175000]: ch=2, y=14, x=3, val=47
CONV1_PRE_RELU [t=13175000]: ch=3, y=14, x=3, val=31
CONV1_PRE_RELU [t=13175000]: ch=4, y=14, x=3, val=31
CONV1_PRE_RELU [t=13175000]: ch=5, y=14, x=3, val=15
CONV1 [t=13185000]: ch=0, y=14, x=4, val=15
CONV1 [t=13185000]: ch=1, y=14, x=4, val=0
CONV1 [t=13185000]: ch=2, y=14, x=4, val=31
CONV1 [t=13185000]: ch=3, y=14, x=4, val=15
CONV1 [t=13185000]: ch=4, y=14, x=4, val=31
CONV1 [t=13185000]: ch=5, y=14, x=4, val=15
CONV1_PRE_RELU [t=13185000]: ch=0, y=14, x=4, val=31
CONV1_PRE_RELU [t=13185000]: ch=1, y=14, x=4, val=15
CONV1_PRE_RELU [t=13185000]: ch=2, y=14, x=4, val=47
CONV1_PRE_RELU [t=13185000]: ch=3, y=14, x=4, val=31
CONV1_PRE_RELU [t=13185000]: ch=4, y=14, x=4, val=47
CONV1_PRE_RELU [t=13185000]: ch=5, y=14, x=4, val=31
CONV1 [t=13195000]: ch=0, y=14, x=5, val=31
CONV1 [t=13195000]: ch=1, y=14, x=5, val=0
CONV1 [t=13195000]: ch=2, y=14, x=5, val=47
CONV1 [t=13195000]: ch=3, y=14, x=5, val=31
CONV1 [t=13195000]: ch=4, y=14, x=5, val=31
CONV1 [t=13195000]: ch=5, y=14, x=5, val=15
CONV1_PRE_RELU [t=13195000]: ch=0, y=14, x=5, val=31
CONV1_PRE_RELU [t=13195000]: ch=1, y=14, x=5, val=15
CONV1_PRE_RELU [t=13195000]: ch=2, y=14, x=5, val=47
CONV1_PRE_RELU [t=13195000]: ch=3, y=14, x=5, val=31
CONV1_PRE_RELU [t=13195000]: ch=4, y=14, x=5, val=47
CONV1_PRE_RELU [t=13195000]: ch=5, y=14, x=5, val=31
CONV1 [t=13205000]: ch=0, y=14, x=6, val=31
CONV1 [t=13205000]: ch=1, y=14, x=6, val=15
CONV1 [t=13205000]: ch=2, y=14, x=6, val=47
CONV1 [t=13205000]: ch=3, y=14, x=6, val=31
CONV1 [t=13205000]: ch=4, y=14, x=6, val=47
CONV1 [t=13205000]: ch=5, y=14, x=6, val=31
CONV1_PRE_RELU [t=13205000]: ch=0, y=14, x=6, val=31
CONV1_PRE_RELU [t=13205000]: ch=1, y=14, x=6, val=15
CONV1_PRE_RELU [t=13205000]: ch=2, y=14, x=6, val=31
CONV1_PRE_RELU [t=13205000]: ch=3, y=14, x=6, val=15
CONV1_PRE_RELU [t=13205000]: ch=4, y=14, x=6, val=31
CONV1_PRE_RELU [t=13205000]: ch=5, y=14, x=6, val=15
CONV1 [t=13215000]: ch=0, y=14, x=7, val=31
CONV1 [t=13215000]: ch=1, y=14, x=7, val=15
CONV1 [t=13215000]: ch=2, y=14, x=7, val=47
CONV1 [t=13215000]: ch=3, y=14, x=7, val=31
CONV1 [t=13215000]: ch=4, y=14, x=7, val=47
CONV1 [t=13215000]: ch=5, y=14, x=7, val=31
CONV1_PRE_RELU [t=13215000]: ch=0, y=14, x=7, val=15
CONV1_PRE_RELU [t=13215000]: ch=1, y=14, x=7, val=15
CONV1_PRE_RELU [t=13215000]: ch=2, y=14, x=7, val=15
CONV1_PRE_RELU [t=13215000]: ch=3, y=14, x=7, val=15
CONV1_PRE_RELU [t=13215000]: ch=4, y=14, x=7, val=15
CONV1_PRE_RELU [t=13215000]: ch=5, y=14, x=7, val=15
CONV1 [t=13225000]: ch=0, y=14, x=8, val=31
CONV1 [t=13225000]: ch=1, y=14, x=8, val=15
CONV1 [t=13225000]: ch=2, y=14, x=8, val=31
CONV1 [t=13225000]: ch=3, y=14, x=8, val=15
CONV1 [t=13225000]: ch=4, y=14, x=8, val=31
CONV1 [t=13225000]: ch=5, y=14, x=8, val=15
CONV1_PRE_RELU [t=13225000]: ch=0, y=14, x=8, val=31
CONV1_PRE_RELU [t=13225000]: ch=1, y=14, x=8, val=47
CONV1_PRE_RELU [t=13225000]: ch=2, y=14, x=8, val=-1
CONV1_PRE_RELU [t=13225000]: ch=3, y=14, x=8, val=-1
CONV1_PRE_RELU [t=13225000]: ch=4, y=14, x=8, val=31
CONV1_PRE_RELU [t=13225000]: ch=5, y=14, x=8, val=15
CONV1 [t=13235000]: ch=0, y=14, x=9, val=15
CONV1 [t=13235000]: ch=1, y=14, x=9, val=15
CONV1 [t=13235000]: ch=2, y=14, x=9, val=15
CONV1 [t=13235000]: ch=3, y=14, x=9, val=15
CONV1 [t=13235000]: ch=4, y=14, x=9, val=15
CONV1 [t=13235000]: ch=5, y=14, x=9, val=15
CONV1_PRE_RELU [t=13235000]: ch=0, y=14, x=9, val=31
CONV1_PRE_RELU [t=13235000]: ch=1, y=14, x=9, val=47
CONV1_PRE_RELU [t=13235000]: ch=2, y=14, x=9, val=-1
CONV1_PRE_RELU [t=13235000]: ch=3, y=14, x=9, val=15
CONV1_PRE_RELU [t=13235000]: ch=4, y=14, x=9, val=15
CONV1_PRE_RELU [t=13235000]: ch=5, y=14, x=9, val=15
CONV1 [t=13245000]: ch=0, y=14, x=10, val=31
CONV1 [t=13245000]: ch=1, y=14, x=10, val=47
CONV1 [t=13245000]: ch=2, y=14, x=10, val=0
CONV1 [t=13245000]: ch=3, y=14, x=10, val=0
CONV1 [t=13245000]: ch=4, y=14, x=10, val=31
CONV1 [t=13245000]: ch=5, y=14, x=10, val=15
CONV1_PRE_RELU [t=13245000]: ch=0, y=14, x=10, val=31
CONV1_PRE_RELU [t=13245000]: ch=1, y=14, x=10, val=63
CONV1_PRE_RELU [t=13245000]: ch=2, y=14, x=10, val=-1
CONV1_PRE_RELU [t=13245000]: ch=3, y=14, x=10, val=15
CONV1_PRE_RELU [t=13245000]: ch=4, y=14, x=10, val=31
CONV1_PRE_RELU [t=13245000]: ch=5, y=14, x=10, val=31
CONV1 [t=13255000]: ch=0, y=14, x=11, val=31
CONV1 [t=13255000]: ch=1, y=14, x=11, val=47
CONV1 [t=13255000]: ch=2, y=14, x=11, val=0
CONV1 [t=13255000]: ch=3, y=14, x=11, val=15
CONV1 [t=13255000]: ch=4, y=14, x=11, val=15
CONV1 [t=13255000]: ch=5, y=14, x=11, val=15
CONV1_PRE_RELU [t=13255000]: ch=0, y=14, x=11, val=15
CONV1_PRE_RELU [t=13255000]: ch=1, y=14, x=11, val=31
CONV1_PRE_RELU [t=13255000]: ch=2, y=14, x=11, val=15
CONV1_PRE_RELU [t=13255000]: ch=3, y=14, x=11, val=31
CONV1_PRE_RELU [t=13255000]: ch=4, y=14, x=11, val=15
CONV1_PRE_RELU [t=13255000]: ch=5, y=14, x=11, val=31
CONV1 [t=13265000]: ch=0, y=14, x=12, val=31
CONV1 [t=13265000]: ch=1, y=14, x=12, val=63
CONV1 [t=13265000]: ch=2, y=14, x=12, val=0
CONV1 [t=13265000]: ch=3, y=14, x=12, val=15
CONV1 [t=13265000]: ch=4, y=14, x=12, val=31
CONV1 [t=13265000]: ch=5, y=14, x=12, val=31
CONV1_PRE_RELU [t=13265000]: ch=0, y=14, x=12, val=15
CONV1_PRE_RELU [t=13265000]: ch=1, y=14, x=12, val=15
CONV1_PRE_RELU [t=13265000]: ch=2, y=14, x=12, val=15
CONV1_PRE_RELU [t=13265000]: ch=3, y=14, x=12, val=15
CONV1_PRE_RELU [t=13265000]: ch=4, y=14, x=12, val=15
CONV1_PRE_RELU [t=13265000]: ch=5, y=14, x=12, val=15
CONV1 [t=13275000]: ch=0, y=14, x=13, val=15
CONV1 [t=13275000]: ch=1, y=14, x=13, val=31
CONV1 [t=13275000]: ch=2, y=14, x=13, val=15
CONV1 [t=13275000]: ch=3, y=14, x=13, val=31
CONV1 [t=13275000]: ch=4, y=14, x=13, val=15
CONV1 [t=13275000]: ch=5, y=14, x=13, val=31
CONV1_PRE_RELU [t=13275000]: ch=0, y=14, x=13, val=15
CONV1_PRE_RELU [t=13275000]: ch=1, y=14, x=13, val=-1
CONV1_PRE_RELU [t=13275000]: ch=2, y=14, x=13, val=15
CONV1_PRE_RELU [t=13275000]: ch=3, y=14, x=13, val=15
CONV1_PRE_RELU [t=13275000]: ch=4, y=14, x=13, val=-1
CONV1_PRE_RELU [t=13275000]: ch=5, y=14, x=13, val=-1
CONV1 [t=13285000]: ch=0, y=14, x=14, val=15
CONV1 [t=13285000]: ch=1, y=14, x=14, val=15
CONV1 [t=13285000]: ch=2, y=14, x=14, val=15
CONV1 [t=13285000]: ch=3, y=14, x=14, val=15
CONV1 [t=13285000]: ch=4, y=14, x=14, val=15
CONV1 [t=13285000]: ch=5, y=14, x=14, val=15
CONV1_PRE_RELU [t=13285000]: ch=0, y=14, x=14, val=-1
CONV1_PRE_RELU [t=13285000]: ch=1, y=14, x=14, val=-1
CONV1_PRE_RELU [t=13285000]: ch=2, y=14, x=14, val=-1
CONV1_PRE_RELU [t=13285000]: ch=3, y=14, x=14, val=-1
CONV1_PRE_RELU [t=13285000]: ch=4, y=14, x=14, val=-1
CONV1_PRE_RELU [t=13285000]: ch=5, y=14, x=14, val=-1
CONV1 [t=13295000]: ch=0, y=14, x=15, val=15
CONV1 [t=13295000]: ch=1, y=14, x=15, val=0
CONV1 [t=13295000]: ch=2, y=14, x=15, val=15
CONV1 [t=13295000]: ch=3, y=14, x=15, val=15
CONV1 [t=13295000]: ch=4, y=14, x=15, val=0
CONV1 [t=13295000]: ch=5, y=14, x=15, val=0
CONV1_PRE_RELU [t=13295000]: ch=0, y=14, x=15, val=-1
CONV1_PRE_RELU [t=13295000]: ch=1, y=14, x=15, val=-1
CONV1_PRE_RELU [t=13295000]: ch=2, y=14, x=15, val=-1
CONV1_PRE_RELU [t=13295000]: ch=3, y=14, x=15, val=-1
CONV1_PRE_RELU [t=13295000]: ch=4, y=14, x=15, val=-1
CONV1_PRE_RELU [t=13295000]: ch=5, y=14, x=15, val=-1
CONV1 [t=13305000]: ch=0, y=14, x=16, val=0
CONV1 [t=13305000]: ch=1, y=14, x=16, val=0
CONV1 [t=13305000]: ch=2, y=14, x=16, val=0
CONV1 [t=13305000]: ch=3, y=14, x=16, val=0
CONV1 [t=13305000]: ch=4, y=14, x=16, val=0
CONV1 [t=13305000]: ch=5, y=14, x=16, val=0
CONV1_PRE_RELU [t=13305000]: ch=0, y=14, x=16, val=-1
CONV1_PRE_RELU [t=13305000]: ch=1, y=14, x=16, val=-1
CONV1_PRE_RELU [t=13305000]: ch=2, y=14, x=16, val=-1
CONV1_PRE_RELU [t=13305000]: ch=3, y=14, x=16, val=-1
CONV1_PRE_RELU [t=13305000]: ch=4, y=14, x=16, val=-1
CONV1_PRE_RELU [t=13305000]: ch=5, y=14, x=16, val=-1
CONV1 [t=13315000]: ch=0, y=14, x=17, val=0
CONV1 [t=13315000]: ch=1, y=14, x=17, val=0
CONV1 [t=13315000]: ch=2, y=14, x=17, val=0
CONV1 [t=13315000]: ch=3, y=14, x=17, val=0
CONV1 [t=13315000]: ch=4, y=14, x=17, val=0
CONV1 [t=13315000]: ch=5, y=14, x=17, val=0
CONV1_PRE_RELU [t=13315000]: ch=0, y=14, x=17, val=-1
CONV1_PRE_RELU [t=13315000]: ch=1, y=14, x=17, val=-1
CONV1_PRE_RELU [t=13315000]: ch=2, y=14, x=17, val=-1
CONV1_PRE_RELU [t=13315000]: ch=3, y=14, x=17, val=-1
CONV1_PRE_RELU [t=13315000]: ch=4, y=14, x=17, val=-1
CONV1_PRE_RELU [t=13315000]: ch=5, y=14, x=17, val=-1
CONV1 [t=13325000]: ch=0, y=14, x=18, val=0
CONV1 [t=13325000]: ch=1, y=14, x=18, val=0
CONV1 [t=13325000]: ch=2, y=14, x=18, val=0
CONV1 [t=13325000]: ch=3, y=14, x=18, val=0
CONV1 [t=13325000]: ch=4, y=14, x=18, val=0
CONV1 [t=13325000]: ch=5, y=14, x=18, val=0
CONV1_PRE_RELU [t=13325000]: ch=0, y=14, x=18, val=-1
CONV1_PRE_RELU [t=13325000]: ch=1, y=14, x=18, val=-1
CONV1_PRE_RELU [t=13325000]: ch=2, y=14, x=18, val=-1
CONV1_PRE_RELU [t=13325000]: ch=3, y=14, x=18, val=-1
CONV1_PRE_RELU [t=13325000]: ch=4, y=14, x=18, val=-1
CONV1_PRE_RELU [t=13325000]: ch=5, y=14, x=18, val=-1
CONV1 [t=13335000]: ch=0, y=14, x=19, val=0
CONV1 [t=13335000]: ch=1, y=14, x=19, val=0
CONV1 [t=13335000]: ch=2, y=14, x=19, val=0
CONV1 [t=13335000]: ch=3, y=14, x=19, val=0
CONV1 [t=13335000]: ch=4, y=14, x=19, val=0
CONV1 [t=13335000]: ch=5, y=14, x=19, val=0
CONV1_PRE_RELU [t=13335000]: ch=0, y=14, x=19, val=-1
CONV1_PRE_RELU [t=13335000]: ch=1, y=14, x=19, val=-1
CONV1_PRE_RELU [t=13335000]: ch=2, y=14, x=19, val=-1
CONV1_PRE_RELU [t=13335000]: ch=3, y=14, x=19, val=-1
CONV1_PRE_RELU [t=13335000]: ch=4, y=14, x=19, val=-1
CONV1_PRE_RELU [t=13335000]: ch=5, y=14, x=19, val=-1
CONV1 [t=13345000]: ch=0, y=14, x=20, val=0
CONV1 [t=13345000]: ch=1, y=14, x=20, val=0
CONV1 [t=13345000]: ch=2, y=14, x=20, val=0
CONV1 [t=13345000]: ch=3, y=14, x=20, val=0
CONV1 [t=13345000]: ch=4, y=14, x=20, val=0
CONV1 [t=13345000]: ch=5, y=14, x=20, val=0
CONV1_PRE_RELU [t=13345000]: ch=0, y=14, x=20, val=-1
CONV1_PRE_RELU [t=13345000]: ch=1, y=14, x=20, val=-1
CONV1_PRE_RELU [t=13345000]: ch=2, y=14, x=20, val=-1
CONV1_PRE_RELU [t=13345000]: ch=3, y=14, x=20, val=-1
CONV1_PRE_RELU [t=13345000]: ch=4, y=14, x=20, val=-1
CONV1_PRE_RELU [t=13345000]: ch=5, y=14, x=20, val=-1
CONV1 [t=13355000]: ch=0, y=14, x=21, val=0
CONV1 [t=13355000]: ch=1, y=14, x=21, val=0
CONV1 [t=13355000]: ch=2, y=14, x=21, val=0
CONV1 [t=13355000]: ch=3, y=14, x=21, val=0
CONV1 [t=13355000]: ch=4, y=14, x=21, val=0
CONV1 [t=13355000]: ch=5, y=14, x=21, val=0
CONV1_PRE_RELU [t=13355000]: ch=0, y=14, x=21, val=-1
CONV1_PRE_RELU [t=13355000]: ch=1, y=14, x=21, val=-1
CONV1_PRE_RELU [t=13355000]: ch=2, y=14, x=21, val=-1
CONV1_PRE_RELU [t=13355000]: ch=3, y=14, x=21, val=-1
CONV1_PRE_RELU [t=13355000]: ch=4, y=14, x=21, val=-1
CONV1_PRE_RELU [t=13355000]: ch=5, y=14, x=21, val=-1
CONV1 [t=13365000]: ch=0, y=14, x=22, val=0
CONV1 [t=13365000]: ch=1, y=14, x=22, val=0
CONV1 [t=13365000]: ch=2, y=14, x=22, val=0
CONV1 [t=13365000]: ch=3, y=14, x=22, val=0
CONV1 [t=13365000]: ch=4, y=14, x=22, val=0
CONV1 [t=13365000]: ch=5, y=14, x=22, val=0
CONV1_PRE_RELU [t=13365000]: ch=0, y=14, x=22, val=-1
CONV1_PRE_RELU [t=13365000]: ch=1, y=14, x=22, val=-1
CONV1_PRE_RELU [t=13365000]: ch=2, y=14, x=22, val=-1
CONV1_PRE_RELU [t=13365000]: ch=3, y=14, x=22, val=-1
CONV1_PRE_RELU [t=13365000]: ch=4, y=14, x=22, val=-1
CONV1_PRE_RELU [t=13365000]: ch=5, y=14, x=22, val=-1
CONV1 [t=13375000]: ch=0, y=14, x=23, val=0
CONV1 [t=13375000]: ch=1, y=14, x=23, val=0
CONV1 [t=13375000]: ch=2, y=14, x=23, val=0
CONV1 [t=13375000]: ch=3, y=14, x=23, val=0
CONV1 [t=13375000]: ch=4, y=14, x=23, val=0
CONV1 [t=13375000]: ch=5, y=14, x=23, val=0
CONV1_PRE_RELU [t=13375000]: ch=0, y=14, x=23, val=-1
CONV1_PRE_RELU [t=13375000]: ch=1, y=14, x=23, val=-1
CONV1_PRE_RELU [t=13375000]: ch=2, y=14, x=23, val=-1
CONV1_PRE_RELU [t=13375000]: ch=3, y=14, x=23, val=-1
CONV1_PRE_RELU [t=13375000]: ch=4, y=14, x=23, val=-1
CONV1_PRE_RELU [t=13375000]: ch=5, y=14, x=23, val=-1
CONV1 [t=13385000]: ch=0, y=15, x=0, val=0
CONV1 [t=13385000]: ch=1, y=15, x=0, val=0
CONV1 [t=13385000]: ch=2, y=15, x=0, val=0
CONV1 [t=13385000]: ch=3, y=15, x=0, val=0
CONV1 [t=13385000]: ch=4, y=15, x=0, val=0
CONV1 [t=13385000]: ch=5, y=15, x=0, val=0
CONV1_PRE_RELU [t=13385000]: ch=0, y=15, x=0, val=-1
CONV1_PRE_RELU [t=13385000]: ch=1, y=15, x=0, val=-1
CONV1_PRE_RELU [t=13385000]: ch=2, y=15, x=0, val=-1
CONV1_PRE_RELU [t=13385000]: ch=3, y=15, x=0, val=-1
CONV1_PRE_RELU [t=13385000]: ch=4, y=15, x=0, val=-1
CONV1_PRE_RELU [t=13385000]: ch=5, y=15, x=0, val=-1
CONV1 [t=13435000]: ch=0, y=15, x=1, val=15
CONV1 [t=13435000]: ch=1, y=15, x=1, val=15
CONV1 [t=13435000]: ch=2, y=15, x=1, val=0
CONV1 [t=13435000]: ch=3, y=15, x=1, val=0
CONV1 [t=13435000]: ch=4, y=15, x=1, val=15
CONV1 [t=13435000]: ch=5, y=15, x=1, val=0
CONV1_PRE_RELU [t=13435000]: ch=0, y=15, x=1, val=-1
CONV1_PRE_RELU [t=13435000]: ch=1, y=15, x=1, val=-1
CONV1_PRE_RELU [t=13435000]: ch=2, y=15, x=1, val=-1
CONV1_PRE_RELU [t=13435000]: ch=3, y=15, x=1, val=-1
CONV1_PRE_RELU [t=13435000]: ch=4, y=15, x=1, val=-1
CONV1_PRE_RELU [t=13435000]: ch=5, y=15, x=1, val=-1
CONV1 [t=13445000]: ch=0, y=15, x=2, val=0
CONV1 [t=13445000]: ch=1, y=15, x=2, val=0
CONV1 [t=13445000]: ch=2, y=15, x=2, val=0
CONV1 [t=13445000]: ch=3, y=15, x=2, val=0
CONV1 [t=13445000]: ch=4, y=15, x=2, val=0
CONV1 [t=13445000]: ch=5, y=15, x=2, val=0
CONV1_PRE_RELU [t=13445000]: ch=0, y=15, x=2, val=-1
CONV1_PRE_RELU [t=13445000]: ch=1, y=15, x=2, val=-1
CONV1_PRE_RELU [t=13445000]: ch=2, y=15, x=2, val=-1
CONV1_PRE_RELU [t=13445000]: ch=3, y=15, x=2, val=-1
CONV1_PRE_RELU [t=13445000]: ch=4, y=15, x=2, val=-1
CONV1_PRE_RELU [t=13445000]: ch=5, y=15, x=2, val=-1
CONV1 [t=13455000]: ch=0, y=15, x=3, val=0
CONV1 [t=13455000]: ch=1, y=15, x=3, val=0
CONV1 [t=13455000]: ch=2, y=15, x=3, val=0
CONV1 [t=13455000]: ch=3, y=15, x=3, val=0
CONV1 [t=13455000]: ch=4, y=15, x=3, val=0
CONV1 [t=13455000]: ch=5, y=15, x=3, val=0
CONV1_PRE_RELU [t=13455000]: ch=0, y=15, x=3, val=-1
CONV1_PRE_RELU [t=13455000]: ch=1, y=15, x=3, val=-1
CONV1_PRE_RELU [t=13455000]: ch=2, y=15, x=3, val=-1
CONV1_PRE_RELU [t=13455000]: ch=3, y=15, x=3, val=-1
CONV1_PRE_RELU [t=13455000]: ch=4, y=15, x=3, val=-1
CONV1_PRE_RELU [t=13455000]: ch=5, y=15, x=3, val=-1
POOL1 [t=13455000]: ch=0, y=7, x=0, val=15
POOL1 [t=13455000]: ch=1, y=7, x=0, val=15
POOL1 [t=13455000]: ch=2, y=7, x=0, val=0
POOL1 [t=13455000]: ch=3, y=7, x=0, val=0
POOL1 [t=13455000]: ch=4, y=7, x=0, val=15
POOL1 [t=13455000]: ch=5, y=7, x=0, val=0
CONV1 [t=13465000]: ch=0, y=15, x=4, val=0
CONV1 [t=13465000]: ch=1, y=15, x=4, val=0
CONV1 [t=13465000]: ch=2, y=15, x=4, val=0
CONV1 [t=13465000]: ch=3, y=15, x=4, val=0
CONV1 [t=13465000]: ch=4, y=15, x=4, val=0
CONV1 [t=13465000]: ch=5, y=15, x=4, val=0
CONV1_PRE_RELU [t=13465000]: ch=0, y=15, x=4, val=-1
CONV1_PRE_RELU [t=13465000]: ch=1, y=15, x=4, val=-1
CONV1_PRE_RELU [t=13465000]: ch=2, y=15, x=4, val=-1
CONV1_PRE_RELU [t=13465000]: ch=3, y=15, x=4, val=-1
CONV1_PRE_RELU [t=13465000]: ch=4, y=15, x=4, val=-1
CONV1_PRE_RELU [t=13465000]: ch=5, y=15, x=4, val=-1
CONV1 [t=13475000]: ch=0, y=15, x=5, val=0
CONV1 [t=13475000]: ch=1, y=15, x=5, val=0
CONV1 [t=13475000]: ch=2, y=15, x=5, val=0
CONV1 [t=13475000]: ch=3, y=15, x=5, val=0
CONV1 [t=13475000]: ch=4, y=15, x=5, val=0
CONV1 [t=13475000]: ch=5, y=15, x=5, val=0
CONV1_PRE_RELU [t=13475000]: ch=0, y=15, x=5, val=-1
CONV1_PRE_RELU [t=13475000]: ch=1, y=15, x=5, val=-1
CONV1_PRE_RELU [t=13475000]: ch=2, y=15, x=5, val=-1
CONV1_PRE_RELU [t=13475000]: ch=3, y=15, x=5, val=-1
CONV1_PRE_RELU [t=13475000]: ch=4, y=15, x=5, val=-1
CONV1_PRE_RELU [t=13475000]: ch=5, y=15, x=5, val=-1
POOL1 [t=13475000]: ch=0, y=7, x=1, val=0
POOL1 [t=13475000]: ch=1, y=7, x=1, val=0
POOL1 [t=13475000]: ch=2, y=7, x=1, val=15
POOL1 [t=13475000]: ch=3, y=7, x=1, val=15
POOL1 [t=13475000]: ch=4, y=7, x=1, val=15
POOL1 [t=13475000]: ch=5, y=7, x=1, val=15
CONV1 [t=13485000]: ch=0, y=15, x=6, val=0
CONV1 [t=13485000]: ch=1, y=15, x=6, val=0
CONV1 [t=13485000]: ch=2, y=15, x=6, val=0
CONV1 [t=13485000]: ch=3, y=15, x=6, val=0
CONV1 [t=13485000]: ch=4, y=15, x=6, val=0
CONV1 [t=13485000]: ch=5, y=15, x=6, val=0
CONV1_PRE_RELU [t=13485000]: ch=0, y=15, x=6, val=-1
CONV1_PRE_RELU [t=13485000]: ch=1, y=15, x=6, val=-1
CONV1_PRE_RELU [t=13485000]: ch=2, y=15, x=6, val=-1
CONV1_PRE_RELU [t=13485000]: ch=3, y=15, x=6, val=-1
CONV1_PRE_RELU [t=13485000]: ch=4, y=15, x=6, val=-1
CONV1_PRE_RELU [t=13485000]: ch=5, y=15, x=6, val=-1
CONV1 [t=13495000]: ch=0, y=15, x=7, val=0
CONV1 [t=13495000]: ch=1, y=15, x=7, val=0
CONV1 [t=13495000]: ch=2, y=15, x=7, val=0
CONV1 [t=13495000]: ch=3, y=15, x=7, val=0
CONV1 [t=13495000]: ch=4, y=15, x=7, val=0
CONV1 [t=13495000]: ch=5, y=15, x=7, val=0
CONV1_PRE_RELU [t=13495000]: ch=0, y=15, x=7, val=-1
CONV1_PRE_RELU [t=13495000]: ch=1, y=15, x=7, val=-1
CONV1_PRE_RELU [t=13495000]: ch=2, y=15, x=7, val=-1
CONV1_PRE_RELU [t=13495000]: ch=3, y=15, x=7, val=-1
CONV1_PRE_RELU [t=13495000]: ch=4, y=15, x=7, val=-1
CONV1_PRE_RELU [t=13495000]: ch=5, y=15, x=7, val=-1
POOL1 [t=13495000]: ch=0, y=7, x=2, val=31
POOL1 [t=13495000]: ch=1, y=7, x=2, val=0
POOL1 [t=13495000]: ch=2, y=7, x=2, val=47
POOL1 [t=13495000]: ch=3, y=7, x=2, val=31
POOL1 [t=13495000]: ch=4, y=7, x=2, val=31
POOL1 [t=13495000]: ch=5, y=7, x=2, val=15
CONV1 [t=13505000]: ch=0, y=15, x=8, val=0
CONV1 [t=13505000]: ch=1, y=15, x=8, val=0
CONV1 [t=13505000]: ch=2, y=15, x=8, val=0
CONV1 [t=13505000]: ch=3, y=15, x=8, val=0
CONV1 [t=13505000]: ch=4, y=15, x=8, val=0
CONV1 [t=13505000]: ch=5, y=15, x=8, val=0
CONV1_PRE_RELU [t=13505000]: ch=0, y=15, x=8, val=15
CONV1_PRE_RELU [t=13505000]: ch=1, y=15, x=8, val=15
CONV1_PRE_RELU [t=13505000]: ch=2, y=15, x=8, val=15
CONV1_PRE_RELU [t=13505000]: ch=3, y=15, x=8, val=15
CONV1_PRE_RELU [t=13505000]: ch=4, y=15, x=8, val=31
CONV1_PRE_RELU [t=13505000]: ch=5, y=15, x=8, val=15
CONV1 [t=13515000]: ch=0, y=15, x=9, val=0
CONV1 [t=13515000]: ch=1, y=15, x=9, val=0
CONV1 [t=13515000]: ch=2, y=15, x=9, val=0
CONV1 [t=13515000]: ch=3, y=15, x=9, val=0
CONV1 [t=13515000]: ch=4, y=15, x=9, val=0
CONV1 [t=13515000]: ch=5, y=15, x=9, val=0
CONV1_PRE_RELU [t=13515000]: ch=0, y=15, x=9, val=47
CONV1_PRE_RELU [t=13515000]: ch=1, y=15, x=9, val=31
CONV1_PRE_RELU [t=13515000]: ch=2, y=15, x=9, val=15
CONV1_PRE_RELU [t=13515000]: ch=3, y=15, x=9, val=-1
CONV1_PRE_RELU [t=13515000]: ch=4, y=15, x=9, val=31
CONV1_PRE_RELU [t=13515000]: ch=5, y=15, x=9, val=-1
POOL1 [t=13515000]: ch=0, y=7, x=3, val=31
POOL1 [t=13515000]: ch=1, y=7, x=3, val=15
POOL1 [t=13515000]: ch=2, y=7, x=3, val=47
POOL1 [t=13515000]: ch=3, y=7, x=3, val=31
POOL1 [t=13515000]: ch=4, y=7, x=3, val=47
POOL1 [t=13515000]: ch=5, y=7, x=3, val=31
CONV1 [t=13525000]: ch=0, y=15, x=10, val=15
CONV1 [t=13525000]: ch=1, y=15, x=10, val=15
CONV1 [t=13525000]: ch=2, y=15, x=10, val=15
CONV1 [t=13525000]: ch=3, y=15, x=10, val=15
CONV1 [t=13525000]: ch=4, y=15, x=10, val=31
CONV1 [t=13525000]: ch=5, y=15, x=10, val=15
CONV1_PRE_RELU [t=13525000]: ch=0, y=15, x=10, val=47
CONV1_PRE_RELU [t=13525000]: ch=1, y=15, x=10, val=47
CONV1_PRE_RELU [t=13525000]: ch=2, y=15, x=10, val=15
CONV1_PRE_RELU [t=13525000]: ch=3, y=15, x=10, val=31
CONV1_PRE_RELU [t=13525000]: ch=4, y=15, x=10, val=15
CONV1_PRE_RELU [t=13525000]: ch=5, y=15, x=10, val=15
CONV1 [t=13535000]: ch=0, y=15, x=11, val=47
CONV1 [t=13535000]: ch=1, y=15, x=11, val=31
CONV1 [t=13535000]: ch=2, y=15, x=11, val=15
CONV1 [t=13535000]: ch=3, y=15, x=11, val=0
CONV1 [t=13535000]: ch=4, y=15, x=11, val=31
CONV1 [t=13535000]: ch=5, y=15, x=11, val=0
CONV1_PRE_RELU [t=13535000]: ch=0, y=15, x=11, val=-1
CONV1_PRE_RELU [t=13535000]: ch=1, y=15, x=11, val=47
CONV1_PRE_RELU [t=13535000]: ch=2, y=15, x=11, val=15
CONV1_PRE_RELU [t=13535000]: ch=3, y=15, x=11, val=31
CONV1_PRE_RELU [t=13535000]: ch=4, y=15, x=11, val=47
CONV1_PRE_RELU [t=13535000]: ch=5, y=15, x=11, val=63
POOL1 [t=13535000]: ch=0, y=7, x=4, val=31
POOL1 [t=13535000]: ch=1, y=7, x=4, val=15
POOL1 [t=13535000]: ch=2, y=7, x=4, val=31
POOL1 [t=13535000]: ch=3, y=7, x=4, val=15
POOL1 [t=13535000]: ch=4, y=7, x=4, val=31
POOL1 [t=13535000]: ch=5, y=7, x=4, val=15
CONV1 [t=13545000]: ch=0, y=15, x=12, val=47
CONV1 [t=13545000]: ch=1, y=15, x=12, val=47
CONV1 [t=13545000]: ch=2, y=15, x=12, val=15
CONV1 [t=13545000]: ch=3, y=15, x=12, val=31
CONV1 [t=13545000]: ch=4, y=15, x=12, val=15
CONV1 [t=13545000]: ch=5, y=15, x=12, val=15
CONV1_PRE_RELU [t=13545000]: ch=0, y=15, x=12, val=31
CONV1_PRE_RELU [t=13545000]: ch=1, y=15, x=12, val=15
CONV1_PRE_RELU [t=13545000]: ch=2, y=15, x=12, val=31
CONV1_PRE_RELU [t=13545000]: ch=3, y=15, x=12, val=15
CONV1_PRE_RELU [t=13545000]: ch=4, y=15, x=12, val=31
CONV1_PRE_RELU [t=13545000]: ch=5, y=15, x=12, val=15
CONV1 [t=13555000]: ch=0, y=15, x=13, val=0
CONV1 [t=13555000]: ch=1, y=15, x=13, val=47
CONV1 [t=13555000]: ch=2, y=15, x=13, val=15
CONV1 [t=13555000]: ch=3, y=15, x=13, val=31
CONV1 [t=13555000]: ch=4, y=15, x=13, val=47
CONV1 [t=13555000]: ch=5, y=15, x=13, val=63
CONV1_PRE_RELU [t=13555000]: ch=0, y=15, x=13, val=31
CONV1_PRE_RELU [t=13555000]: ch=1, y=15, x=13, val=-1
CONV1_PRE_RELU [t=13555000]: ch=2, y=15, x=13, val=31
CONV1_PRE_RELU [t=13555000]: ch=3, y=15, x=13, val=31
CONV1_PRE_RELU [t=13555000]: ch=4, y=15, x=13, val=-1
CONV1_PRE_RELU [t=13555000]: ch=5, y=15, x=13, val=-1
POOL1 [t=13555000]: ch=0, y=7, x=5, val=47
POOL1 [t=13555000]: ch=1, y=7, x=5, val=47
POOL1 [t=13555000]: ch=2, y=7, x=5, val=15
POOL1 [t=13555000]: ch=3, y=7, x=5, val=15
POOL1 [t=13555000]: ch=4, y=7, x=5, val=31
POOL1 [t=13555000]: ch=5, y=7, x=5, val=15
CONV1 [t=13565000]: ch=0, y=15, x=14, val=31
CONV1 [t=13565000]: ch=1, y=15, x=14, val=15
CONV1 [t=13565000]: ch=2, y=15, x=14, val=31
CONV1 [t=13565000]: ch=3, y=15, x=14, val=15
CONV1 [t=13565000]: ch=4, y=15, x=14, val=31
CONV1 [t=13565000]: ch=5, y=15, x=14, val=15
CONV1_PRE_RELU [t=13565000]: ch=0, y=15, x=14, val=-1
CONV1_PRE_RELU [t=13565000]: ch=1, y=15, x=14, val=15
CONV1_PRE_RELU [t=13565000]: ch=2, y=15, x=14, val=-1
CONV1_PRE_RELU [t=13565000]: ch=3, y=15, x=14, val=-1
CONV1_PRE_RELU [t=13565000]: ch=4, y=15, x=14, val=15
CONV1_PRE_RELU [t=13565000]: ch=5, y=15, x=14, val=15
CONV1 [t=13575000]: ch=0, y=15, x=15, val=31
CONV1 [t=13575000]: ch=1, y=15, x=15, val=0
CONV1 [t=13575000]: ch=2, y=15, x=15, val=31
CONV1 [t=13575000]: ch=3, y=15, x=15, val=31
CONV1 [t=13575000]: ch=4, y=15, x=15, val=0
CONV1 [t=13575000]: ch=5, y=15, x=15, val=0
CONV1_PRE_RELU [t=13575000]: ch=0, y=15, x=15, val=-1
CONV1_PRE_RELU [t=13575000]: ch=1, y=15, x=15, val=-1
CONV1_PRE_RELU [t=13575000]: ch=2, y=15, x=15, val=-1
CONV1_PRE_RELU [t=13575000]: ch=3, y=15, x=15, val=-1
CONV1_PRE_RELU [t=13575000]: ch=4, y=15, x=15, val=-1
CONV1_PRE_RELU [t=13575000]: ch=5, y=15, x=15, val=-1
POOL1 [t=13575000]: ch=0, y=7, x=6, val=47
POOL1 [t=13575000]: ch=1, y=7, x=6, val=63
POOL1 [t=13575000]: ch=2, y=7, x=6, val=15
POOL1 [t=13575000]: ch=3, y=7, x=6, val=31
POOL1 [t=13575000]: ch=4, y=7, x=6, val=47
POOL1 [t=13575000]: ch=5, y=7, x=6, val=63
CONV1 [t=13585000]: ch=0, y=15, x=16, val=0
CONV1 [t=13585000]: ch=1, y=15, x=16, val=15
CONV1 [t=13585000]: ch=2, y=15, x=16, val=0
CONV1 [t=13585000]: ch=3, y=15, x=16, val=0
CONV1 [t=13585000]: ch=4, y=15, x=16, val=15
CONV1 [t=13585000]: ch=5, y=15, x=16, val=15
CONV1_PRE_RELU [t=13585000]: ch=0, y=15, x=16, val=-1
CONV1_PRE_RELU [t=13585000]: ch=1, y=15, x=16, val=-1
CONV1_PRE_RELU [t=13585000]: ch=2, y=15, x=16, val=-1
CONV1_PRE_RELU [t=13585000]: ch=3, y=15, x=16, val=-1
CONV1_PRE_RELU [t=13585000]: ch=4, y=15, x=16, val=-1
CONV1_PRE_RELU [t=13585000]: ch=5, y=15, x=16, val=-1
CONV1 [t=13595000]: ch=0, y=15, x=17, val=0
CONV1 [t=13595000]: ch=1, y=15, x=17, val=0
CONV1 [t=13595000]: ch=2, y=15, x=17, val=0
CONV1 [t=13595000]: ch=3, y=15, x=17, val=0
CONV1 [t=13595000]: ch=4, y=15, x=17, val=0
CONV1 [t=13595000]: ch=5, y=15, x=17, val=0
CONV1_PRE_RELU [t=13595000]: ch=0, y=15, x=17, val=-1
CONV1_PRE_RELU [t=13595000]: ch=1, y=15, x=17, val=-1
CONV1_PRE_RELU [t=13595000]: ch=2, y=15, x=17, val=-1
CONV1_PRE_RELU [t=13595000]: ch=3, y=15, x=17, val=-1
CONV1_PRE_RELU [t=13595000]: ch=4, y=15, x=17, val=-1
CONV1_PRE_RELU [t=13595000]: ch=5, y=15, x=17, val=-1
POOL1 [t=13595000]: ch=0, y=7, x=7, val=31
POOL1 [t=13595000]: ch=1, y=7, x=7, val=15
POOL1 [t=13595000]: ch=2, y=7, x=7, val=31
POOL1 [t=13595000]: ch=3, y=7, x=7, val=31
POOL1 [t=13595000]: ch=4, y=7, x=7, val=31
POOL1 [t=13595000]: ch=5, y=7, x=7, val=15
CONV1 [t=13605000]: ch=0, y=15, x=18, val=0
CONV1 [t=13605000]: ch=1, y=15, x=18, val=0
CONV1 [t=13605000]: ch=2, y=15, x=18, val=0
CONV1 [t=13605000]: ch=3, y=15, x=18, val=0
CONV1 [t=13605000]: ch=4, y=15, x=18, val=0
CONV1 [t=13605000]: ch=5, y=15, x=18, val=0
CONV1_PRE_RELU [t=13605000]: ch=0, y=15, x=18, val=-1
CONV1_PRE_RELU [t=13605000]: ch=1, y=15, x=18, val=-1
CONV1_PRE_RELU [t=13605000]: ch=2, y=15, x=18, val=-1
CONV1_PRE_RELU [t=13605000]: ch=3, y=15, x=18, val=-1
CONV1_PRE_RELU [t=13605000]: ch=4, y=15, x=18, val=-1
CONV1_PRE_RELU [t=13605000]: ch=5, y=15, x=18, val=-1
CONV1 [t=13615000]: ch=0, y=15, x=19, val=0
CONV1 [t=13615000]: ch=1, y=15, x=19, val=0
CONV1 [t=13615000]: ch=2, y=15, x=19, val=0
CONV1 [t=13615000]: ch=3, y=15, x=19, val=0
CONV1 [t=13615000]: ch=4, y=15, x=19, val=0
CONV1 [t=13615000]: ch=5, y=15, x=19, val=0
CONV1_PRE_RELU [t=13615000]: ch=0, y=15, x=19, val=-1
CONV1_PRE_RELU [t=13615000]: ch=1, y=15, x=19, val=-1
CONV1_PRE_RELU [t=13615000]: ch=2, y=15, x=19, val=-1
CONV1_PRE_RELU [t=13615000]: ch=3, y=15, x=19, val=-1
CONV1_PRE_RELU [t=13615000]: ch=4, y=15, x=19, val=-1
CONV1_PRE_RELU [t=13615000]: ch=5, y=15, x=19, val=-1
POOL1 [t=13615000]: ch=0, y=7, x=8, val=0
POOL1 [t=13615000]: ch=1, y=7, x=8, val=15
POOL1 [t=13615000]: ch=2, y=7, x=8, val=0
POOL1 [t=13615000]: ch=3, y=7, x=8, val=0
POOL1 [t=13615000]: ch=4, y=7, x=8, val=15
POOL1 [t=13615000]: ch=5, y=7, x=8, val=15
CONV1 [t=13625000]: ch=0, y=15, x=20, val=0
CONV1 [t=13625000]: ch=1, y=15, x=20, val=0
CONV1 [t=13625000]: ch=2, y=15, x=20, val=0
CONV1 [t=13625000]: ch=3, y=15, x=20, val=0
CONV1 [t=13625000]: ch=4, y=15, x=20, val=0
CONV1 [t=13625000]: ch=5, y=15, x=20, val=0
CONV1_PRE_RELU [t=13625000]: ch=0, y=15, x=20, val=-1
CONV1_PRE_RELU [t=13625000]: ch=1, y=15, x=20, val=-1
CONV1_PRE_RELU [t=13625000]: ch=2, y=15, x=20, val=-1
CONV1_PRE_RELU [t=13625000]: ch=3, y=15, x=20, val=-1
CONV1_PRE_RELU [t=13625000]: ch=4, y=15, x=20, val=-1
CONV1_PRE_RELU [t=13625000]: ch=5, y=15, x=20, val=-1
CONV1 [t=13635000]: ch=0, y=15, x=21, val=0
CONV1 [t=13635000]: ch=1, y=15, x=21, val=0
CONV1 [t=13635000]: ch=2, y=15, x=21, val=0
CONV1 [t=13635000]: ch=3, y=15, x=21, val=0
CONV1 [t=13635000]: ch=4, y=15, x=21, val=0
CONV1 [t=13635000]: ch=5, y=15, x=21, val=0
CONV1_PRE_RELU [t=13635000]: ch=0, y=15, x=21, val=-1
CONV1_PRE_RELU [t=13635000]: ch=1, y=15, x=21, val=-1
CONV1_PRE_RELU [t=13635000]: ch=2, y=15, x=21, val=-1
CONV1_PRE_RELU [t=13635000]: ch=3, y=15, x=21, val=-1
CONV1_PRE_RELU [t=13635000]: ch=4, y=15, x=21, val=-1
CONV1_PRE_RELU [t=13635000]: ch=5, y=15, x=21, val=-1
POOL1 [t=13635000]: ch=0, y=7, x=9, val=0
POOL1 [t=13635000]: ch=1, y=7, x=9, val=0
POOL1 [t=13635000]: ch=2, y=7, x=9, val=0
POOL1 [t=13635000]: ch=3, y=7, x=9, val=0
POOL1 [t=13635000]: ch=4, y=7, x=9, val=0
POOL1 [t=13635000]: ch=5, y=7, x=9, val=0
CONV1 [t=13645000]: ch=0, y=15, x=22, val=0
CONV1 [t=13645000]: ch=1, y=15, x=22, val=0
CONV1 [t=13645000]: ch=2, y=15, x=22, val=0
CONV1 [t=13645000]: ch=3, y=15, x=22, val=0
CONV1 [t=13645000]: ch=4, y=15, x=22, val=0
CONV1 [t=13645000]: ch=5, y=15, x=22, val=0
CONV1_PRE_RELU [t=13645000]: ch=0, y=15, x=22, val=-1
CONV1_PRE_RELU [t=13645000]: ch=1, y=15, x=22, val=-1
CONV1_PRE_RELU [t=13645000]: ch=2, y=15, x=22, val=-1
CONV1_PRE_RELU [t=13645000]: ch=3, y=15, x=22, val=-1
CONV1_PRE_RELU [t=13645000]: ch=4, y=15, x=22, val=-1
CONV1_PRE_RELU [t=13645000]: ch=5, y=15, x=22, val=-1
CONV1 [t=13655000]: ch=0, y=15, x=23, val=0
CONV1 [t=13655000]: ch=1, y=15, x=23, val=0
CONV1 [t=13655000]: ch=2, y=15, x=23, val=0
CONV1 [t=13655000]: ch=3, y=15, x=23, val=0
CONV1 [t=13655000]: ch=4, y=15, x=23, val=0
CONV1 [t=13655000]: ch=5, y=15, x=23, val=0
CONV1_PRE_RELU [t=13655000]: ch=0, y=15, x=23, val=-1
CONV1_PRE_RELU [t=13655000]: ch=1, y=15, x=23, val=-1
CONV1_PRE_RELU [t=13655000]: ch=2, y=15, x=23, val=-1
CONV1_PRE_RELU [t=13655000]: ch=3, y=15, x=23, val=-1
CONV1_PRE_RELU [t=13655000]: ch=4, y=15, x=23, val=-1
CONV1_PRE_RELU [t=13655000]: ch=5, y=15, x=23, val=-1
POOL1 [t=13655000]: ch=0, y=7, x=10, val=0
POOL1 [t=13655000]: ch=1, y=7, x=10, val=0
POOL1 [t=13655000]: ch=2, y=7, x=10, val=0
POOL1 [t=13655000]: ch=3, y=7, x=10, val=0
POOL1 [t=13655000]: ch=4, y=7, x=10, val=0
POOL1 [t=13655000]: ch=5, y=7, x=10, val=0
CONV1 [t=13665000]: ch=0, y=16, x=0, val=0
CONV1 [t=13665000]: ch=1, y=16, x=0, val=0
CONV1 [t=13665000]: ch=2, y=16, x=0, val=0
CONV1 [t=13665000]: ch=3, y=16, x=0, val=0
CONV1 [t=13665000]: ch=4, y=16, x=0, val=0
CONV1 [t=13665000]: ch=5, y=16, x=0, val=0
CONV1_PRE_RELU [t=13665000]: ch=0, y=16, x=0, val=-1
CONV1_PRE_RELU [t=13665000]: ch=1, y=16, x=0, val=-1
CONV1_PRE_RELU [t=13665000]: ch=2, y=16, x=0, val=-1
CONV1_PRE_RELU [t=13665000]: ch=3, y=16, x=0, val=-1
CONV1_PRE_RELU [t=13665000]: ch=4, y=16, x=0, val=-1
CONV1_PRE_RELU [t=13665000]: ch=5, y=16, x=0, val=-1
POOL1 [t=13675000]: ch=0, y=7, x=11, val=0
POOL1 [t=13675000]: ch=1, y=7, x=11, val=0
POOL1 [t=13675000]: ch=2, y=7, x=11, val=0
POOL1 [t=13675000]: ch=3, y=7, x=11, val=0
POOL1 [t=13675000]: ch=4, y=7, x=11, val=0
POOL1 [t=13675000]: ch=5, y=7, x=11, val=0
CONV1 [t=13715000]: ch=0, y=16, x=1, val=15
CONV1 [t=13715000]: ch=1, y=16, x=1, val=15
CONV1 [t=13715000]: ch=2, y=16, x=1, val=0
CONV1 [t=13715000]: ch=3, y=16, x=1, val=0
CONV1 [t=13715000]: ch=4, y=16, x=1, val=15
CONV1 [t=13715000]: ch=5, y=16, x=1, val=0
CONV1_PRE_RELU [t=13715000]: ch=0, y=16, x=1, val=-1
CONV1_PRE_RELU [t=13715000]: ch=1, y=16, x=1, val=-1
CONV1_PRE_RELU [t=13715000]: ch=2, y=16, x=1, val=-1
CONV1_PRE_RELU [t=13715000]: ch=3, y=16, x=1, val=-1
CONV1_PRE_RELU [t=13715000]: ch=4, y=16, x=1, val=-1
CONV1_PRE_RELU [t=13715000]: ch=5, y=16, x=1, val=-1
CONV1 [t=13725000]: ch=0, y=16, x=2, val=0
CONV1 [t=13725000]: ch=1, y=16, x=2, val=0
CONV1 [t=13725000]: ch=2, y=16, x=2, val=0
CONV1 [t=13725000]: ch=3, y=16, x=2, val=0
CONV1 [t=13725000]: ch=4, y=16, x=2, val=0
CONV1 [t=13725000]: ch=5, y=16, x=2, val=0
CONV1_PRE_RELU [t=13725000]: ch=0, y=16, x=2, val=-1
CONV1_PRE_RELU [t=13725000]: ch=1, y=16, x=2, val=-1
CONV1_PRE_RELU [t=13725000]: ch=2, y=16, x=2, val=-1
CONV1_PRE_RELU [t=13725000]: ch=3, y=16, x=2, val=-1
CONV1_PRE_RELU [t=13725000]: ch=4, y=16, x=2, val=-1
CONV1_PRE_RELU [t=13725000]: ch=5, y=16, x=2, val=-1
CONV1 [t=13735000]: ch=0, y=16, x=3, val=0
CONV1 [t=13735000]: ch=1, y=16, x=3, val=0
CONV1 [t=13735000]: ch=2, y=16, x=3, val=0
CONV1 [t=13735000]: ch=3, y=16, x=3, val=0
CONV1 [t=13735000]: ch=4, y=16, x=3, val=0
CONV1 [t=13735000]: ch=5, y=16, x=3, val=0
CONV1_PRE_RELU [t=13735000]: ch=0, y=16, x=3, val=-1
CONV1_PRE_RELU [t=13735000]: ch=1, y=16, x=3, val=-1
CONV1_PRE_RELU [t=13735000]: ch=2, y=16, x=3, val=-1
CONV1_PRE_RELU [t=13735000]: ch=3, y=16, x=3, val=-1
CONV1_PRE_RELU [t=13735000]: ch=4, y=16, x=3, val=-1
CONV1_PRE_RELU [t=13735000]: ch=5, y=16, x=3, val=-1
CONV1 [t=13745000]: ch=0, y=16, x=4, val=0
CONV1 [t=13745000]: ch=1, y=16, x=4, val=0
CONV1 [t=13745000]: ch=2, y=16, x=4, val=0
CONV1 [t=13745000]: ch=3, y=16, x=4, val=0
CONV1 [t=13745000]: ch=4, y=16, x=4, val=0
CONV1 [t=13745000]: ch=5, y=16, x=4, val=0
CONV1_PRE_RELU [t=13745000]: ch=0, y=16, x=4, val=-1
CONV1_PRE_RELU [t=13745000]: ch=1, y=16, x=4, val=-1
CONV1_PRE_RELU [t=13745000]: ch=2, y=16, x=4, val=-1
CONV1_PRE_RELU [t=13745000]: ch=3, y=16, x=4, val=-1
CONV1_PRE_RELU [t=13745000]: ch=4, y=16, x=4, val=-1
CONV1_PRE_RELU [t=13745000]: ch=5, y=16, x=4, val=-1
CONV1 [t=13755000]: ch=0, y=16, x=5, val=0
CONV1 [t=13755000]: ch=1, y=16, x=5, val=0
CONV1 [t=13755000]: ch=2, y=16, x=5, val=0
CONV1 [t=13755000]: ch=3, y=16, x=5, val=0
CONV1 [t=13755000]: ch=4, y=16, x=5, val=0
CONV1 [t=13755000]: ch=5, y=16, x=5, val=0
CONV1_PRE_RELU [t=13755000]: ch=0, y=16, x=5, val=-1
CONV1_PRE_RELU [t=13755000]: ch=1, y=16, x=5, val=-1
CONV1_PRE_RELU [t=13755000]: ch=2, y=16, x=5, val=-1
CONV1_PRE_RELU [t=13755000]: ch=3, y=16, x=5, val=-1
CONV1_PRE_RELU [t=13755000]: ch=4, y=16, x=5, val=-1
CONV1_PRE_RELU [t=13755000]: ch=5, y=16, x=5, val=-1
CONV1 [t=13765000]: ch=0, y=16, x=6, val=0
CONV1 [t=13765000]: ch=1, y=16, x=6, val=0
CONV1 [t=13765000]: ch=2, y=16, x=6, val=0
CONV1 [t=13765000]: ch=3, y=16, x=6, val=0
CONV1 [t=13765000]: ch=4, y=16, x=6, val=0
CONV1 [t=13765000]: ch=5, y=16, x=6, val=0
CONV1_PRE_RELU [t=13765000]: ch=0, y=16, x=6, val=-1
CONV1_PRE_RELU [t=13765000]: ch=1, y=16, x=6, val=-1
CONV1_PRE_RELU [t=13765000]: ch=2, y=16, x=6, val=-1
CONV1_PRE_RELU [t=13765000]: ch=3, y=16, x=6, val=-1
CONV1_PRE_RELU [t=13765000]: ch=4, y=16, x=6, val=-1
CONV1_PRE_RELU [t=13765000]: ch=5, y=16, x=6, val=-1
CONV1 [t=13775000]: ch=0, y=16, x=7, val=0
CONV1 [t=13775000]: ch=1, y=16, x=7, val=0
CONV1 [t=13775000]: ch=2, y=16, x=7, val=0
CONV1 [t=13775000]: ch=3, y=16, x=7, val=0
CONV1 [t=13775000]: ch=4, y=16, x=7, val=0
CONV1 [t=13775000]: ch=5, y=16, x=7, val=0
CONV1_PRE_RELU [t=13775000]: ch=0, y=16, x=7, val=-1
CONV1_PRE_RELU [t=13775000]: ch=1, y=16, x=7, val=-1
CONV1_PRE_RELU [t=13775000]: ch=2, y=16, x=7, val=-1
CONV1_PRE_RELU [t=13775000]: ch=3, y=16, x=7, val=-1
CONV1_PRE_RELU [t=13775000]: ch=4, y=16, x=7, val=-1
CONV1_PRE_RELU [t=13775000]: ch=5, y=16, x=7, val=-1
CONV1 [t=13785000]: ch=0, y=16, x=8, val=0
CONV1 [t=13785000]: ch=1, y=16, x=8, val=0
CONV1 [t=13785000]: ch=2, y=16, x=8, val=0
CONV1 [t=13785000]: ch=3, y=16, x=8, val=0
CONV1 [t=13785000]: ch=4, y=16, x=8, val=0
CONV1 [t=13785000]: ch=5, y=16, x=8, val=0
CONV1_PRE_RELU [t=13785000]: ch=0, y=16, x=8, val=31
CONV1_PRE_RELU [t=13785000]: ch=1, y=16, x=8, val=31
CONV1_PRE_RELU [t=13785000]: ch=2, y=16, x=8, val=-1
CONV1_PRE_RELU [t=13785000]: ch=3, y=16, x=8, val=-1
CONV1_PRE_RELU [t=13785000]: ch=4, y=16, x=8, val=15
CONV1_PRE_RELU [t=13785000]: ch=5, y=16, x=8, val=-1
CONV1 [t=13795000]: ch=0, y=16, x=9, val=0
CONV1 [t=13795000]: ch=1, y=16, x=9, val=0
CONV1 [t=13795000]: ch=2, y=16, x=9, val=0
CONV1 [t=13795000]: ch=3, y=16, x=9, val=0
CONV1 [t=13795000]: ch=4, y=16, x=9, val=0
CONV1 [t=13795000]: ch=5, y=16, x=9, val=0
CONV1_PRE_RELU [t=13795000]: ch=0, y=16, x=9, val=31
CONV1_PRE_RELU [t=13795000]: ch=1, y=16, x=9, val=47
CONV1_PRE_RELU [t=13795000]: ch=2, y=16, x=9, val=-1
CONV1_PRE_RELU [t=13795000]: ch=3, y=16, x=9, val=15
CONV1_PRE_RELU [t=13795000]: ch=4, y=16, x=9, val=15
CONV1_PRE_RELU [t=13795000]: ch=5, y=16, x=9, val=15
CONV1 [t=13805000]: ch=0, y=16, x=10, val=31
CONV1 [t=13805000]: ch=1, y=16, x=10, val=31
CONV1 [t=13805000]: ch=2, y=16, x=10, val=0
CONV1 [t=13805000]: ch=3, y=16, x=10, val=0
CONV1 [t=13805000]: ch=4, y=16, x=10, val=15
CONV1 [t=13805000]: ch=5, y=16, x=10, val=0
CONV1_PRE_RELU [t=13805000]: ch=0, y=16, x=10, val=31
CONV1_PRE_RELU [t=13805000]: ch=1, y=16, x=10, val=63
CONV1_PRE_RELU [t=13805000]: ch=2, y=16, x=10, val=-1
CONV1_PRE_RELU [t=13805000]: ch=3, y=16, x=10, val=15
CONV1_PRE_RELU [t=13805000]: ch=4, y=16, x=10, val=31
CONV1_PRE_RELU [t=13805000]: ch=5, y=16, x=10, val=31
CONV1 [t=13815000]: ch=0, y=16, x=11, val=31
CONV1 [t=13815000]: ch=1, y=16, x=11, val=47
CONV1 [t=13815000]: ch=2, y=16, x=11, val=0
CONV1 [t=13815000]: ch=3, y=16, x=11, val=15
CONV1 [t=13815000]: ch=4, y=16, x=11, val=15
CONV1 [t=13815000]: ch=5, y=16, x=11, val=15
CONV1_PRE_RELU [t=13815000]: ch=0, y=16, x=11, val=15
CONV1_PRE_RELU [t=13815000]: ch=1, y=16, x=11, val=31
CONV1_PRE_RELU [t=13815000]: ch=2, y=16, x=11, val=15
CONV1_PRE_RELU [t=13815000]: ch=3, y=16, x=11, val=31
CONV1_PRE_RELU [t=13815000]: ch=4, y=16, x=11, val=15
CONV1_PRE_RELU [t=13815000]: ch=5, y=16, x=11, val=31
CONV1 [t=13825000]: ch=0, y=16, x=12, val=31
CONV1 [t=13825000]: ch=1, y=16, x=12, val=63
CONV1 [t=13825000]: ch=2, y=16, x=12, val=0
CONV1 [t=13825000]: ch=3, y=16, x=12, val=15
CONV1 [t=13825000]: ch=4, y=16, x=12, val=31
CONV1 [t=13825000]: ch=5, y=16, x=12, val=31
CONV1_PRE_RELU [t=13825000]: ch=0, y=16, x=12, val=15
CONV1_PRE_RELU [t=13825000]: ch=1, y=16, x=12, val=15
CONV1_PRE_RELU [t=13825000]: ch=2, y=16, x=12, val=15
CONV1_PRE_RELU [t=13825000]: ch=3, y=16, x=12, val=15
CONV1_PRE_RELU [t=13825000]: ch=4, y=16, x=12, val=15
CONV1_PRE_RELU [t=13825000]: ch=5, y=16, x=12, val=15
CONV1 [t=13835000]: ch=0, y=16, x=13, val=15
CONV1 [t=13835000]: ch=1, y=16, x=13, val=31
CONV1 [t=13835000]: ch=2, y=16, x=13, val=15
CONV1 [t=13835000]: ch=3, y=16, x=13, val=31
CONV1 [t=13835000]: ch=4, y=16, x=13, val=15
CONV1 [t=13835000]: ch=5, y=16, x=13, val=31
CONV1_PRE_RELU [t=13835000]: ch=0, y=16, x=13, val=15
CONV1_PRE_RELU [t=13835000]: ch=1, y=16, x=13, val=-1
CONV1_PRE_RELU [t=13835000]: ch=2, y=16, x=13, val=15
CONV1_PRE_RELU [t=13835000]: ch=3, y=16, x=13, val=15
CONV1_PRE_RELU [t=13835000]: ch=4, y=16, x=13, val=-1
CONV1_PRE_RELU [t=13835000]: ch=5, y=16, x=13, val=-1
CONV1 [t=13845000]: ch=0, y=16, x=14, val=15
CONV1 [t=13845000]: ch=1, y=16, x=14, val=15
CONV1 [t=13845000]: ch=2, y=16, x=14, val=15
CONV1 [t=13845000]: ch=3, y=16, x=14, val=15
CONV1 [t=13845000]: ch=4, y=16, x=14, val=15
CONV1 [t=13845000]: ch=5, y=16, x=14, val=15
CONV1_PRE_RELU [t=13845000]: ch=0, y=16, x=14, val=-1
CONV1_PRE_RELU [t=13845000]: ch=1, y=16, x=14, val=-1
CONV1_PRE_RELU [t=13845000]: ch=2, y=16, x=14, val=-1
CONV1_PRE_RELU [t=13845000]: ch=3, y=16, x=14, val=-1
CONV1_PRE_RELU [t=13845000]: ch=4, y=16, x=14, val=-1
CONV1_PRE_RELU [t=13845000]: ch=5, y=16, x=14, val=-1
CONV1 [t=13855000]: ch=0, y=16, x=15, val=15
CONV1 [t=13855000]: ch=1, y=16, x=15, val=0
CONV1 [t=13855000]: ch=2, y=16, x=15, val=15
CONV1 [t=13855000]: ch=3, y=16, x=15, val=15
CONV1 [t=13855000]: ch=4, y=16, x=15, val=0
CONV1 [t=13855000]: ch=5, y=16, x=15, val=0
CONV1_PRE_RELU [t=13855000]: ch=0, y=16, x=15, val=-1
CONV1_PRE_RELU [t=13855000]: ch=1, y=16, x=15, val=-1
CONV1_PRE_RELU [t=13855000]: ch=2, y=16, x=15, val=-1
CONV1_PRE_RELU [t=13855000]: ch=3, y=16, x=15, val=-1
CONV1_PRE_RELU [t=13855000]: ch=4, y=16, x=15, val=-1
CONV1_PRE_RELU [t=13855000]: ch=5, y=16, x=15, val=-1
CONV1 [t=13865000]: ch=0, y=16, x=16, val=0
CONV1 [t=13865000]: ch=1, y=16, x=16, val=0
CONV1 [t=13865000]: ch=2, y=16, x=16, val=0
CONV1 [t=13865000]: ch=3, y=16, x=16, val=0
CONV1 [t=13865000]: ch=4, y=16, x=16, val=0
CONV1 [t=13865000]: ch=5, y=16, x=16, val=0
CONV1_PRE_RELU [t=13865000]: ch=0, y=16, x=16, val=-1
CONV1_PRE_RELU [t=13865000]: ch=1, y=16, x=16, val=-1
CONV1_PRE_RELU [t=13865000]: ch=2, y=16, x=16, val=-1
CONV1_PRE_RELU [t=13865000]: ch=3, y=16, x=16, val=-1
CONV1_PRE_RELU [t=13865000]: ch=4, y=16, x=16, val=-1
CONV1_PRE_RELU [t=13865000]: ch=5, y=16, x=16, val=-1
CONV1 [t=13875000]: ch=0, y=16, x=17, val=0
CONV1 [t=13875000]: ch=1, y=16, x=17, val=0
CONV1 [t=13875000]: ch=2, y=16, x=17, val=0
CONV1 [t=13875000]: ch=3, y=16, x=17, val=0
CONV1 [t=13875000]: ch=4, y=16, x=17, val=0
CONV1 [t=13875000]: ch=5, y=16, x=17, val=0
CONV1_PRE_RELU [t=13875000]: ch=0, y=16, x=17, val=-1
CONV1_PRE_RELU [t=13875000]: ch=1, y=16, x=17, val=-1
CONV1_PRE_RELU [t=13875000]: ch=2, y=16, x=17, val=-1
CONV1_PRE_RELU [t=13875000]: ch=3, y=16, x=17, val=-1
CONV1_PRE_RELU [t=13875000]: ch=4, y=16, x=17, val=-1
CONV1_PRE_RELU [t=13875000]: ch=5, y=16, x=17, val=-1
CONV1 [t=13885000]: ch=0, y=16, x=18, val=0
CONV1 [t=13885000]: ch=1, y=16, x=18, val=0
CONV1 [t=13885000]: ch=2, y=16, x=18, val=0
CONV1 [t=13885000]: ch=3, y=16, x=18, val=0
CONV1 [t=13885000]: ch=4, y=16, x=18, val=0
CONV1 [t=13885000]: ch=5, y=16, x=18, val=0
CONV1_PRE_RELU [t=13885000]: ch=0, y=16, x=18, val=-1
CONV1_PRE_RELU [t=13885000]: ch=1, y=16, x=18, val=-1
CONV1_PRE_RELU [t=13885000]: ch=2, y=16, x=18, val=-1
CONV1_PRE_RELU [t=13885000]: ch=3, y=16, x=18, val=-1
CONV1_PRE_RELU [t=13885000]: ch=4, y=16, x=18, val=-1
CONV1_PRE_RELU [t=13885000]: ch=5, y=16, x=18, val=-1
CONV1 [t=13895000]: ch=0, y=16, x=19, val=0
CONV1 [t=13895000]: ch=1, y=16, x=19, val=0
CONV1 [t=13895000]: ch=2, y=16, x=19, val=0
CONV1 [t=13895000]: ch=3, y=16, x=19, val=0
CONV1 [t=13895000]: ch=4, y=16, x=19, val=0
CONV1 [t=13895000]: ch=5, y=16, x=19, val=0
CONV1_PRE_RELU [t=13895000]: ch=0, y=16, x=19, val=-1
CONV1_PRE_RELU [t=13895000]: ch=1, y=16, x=19, val=-1
CONV1_PRE_RELU [t=13895000]: ch=2, y=16, x=19, val=-1
CONV1_PRE_RELU [t=13895000]: ch=3, y=16, x=19, val=-1
CONV1_PRE_RELU [t=13895000]: ch=4, y=16, x=19, val=-1
CONV1_PRE_RELU [t=13895000]: ch=5, y=16, x=19, val=-1
CONV1 [t=13905000]: ch=0, y=16, x=20, val=0
CONV1 [t=13905000]: ch=1, y=16, x=20, val=0
CONV1 [t=13905000]: ch=2, y=16, x=20, val=0
CONV1 [t=13905000]: ch=3, y=16, x=20, val=0
CONV1 [t=13905000]: ch=4, y=16, x=20, val=0
CONV1 [t=13905000]: ch=5, y=16, x=20, val=0
CONV1_PRE_RELU [t=13905000]: ch=0, y=16, x=20, val=-1
CONV1_PRE_RELU [t=13905000]: ch=1, y=16, x=20, val=-1
CONV1_PRE_RELU [t=13905000]: ch=2, y=16, x=20, val=-1
CONV1_PRE_RELU [t=13905000]: ch=3, y=16, x=20, val=-1
CONV1_PRE_RELU [t=13905000]: ch=4, y=16, x=20, val=-1
CONV1_PRE_RELU [t=13905000]: ch=5, y=16, x=20, val=-1
CONV1 [t=13915000]: ch=0, y=16, x=21, val=0
CONV1 [t=13915000]: ch=1, y=16, x=21, val=0
CONV1 [t=13915000]: ch=2, y=16, x=21, val=0
CONV1 [t=13915000]: ch=3, y=16, x=21, val=0
CONV1 [t=13915000]: ch=4, y=16, x=21, val=0
CONV1 [t=13915000]: ch=5, y=16, x=21, val=0
CONV1_PRE_RELU [t=13915000]: ch=0, y=16, x=21, val=-1
CONV1_PRE_RELU [t=13915000]: ch=1, y=16, x=21, val=-1
CONV1_PRE_RELU [t=13915000]: ch=2, y=16, x=21, val=-1
CONV1_PRE_RELU [t=13915000]: ch=3, y=16, x=21, val=-1
CONV1_PRE_RELU [t=13915000]: ch=4, y=16, x=21, val=-1
CONV1_PRE_RELU [t=13915000]: ch=5, y=16, x=21, val=-1
CONV1 [t=13925000]: ch=0, y=16, x=22, val=0
CONV1 [t=13925000]: ch=1, y=16, x=22, val=0
CONV1 [t=13925000]: ch=2, y=16, x=22, val=0
CONV1 [t=13925000]: ch=3, y=16, x=22, val=0
CONV1 [t=13925000]: ch=4, y=16, x=22, val=0
CONV1 [t=13925000]: ch=5, y=16, x=22, val=0
CONV1_PRE_RELU [t=13925000]: ch=0, y=16, x=22, val=-1
CONV1_PRE_RELU [t=13925000]: ch=1, y=16, x=22, val=-1
CONV1_PRE_RELU [t=13925000]: ch=2, y=16, x=22, val=-1
CONV1_PRE_RELU [t=13925000]: ch=3, y=16, x=22, val=-1
CONV1_PRE_RELU [t=13925000]: ch=4, y=16, x=22, val=-1
CONV1_PRE_RELU [t=13925000]: ch=5, y=16, x=22, val=-1
CONV1 [t=13935000]: ch=0, y=16, x=23, val=0
CONV1 [t=13935000]: ch=1, y=16, x=23, val=0
CONV1 [t=13935000]: ch=2, y=16, x=23, val=0
CONV1 [t=13935000]: ch=3, y=16, x=23, val=0
CONV1 [t=13935000]: ch=4, y=16, x=23, val=0
CONV1 [t=13935000]: ch=5, y=16, x=23, val=0
CONV1_PRE_RELU [t=13935000]: ch=0, y=16, x=23, val=-1
CONV1_PRE_RELU [t=13935000]: ch=1, y=16, x=23, val=-1
CONV1_PRE_RELU [t=13935000]: ch=2, y=16, x=23, val=-1
CONV1_PRE_RELU [t=13935000]: ch=3, y=16, x=23, val=-1
CONV1_PRE_RELU [t=13935000]: ch=4, y=16, x=23, val=-1
CONV1_PRE_RELU [t=13935000]: ch=5, y=16, x=23, val=-1
CONV1 [t=13945000]: ch=0, y=17, x=0, val=0
CONV1 [t=13945000]: ch=1, y=17, x=0, val=0
CONV1 [t=13945000]: ch=2, y=17, x=0, val=0
CONV1 [t=13945000]: ch=3, y=17, x=0, val=0
CONV1 [t=13945000]: ch=4, y=17, x=0, val=0
CONV1 [t=13945000]: ch=5, y=17, x=0, val=0
CONV1_PRE_RELU [t=13945000]: ch=0, y=17, x=0, val=-1
CONV1_PRE_RELU [t=13945000]: ch=1, y=17, x=0, val=-1
CONV1_PRE_RELU [t=13945000]: ch=2, y=17, x=0, val=-1
CONV1_PRE_RELU [t=13945000]: ch=3, y=17, x=0, val=-1
CONV1_PRE_RELU [t=13945000]: ch=4, y=17, x=0, val=-1
CONV1_PRE_RELU [t=13945000]: ch=5, y=17, x=0, val=-1
CONV1 [t=13995000]: ch=0, y=17, x=1, val=15
CONV1 [t=13995000]: ch=1, y=17, x=1, val=15
CONV1 [t=13995000]: ch=2, y=17, x=1, val=0
CONV1 [t=13995000]: ch=3, y=17, x=1, val=0
CONV1 [t=13995000]: ch=4, y=17, x=1, val=15
CONV1 [t=13995000]: ch=5, y=17, x=1, val=0
CONV1_PRE_RELU [t=13995000]: ch=0, y=17, x=1, val=-1
CONV1_PRE_RELU [t=13995000]: ch=1, y=17, x=1, val=-1
CONV1_PRE_RELU [t=13995000]: ch=2, y=17, x=1, val=-1
CONV1_PRE_RELU [t=13995000]: ch=3, y=17, x=1, val=-1
CONV1_PRE_RELU [t=13995000]: ch=4, y=17, x=1, val=-1
CONV1_PRE_RELU [t=13995000]: ch=5, y=17, x=1, val=-1
CONV1 [t=14005000]: ch=0, y=17, x=2, val=0
CONV1 [t=14005000]: ch=1, y=17, x=2, val=0
CONV1 [t=14005000]: ch=2, y=17, x=2, val=0
CONV1 [t=14005000]: ch=3, y=17, x=2, val=0
CONV1 [t=14005000]: ch=4, y=17, x=2, val=0
CONV1 [t=14005000]: ch=5, y=17, x=2, val=0
CONV1_PRE_RELU [t=14005000]: ch=0, y=17, x=2, val=-1
CONV1_PRE_RELU [t=14005000]: ch=1, y=17, x=2, val=-1
CONV1_PRE_RELU [t=14005000]: ch=2, y=17, x=2, val=-1
CONV1_PRE_RELU [t=14005000]: ch=3, y=17, x=2, val=-1
CONV1_PRE_RELU [t=14005000]: ch=4, y=17, x=2, val=-1
CONV1_PRE_RELU [t=14005000]: ch=5, y=17, x=2, val=-1
CONV1 [t=14015000]: ch=0, y=17, x=3, val=0
CONV1 [t=14015000]: ch=1, y=17, x=3, val=0
CONV1 [t=14015000]: ch=2, y=17, x=3, val=0
CONV1 [t=14015000]: ch=3, y=17, x=3, val=0
CONV1 [t=14015000]: ch=4, y=17, x=3, val=0
CONV1 [t=14015000]: ch=5, y=17, x=3, val=0
CONV1_PRE_RELU [t=14015000]: ch=0, y=17, x=3, val=-1
CONV1_PRE_RELU [t=14015000]: ch=1, y=17, x=3, val=-1
CONV1_PRE_RELU [t=14015000]: ch=2, y=17, x=3, val=-1
CONV1_PRE_RELU [t=14015000]: ch=3, y=17, x=3, val=-1
CONV1_PRE_RELU [t=14015000]: ch=4, y=17, x=3, val=-1
CONV1_PRE_RELU [t=14015000]: ch=5, y=17, x=3, val=-1
POOL1 [t=14015000]: ch=0, y=8, x=0, val=15
POOL1 [t=14015000]: ch=1, y=8, x=0, val=15
POOL1 [t=14015000]: ch=2, y=8, x=0, val=0
POOL1 [t=14015000]: ch=3, y=8, x=0, val=0
POOL1 [t=14015000]: ch=4, y=8, x=0, val=15
POOL1 [t=14015000]: ch=5, y=8, x=0, val=0
CONV1 [t=14025000]: ch=0, y=17, x=4, val=0
CONV1 [t=14025000]: ch=1, y=17, x=4, val=0
CONV1 [t=14025000]: ch=2, y=17, x=4, val=0
CONV1 [t=14025000]: ch=3, y=17, x=4, val=0
CONV1 [t=14025000]: ch=4, y=17, x=4, val=0
CONV1 [t=14025000]: ch=5, y=17, x=4, val=0
CONV1_PRE_RELU [t=14025000]: ch=0, y=17, x=4, val=-1
CONV1_PRE_RELU [t=14025000]: ch=1, y=17, x=4, val=-1
CONV1_PRE_RELU [t=14025000]: ch=2, y=17, x=4, val=-1
CONV1_PRE_RELU [t=14025000]: ch=3, y=17, x=4, val=-1
CONV1_PRE_RELU [t=14025000]: ch=4, y=17, x=4, val=-1
CONV1_PRE_RELU [t=14025000]: ch=5, y=17, x=4, val=-1
CONV1 [t=14035000]: ch=0, y=17, x=5, val=0
CONV1 [t=14035000]: ch=1, y=17, x=5, val=0
CONV1 [t=14035000]: ch=2, y=17, x=5, val=0
CONV1 [t=14035000]: ch=3, y=17, x=5, val=0
CONV1 [t=14035000]: ch=4, y=17, x=5, val=0
CONV1 [t=14035000]: ch=5, y=17, x=5, val=0
CONV1_PRE_RELU [t=14035000]: ch=0, y=17, x=5, val=-1
CONV1_PRE_RELU [t=14035000]: ch=1, y=17, x=5, val=-1
CONV1_PRE_RELU [t=14035000]: ch=2, y=17, x=5, val=-1
CONV1_PRE_RELU [t=14035000]: ch=3, y=17, x=5, val=-1
CONV1_PRE_RELU [t=14035000]: ch=4, y=17, x=5, val=-1
CONV1_PRE_RELU [t=14035000]: ch=5, y=17, x=5, val=-1
POOL1 [t=14035000]: ch=0, y=8, x=1, val=0
POOL1 [t=14035000]: ch=1, y=8, x=1, val=0
POOL1 [t=14035000]: ch=2, y=8, x=1, val=0
POOL1 [t=14035000]: ch=3, y=8, x=1, val=0
POOL1 [t=14035000]: ch=4, y=8, x=1, val=0
POOL1 [t=14035000]: ch=5, y=8, x=1, val=0
CONV1 [t=14045000]: ch=0, y=17, x=6, val=0
CONV1 [t=14045000]: ch=1, y=17, x=6, val=0
CONV1 [t=14045000]: ch=2, y=17, x=6, val=0
CONV1 [t=14045000]: ch=3, y=17, x=6, val=0
CONV1 [t=14045000]: ch=4, y=17, x=6, val=0
CONV1 [t=14045000]: ch=5, y=17, x=6, val=0
CONV1_PRE_RELU [t=14045000]: ch=0, y=17, x=6, val=-1
CONV1_PRE_RELU [t=14045000]: ch=1, y=17, x=6, val=-1
CONV1_PRE_RELU [t=14045000]: ch=2, y=17, x=6, val=-1
CONV1_PRE_RELU [t=14045000]: ch=3, y=17, x=6, val=-1
CONV1_PRE_RELU [t=14045000]: ch=4, y=17, x=6, val=-1
CONV1_PRE_RELU [t=14045000]: ch=5, y=17, x=6, val=-1
CONV1 [t=14055000]: ch=0, y=17, x=7, val=0
CONV1 [t=14055000]: ch=1, y=17, x=7, val=0
CONV1 [t=14055000]: ch=2, y=17, x=7, val=0
CONV1 [t=14055000]: ch=3, y=17, x=7, val=0
CONV1 [t=14055000]: ch=4, y=17, x=7, val=0
CONV1 [t=14055000]: ch=5, y=17, x=7, val=0
CONV1_PRE_RELU [t=14055000]: ch=0, y=17, x=7, val=-1
CONV1_PRE_RELU [t=14055000]: ch=1, y=17, x=7, val=-1
CONV1_PRE_RELU [t=14055000]: ch=2, y=17, x=7, val=-1
CONV1_PRE_RELU [t=14055000]: ch=3, y=17, x=7, val=-1
CONV1_PRE_RELU [t=14055000]: ch=4, y=17, x=7, val=-1
CONV1_PRE_RELU [t=14055000]: ch=5, y=17, x=7, val=-1
POOL1 [t=14055000]: ch=0, y=8, x=2, val=0
POOL1 [t=14055000]: ch=1, y=8, x=2, val=0
POOL1 [t=14055000]: ch=2, y=8, x=2, val=0
POOL1 [t=14055000]: ch=3, y=8, x=2, val=0
POOL1 [t=14055000]: ch=4, y=8, x=2, val=0
POOL1 [t=14055000]: ch=5, y=8, x=2, val=0
CONV1 [t=14065000]: ch=0, y=17, x=8, val=0
CONV1 [t=14065000]: ch=1, y=17, x=8, val=0
CONV1 [t=14065000]: ch=2, y=17, x=8, val=0
CONV1 [t=14065000]: ch=3, y=17, x=8, val=0
CONV1 [t=14065000]: ch=4, y=17, x=8, val=0
CONV1 [t=14065000]: ch=5, y=17, x=8, val=0
CONV1_PRE_RELU [t=14065000]: ch=0, y=17, x=8, val=15
CONV1_PRE_RELU [t=14065000]: ch=1, y=17, x=8, val=15
CONV1_PRE_RELU [t=14065000]: ch=2, y=17, x=8, val=15
CONV1_PRE_RELU [t=14065000]: ch=3, y=17, x=8, val=15
CONV1_PRE_RELU [t=14065000]: ch=4, y=17, x=8, val=31
CONV1_PRE_RELU [t=14065000]: ch=5, y=17, x=8, val=15
CONV1 [t=14075000]: ch=0, y=17, x=9, val=0
CONV1 [t=14075000]: ch=1, y=17, x=9, val=0
CONV1 [t=14075000]: ch=2, y=17, x=9, val=0
CONV1 [t=14075000]: ch=3, y=17, x=9, val=0
CONV1 [t=14075000]: ch=4, y=17, x=9, val=0
CONV1 [t=14075000]: ch=5, y=17, x=9, val=0
CONV1_PRE_RELU [t=14075000]: ch=0, y=17, x=9, val=47
CONV1_PRE_RELU [t=14075000]: ch=1, y=17, x=9, val=31
CONV1_PRE_RELU [t=14075000]: ch=2, y=17, x=9, val=15
CONV1_PRE_RELU [t=14075000]: ch=3, y=17, x=9, val=-1
CONV1_PRE_RELU [t=14075000]: ch=4, y=17, x=9, val=31
CONV1_PRE_RELU [t=14075000]: ch=5, y=17, x=9, val=-1
POOL1 [t=14075000]: ch=0, y=8, x=3, val=0
POOL1 [t=14075000]: ch=1, y=8, x=3, val=0
POOL1 [t=14075000]: ch=2, y=8, x=3, val=0
POOL1 [t=14075000]: ch=3, y=8, x=3, val=0
POOL1 [t=14075000]: ch=4, y=8, x=3, val=0
POOL1 [t=14075000]: ch=5, y=8, x=3, val=0
CONV1 [t=14085000]: ch=0, y=17, x=10, val=15
CONV1 [t=14085000]: ch=1, y=17, x=10, val=15
CONV1 [t=14085000]: ch=2, y=17, x=10, val=15
CONV1 [t=14085000]: ch=3, y=17, x=10, val=15
CONV1 [t=14085000]: ch=4, y=17, x=10, val=31
CONV1 [t=14085000]: ch=5, y=17, x=10, val=15
CONV1_PRE_RELU [t=14085000]: ch=0, y=17, x=10, val=47
CONV1_PRE_RELU [t=14085000]: ch=1, y=17, x=10, val=47
CONV1_PRE_RELU [t=14085000]: ch=2, y=17, x=10, val=15
CONV1_PRE_RELU [t=14085000]: ch=3, y=17, x=10, val=31
CONV1_PRE_RELU [t=14085000]: ch=4, y=17, x=10, val=15
CONV1_PRE_RELU [t=14085000]: ch=5, y=17, x=10, val=15
CONV1 [t=14095000]: ch=0, y=17, x=11, val=47
CONV1 [t=14095000]: ch=1, y=17, x=11, val=31
CONV1 [t=14095000]: ch=2, y=17, x=11, val=15
CONV1 [t=14095000]: ch=3, y=17, x=11, val=0
CONV1 [t=14095000]: ch=4, y=17, x=11, val=31
CONV1 [t=14095000]: ch=5, y=17, x=11, val=0
CONV1_PRE_RELU [t=14095000]: ch=0, y=17, x=11, val=-1
CONV1_PRE_RELU [t=14095000]: ch=1, y=17, x=11, val=47
CONV1_PRE_RELU [t=14095000]: ch=2, y=17, x=11, val=-1
CONV1_PRE_RELU [t=14095000]: ch=3, y=17, x=11, val=15
CONV1_PRE_RELU [t=14095000]: ch=4, y=17, x=11, val=31
CONV1_PRE_RELU [t=14095000]: ch=5, y=17, x=11, val=47
POOL1 [t=14095000]: ch=0, y=8, x=4, val=0
POOL1 [t=14095000]: ch=1, y=8, x=4, val=0
POOL1 [t=14095000]: ch=2, y=8, x=4, val=0
POOL1 [t=14095000]: ch=3, y=8, x=4, val=0
POOL1 [t=14095000]: ch=4, y=8, x=4, val=0
POOL1 [t=14095000]: ch=5, y=8, x=4, val=0
CONV1 [t=14105000]: ch=0, y=17, x=12, val=47
CONV1 [t=14105000]: ch=1, y=17, x=12, val=47
CONV1 [t=14105000]: ch=2, y=17, x=12, val=15
CONV1 [t=14105000]: ch=3, y=17, x=12, val=31
CONV1 [t=14105000]: ch=4, y=17, x=12, val=15
CONV1 [t=14105000]: ch=5, y=17, x=12, val=15
CONV1_PRE_RELU [t=14105000]: ch=0, y=17, x=12, val=15
CONV1_PRE_RELU [t=14105000]: ch=1, y=17, x=12, val=15
CONV1_PRE_RELU [t=14105000]: ch=2, y=17, x=12, val=15
CONV1_PRE_RELU [t=14105000]: ch=3, y=17, x=12, val=15
CONV1_PRE_RELU [t=14105000]: ch=4, y=17, x=12, val=15
CONV1_PRE_RELU [t=14105000]: ch=5, y=17, x=12, val=15
CONV1 [t=14115000]: ch=0, y=17, x=13, val=0
CONV1 [t=14115000]: ch=1, y=17, x=13, val=47
CONV1 [t=14115000]: ch=2, y=17, x=13, val=0
CONV1 [t=14115000]: ch=3, y=17, x=13, val=15
CONV1 [t=14115000]: ch=4, y=17, x=13, val=31
CONV1 [t=14115000]: ch=5, y=17, x=13, val=47
CONV1_PRE_RELU [t=14115000]: ch=0, y=17, x=13, val=15
CONV1_PRE_RELU [t=14115000]: ch=1, y=17, x=13, val=-1
CONV1_PRE_RELU [t=14115000]: ch=2, y=17, x=13, val=15
CONV1_PRE_RELU [t=14115000]: ch=3, y=17, x=13, val=15
CONV1_PRE_RELU [t=14115000]: ch=4, y=17, x=13, val=-1
CONV1_PRE_RELU [t=14115000]: ch=5, y=17, x=13, val=-1
POOL1 [t=14115000]: ch=0, y=8, x=5, val=47
POOL1 [t=14115000]: ch=1, y=8, x=5, val=47
POOL1 [t=14115000]: ch=2, y=8, x=5, val=15
POOL1 [t=14115000]: ch=3, y=8, x=5, val=15
POOL1 [t=14115000]: ch=4, y=8, x=5, val=31
POOL1 [t=14115000]: ch=5, y=8, x=5, val=15
CONV1 [t=14125000]: ch=0, y=17, x=14, val=15
CONV1 [t=14125000]: ch=1, y=17, x=14, val=15
CONV1 [t=14125000]: ch=2, y=17, x=14, val=15
CONV1 [t=14125000]: ch=3, y=17, x=14, val=15
CONV1 [t=14125000]: ch=4, y=17, x=14, val=15
CONV1 [t=14125000]: ch=5, y=17, x=14, val=15
CONV1_PRE_RELU [t=14125000]: ch=0, y=17, x=14, val=-1
CONV1_PRE_RELU [t=14125000]: ch=1, y=17, x=14, val=-1
CONV1_PRE_RELU [t=14125000]: ch=2, y=17, x=14, val=-1
CONV1_PRE_RELU [t=14125000]: ch=3, y=17, x=14, val=-1
CONV1_PRE_RELU [t=14125000]: ch=4, y=17, x=14, val=-1
CONV1_PRE_RELU [t=14125000]: ch=5, y=17, x=14, val=-1
CONV1 [t=14135000]: ch=0, y=17, x=15, val=15
CONV1 [t=14135000]: ch=1, y=17, x=15, val=0
CONV1 [t=14135000]: ch=2, y=17, x=15, val=15
CONV1 [t=14135000]: ch=3, y=17, x=15, val=15
CONV1 [t=14135000]: ch=4, y=17, x=15, val=0
CONV1 [t=14135000]: ch=5, y=17, x=15, val=0
CONV1_PRE_RELU [t=14135000]: ch=0, y=17, x=15, val=-1
CONV1_PRE_RELU [t=14135000]: ch=1, y=17, x=15, val=-1
CONV1_PRE_RELU [t=14135000]: ch=2, y=17, x=15, val=-1
CONV1_PRE_RELU [t=14135000]: ch=3, y=17, x=15, val=-1
CONV1_PRE_RELU [t=14135000]: ch=4, y=17, x=15, val=-1
CONV1_PRE_RELU [t=14135000]: ch=5, y=17, x=15, val=-1
POOL1 [t=14135000]: ch=0, y=8, x=6, val=47
POOL1 [t=14135000]: ch=1, y=8, x=6, val=63
POOL1 [t=14135000]: ch=2, y=8, x=6, val=15
POOL1 [t=14135000]: ch=3, y=8, x=6, val=31
POOL1 [t=14135000]: ch=4, y=8, x=6, val=31
POOL1 [t=14135000]: ch=5, y=8, x=6, val=47
CONV1 [t=14145000]: ch=0, y=17, x=16, val=0
CONV1 [t=14145000]: ch=1, y=17, x=16, val=0
CONV1 [t=14145000]: ch=2, y=17, x=16, val=0
CONV1 [t=14145000]: ch=3, y=17, x=16, val=0
CONV1 [t=14145000]: ch=4, y=17, x=16, val=0
CONV1 [t=14145000]: ch=5, y=17, x=16, val=0
CONV1_PRE_RELU [t=14145000]: ch=0, y=17, x=16, val=-1
CONV1_PRE_RELU [t=14145000]: ch=1, y=17, x=16, val=-1
CONV1_PRE_RELU [t=14145000]: ch=2, y=17, x=16, val=-1
CONV1_PRE_RELU [t=14145000]: ch=3, y=17, x=16, val=-1
CONV1_PRE_RELU [t=14145000]: ch=4, y=17, x=16, val=-1
CONV1_PRE_RELU [t=14145000]: ch=5, y=17, x=16, val=-1
CONV1 [t=14155000]: ch=0, y=17, x=17, val=0
CONV1 [t=14155000]: ch=1, y=17, x=17, val=0
CONV1 [t=14155000]: ch=2, y=17, x=17, val=0
CONV1 [t=14155000]: ch=3, y=17, x=17, val=0
CONV1 [t=14155000]: ch=4, y=17, x=17, val=0
CONV1 [t=14155000]: ch=5, y=17, x=17, val=0
CONV1_PRE_RELU [t=14155000]: ch=0, y=17, x=17, val=-1
CONV1_PRE_RELU [t=14155000]: ch=1, y=17, x=17, val=-1
CONV1_PRE_RELU [t=14155000]: ch=2, y=17, x=17, val=-1
CONV1_PRE_RELU [t=14155000]: ch=3, y=17, x=17, val=-1
CONV1_PRE_RELU [t=14155000]: ch=4, y=17, x=17, val=-1
CONV1_PRE_RELU [t=14155000]: ch=5, y=17, x=17, val=-1
POOL1 [t=14155000]: ch=0, y=8, x=7, val=15
POOL1 [t=14155000]: ch=1, y=8, x=7, val=15
POOL1 [t=14155000]: ch=2, y=8, x=7, val=15
POOL1 [t=14155000]: ch=3, y=8, x=7, val=15
POOL1 [t=14155000]: ch=4, y=8, x=7, val=15
POOL1 [t=14155000]: ch=5, y=8, x=7, val=15
CONV1 [t=14165000]: ch=0, y=17, x=18, val=0
CONV1 [t=14165000]: ch=1, y=17, x=18, val=0
CONV1 [t=14165000]: ch=2, y=17, x=18, val=0
CONV1 [t=14165000]: ch=3, y=17, x=18, val=0
CONV1 [t=14165000]: ch=4, y=17, x=18, val=0
CONV1 [t=14165000]: ch=5, y=17, x=18, val=0
CONV1_PRE_RELU [t=14165000]: ch=0, y=17, x=18, val=-1
CONV1_PRE_RELU [t=14165000]: ch=1, y=17, x=18, val=-1
CONV1_PRE_RELU [t=14165000]: ch=2, y=17, x=18, val=-1
CONV1_PRE_RELU [t=14165000]: ch=3, y=17, x=18, val=-1
CONV1_PRE_RELU [t=14165000]: ch=4, y=17, x=18, val=-1
CONV1_PRE_RELU [t=14165000]: ch=5, y=17, x=18, val=-1
CONV1 [t=14175000]: ch=0, y=17, x=19, val=0
CONV1 [t=14175000]: ch=1, y=17, x=19, val=0
CONV1 [t=14175000]: ch=2, y=17, x=19, val=0
CONV1 [t=14175000]: ch=3, y=17, x=19, val=0
CONV1 [t=14175000]: ch=4, y=17, x=19, val=0
CONV1 [t=14175000]: ch=5, y=17, x=19, val=0
CONV1_PRE_RELU [t=14175000]: ch=0, y=17, x=19, val=-1
CONV1_PRE_RELU [t=14175000]: ch=1, y=17, x=19, val=-1
CONV1_PRE_RELU [t=14175000]: ch=2, y=17, x=19, val=-1
CONV1_PRE_RELU [t=14175000]: ch=3, y=17, x=19, val=-1
CONV1_PRE_RELU [t=14175000]: ch=4, y=17, x=19, val=-1
CONV1_PRE_RELU [t=14175000]: ch=5, y=17, x=19, val=-1
POOL1 [t=14175000]: ch=0, y=8, x=8, val=0
POOL1 [t=14175000]: ch=1, y=8, x=8, val=0
POOL1 [t=14175000]: ch=2, y=8, x=8, val=0
POOL1 [t=14175000]: ch=3, y=8, x=8, val=0
POOL1 [t=14175000]: ch=4, y=8, x=8, val=0
POOL1 [t=14175000]: ch=5, y=8, x=8, val=0
CONV1 [t=14185000]: ch=0, y=17, x=20, val=0
CONV1 [t=14185000]: ch=1, y=17, x=20, val=0
CONV1 [t=14185000]: ch=2, y=17, x=20, val=0
CONV1 [t=14185000]: ch=3, y=17, x=20, val=0
CONV1 [t=14185000]: ch=4, y=17, x=20, val=0
CONV1 [t=14185000]: ch=5, y=17, x=20, val=0
CONV1_PRE_RELU [t=14185000]: ch=0, y=17, x=20, val=-1
CONV1_PRE_RELU [t=14185000]: ch=1, y=17, x=20, val=-1
CONV1_PRE_RELU [t=14185000]: ch=2, y=17, x=20, val=-1
CONV1_PRE_RELU [t=14185000]: ch=3, y=17, x=20, val=-1
CONV1_PRE_RELU [t=14185000]: ch=4, y=17, x=20, val=-1
CONV1_PRE_RELU [t=14185000]: ch=5, y=17, x=20, val=-1
CONV1 [t=14195000]: ch=0, y=17, x=21, val=0
CONV1 [t=14195000]: ch=1, y=17, x=21, val=0
CONV1 [t=14195000]: ch=2, y=17, x=21, val=0
CONV1 [t=14195000]: ch=3, y=17, x=21, val=0
CONV1 [t=14195000]: ch=4, y=17, x=21, val=0
CONV1 [t=14195000]: ch=5, y=17, x=21, val=0
CONV1_PRE_RELU [t=14195000]: ch=0, y=17, x=21, val=-1
CONV1_PRE_RELU [t=14195000]: ch=1, y=17, x=21, val=-1
CONV1_PRE_RELU [t=14195000]: ch=2, y=17, x=21, val=-1
CONV1_PRE_RELU [t=14195000]: ch=3, y=17, x=21, val=-1
CONV1_PRE_RELU [t=14195000]: ch=4, y=17, x=21, val=-1
CONV1_PRE_RELU [t=14195000]: ch=5, y=17, x=21, val=-1
POOL1 [t=14195000]: ch=0, y=8, x=9, val=0
POOL1 [t=14195000]: ch=1, y=8, x=9, val=0
POOL1 [t=14195000]: ch=2, y=8, x=9, val=0
POOL1 [t=14195000]: ch=3, y=8, x=9, val=0
POOL1 [t=14195000]: ch=4, y=8, x=9, val=0
POOL1 [t=14195000]: ch=5, y=8, x=9, val=0
CONV1 [t=14205000]: ch=0, y=17, x=22, val=0
CONV1 [t=14205000]: ch=1, y=17, x=22, val=0
CONV1 [t=14205000]: ch=2, y=17, x=22, val=0
CONV1 [t=14205000]: ch=3, y=17, x=22, val=0
CONV1 [t=14205000]: ch=4, y=17, x=22, val=0
CONV1 [t=14205000]: ch=5, y=17, x=22, val=0
CONV1_PRE_RELU [t=14205000]: ch=0, y=17, x=22, val=-1
CONV1_PRE_RELU [t=14205000]: ch=1, y=17, x=22, val=-1
CONV1_PRE_RELU [t=14205000]: ch=2, y=17, x=22, val=-1
CONV1_PRE_RELU [t=14205000]: ch=3, y=17, x=22, val=-1
CONV1_PRE_RELU [t=14205000]: ch=4, y=17, x=22, val=-1
CONV1_PRE_RELU [t=14205000]: ch=5, y=17, x=22, val=-1
CONV1 [t=14215000]: ch=0, y=17, x=23, val=0
CONV1 [t=14215000]: ch=1, y=17, x=23, val=0
CONV1 [t=14215000]: ch=2, y=17, x=23, val=0
CONV1 [t=14215000]: ch=3, y=17, x=23, val=0
CONV1 [t=14215000]: ch=4, y=17, x=23, val=0
CONV1 [t=14215000]: ch=5, y=17, x=23, val=0
CONV1_PRE_RELU [t=14215000]: ch=0, y=17, x=23, val=-1
CONV1_PRE_RELU [t=14215000]: ch=1, y=17, x=23, val=-1
CONV1_PRE_RELU [t=14215000]: ch=2, y=17, x=23, val=-1
CONV1_PRE_RELU [t=14215000]: ch=3, y=17, x=23, val=-1
CONV1_PRE_RELU [t=14215000]: ch=4, y=17, x=23, val=-1
CONV1_PRE_RELU [t=14215000]: ch=5, y=17, x=23, val=-1
POOL1 [t=14215000]: ch=0, y=8, x=10, val=0
POOL1 [t=14215000]: ch=1, y=8, x=10, val=0
POOL1 [t=14215000]: ch=2, y=8, x=10, val=0
POOL1 [t=14215000]: ch=3, y=8, x=10, val=0
POOL1 [t=14215000]: ch=4, y=8, x=10, val=0
POOL1 [t=14215000]: ch=5, y=8, x=10, val=0
CONV1 [t=14225000]: ch=0, y=18, x=0, val=0
CONV1 [t=14225000]: ch=1, y=18, x=0, val=0
CONV1 [t=14225000]: ch=2, y=18, x=0, val=0
CONV1 [t=14225000]: ch=3, y=18, x=0, val=0
CONV1 [t=14225000]: ch=4, y=18, x=0, val=0
CONV1 [t=14225000]: ch=5, y=18, x=0, val=0
CONV1_PRE_RELU [t=14225000]: ch=0, y=18, x=0, val=-1
CONV1_PRE_RELU [t=14225000]: ch=1, y=18, x=0, val=-1
CONV1_PRE_RELU [t=14225000]: ch=2, y=18, x=0, val=-1
CONV1_PRE_RELU [t=14225000]: ch=3, y=18, x=0, val=-1
CONV1_PRE_RELU [t=14225000]: ch=4, y=18, x=0, val=-1
CONV1_PRE_RELU [t=14225000]: ch=5, y=18, x=0, val=-1
POOL1 [t=14235000]: ch=0, y=8, x=11, val=0
POOL1 [t=14235000]: ch=1, y=8, x=11, val=0
POOL1 [t=14235000]: ch=2, y=8, x=11, val=0
POOL1 [t=14235000]: ch=3, y=8, x=11, val=0
POOL1 [t=14235000]: ch=4, y=8, x=11, val=0
POOL1 [t=14235000]: ch=5, y=8, x=11, val=0
CONV1 [t=14275000]: ch=0, y=18, x=1, val=0
CONV1 [t=14275000]: ch=1, y=18, x=1, val=0
CONV1 [t=14275000]: ch=2, y=18, x=1, val=0
CONV1 [t=14275000]: ch=3, y=18, x=1, val=0
CONV1 [t=14275000]: ch=4, y=18, x=1, val=0
CONV1 [t=14275000]: ch=5, y=18, x=1, val=0
CONV1_PRE_RELU [t=14275000]: ch=0, y=18, x=1, val=-1
CONV1_PRE_RELU [t=14275000]: ch=1, y=18, x=1, val=-1
CONV1_PRE_RELU [t=14275000]: ch=2, y=18, x=1, val=-1
CONV1_PRE_RELU [t=14275000]: ch=3, y=18, x=1, val=-1
CONV1_PRE_RELU [t=14275000]: ch=4, y=18, x=1, val=-1
CONV1_PRE_RELU [t=14275000]: ch=5, y=18, x=1, val=-1
CONV1 [t=14285000]: ch=0, y=18, x=2, val=0
CONV1 [t=14285000]: ch=1, y=18, x=2, val=0
CONV1 [t=14285000]: ch=2, y=18, x=2, val=0
CONV1 [t=14285000]: ch=3, y=18, x=2, val=0
CONV1 [t=14285000]: ch=4, y=18, x=2, val=0
CONV1 [t=14285000]: ch=5, y=18, x=2, val=0
CONV1_PRE_RELU [t=14285000]: ch=0, y=18, x=2, val=-1
CONV1_PRE_RELU [t=14285000]: ch=1, y=18, x=2, val=-1
CONV1_PRE_RELU [t=14285000]: ch=2, y=18, x=2, val=-1
CONV1_PRE_RELU [t=14285000]: ch=3, y=18, x=2, val=-1
CONV1_PRE_RELU [t=14285000]: ch=4, y=18, x=2, val=-1
CONV1_PRE_RELU [t=14285000]: ch=5, y=18, x=2, val=-1
CONV1 [t=14295000]: ch=0, y=18, x=3, val=0
CONV1 [t=14295000]: ch=1, y=18, x=3, val=0
CONV1 [t=14295000]: ch=2, y=18, x=3, val=0
CONV1 [t=14295000]: ch=3, y=18, x=3, val=0
CONV1 [t=14295000]: ch=4, y=18, x=3, val=0
CONV1 [t=14295000]: ch=5, y=18, x=3, val=0
CONV1_PRE_RELU [t=14295000]: ch=0, y=18, x=3, val=-1
CONV1_PRE_RELU [t=14295000]: ch=1, y=18, x=3, val=-1
CONV1_PRE_RELU [t=14295000]: ch=2, y=18, x=3, val=-1
CONV1_PRE_RELU [t=14295000]: ch=3, y=18, x=3, val=-1
CONV1_PRE_RELU [t=14295000]: ch=4, y=18, x=3, val=-1
CONV1_PRE_RELU [t=14295000]: ch=5, y=18, x=3, val=-1
CONV1 [t=14305000]: ch=0, y=18, x=4, val=0
CONV1 [t=14305000]: ch=1, y=18, x=4, val=0
CONV1 [t=14305000]: ch=2, y=18, x=4, val=0
CONV1 [t=14305000]: ch=3, y=18, x=4, val=0
CONV1 [t=14305000]: ch=4, y=18, x=4, val=0
CONV1 [t=14305000]: ch=5, y=18, x=4, val=0
CONV1_PRE_RELU [t=14305000]: ch=0, y=18, x=4, val=-1
CONV1_PRE_RELU [t=14305000]: ch=1, y=18, x=4, val=-1
CONV1_PRE_RELU [t=14305000]: ch=2, y=18, x=4, val=-1
CONV1_PRE_RELU [t=14305000]: ch=3, y=18, x=4, val=-1
CONV1_PRE_RELU [t=14305000]: ch=4, y=18, x=4, val=-1
CONV1_PRE_RELU [t=14305000]: ch=5, y=18, x=4, val=-1
CONV1 [t=14315000]: ch=0, y=18, x=5, val=0
CONV1 [t=14315000]: ch=1, y=18, x=5, val=0
CONV1 [t=14315000]: ch=2, y=18, x=5, val=0
CONV1 [t=14315000]: ch=3, y=18, x=5, val=0
CONV1 [t=14315000]: ch=4, y=18, x=5, val=0
CONV1 [t=14315000]: ch=5, y=18, x=5, val=0
CONV1_PRE_RELU [t=14315000]: ch=0, y=18, x=5, val=-1
CONV1_PRE_RELU [t=14315000]: ch=1, y=18, x=5, val=-1
CONV1_PRE_RELU [t=14315000]: ch=2, y=18, x=5, val=-1
CONV1_PRE_RELU [t=14315000]: ch=3, y=18, x=5, val=-1
CONV1_PRE_RELU [t=14315000]: ch=4, y=18, x=5, val=-1
CONV1_PRE_RELU [t=14315000]: ch=5, y=18, x=5, val=-1
CONV1 [t=14325000]: ch=0, y=18, x=6, val=0
CONV1 [t=14325000]: ch=1, y=18, x=6, val=0
CONV1 [t=14325000]: ch=2, y=18, x=6, val=0
CONV1 [t=14325000]: ch=3, y=18, x=6, val=0
CONV1 [t=14325000]: ch=4, y=18, x=6, val=0
CONV1 [t=14325000]: ch=5, y=18, x=6, val=0
CONV1_PRE_RELU [t=14325000]: ch=0, y=18, x=6, val=-1
CONV1_PRE_RELU [t=14325000]: ch=1, y=18, x=6, val=-1
CONV1_PRE_RELU [t=14325000]: ch=2, y=18, x=6, val=-1
CONV1_PRE_RELU [t=14325000]: ch=3, y=18, x=6, val=-1
CONV1_PRE_RELU [t=14325000]: ch=4, y=18, x=6, val=-1
CONV1_PRE_RELU [t=14325000]: ch=5, y=18, x=6, val=-1
CONV1 [t=14335000]: ch=0, y=18, x=7, val=0
CONV1 [t=14335000]: ch=1, y=18, x=7, val=0
CONV1 [t=14335000]: ch=2, y=18, x=7, val=0
CONV1 [t=14335000]: ch=3, y=18, x=7, val=0
CONV1 [t=14335000]: ch=4, y=18, x=7, val=0
CONV1 [t=14335000]: ch=5, y=18, x=7, val=0
CONV1_PRE_RELU [t=14335000]: ch=0, y=18, x=7, val=-1
CONV1_PRE_RELU [t=14335000]: ch=1, y=18, x=7, val=-1
CONV1_PRE_RELU [t=14335000]: ch=2, y=18, x=7, val=15
CONV1_PRE_RELU [t=14335000]: ch=3, y=18, x=7, val=15
CONV1_PRE_RELU [t=14335000]: ch=4, y=18, x=7, val=-1
CONV1_PRE_RELU [t=14335000]: ch=5, y=18, x=7, val=15
CONV1 [t=14345000]: ch=0, y=18, x=8, val=0
CONV1 [t=14345000]: ch=1, y=18, x=8, val=0
CONV1 [t=14345000]: ch=2, y=18, x=8, val=0
CONV1 [t=14345000]: ch=3, y=18, x=8, val=0
CONV1 [t=14345000]: ch=4, y=18, x=8, val=0
CONV1 [t=14345000]: ch=5, y=18, x=8, val=0
CONV1_PRE_RELU [t=14345000]: ch=0, y=18, x=8, val=31
CONV1_PRE_RELU [t=14345000]: ch=1, y=18, x=8, val=31
CONV1_PRE_RELU [t=14345000]: ch=2, y=18, x=8, val=-1
CONV1_PRE_RELU [t=14345000]: ch=3, y=18, x=8, val=-1
CONV1_PRE_RELU [t=14345000]: ch=4, y=18, x=8, val=15
CONV1_PRE_RELU [t=14345000]: ch=5, y=18, x=8, val=-1
CONV1 [t=14355000]: ch=0, y=18, x=9, val=0
CONV1 [t=14355000]: ch=1, y=18, x=9, val=0
CONV1 [t=14355000]: ch=2, y=18, x=9, val=15
CONV1 [t=14355000]: ch=3, y=18, x=9, val=15
CONV1 [t=14355000]: ch=4, y=18, x=9, val=0
CONV1 [t=14355000]: ch=5, y=18, x=9, val=15
CONV1_PRE_RELU [t=14355000]: ch=0, y=18, x=9, val=31
CONV1_PRE_RELU [t=14355000]: ch=1, y=18, x=9, val=47
CONV1_PRE_RELU [t=14355000]: ch=2, y=18, x=9, val=-1
CONV1_PRE_RELU [t=14355000]: ch=3, y=18, x=9, val=15
CONV1_PRE_RELU [t=14355000]: ch=4, y=18, x=9, val=15
CONV1_PRE_RELU [t=14355000]: ch=5, y=18, x=9, val=15
CONV1 [t=14365000]: ch=0, y=18, x=10, val=31
CONV1 [t=14365000]: ch=1, y=18, x=10, val=31
CONV1 [t=14365000]: ch=2, y=18, x=10, val=0
CONV1 [t=14365000]: ch=3, y=18, x=10, val=0
CONV1 [t=14365000]: ch=4, y=18, x=10, val=15
CONV1 [t=14365000]: ch=5, y=18, x=10, val=0
CONV1_PRE_RELU [t=14365000]: ch=0, y=18, x=10, val=15
CONV1_PRE_RELU [t=14365000]: ch=1, y=18, x=10, val=47
CONV1_PRE_RELU [t=14365000]: ch=2, y=18, x=10, val=15
CONV1_PRE_RELU [t=14365000]: ch=3, y=18, x=10, val=31
CONV1_PRE_RELU [t=14365000]: ch=4, y=18, x=10, val=15
CONV1_PRE_RELU [t=14365000]: ch=5, y=18, x=10, val=47
CONV1 [t=14375000]: ch=0, y=18, x=11, val=31
CONV1 [t=14375000]: ch=1, y=18, x=11, val=47
CONV1 [t=14375000]: ch=2, y=18, x=11, val=0
CONV1 [t=14375000]: ch=3, y=18, x=11, val=15
CONV1 [t=14375000]: ch=4, y=18, x=11, val=15
CONV1 [t=14375000]: ch=5, y=18, x=11, val=15
CONV1_PRE_RELU [t=14375000]: ch=0, y=18, x=11, val=15
CONV1_PRE_RELU [t=14375000]: ch=1, y=18, x=11, val=31
CONV1_PRE_RELU [t=14375000]: ch=2, y=18, x=11, val=15
CONV1_PRE_RELU [t=14375000]: ch=3, y=18, x=11, val=31
CONV1_PRE_RELU [t=14375000]: ch=4, y=18, x=11, val=15
CONV1_PRE_RELU [t=14375000]: ch=5, y=18, x=11, val=31
CONV1 [t=14385000]: ch=0, y=18, x=12, val=15
CONV1 [t=14385000]: ch=1, y=18, x=12, val=47
CONV1 [t=14385000]: ch=2, y=18, x=12, val=15
CONV1 [t=14385000]: ch=3, y=18, x=12, val=31
CONV1 [t=14385000]: ch=4, y=18, x=12, val=15
CONV1 [t=14385000]: ch=5, y=18, x=12, val=47
CONV1_PRE_RELU [t=14385000]: ch=0, y=18, x=12, val=15
CONV1_PRE_RELU [t=14385000]: ch=1, y=18, x=12, val=15
CONV1_PRE_RELU [t=14385000]: ch=2, y=18, x=12, val=15
CONV1_PRE_RELU [t=14385000]: ch=3, y=18, x=12, val=15
CONV1_PRE_RELU [t=14385000]: ch=4, y=18, x=12, val=15
CONV1_PRE_RELU [t=14385000]: ch=5, y=18, x=12, val=15
CONV1 [t=14395000]: ch=0, y=18, x=13, val=15
CONV1 [t=14395000]: ch=1, y=18, x=13, val=31
CONV1 [t=14395000]: ch=2, y=18, x=13, val=15
CONV1 [t=14395000]: ch=3, y=18, x=13, val=31
CONV1 [t=14395000]: ch=4, y=18, x=13, val=15
CONV1 [t=14395000]: ch=5, y=18, x=13, val=31
CONV1_PRE_RELU [t=14395000]: ch=0, y=18, x=13, val=15
CONV1_PRE_RELU [t=14395000]: ch=1, y=18, x=13, val=-1
CONV1_PRE_RELU [t=14395000]: ch=2, y=18, x=13, val=15
CONV1_PRE_RELU [t=14395000]: ch=3, y=18, x=13, val=15
CONV1_PRE_RELU [t=14395000]: ch=4, y=18, x=13, val=-1
CONV1_PRE_RELU [t=14395000]: ch=5, y=18, x=13, val=-1
CONV1 [t=14405000]: ch=0, y=18, x=14, val=15
CONV1 [t=14405000]: ch=1, y=18, x=14, val=15
CONV1 [t=14405000]: ch=2, y=18, x=14, val=15
CONV1 [t=14405000]: ch=3, y=18, x=14, val=15
CONV1 [t=14405000]: ch=4, y=18, x=14, val=15
CONV1 [t=14405000]: ch=5, y=18, x=14, val=15
CONV1_PRE_RELU [t=14405000]: ch=0, y=18, x=14, val=-1
CONV1_PRE_RELU [t=14405000]: ch=1, y=18, x=14, val=-1
CONV1_PRE_RELU [t=14405000]: ch=2, y=18, x=14, val=-1
CONV1_PRE_RELU [t=14405000]: ch=3, y=18, x=14, val=-1
CONV1_PRE_RELU [t=14405000]: ch=4, y=18, x=14, val=-1
CONV1_PRE_RELU [t=14405000]: ch=5, y=18, x=14, val=-1
CONV1 [t=14415000]: ch=0, y=18, x=15, val=15
CONV1 [t=14415000]: ch=1, y=18, x=15, val=0
CONV1 [t=14415000]: ch=2, y=18, x=15, val=15
CONV1 [t=14415000]: ch=3, y=18, x=15, val=15
CONV1 [t=14415000]: ch=4, y=18, x=15, val=0
CONV1 [t=14415000]: ch=5, y=18, x=15, val=0
CONV1_PRE_RELU [t=14415000]: ch=0, y=18, x=15, val=-1
CONV1_PRE_RELU [t=14415000]: ch=1, y=18, x=15, val=-1
CONV1_PRE_RELU [t=14415000]: ch=2, y=18, x=15, val=-1
CONV1_PRE_RELU [t=14415000]: ch=3, y=18, x=15, val=-1
CONV1_PRE_RELU [t=14415000]: ch=4, y=18, x=15, val=-1
CONV1_PRE_RELU [t=14415000]: ch=5, y=18, x=15, val=-1
CONV1 [t=14425000]: ch=0, y=18, x=16, val=0
CONV1 [t=14425000]: ch=1, y=18, x=16, val=0
CONV1 [t=14425000]: ch=2, y=18, x=16, val=0
CONV1 [t=14425000]: ch=3, y=18, x=16, val=0
CONV1 [t=14425000]: ch=4, y=18, x=16, val=0
CONV1 [t=14425000]: ch=5, y=18, x=16, val=0
CONV1_PRE_RELU [t=14425000]: ch=0, y=18, x=16, val=-1
CONV1_PRE_RELU [t=14425000]: ch=1, y=18, x=16, val=-1
CONV1_PRE_RELU [t=14425000]: ch=2, y=18, x=16, val=-1
CONV1_PRE_RELU [t=14425000]: ch=3, y=18, x=16, val=-1
CONV1_PRE_RELU [t=14425000]: ch=4, y=18, x=16, val=-1
CONV1_PRE_RELU [t=14425000]: ch=5, y=18, x=16, val=-1
CONV1 [t=14435000]: ch=0, y=18, x=17, val=0
CONV1 [t=14435000]: ch=1, y=18, x=17, val=0
CONV1 [t=14435000]: ch=2, y=18, x=17, val=0
CONV1 [t=14435000]: ch=3, y=18, x=17, val=0
CONV1 [t=14435000]: ch=4, y=18, x=17, val=0
CONV1 [t=14435000]: ch=5, y=18, x=17, val=0
CONV1_PRE_RELU [t=14435000]: ch=0, y=18, x=17, val=-1
CONV1_PRE_RELU [t=14435000]: ch=1, y=18, x=17, val=-1
CONV1_PRE_RELU [t=14435000]: ch=2, y=18, x=17, val=-1
CONV1_PRE_RELU [t=14435000]: ch=3, y=18, x=17, val=-1
CONV1_PRE_RELU [t=14435000]: ch=4, y=18, x=17, val=-1
CONV1_PRE_RELU [t=14435000]: ch=5, y=18, x=17, val=-1
CONV1 [t=14445000]: ch=0, y=18, x=18, val=0
CONV1 [t=14445000]: ch=1, y=18, x=18, val=0
CONV1 [t=14445000]: ch=2, y=18, x=18, val=0
CONV1 [t=14445000]: ch=3, y=18, x=18, val=0
CONV1 [t=14445000]: ch=4, y=18, x=18, val=0
CONV1 [t=14445000]: ch=5, y=18, x=18, val=0
CONV1_PRE_RELU [t=14445000]: ch=0, y=18, x=18, val=-1
CONV1_PRE_RELU [t=14445000]: ch=1, y=18, x=18, val=-1
CONV1_PRE_RELU [t=14445000]: ch=2, y=18, x=18, val=-1
CONV1_PRE_RELU [t=14445000]: ch=3, y=18, x=18, val=-1
CONV1_PRE_RELU [t=14445000]: ch=4, y=18, x=18, val=-1
CONV1_PRE_RELU [t=14445000]: ch=5, y=18, x=18, val=-1
CONV1 [t=14455000]: ch=0, y=18, x=19, val=0
CONV1 [t=14455000]: ch=1, y=18, x=19, val=0
CONV1 [t=14455000]: ch=2, y=18, x=19, val=0
CONV1 [t=14455000]: ch=3, y=18, x=19, val=0
CONV1 [t=14455000]: ch=4, y=18, x=19, val=0
CONV1 [t=14455000]: ch=5, y=18, x=19, val=0
CONV1_PRE_RELU [t=14455000]: ch=0, y=18, x=19, val=-1
CONV1_PRE_RELU [t=14455000]: ch=1, y=18, x=19, val=-1
CONV1_PRE_RELU [t=14455000]: ch=2, y=18, x=19, val=-1
CONV1_PRE_RELU [t=14455000]: ch=3, y=18, x=19, val=-1
CONV1_PRE_RELU [t=14455000]: ch=4, y=18, x=19, val=-1
CONV1_PRE_RELU [t=14455000]: ch=5, y=18, x=19, val=-1
CONV1 [t=14465000]: ch=0, y=18, x=20, val=0
CONV1 [t=14465000]: ch=1, y=18, x=20, val=0
CONV1 [t=14465000]: ch=2, y=18, x=20, val=0
CONV1 [t=14465000]: ch=3, y=18, x=20, val=0
CONV1 [t=14465000]: ch=4, y=18, x=20, val=0
CONV1 [t=14465000]: ch=5, y=18, x=20, val=0
CONV1_PRE_RELU [t=14465000]: ch=0, y=18, x=20, val=-1
CONV1_PRE_RELU [t=14465000]: ch=1, y=18, x=20, val=-1
CONV1_PRE_RELU [t=14465000]: ch=2, y=18, x=20, val=-1
CONV1_PRE_RELU [t=14465000]: ch=3, y=18, x=20, val=-1
CONV1_PRE_RELU [t=14465000]: ch=4, y=18, x=20, val=-1
CONV1_PRE_RELU [t=14465000]: ch=5, y=18, x=20, val=-1
CONV1 [t=14475000]: ch=0, y=18, x=21, val=0
CONV1 [t=14475000]: ch=1, y=18, x=21, val=0
CONV1 [t=14475000]: ch=2, y=18, x=21, val=0
CONV1 [t=14475000]: ch=3, y=18, x=21, val=0
CONV1 [t=14475000]: ch=4, y=18, x=21, val=0
CONV1 [t=14475000]: ch=5, y=18, x=21, val=0
CONV1_PRE_RELU [t=14475000]: ch=0, y=18, x=21, val=-1
CONV1_PRE_RELU [t=14475000]: ch=1, y=18, x=21, val=-1
CONV1_PRE_RELU [t=14475000]: ch=2, y=18, x=21, val=-1
CONV1_PRE_RELU [t=14475000]: ch=3, y=18, x=21, val=-1
CONV1_PRE_RELU [t=14475000]: ch=4, y=18, x=21, val=-1
CONV1_PRE_RELU [t=14475000]: ch=5, y=18, x=21, val=-1
CONV1 [t=14485000]: ch=0, y=18, x=22, val=0
CONV1 [t=14485000]: ch=1, y=18, x=22, val=0
CONV1 [t=14485000]: ch=2, y=18, x=22, val=0
CONV1 [t=14485000]: ch=3, y=18, x=22, val=0
CONV1 [t=14485000]: ch=4, y=18, x=22, val=0
CONV1 [t=14485000]: ch=5, y=18, x=22, val=0
CONV1_PRE_RELU [t=14485000]: ch=0, y=18, x=22, val=-1
CONV1_PRE_RELU [t=14485000]: ch=1, y=18, x=22, val=-1
CONV1_PRE_RELU [t=14485000]: ch=2, y=18, x=22, val=-1
CONV1_PRE_RELU [t=14485000]: ch=3, y=18, x=22, val=-1
CONV1_PRE_RELU [t=14485000]: ch=4, y=18, x=22, val=-1
CONV1_PRE_RELU [t=14485000]: ch=5, y=18, x=22, val=-1
CONV1 [t=14495000]: ch=0, y=18, x=23, val=0
CONV1 [t=14495000]: ch=1, y=18, x=23, val=0
CONV1 [t=14495000]: ch=2, y=18, x=23, val=0
CONV1 [t=14495000]: ch=3, y=18, x=23, val=0
CONV1 [t=14495000]: ch=4, y=18, x=23, val=0
CONV1 [t=14495000]: ch=5, y=18, x=23, val=0
CONV1_PRE_RELU [t=14495000]: ch=0, y=18, x=23, val=-1
CONV1_PRE_RELU [t=14495000]: ch=1, y=18, x=23, val=-1
CONV1_PRE_RELU [t=14495000]: ch=2, y=18, x=23, val=-1
CONV1_PRE_RELU [t=14495000]: ch=3, y=18, x=23, val=-1
CONV1_PRE_RELU [t=14495000]: ch=4, y=18, x=23, val=-1
CONV1_PRE_RELU [t=14495000]: ch=5, y=18, x=23, val=-1
CONV1 [t=14505000]: ch=0, y=19, x=0, val=0
CONV1 [t=14505000]: ch=1, y=19, x=0, val=0
CONV1 [t=14505000]: ch=2, y=19, x=0, val=0
CONV1 [t=14505000]: ch=3, y=19, x=0, val=0
CONV1 [t=14505000]: ch=4, y=19, x=0, val=0
CONV1 [t=14505000]: ch=5, y=19, x=0, val=0
CONV1_PRE_RELU [t=14505000]: ch=0, y=19, x=0, val=-1
CONV1_PRE_RELU [t=14505000]: ch=1, y=19, x=0, val=-1
CONV1_PRE_RELU [t=14505000]: ch=2, y=19, x=0, val=-1
CONV1_PRE_RELU [t=14505000]: ch=3, y=19, x=0, val=-1
CONV1_PRE_RELU [t=14505000]: ch=4, y=19, x=0, val=-1
CONV1_PRE_RELU [t=14505000]: ch=5, y=19, x=0, val=-1
CONV1 [t=14555000]: ch=0, y=19, x=1, val=0
CONV1 [t=14555000]: ch=1, y=19, x=1, val=0
CONV1 [t=14555000]: ch=2, y=19, x=1, val=0
CONV1 [t=14555000]: ch=3, y=19, x=1, val=0
CONV1 [t=14555000]: ch=4, y=19, x=1, val=0
CONV1 [t=14555000]: ch=5, y=19, x=1, val=0
CONV1_PRE_RELU [t=14555000]: ch=0, y=19, x=1, val=-1
CONV1_PRE_RELU [t=14555000]: ch=1, y=19, x=1, val=-1
CONV1_PRE_RELU [t=14555000]: ch=2, y=19, x=1, val=-1
CONV1_PRE_RELU [t=14555000]: ch=3, y=19, x=1, val=-1
CONV1_PRE_RELU [t=14555000]: ch=4, y=19, x=1, val=-1
CONV1_PRE_RELU [t=14555000]: ch=5, y=19, x=1, val=-1
CONV1 [t=14565000]: ch=0, y=19, x=2, val=0
CONV1 [t=14565000]: ch=1, y=19, x=2, val=0
CONV1 [t=14565000]: ch=2, y=19, x=2, val=0
CONV1 [t=14565000]: ch=3, y=19, x=2, val=0
CONV1 [t=14565000]: ch=4, y=19, x=2, val=0
CONV1 [t=14565000]: ch=5, y=19, x=2, val=0
CONV1_PRE_RELU [t=14565000]: ch=0, y=19, x=2, val=-1
CONV1_PRE_RELU [t=14565000]: ch=1, y=19, x=2, val=-1
CONV1_PRE_RELU [t=14565000]: ch=2, y=19, x=2, val=-1
CONV1_PRE_RELU [t=14565000]: ch=3, y=19, x=2, val=-1
CONV1_PRE_RELU [t=14565000]: ch=4, y=19, x=2, val=-1
CONV1_PRE_RELU [t=14565000]: ch=5, y=19, x=2, val=-1
CONV1 [t=14575000]: ch=0, y=19, x=3, val=0
CONV1 [t=14575000]: ch=1, y=19, x=3, val=0
CONV1 [t=14575000]: ch=2, y=19, x=3, val=0
CONV1 [t=14575000]: ch=3, y=19, x=3, val=0
CONV1 [t=14575000]: ch=4, y=19, x=3, val=0
CONV1 [t=14575000]: ch=5, y=19, x=3, val=0
CONV1_PRE_RELU [t=14575000]: ch=0, y=19, x=3, val=-1
CONV1_PRE_RELU [t=14575000]: ch=1, y=19, x=3, val=-1
CONV1_PRE_RELU [t=14575000]: ch=2, y=19, x=3, val=-1
CONV1_PRE_RELU [t=14575000]: ch=3, y=19, x=3, val=-1
CONV1_PRE_RELU [t=14575000]: ch=4, y=19, x=3, val=-1
CONV1_PRE_RELU [t=14575000]: ch=5, y=19, x=3, val=-1
POOL1 [t=14575000]: ch=0, y=9, x=0, val=0
POOL1 [t=14575000]: ch=1, y=9, x=0, val=0
POOL1 [t=14575000]: ch=2, y=9, x=0, val=0
POOL1 [t=14575000]: ch=3, y=9, x=0, val=0
POOL1 [t=14575000]: ch=4, y=9, x=0, val=0
POOL1 [t=14575000]: ch=5, y=9, x=0, val=0
CONV1 [t=14585000]: ch=0, y=19, x=4, val=0
CONV1 [t=14585000]: ch=1, y=19, x=4, val=0
CONV1 [t=14585000]: ch=2, y=19, x=4, val=0
CONV1 [t=14585000]: ch=3, y=19, x=4, val=0
CONV1 [t=14585000]: ch=4, y=19, x=4, val=0
CONV1 [t=14585000]: ch=5, y=19, x=4, val=0
CONV1_PRE_RELU [t=14585000]: ch=0, y=19, x=4, val=-1
CONV1_PRE_RELU [t=14585000]: ch=1, y=19, x=4, val=-1
CONV1_PRE_RELU [t=14585000]: ch=2, y=19, x=4, val=-1
CONV1_PRE_RELU [t=14585000]: ch=3, y=19, x=4, val=-1
CONV1_PRE_RELU [t=14585000]: ch=4, y=19, x=4, val=-1
CONV1_PRE_RELU [t=14585000]: ch=5, y=19, x=4, val=-1
CONV1 [t=14595000]: ch=0, y=19, x=5, val=0
CONV1 [t=14595000]: ch=1, y=19, x=5, val=0
CONV1 [t=14595000]: ch=2, y=19, x=5, val=0
CONV1 [t=14595000]: ch=3, y=19, x=5, val=0
CONV1 [t=14595000]: ch=4, y=19, x=5, val=0
CONV1 [t=14595000]: ch=5, y=19, x=5, val=0
CONV1_PRE_RELU [t=14595000]: ch=0, y=19, x=5, val=-1
CONV1_PRE_RELU [t=14595000]: ch=1, y=19, x=5, val=-1
CONV1_PRE_RELU [t=14595000]: ch=2, y=19, x=5, val=-1
CONV1_PRE_RELU [t=14595000]: ch=3, y=19, x=5, val=-1
CONV1_PRE_RELU [t=14595000]: ch=4, y=19, x=5, val=-1
CONV1_PRE_RELU [t=14595000]: ch=5, y=19, x=5, val=-1
POOL1 [t=14595000]: ch=0, y=9, x=1, val=0
POOL1 [t=14595000]: ch=1, y=9, x=1, val=0
POOL1 [t=14595000]: ch=2, y=9, x=1, val=0
POOL1 [t=14595000]: ch=3, y=9, x=1, val=0
POOL1 [t=14595000]: ch=4, y=9, x=1, val=0
POOL1 [t=14595000]: ch=5, y=9, x=1, val=0
CONV1 [t=14605000]: ch=0, y=19, x=6, val=0
CONV1 [t=14605000]: ch=1, y=19, x=6, val=0
CONV1 [t=14605000]: ch=2, y=19, x=6, val=0
CONV1 [t=14605000]: ch=3, y=19, x=6, val=0
CONV1 [t=14605000]: ch=4, y=19, x=6, val=0
CONV1 [t=14605000]: ch=5, y=19, x=6, val=0
CONV1_PRE_RELU [t=14605000]: ch=0, y=19, x=6, val=-1
CONV1_PRE_RELU [t=14605000]: ch=1, y=19, x=6, val=-1
CONV1_PRE_RELU [t=14605000]: ch=2, y=19, x=6, val=-1
CONV1_PRE_RELU [t=14605000]: ch=3, y=19, x=6, val=-1
CONV1_PRE_RELU [t=14605000]: ch=4, y=19, x=6, val=-1
CONV1_PRE_RELU [t=14605000]: ch=5, y=19, x=6, val=-1
CONV1 [t=14615000]: ch=0, y=19, x=7, val=0
CONV1 [t=14615000]: ch=1, y=19, x=7, val=0
CONV1 [t=14615000]: ch=2, y=19, x=7, val=0
CONV1 [t=14615000]: ch=3, y=19, x=7, val=0
CONV1 [t=14615000]: ch=4, y=19, x=7, val=0
CONV1 [t=14615000]: ch=5, y=19, x=7, val=0
CONV1_PRE_RELU [t=14615000]: ch=0, y=19, x=7, val=-1
CONV1_PRE_RELU [t=14615000]: ch=1, y=19, x=7, val=-1
CONV1_PRE_RELU [t=14615000]: ch=2, y=19, x=7, val=15
CONV1_PRE_RELU [t=14615000]: ch=3, y=19, x=7, val=15
CONV1_PRE_RELU [t=14615000]: ch=4, y=19, x=7, val=-1
CONV1_PRE_RELU [t=14615000]: ch=5, y=19, x=7, val=15
POOL1 [t=14615000]: ch=0, y=9, x=2, val=0
POOL1 [t=14615000]: ch=1, y=9, x=2, val=0
POOL1 [t=14615000]: ch=2, y=9, x=2, val=0
POOL1 [t=14615000]: ch=3, y=9, x=2, val=0
POOL1 [t=14615000]: ch=4, y=9, x=2, val=0
POOL1 [t=14615000]: ch=5, y=9, x=2, val=0
CONV1 [t=14625000]: ch=0, y=19, x=8, val=0
CONV1 [t=14625000]: ch=1, y=19, x=8, val=0
CONV1 [t=14625000]: ch=2, y=19, x=8, val=0
CONV1 [t=14625000]: ch=3, y=19, x=8, val=0
CONV1 [t=14625000]: ch=4, y=19, x=8, val=0
CONV1 [t=14625000]: ch=5, y=19, x=8, val=0
CONV1_PRE_RELU [t=14625000]: ch=0, y=19, x=8, val=31
CONV1_PRE_RELU [t=14625000]: ch=1, y=19, x=8, val=31
CONV1_PRE_RELU [t=14625000]: ch=2, y=19, x=8, val=-1
CONV1_PRE_RELU [t=14625000]: ch=3, y=19, x=8, val=-1
CONV1_PRE_RELU [t=14625000]: ch=4, y=19, x=8, val=15
CONV1_PRE_RELU [t=14625000]: ch=5, y=19, x=8, val=-1
CONV1 [t=14635000]: ch=0, y=19, x=9, val=0
CONV1 [t=14635000]: ch=1, y=19, x=9, val=0
CONV1 [t=14635000]: ch=2, y=19, x=9, val=15
CONV1 [t=14635000]: ch=3, y=19, x=9, val=15
CONV1 [t=14635000]: ch=4, y=19, x=9, val=0
CONV1 [t=14635000]: ch=5, y=19, x=9, val=15
CONV1_PRE_RELU [t=14635000]: ch=0, y=19, x=9, val=31
CONV1_PRE_RELU [t=14635000]: ch=1, y=19, x=9, val=47
CONV1_PRE_RELU [t=14635000]: ch=2, y=19, x=9, val=-1
CONV1_PRE_RELU [t=14635000]: ch=3, y=19, x=9, val=15
CONV1_PRE_RELU [t=14635000]: ch=4, y=19, x=9, val=15
CONV1_PRE_RELU [t=14635000]: ch=5, y=19, x=9, val=15
POOL1 [t=14635000]: ch=0, y=9, x=3, val=0
POOL1 [t=14635000]: ch=1, y=9, x=3, val=0
POOL1 [t=14635000]: ch=2, y=9, x=3, val=0
POOL1 [t=14635000]: ch=3, y=9, x=3, val=0
POOL1 [t=14635000]: ch=4, y=9, x=3, val=0
POOL1 [t=14635000]: ch=5, y=9, x=3, val=0
CONV1 [t=14645000]: ch=0, y=19, x=10, val=31
CONV1 [t=14645000]: ch=1, y=19, x=10, val=31
CONV1 [t=14645000]: ch=2, y=19, x=10, val=0
CONV1 [t=14645000]: ch=3, y=19, x=10, val=0
CONV1 [t=14645000]: ch=4, y=19, x=10, val=15
CONV1 [t=14645000]: ch=5, y=19, x=10, val=0
CONV1_PRE_RELU [t=14645000]: ch=0, y=19, x=10, val=-1
CONV1_PRE_RELU [t=14645000]: ch=1, y=19, x=10, val=31
CONV1_PRE_RELU [t=14645000]: ch=2, y=19, x=10, val=31
CONV1_PRE_RELU [t=14645000]: ch=3, y=19, x=10, val=47
CONV1_PRE_RELU [t=14645000]: ch=4, y=19, x=10, val=31
CONV1_PRE_RELU [t=14645000]: ch=5, y=19, x=10, val=63
CONV1 [t=14655000]: ch=0, y=19, x=11, val=31
CONV1 [t=14655000]: ch=1, y=19, x=11, val=47
CONV1 [t=14655000]: ch=2, y=19, x=11, val=0
CONV1 [t=14655000]: ch=3, y=19, x=11, val=15
CONV1 [t=14655000]: ch=4, y=19, x=11, val=15
CONV1 [t=14655000]: ch=5, y=19, x=11, val=15
CONV1_PRE_RELU [t=14655000]: ch=0, y=19, x=11, val=31
CONV1_PRE_RELU [t=14655000]: ch=1, y=19, x=11, val=15
CONV1_PRE_RELU [t=14655000]: ch=2, y=19, x=11, val=31
CONV1_PRE_RELU [t=14655000]: ch=3, y=19, x=11, val=15
CONV1_PRE_RELU [t=14655000]: ch=4, y=19, x=11, val=31
CONV1_PRE_RELU [t=14655000]: ch=5, y=19, x=11, val=15
POOL1 [t=14655000]: ch=0, y=9, x=4, val=0
POOL1 [t=14655000]: ch=1, y=9, x=4, val=0
POOL1 [t=14655000]: ch=2, y=9, x=4, val=15
POOL1 [t=14655000]: ch=3, y=9, x=4, val=15
POOL1 [t=14655000]: ch=4, y=9, x=4, val=0
POOL1 [t=14655000]: ch=5, y=9, x=4, val=15
CONV1 [t=14665000]: ch=0, y=19, x=12, val=0
CONV1 [t=14665000]: ch=1, y=19, x=12, val=31
CONV1 [t=14665000]: ch=2, y=19, x=12, val=31
CONV1 [t=14665000]: ch=3, y=19, x=12, val=47
CONV1 [t=14665000]: ch=4, y=19, x=12, val=31
CONV1 [t=14665000]: ch=5, y=19, x=12, val=63
CONV1_PRE_RELU [t=14665000]: ch=0, y=19, x=12, val=31
CONV1_PRE_RELU [t=14665000]: ch=1, y=19, x=12, val=-1
CONV1_PRE_RELU [t=14665000]: ch=2, y=19, x=12, val=31
CONV1_PRE_RELU [t=14665000]: ch=3, y=19, x=12, val=31
CONV1_PRE_RELU [t=14665000]: ch=4, y=19, x=12, val=-1
CONV1_PRE_RELU [t=14665000]: ch=5, y=19, x=12, val=-1
CONV1 [t=14675000]: ch=0, y=19, x=13, val=31
CONV1 [t=14675000]: ch=1, y=19, x=13, val=15
CONV1 [t=14675000]: ch=2, y=19, x=13, val=31
CONV1 [t=14675000]: ch=3, y=19, x=13, val=15
CONV1 [t=14675000]: ch=4, y=19, x=13, val=31
CONV1 [t=14675000]: ch=5, y=19, x=13, val=15
CONV1_PRE_RELU [t=14675000]: ch=0, y=19, x=13, val=-1
CONV1_PRE_RELU [t=14675000]: ch=1, y=19, x=13, val=15
CONV1_PRE_RELU [t=14675000]: ch=2, y=19, x=13, val=-1
CONV1_PRE_RELU [t=14675000]: ch=3, y=19, x=13, val=-1
CONV1_PRE_RELU [t=14675000]: ch=4, y=19, x=13, val=15
CONV1_PRE_RELU [t=14675000]: ch=5, y=19, x=13, val=15
POOL1 [t=14675000]: ch=0, y=9, x=5, val=31
POOL1 [t=14675000]: ch=1, y=9, x=5, val=47
POOL1 [t=14675000]: ch=2, y=9, x=5, val=0
POOL1 [t=14675000]: ch=3, y=9, x=5, val=15
POOL1 [t=14675000]: ch=4, y=9, x=5, val=15
POOL1 [t=14675000]: ch=5, y=9, x=5, val=15
CONV1 [t=14685000]: ch=0, y=19, x=14, val=31
CONV1 [t=14685000]: ch=1, y=19, x=14, val=0
CONV1 [t=14685000]: ch=2, y=19, x=14, val=31
CONV1 [t=14685000]: ch=3, y=19, x=14, val=31
CONV1 [t=14685000]: ch=4, y=19, x=14, val=0
CONV1 [t=14685000]: ch=5, y=19, x=14, val=0
CONV1_PRE_RELU [t=14685000]: ch=0, y=19, x=14, val=-1
CONV1_PRE_RELU [t=14685000]: ch=1, y=19, x=14, val=-1
CONV1_PRE_RELU [t=14685000]: ch=2, y=19, x=14, val=-1
CONV1_PRE_RELU [t=14685000]: ch=3, y=19, x=14, val=-1
CONV1_PRE_RELU [t=14685000]: ch=4, y=19, x=14, val=-1
CONV1_PRE_RELU [t=14685000]: ch=5, y=19, x=14, val=-1
CONV1 [t=14695000]: ch=0, y=19, x=15, val=0
CONV1 [t=14695000]: ch=1, y=19, x=15, val=15
CONV1 [t=14695000]: ch=2, y=19, x=15, val=0
CONV1 [t=14695000]: ch=3, y=19, x=15, val=0
CONV1 [t=14695000]: ch=4, y=19, x=15, val=15
CONV1 [t=14695000]: ch=5, y=19, x=15, val=15
CONV1_PRE_RELU [t=14695000]: ch=0, y=19, x=15, val=-1
CONV1_PRE_RELU [t=14695000]: ch=1, y=19, x=15, val=-1
CONV1_PRE_RELU [t=14695000]: ch=2, y=19, x=15, val=-1
CONV1_PRE_RELU [t=14695000]: ch=3, y=19, x=15, val=-1
CONV1_PRE_RELU [t=14695000]: ch=4, y=19, x=15, val=-1
CONV1_PRE_RELU [t=14695000]: ch=5, y=19, x=15, val=-1
POOL1 [t=14695000]: ch=0, y=9, x=6, val=31
POOL1 [t=14695000]: ch=1, y=9, x=6, val=47
POOL1 [t=14695000]: ch=2, y=9, x=6, val=31
POOL1 [t=14695000]: ch=3, y=9, x=6, val=47
POOL1 [t=14695000]: ch=4, y=9, x=6, val=31
POOL1 [t=14695000]: ch=5, y=9, x=6, val=63
CONV1 [t=14705000]: ch=0, y=19, x=16, val=0
CONV1 [t=14705000]: ch=1, y=19, x=16, val=0
CONV1 [t=14705000]: ch=2, y=19, x=16, val=0
CONV1 [t=14705000]: ch=3, y=19, x=16, val=0
CONV1 [t=14705000]: ch=4, y=19, x=16, val=0
CONV1 [t=14705000]: ch=5, y=19, x=16, val=0
CONV1_PRE_RELU [t=14705000]: ch=0, y=19, x=16, val=-1
CONV1_PRE_RELU [t=14705000]: ch=1, y=19, x=16, val=-1
CONV1_PRE_RELU [t=14705000]: ch=2, y=19, x=16, val=-1
CONV1_PRE_RELU [t=14705000]: ch=3, y=19, x=16, val=-1
CONV1_PRE_RELU [t=14705000]: ch=4, y=19, x=16, val=-1
CONV1_PRE_RELU [t=14705000]: ch=5, y=19, x=16, val=-1
CONV1 [t=14715000]: ch=0, y=19, x=17, val=0
CONV1 [t=14715000]: ch=1, y=19, x=17, val=0
CONV1 [t=14715000]: ch=2, y=19, x=17, val=0
CONV1 [t=14715000]: ch=3, y=19, x=17, val=0
CONV1 [t=14715000]: ch=4, y=19, x=17, val=0
CONV1 [t=14715000]: ch=5, y=19, x=17, val=0
CONV1_PRE_RELU [t=14715000]: ch=0, y=19, x=17, val=-1
CONV1_PRE_RELU [t=14715000]: ch=1, y=19, x=17, val=-1
CONV1_PRE_RELU [t=14715000]: ch=2, y=19, x=17, val=-1
CONV1_PRE_RELU [t=14715000]: ch=3, y=19, x=17, val=-1
CONV1_PRE_RELU [t=14715000]: ch=4, y=19, x=17, val=-1
CONV1_PRE_RELU [t=14715000]: ch=5, y=19, x=17, val=-1
POOL1 [t=14715000]: ch=0, y=9, x=7, val=31
POOL1 [t=14715000]: ch=1, y=9, x=7, val=15
POOL1 [t=14715000]: ch=2, y=9, x=7, val=31
POOL1 [t=14715000]: ch=3, y=9, x=7, val=31
POOL1 [t=14715000]: ch=4, y=9, x=7, val=15
POOL1 [t=14715000]: ch=5, y=9, x=7, val=15
CONV1 [t=14725000]: ch=0, y=19, x=18, val=0
CONV1 [t=14725000]: ch=1, y=19, x=18, val=0
CONV1 [t=14725000]: ch=2, y=19, x=18, val=0
CONV1 [t=14725000]: ch=3, y=19, x=18, val=0
CONV1 [t=14725000]: ch=4, y=19, x=18, val=0
CONV1 [t=14725000]: ch=5, y=19, x=18, val=0
CONV1_PRE_RELU [t=14725000]: ch=0, y=19, x=18, val=-1
CONV1_PRE_RELU [t=14725000]: ch=1, y=19, x=18, val=-1
CONV1_PRE_RELU [t=14725000]: ch=2, y=19, x=18, val=-1
CONV1_PRE_RELU [t=14725000]: ch=3, y=19, x=18, val=-1
CONV1_PRE_RELU [t=14725000]: ch=4, y=19, x=18, val=-1
CONV1_PRE_RELU [t=14725000]: ch=5, y=19, x=18, val=-1
CONV1 [t=14735000]: ch=0, y=19, x=19, val=0
CONV1 [t=14735000]: ch=1, y=19, x=19, val=0
CONV1 [t=14735000]: ch=2, y=19, x=19, val=0
CONV1 [t=14735000]: ch=3, y=19, x=19, val=0
CONV1 [t=14735000]: ch=4, y=19, x=19, val=0
CONV1 [t=14735000]: ch=5, y=19, x=19, val=0
CONV1_PRE_RELU [t=14735000]: ch=0, y=19, x=19, val=-1
CONV1_PRE_RELU [t=14735000]: ch=1, y=19, x=19, val=-1
CONV1_PRE_RELU [t=14735000]: ch=2, y=19, x=19, val=-1
CONV1_PRE_RELU [t=14735000]: ch=3, y=19, x=19, val=-1
CONV1_PRE_RELU [t=14735000]: ch=4, y=19, x=19, val=-1
CONV1_PRE_RELU [t=14735000]: ch=5, y=19, x=19, val=-1
POOL1 [t=14735000]: ch=0, y=9, x=8, val=0
POOL1 [t=14735000]: ch=1, y=9, x=8, val=0
POOL1 [t=14735000]: ch=2, y=9, x=8, val=0
POOL1 [t=14735000]: ch=3, y=9, x=8, val=0
POOL1 [t=14735000]: ch=4, y=9, x=8, val=0
POOL1 [t=14735000]: ch=5, y=9, x=8, val=0
CONV1 [t=14745000]: ch=0, y=19, x=20, val=0
CONV1 [t=14745000]: ch=1, y=19, x=20, val=0
CONV1 [t=14745000]: ch=2, y=19, x=20, val=0
CONV1 [t=14745000]: ch=3, y=19, x=20, val=0
CONV1 [t=14745000]: ch=4, y=19, x=20, val=0
CONV1 [t=14745000]: ch=5, y=19, x=20, val=0
CONV1_PRE_RELU [t=14745000]: ch=0, y=19, x=20, val=-1
CONV1_PRE_RELU [t=14745000]: ch=1, y=19, x=20, val=-1
CONV1_PRE_RELU [t=14745000]: ch=2, y=19, x=20, val=-1
CONV1_PRE_RELU [t=14745000]: ch=3, y=19, x=20, val=-1
CONV1_PRE_RELU [t=14745000]: ch=4, y=19, x=20, val=-1
CONV1_PRE_RELU [t=14745000]: ch=5, y=19, x=20, val=-1
CONV1 [t=14755000]: ch=0, y=19, x=21, val=0
CONV1 [t=14755000]: ch=1, y=19, x=21, val=0
CONV1 [t=14755000]: ch=2, y=19, x=21, val=0
CONV1 [t=14755000]: ch=3, y=19, x=21, val=0
CONV1 [t=14755000]: ch=4, y=19, x=21, val=0
CONV1 [t=14755000]: ch=5, y=19, x=21, val=0
CONV1_PRE_RELU [t=14755000]: ch=0, y=19, x=21, val=-1
CONV1_PRE_RELU [t=14755000]: ch=1, y=19, x=21, val=-1
CONV1_PRE_RELU [t=14755000]: ch=2, y=19, x=21, val=-1
CONV1_PRE_RELU [t=14755000]: ch=3, y=19, x=21, val=-1
CONV1_PRE_RELU [t=14755000]: ch=4, y=19, x=21, val=-1
CONV1_PRE_RELU [t=14755000]: ch=5, y=19, x=21, val=-1
POOL1 [t=14755000]: ch=0, y=9, x=9, val=0
POOL1 [t=14755000]: ch=1, y=9, x=9, val=0
POOL1 [t=14755000]: ch=2, y=9, x=9, val=0
POOL1 [t=14755000]: ch=3, y=9, x=9, val=0
POOL1 [t=14755000]: ch=4, y=9, x=9, val=0
POOL1 [t=14755000]: ch=5, y=9, x=9, val=0
CONV1 [t=14765000]: ch=0, y=19, x=22, val=0
CONV1 [t=14765000]: ch=1, y=19, x=22, val=0
CONV1 [t=14765000]: ch=2, y=19, x=22, val=0
CONV1 [t=14765000]: ch=3, y=19, x=22, val=0
CONV1 [t=14765000]: ch=4, y=19, x=22, val=0
CONV1 [t=14765000]: ch=5, y=19, x=22, val=0
CONV1_PRE_RELU [t=14765000]: ch=0, y=19, x=22, val=-1
CONV1_PRE_RELU [t=14765000]: ch=1, y=19, x=22, val=-1
CONV1_PRE_RELU [t=14765000]: ch=2, y=19, x=22, val=-1
CONV1_PRE_RELU [t=14765000]: ch=3, y=19, x=22, val=-1
CONV1_PRE_RELU [t=14765000]: ch=4, y=19, x=22, val=-1
CONV1_PRE_RELU [t=14765000]: ch=5, y=19, x=22, val=-1
CONV1 [t=14775000]: ch=0, y=19, x=23, val=0
CONV1 [t=14775000]: ch=1, y=19, x=23, val=0
CONV1 [t=14775000]: ch=2, y=19, x=23, val=0
CONV1 [t=14775000]: ch=3, y=19, x=23, val=0
CONV1 [t=14775000]: ch=4, y=19, x=23, val=0
CONV1 [t=14775000]: ch=5, y=19, x=23, val=0
CONV1_PRE_RELU [t=14775000]: ch=0, y=19, x=23, val=-1
CONV1_PRE_RELU [t=14775000]: ch=1, y=19, x=23, val=-1
CONV1_PRE_RELU [t=14775000]: ch=2, y=19, x=23, val=-1
CONV1_PRE_RELU [t=14775000]: ch=3, y=19, x=23, val=-1
CONV1_PRE_RELU [t=14775000]: ch=4, y=19, x=23, val=-1
CONV1_PRE_RELU [t=14775000]: ch=5, y=19, x=23, val=-1
POOL1 [t=14775000]: ch=0, y=9, x=10, val=0
POOL1 [t=14775000]: ch=1, y=9, x=10, val=0
POOL1 [t=14775000]: ch=2, y=9, x=10, val=0
POOL1 [t=14775000]: ch=3, y=9, x=10, val=0
POOL1 [t=14775000]: ch=4, y=9, x=10, val=0
POOL1 [t=14775000]: ch=5, y=9, x=10, val=0
CONV1 [t=14785000]: ch=0, y=20, x=0, val=0
CONV1 [t=14785000]: ch=1, y=20, x=0, val=0
CONV1 [t=14785000]: ch=2, y=20, x=0, val=0
CONV1 [t=14785000]: ch=3, y=20, x=0, val=0
CONV1 [t=14785000]: ch=4, y=20, x=0, val=0
CONV1 [t=14785000]: ch=5, y=20, x=0, val=0
CONV1_PRE_RELU [t=14785000]: ch=0, y=20, x=0, val=-1
CONV1_PRE_RELU [t=14785000]: ch=1, y=20, x=0, val=-1
CONV1_PRE_RELU [t=14785000]: ch=2, y=20, x=0, val=-1
CONV1_PRE_RELU [t=14785000]: ch=3, y=20, x=0, val=-1
CONV1_PRE_RELU [t=14785000]: ch=4, y=20, x=0, val=-1
CONV1_PRE_RELU [t=14785000]: ch=5, y=20, x=0, val=-1
POOL1 [t=14795000]: ch=0, y=9, x=11, val=0
POOL1 [t=14795000]: ch=1, y=9, x=11, val=0
POOL1 [t=14795000]: ch=2, y=9, x=11, val=0
POOL1 [t=14795000]: ch=3, y=9, x=11, val=0
POOL1 [t=14795000]: ch=4, y=9, x=11, val=0
POOL1 [t=14795000]: ch=5, y=9, x=11, val=0
CONV1 [t=14835000]: ch=0, y=20, x=1, val=0
CONV1 [t=14835000]: ch=1, y=20, x=1, val=0
CONV1 [t=14835000]: ch=2, y=20, x=1, val=0
CONV1 [t=14835000]: ch=3, y=20, x=1, val=0
CONV1 [t=14835000]: ch=4, y=20, x=1, val=0
CONV1 [t=14835000]: ch=5, y=20, x=1, val=0
CONV1_PRE_RELU [t=14835000]: ch=0, y=20, x=1, val=-1
CONV1_PRE_RELU [t=14835000]: ch=1, y=20, x=1, val=-1
CONV1_PRE_RELU [t=14835000]: ch=2, y=20, x=1, val=-1
CONV1_PRE_RELU [t=14835000]: ch=3, y=20, x=1, val=-1
CONV1_PRE_RELU [t=14835000]: ch=4, y=20, x=1, val=-1
CONV1_PRE_RELU [t=14835000]: ch=5, y=20, x=1, val=-1
CONV1 [t=14845000]: ch=0, y=20, x=2, val=0
CONV1 [t=14845000]: ch=1, y=20, x=2, val=0
CONV1 [t=14845000]: ch=2, y=20, x=2, val=0
CONV1 [t=14845000]: ch=3, y=20, x=2, val=0
CONV1 [t=14845000]: ch=4, y=20, x=2, val=0
CONV1 [t=14845000]: ch=5, y=20, x=2, val=0
CONV1_PRE_RELU [t=14845000]: ch=0, y=20, x=2, val=-1
CONV1_PRE_RELU [t=14845000]: ch=1, y=20, x=2, val=-1
CONV1_PRE_RELU [t=14845000]: ch=2, y=20, x=2, val=-1
CONV1_PRE_RELU [t=14845000]: ch=3, y=20, x=2, val=-1
CONV1_PRE_RELU [t=14845000]: ch=4, y=20, x=2, val=-1
CONV1_PRE_RELU [t=14845000]: ch=5, y=20, x=2, val=-1
CONV1 [t=14855000]: ch=0, y=20, x=3, val=0
CONV1 [t=14855000]: ch=1, y=20, x=3, val=0
CONV1 [t=14855000]: ch=2, y=20, x=3, val=0
CONV1 [t=14855000]: ch=3, y=20, x=3, val=0
CONV1 [t=14855000]: ch=4, y=20, x=3, val=0
CONV1 [t=14855000]: ch=5, y=20, x=3, val=0
CONV1_PRE_RELU [t=14855000]: ch=0, y=20, x=3, val=-1
CONV1_PRE_RELU [t=14855000]: ch=1, y=20, x=3, val=-1
CONV1_PRE_RELU [t=14855000]: ch=2, y=20, x=3, val=-1
CONV1_PRE_RELU [t=14855000]: ch=3, y=20, x=3, val=-1
CONV1_PRE_RELU [t=14855000]: ch=4, y=20, x=3, val=-1
CONV1_PRE_RELU [t=14855000]: ch=5, y=20, x=3, val=-1
CONV1 [t=14865000]: ch=0, y=20, x=4, val=0
CONV1 [t=14865000]: ch=1, y=20, x=4, val=0
CONV1 [t=14865000]: ch=2, y=20, x=4, val=0
CONV1 [t=14865000]: ch=3, y=20, x=4, val=0
CONV1 [t=14865000]: ch=4, y=20, x=4, val=0
CONV1 [t=14865000]: ch=5, y=20, x=4, val=0
CONV1_PRE_RELU [t=14865000]: ch=0, y=20, x=4, val=-1
CONV1_PRE_RELU [t=14865000]: ch=1, y=20, x=4, val=-1
CONV1_PRE_RELU [t=14865000]: ch=2, y=20, x=4, val=-1
CONV1_PRE_RELU [t=14865000]: ch=3, y=20, x=4, val=-1
CONV1_PRE_RELU [t=14865000]: ch=4, y=20, x=4, val=-1
CONV1_PRE_RELU [t=14865000]: ch=5, y=20, x=4, val=-1
CONV1 [t=14875000]: ch=0, y=20, x=5, val=0
CONV1 [t=14875000]: ch=1, y=20, x=5, val=0
CONV1 [t=14875000]: ch=2, y=20, x=5, val=0
CONV1 [t=14875000]: ch=3, y=20, x=5, val=0
CONV1 [t=14875000]: ch=4, y=20, x=5, val=0
CONV1 [t=14875000]: ch=5, y=20, x=5, val=0
CONV1_PRE_RELU [t=14875000]: ch=0, y=20, x=5, val=-1
CONV1_PRE_RELU [t=14875000]: ch=1, y=20, x=5, val=-1
CONV1_PRE_RELU [t=14875000]: ch=2, y=20, x=5, val=-1
CONV1_PRE_RELU [t=14875000]: ch=3, y=20, x=5, val=-1
CONV1_PRE_RELU [t=14875000]: ch=4, y=20, x=5, val=-1
CONV1_PRE_RELU [t=14875000]: ch=5, y=20, x=5, val=-1
CONV1 [t=14885000]: ch=0, y=20, x=6, val=0
CONV1 [t=14885000]: ch=1, y=20, x=6, val=0
CONV1 [t=14885000]: ch=2, y=20, x=6, val=0
CONV1 [t=14885000]: ch=3, y=20, x=6, val=0
CONV1 [t=14885000]: ch=4, y=20, x=6, val=0
CONV1 [t=14885000]: ch=5, y=20, x=6, val=0
CONV1_PRE_RELU [t=14885000]: ch=0, y=20, x=6, val=-1
CONV1_PRE_RELU [t=14885000]: ch=1, y=20, x=6, val=-1
CONV1_PRE_RELU [t=14885000]: ch=2, y=20, x=6, val=-1
CONV1_PRE_RELU [t=14885000]: ch=3, y=20, x=6, val=-1
CONV1_PRE_RELU [t=14885000]: ch=4, y=20, x=6, val=-1
CONV1_PRE_RELU [t=14885000]: ch=5, y=20, x=6, val=-1
CONV1 [t=14895000]: ch=0, y=20, x=7, val=0
CONV1 [t=14895000]: ch=1, y=20, x=7, val=0
CONV1 [t=14895000]: ch=2, y=20, x=7, val=0
CONV1 [t=14895000]: ch=3, y=20, x=7, val=0
CONV1 [t=14895000]: ch=4, y=20, x=7, val=0
CONV1 [t=14895000]: ch=5, y=20, x=7, val=0
CONV1_PRE_RELU [t=14895000]: ch=0, y=20, x=7, val=-1
CONV1_PRE_RELU [t=14895000]: ch=1, y=20, x=7, val=-1
CONV1_PRE_RELU [t=14895000]: ch=2, y=20, x=7, val=15
CONV1_PRE_RELU [t=14895000]: ch=3, y=20, x=7, val=15
CONV1_PRE_RELU [t=14895000]: ch=4, y=20, x=7, val=-1
CONV1_PRE_RELU [t=14895000]: ch=5, y=20, x=7, val=15
CONV1 [t=14905000]: ch=0, y=20, x=8, val=0
CONV1 [t=14905000]: ch=1, y=20, x=8, val=0
CONV1 [t=14905000]: ch=2, y=20, x=8, val=0
CONV1 [t=14905000]: ch=3, y=20, x=8, val=0
CONV1 [t=14905000]: ch=4, y=20, x=8, val=0
CONV1 [t=14905000]: ch=5, y=20, x=8, val=0
CONV1_PRE_RELU [t=14905000]: ch=0, y=20, x=8, val=31
CONV1_PRE_RELU [t=14905000]: ch=1, y=20, x=8, val=31
CONV1_PRE_RELU [t=14905000]: ch=2, y=20, x=8, val=-1
CONV1_PRE_RELU [t=14905000]: ch=3, y=20, x=8, val=-1
CONV1_PRE_RELU [t=14905000]: ch=4, y=20, x=8, val=15
CONV1_PRE_RELU [t=14905000]: ch=5, y=20, x=8, val=-1
CONV1 [t=14915000]: ch=0, y=20, x=9, val=0
CONV1 [t=14915000]: ch=1, y=20, x=9, val=0
CONV1 [t=14915000]: ch=2, y=20, x=9, val=15
CONV1 [t=14915000]: ch=3, y=20, x=9, val=15
CONV1 [t=14915000]: ch=4, y=20, x=9, val=0
CONV1 [t=14915000]: ch=5, y=20, x=9, val=15
CONV1_PRE_RELU [t=14915000]: ch=0, y=20, x=9, val=15
CONV1_PRE_RELU [t=14915000]: ch=1, y=20, x=9, val=31
CONV1_PRE_RELU [t=14915000]: ch=2, y=20, x=9, val=15
CONV1_PRE_RELU [t=14915000]: ch=3, y=20, x=9, val=31
CONV1_PRE_RELU [t=14915000]: ch=4, y=20, x=9, val=31
CONV1_PRE_RELU [t=14915000]: ch=5, y=20, x=9, val=31
CONV1 [t=14925000]: ch=0, y=20, x=10, val=31
CONV1 [t=14925000]: ch=1, y=20, x=10, val=31
CONV1 [t=14925000]: ch=2, y=20, x=10, val=0
CONV1 [t=14925000]: ch=3, y=20, x=10, val=0
CONV1 [t=14925000]: ch=4, y=20, x=10, val=15
CONV1 [t=14925000]: ch=5, y=20, x=10, val=0
CONV1_PRE_RELU [t=14925000]: ch=0, y=20, x=10, val=15
CONV1_PRE_RELU [t=14925000]: ch=1, y=20, x=10, val=15
CONV1_PRE_RELU [t=14925000]: ch=2, y=20, x=10, val=31
CONV1_PRE_RELU [t=14925000]: ch=3, y=20, x=10, val=15
CONV1_PRE_RELU [t=14925000]: ch=4, y=20, x=10, val=31
CONV1_PRE_RELU [t=14925000]: ch=5, y=20, x=10, val=31
CONV1 [t=14935000]: ch=0, y=20, x=11, val=15
CONV1 [t=14935000]: ch=1, y=20, x=11, val=31
CONV1 [t=14935000]: ch=2, y=20, x=11, val=15
CONV1 [t=14935000]: ch=3, y=20, x=11, val=31
CONV1 [t=14935000]: ch=4, y=20, x=11, val=31
CONV1 [t=14935000]: ch=5, y=20, x=11, val=31
CONV1_PRE_RELU [t=14935000]: ch=0, y=20, x=11, val=31
CONV1_PRE_RELU [t=14935000]: ch=1, y=20, x=11, val=-1
CONV1_PRE_RELU [t=14935000]: ch=2, y=20, x=11, val=31
CONV1_PRE_RELU [t=14935000]: ch=3, y=20, x=11, val=31
CONV1_PRE_RELU [t=14935000]: ch=4, y=20, x=11, val=-1
CONV1_PRE_RELU [t=14935000]: ch=5, y=20, x=11, val=-1
CONV1 [t=14945000]: ch=0, y=20, x=12, val=15
CONV1 [t=14945000]: ch=1, y=20, x=12, val=15
CONV1 [t=14945000]: ch=2, y=20, x=12, val=31
CONV1 [t=14945000]: ch=3, y=20, x=12, val=15
CONV1 [t=14945000]: ch=4, y=20, x=12, val=31
CONV1 [t=14945000]: ch=5, y=20, x=12, val=31
CONV1_PRE_RELU [t=14945000]: ch=0, y=20, x=12, val=-1
CONV1_PRE_RELU [t=14945000]: ch=1, y=20, x=12, val=15
CONV1_PRE_RELU [t=14945000]: ch=2, y=20, x=12, val=-1
CONV1_PRE_RELU [t=14945000]: ch=3, y=20, x=12, val=0
CONV1_PRE_RELU [t=14945000]: ch=4, y=20, x=12, val=15
CONV1_PRE_RELU [t=14945000]: ch=5, y=20, x=12, val=15
CONV1 [t=14955000]: ch=0, y=20, x=13, val=31
CONV1 [t=14955000]: ch=1, y=20, x=13, val=0
CONV1 [t=14955000]: ch=2, y=20, x=13, val=31
CONV1 [t=14955000]: ch=3, y=20, x=13, val=31
CONV1 [t=14955000]: ch=4, y=20, x=13, val=0
CONV1 [t=14955000]: ch=5, y=20, x=13, val=0
CONV1_PRE_RELU [t=14955000]: ch=0, y=20, x=13, val=-1
CONV1_PRE_RELU [t=14955000]: ch=1, y=20, x=13, val=-1
CONV1_PRE_RELU [t=14955000]: ch=2, y=20, x=13, val=-1
CONV1_PRE_RELU [t=14955000]: ch=3, y=20, x=13, val=-1
CONV1_PRE_RELU [t=14955000]: ch=4, y=20, x=13, val=-1
CONV1_PRE_RELU [t=14955000]: ch=5, y=20, x=13, val=-1
CONV1 [t=14965000]: ch=0, y=20, x=14, val=0
CONV1 [t=14965000]: ch=1, y=20, x=14, val=15
CONV1 [t=14965000]: ch=2, y=20, x=14, val=0
CONV1 [t=14965000]: ch=3, y=20, x=14, val=0
CONV1 [t=14965000]: ch=4, y=20, x=14, val=15
CONV1 [t=14965000]: ch=5, y=20, x=14, val=15
CONV1_PRE_RELU [t=14965000]: ch=0, y=20, x=14, val=-1
CONV1_PRE_RELU [t=14965000]: ch=1, y=20, x=14, val=-1
CONV1_PRE_RELU [t=14965000]: ch=2, y=20, x=14, val=-1
CONV1_PRE_RELU [t=14965000]: ch=3, y=20, x=14, val=-1
CONV1_PRE_RELU [t=14965000]: ch=4, y=20, x=14, val=-1
CONV1_PRE_RELU [t=14965000]: ch=5, y=20, x=14, val=-1
CONV1 [t=14975000]: ch=0, y=20, x=15, val=0
CONV1 [t=14975000]: ch=1, y=20, x=15, val=0
CONV1 [t=14975000]: ch=2, y=20, x=15, val=0
CONV1 [t=14975000]: ch=3, y=20, x=15, val=0
CONV1 [t=14975000]: ch=4, y=20, x=15, val=0
CONV1 [t=14975000]: ch=5, y=20, x=15, val=0
CONV1_PRE_RELU [t=14975000]: ch=0, y=20, x=15, val=-1
CONV1_PRE_RELU [t=14975000]: ch=1, y=20, x=15, val=-1
CONV1_PRE_RELU [t=14975000]: ch=2, y=20, x=15, val=-1
CONV1_PRE_RELU [t=14975000]: ch=3, y=20, x=15, val=-1
CONV1_PRE_RELU [t=14975000]: ch=4, y=20, x=15, val=-1
CONV1_PRE_RELU [t=14975000]: ch=5, y=20, x=15, val=-1
CONV1 [t=14985000]: ch=0, y=20, x=16, val=0
CONV1 [t=14985000]: ch=1, y=20, x=16, val=0
CONV1 [t=14985000]: ch=2, y=20, x=16, val=0
CONV1 [t=14985000]: ch=3, y=20, x=16, val=0
CONV1 [t=14985000]: ch=4, y=20, x=16, val=0
CONV1 [t=14985000]: ch=5, y=20, x=16, val=0
CONV1_PRE_RELU [t=14985000]: ch=0, y=20, x=16, val=-1
CONV1_PRE_RELU [t=14985000]: ch=1, y=20, x=16, val=-1
CONV1_PRE_RELU [t=14985000]: ch=2, y=20, x=16, val=-1
CONV1_PRE_RELU [t=14985000]: ch=3, y=20, x=16, val=-1
CONV1_PRE_RELU [t=14985000]: ch=4, y=20, x=16, val=-1
CONV1_PRE_RELU [t=14985000]: ch=5, y=20, x=16, val=-1
CONV1 [t=14995000]: ch=0, y=20, x=17, val=0
CONV1 [t=14995000]: ch=1, y=20, x=17, val=0
CONV1 [t=14995000]: ch=2, y=20, x=17, val=0
CONV1 [t=14995000]: ch=3, y=20, x=17, val=0
CONV1 [t=14995000]: ch=4, y=20, x=17, val=0
CONV1 [t=14995000]: ch=5, y=20, x=17, val=0
CONV1_PRE_RELU [t=14995000]: ch=0, y=20, x=17, val=-1
CONV1_PRE_RELU [t=14995000]: ch=1, y=20, x=17, val=-1
CONV1_PRE_RELU [t=14995000]: ch=2, y=20, x=17, val=-1
CONV1_PRE_RELU [t=14995000]: ch=3, y=20, x=17, val=-1
CONV1_PRE_RELU [t=14995000]: ch=4, y=20, x=17, val=-1
CONV1_PRE_RELU [t=14995000]: ch=5, y=20, x=17, val=-1
CONV1 [t=15005000]: ch=0, y=20, x=18, val=0
CONV1 [t=15005000]: ch=1, y=20, x=18, val=0
CONV1 [t=15005000]: ch=2, y=20, x=18, val=0
CONV1 [t=15005000]: ch=3, y=20, x=18, val=0
CONV1 [t=15005000]: ch=4, y=20, x=18, val=0
CONV1 [t=15005000]: ch=5, y=20, x=18, val=0
CONV1_PRE_RELU [t=15005000]: ch=0, y=20, x=18, val=-1
CONV1_PRE_RELU [t=15005000]: ch=1, y=20, x=18, val=-1
CONV1_PRE_RELU [t=15005000]: ch=2, y=20, x=18, val=-1
CONV1_PRE_RELU [t=15005000]: ch=3, y=20, x=18, val=-1
CONV1_PRE_RELU [t=15005000]: ch=4, y=20, x=18, val=-1
CONV1_PRE_RELU [t=15005000]: ch=5, y=20, x=18, val=-1
CONV1 [t=15015000]: ch=0, y=20, x=19, val=0
CONV1 [t=15015000]: ch=1, y=20, x=19, val=0
CONV1 [t=15015000]: ch=2, y=20, x=19, val=0
CONV1 [t=15015000]: ch=3, y=20, x=19, val=0
CONV1 [t=15015000]: ch=4, y=20, x=19, val=0
CONV1 [t=15015000]: ch=5, y=20, x=19, val=0
CONV1_PRE_RELU [t=15015000]: ch=0, y=20, x=19, val=-1
CONV1_PRE_RELU [t=15015000]: ch=1, y=20, x=19, val=-1
CONV1_PRE_RELU [t=15015000]: ch=2, y=20, x=19, val=-1
CONV1_PRE_RELU [t=15015000]: ch=3, y=20, x=19, val=-1
CONV1_PRE_RELU [t=15015000]: ch=4, y=20, x=19, val=-1
CONV1_PRE_RELU [t=15015000]: ch=5, y=20, x=19, val=-1
CONV1 [t=15025000]: ch=0, y=20, x=20, val=0
CONV1 [t=15025000]: ch=1, y=20, x=20, val=0
CONV1 [t=15025000]: ch=2, y=20, x=20, val=0
CONV1 [t=15025000]: ch=3, y=20, x=20, val=0
CONV1 [t=15025000]: ch=4, y=20, x=20, val=0
CONV1 [t=15025000]: ch=5, y=20, x=20, val=0
CONV1_PRE_RELU [t=15025000]: ch=0, y=20, x=20, val=-1
CONV1_PRE_RELU [t=15025000]: ch=1, y=20, x=20, val=-1
CONV1_PRE_RELU [t=15025000]: ch=2, y=20, x=20, val=-1
CONV1_PRE_RELU [t=15025000]: ch=3, y=20, x=20, val=-1
CONV1_PRE_RELU [t=15025000]: ch=4, y=20, x=20, val=-1
CONV1_PRE_RELU [t=15025000]: ch=5, y=20, x=20, val=-1
CONV1 [t=15035000]: ch=0, y=20, x=21, val=0
CONV1 [t=15035000]: ch=1, y=20, x=21, val=0
CONV1 [t=15035000]: ch=2, y=20, x=21, val=0
CONV1 [t=15035000]: ch=3, y=20, x=21, val=0
CONV1 [t=15035000]: ch=4, y=20, x=21, val=0
CONV1 [t=15035000]: ch=5, y=20, x=21, val=0
CONV1_PRE_RELU [t=15035000]: ch=0, y=20, x=21, val=-1
CONV1_PRE_RELU [t=15035000]: ch=1, y=20, x=21, val=-1
CONV1_PRE_RELU [t=15035000]: ch=2, y=20, x=21, val=-1
CONV1_PRE_RELU [t=15035000]: ch=3, y=20, x=21, val=-1
CONV1_PRE_RELU [t=15035000]: ch=4, y=20, x=21, val=-1
CONV1_PRE_RELU [t=15035000]: ch=5, y=20, x=21, val=-1
CONV1 [t=15045000]: ch=0, y=20, x=22, val=0
CONV1 [t=15045000]: ch=1, y=20, x=22, val=0
CONV1 [t=15045000]: ch=2, y=20, x=22, val=0
CONV1 [t=15045000]: ch=3, y=20, x=22, val=0
CONV1 [t=15045000]: ch=4, y=20, x=22, val=0
CONV1 [t=15045000]: ch=5, y=20, x=22, val=0
CONV1_PRE_RELU [t=15045000]: ch=0, y=20, x=22, val=-1
CONV1_PRE_RELU [t=15045000]: ch=1, y=20, x=22, val=-1
CONV1_PRE_RELU [t=15045000]: ch=2, y=20, x=22, val=-1
CONV1_PRE_RELU [t=15045000]: ch=3, y=20, x=22, val=-1
CONV1_PRE_RELU [t=15045000]: ch=4, y=20, x=22, val=-1
CONV1_PRE_RELU [t=15045000]: ch=5, y=20, x=22, val=-1
CONV1 [t=15055000]: ch=0, y=20, x=23, val=0
CONV1 [t=15055000]: ch=1, y=20, x=23, val=0
CONV1 [t=15055000]: ch=2, y=20, x=23, val=0
CONV1 [t=15055000]: ch=3, y=20, x=23, val=0
CONV1 [t=15055000]: ch=4, y=20, x=23, val=0
CONV1 [t=15055000]: ch=5, y=20, x=23, val=0
CONV1_PRE_RELU [t=15055000]: ch=0, y=20, x=23, val=-1
CONV1_PRE_RELU [t=15055000]: ch=1, y=20, x=23, val=-1
CONV1_PRE_RELU [t=15055000]: ch=2, y=20, x=23, val=-1
CONV1_PRE_RELU [t=15055000]: ch=3, y=20, x=23, val=-1
CONV1_PRE_RELU [t=15055000]: ch=4, y=20, x=23, val=-1
CONV1_PRE_RELU [t=15055000]: ch=5, y=20, x=23, val=-1
CONV1 [t=15065000]: ch=0, y=21, x=0, val=0
CONV1 [t=15065000]: ch=1, y=21, x=0, val=0
CONV1 [t=15065000]: ch=2, y=21, x=0, val=0
CONV1 [t=15065000]: ch=3, y=21, x=0, val=0
CONV1 [t=15065000]: ch=4, y=21, x=0, val=0
CONV1 [t=15065000]: ch=5, y=21, x=0, val=0
CONV1_PRE_RELU [t=15065000]: ch=0, y=21, x=0, val=-1
CONV1_PRE_RELU [t=15065000]: ch=1, y=21, x=0, val=-1
CONV1_PRE_RELU [t=15065000]: ch=2, y=21, x=0, val=-1
CONV1_PRE_RELU [t=15065000]: ch=3, y=21, x=0, val=-1
CONV1_PRE_RELU [t=15065000]: ch=4, y=21, x=0, val=-1
CONV1_PRE_RELU [t=15065000]: ch=5, y=21, x=0, val=-1
CONV1 [t=15115000]: ch=0, y=21, x=1, val=0
CONV1 [t=15115000]: ch=1, y=21, x=1, val=0
CONV1 [t=15115000]: ch=2, y=21, x=1, val=0
CONV1 [t=15115000]: ch=3, y=21, x=1, val=0
CONV1 [t=15115000]: ch=4, y=21, x=1, val=0
CONV1 [t=15115000]: ch=5, y=21, x=1, val=0
CONV1_PRE_RELU [t=15115000]: ch=0, y=21, x=1, val=-1
CONV1_PRE_RELU [t=15115000]: ch=1, y=21, x=1, val=-1
CONV1_PRE_RELU [t=15115000]: ch=2, y=21, x=1, val=-1
CONV1_PRE_RELU [t=15115000]: ch=3, y=21, x=1, val=-1
CONV1_PRE_RELU [t=15115000]: ch=4, y=21, x=1, val=-1
CONV1_PRE_RELU [t=15115000]: ch=5, y=21, x=1, val=-1
CONV1 [t=15125000]: ch=0, y=21, x=2, val=0
CONV1 [t=15125000]: ch=1, y=21, x=2, val=0
CONV1 [t=15125000]: ch=2, y=21, x=2, val=0
CONV1 [t=15125000]: ch=3, y=21, x=2, val=0
CONV1 [t=15125000]: ch=4, y=21, x=2, val=0
CONV1 [t=15125000]: ch=5, y=21, x=2, val=0
CONV1_PRE_RELU [t=15125000]: ch=0, y=21, x=2, val=-1
CONV1_PRE_RELU [t=15125000]: ch=1, y=21, x=2, val=-1
CONV1_PRE_RELU [t=15125000]: ch=2, y=21, x=2, val=-1
CONV1_PRE_RELU [t=15125000]: ch=3, y=21, x=2, val=-1
CONV1_PRE_RELU [t=15125000]: ch=4, y=21, x=2, val=-1
CONV1_PRE_RELU [t=15125000]: ch=5, y=21, x=2, val=-1
CONV1 [t=15135000]: ch=0, y=21, x=3, val=0
CONV1 [t=15135000]: ch=1, y=21, x=3, val=0
CONV1 [t=15135000]: ch=2, y=21, x=3, val=0
CONV1 [t=15135000]: ch=3, y=21, x=3, val=0
CONV1 [t=15135000]: ch=4, y=21, x=3, val=0
CONV1 [t=15135000]: ch=5, y=21, x=3, val=0
CONV1_PRE_RELU [t=15135000]: ch=0, y=21, x=3, val=-1
CONV1_PRE_RELU [t=15135000]: ch=1, y=21, x=3, val=-1
CONV1_PRE_RELU [t=15135000]: ch=2, y=21, x=3, val=-1
CONV1_PRE_RELU [t=15135000]: ch=3, y=21, x=3, val=-1
CONV1_PRE_RELU [t=15135000]: ch=4, y=21, x=3, val=-1
CONV1_PRE_RELU [t=15135000]: ch=5, y=21, x=3, val=-1
POOL1 [t=15135000]: ch=0, y=10, x=0, val=0
POOL1 [t=15135000]: ch=1, y=10, x=0, val=0
POOL1 [t=15135000]: ch=2, y=10, x=0, val=0
POOL1 [t=15135000]: ch=3, y=10, x=0, val=0
POOL1 [t=15135000]: ch=4, y=10, x=0, val=0
POOL1 [t=15135000]: ch=5, y=10, x=0, val=0
CONV1 [t=15145000]: ch=0, y=21, x=4, val=0
CONV1 [t=15145000]: ch=1, y=21, x=4, val=0
CONV1 [t=15145000]: ch=2, y=21, x=4, val=0
CONV1 [t=15145000]: ch=3, y=21, x=4, val=0
CONV1 [t=15145000]: ch=4, y=21, x=4, val=0
CONV1 [t=15145000]: ch=5, y=21, x=4, val=0
CONV1_PRE_RELU [t=15145000]: ch=0, y=21, x=4, val=-1
CONV1_PRE_RELU [t=15145000]: ch=1, y=21, x=4, val=-1
CONV1_PRE_RELU [t=15145000]: ch=2, y=21, x=4, val=-1
CONV1_PRE_RELU [t=15145000]: ch=3, y=21, x=4, val=-1
CONV1_PRE_RELU [t=15145000]: ch=4, y=21, x=4, val=-1
CONV1_PRE_RELU [t=15145000]: ch=5, y=21, x=4, val=-1
CONV1 [t=15155000]: ch=0, y=21, x=5, val=0
CONV1 [t=15155000]: ch=1, y=21, x=5, val=0
CONV1 [t=15155000]: ch=2, y=21, x=5, val=0
CONV1 [t=15155000]: ch=3, y=21, x=5, val=0
CONV1 [t=15155000]: ch=4, y=21, x=5, val=0
CONV1 [t=15155000]: ch=5, y=21, x=5, val=0
CONV1_PRE_RELU [t=15155000]: ch=0, y=21, x=5, val=-1
CONV1_PRE_RELU [t=15155000]: ch=1, y=21, x=5, val=-1
CONV1_PRE_RELU [t=15155000]: ch=2, y=21, x=5, val=-1
CONV1_PRE_RELU [t=15155000]: ch=3, y=21, x=5, val=-1
CONV1_PRE_RELU [t=15155000]: ch=4, y=21, x=5, val=-1
CONV1_PRE_RELU [t=15155000]: ch=5, y=21, x=5, val=-1
POOL1 [t=15155000]: ch=0, y=10, x=1, val=0
POOL1 [t=15155000]: ch=1, y=10, x=1, val=0
POOL1 [t=15155000]: ch=2, y=10, x=1, val=0
POOL1 [t=15155000]: ch=3, y=10, x=1, val=0
POOL1 [t=15155000]: ch=4, y=10, x=1, val=0
POOL1 [t=15155000]: ch=5, y=10, x=1, val=0
CONV1 [t=15165000]: ch=0, y=21, x=6, val=0
CONV1 [t=15165000]: ch=1, y=21, x=6, val=0
CONV1 [t=15165000]: ch=2, y=21, x=6, val=0
CONV1 [t=15165000]: ch=3, y=21, x=6, val=0
CONV1 [t=15165000]: ch=4, y=21, x=6, val=0
CONV1 [t=15165000]: ch=5, y=21, x=6, val=0
CONV1_PRE_RELU [t=15165000]: ch=0, y=21, x=6, val=-1
CONV1_PRE_RELU [t=15165000]: ch=1, y=21, x=6, val=-1
CONV1_PRE_RELU [t=15165000]: ch=2, y=21, x=6, val=-1
CONV1_PRE_RELU [t=15165000]: ch=3, y=21, x=6, val=-1
CONV1_PRE_RELU [t=15165000]: ch=4, y=21, x=6, val=-1
CONV1_PRE_RELU [t=15165000]: ch=5, y=21, x=6, val=-1
CONV1 [t=15175000]: ch=0, y=21, x=7, val=0
CONV1 [t=15175000]: ch=1, y=21, x=7, val=0
CONV1 [t=15175000]: ch=2, y=21, x=7, val=0
CONV1 [t=15175000]: ch=3, y=21, x=7, val=0
CONV1 [t=15175000]: ch=4, y=21, x=7, val=0
CONV1 [t=15175000]: ch=5, y=21, x=7, val=0
CONV1_PRE_RELU [t=15175000]: ch=0, y=21, x=7, val=-1
CONV1_PRE_RELU [t=15175000]: ch=1, y=21, x=7, val=-1
CONV1_PRE_RELU [t=15175000]: ch=2, y=21, x=7, val=15
CONV1_PRE_RELU [t=15175000]: ch=3, y=21, x=7, val=15
CONV1_PRE_RELU [t=15175000]: ch=4, y=21, x=7, val=-1
CONV1_PRE_RELU [t=15175000]: ch=5, y=21, x=7, val=15
POOL1 [t=15175000]: ch=0, y=10, x=2, val=0
POOL1 [t=15175000]: ch=1, y=10, x=2, val=0
POOL1 [t=15175000]: ch=2, y=10, x=2, val=0
POOL1 [t=15175000]: ch=3, y=10, x=2, val=0
POOL1 [t=15175000]: ch=4, y=10, x=2, val=0
POOL1 [t=15175000]: ch=5, y=10, x=2, val=0
CONV1 [t=15185000]: ch=0, y=21, x=8, val=0
CONV1 [t=15185000]: ch=1, y=21, x=8, val=0
CONV1 [t=15185000]: ch=2, y=21, x=8, val=0
CONV1 [t=15185000]: ch=3, y=21, x=8, val=0
CONV1 [t=15185000]: ch=4, y=21, x=8, val=0
CONV1 [t=15185000]: ch=5, y=21, x=8, val=0
CONV1_PRE_RELU [t=15185000]: ch=0, y=21, x=8, val=15
CONV1_PRE_RELU [t=15185000]: ch=1, y=21, x=8, val=15
CONV1_PRE_RELU [t=15185000]: ch=2, y=21, x=8, val=-1
CONV1_PRE_RELU [t=15185000]: ch=3, y=21, x=8, val=-1
CONV1_PRE_RELU [t=15185000]: ch=4, y=21, x=8, val=15
CONV1_PRE_RELU [t=15185000]: ch=5, y=21, x=8, val=-1
CONV1 [t=15195000]: ch=0, y=21, x=9, val=0
CONV1 [t=15195000]: ch=1, y=21, x=9, val=0
CONV1 [t=15195000]: ch=2, y=21, x=9, val=15
CONV1 [t=15195000]: ch=3, y=21, x=9, val=15
CONV1 [t=15195000]: ch=4, y=21, x=9, val=0
CONV1 [t=15195000]: ch=5, y=21, x=9, val=15
CONV1_PRE_RELU [t=15195000]: ch=0, y=21, x=9, val=15
CONV1_PRE_RELU [t=15195000]: ch=1, y=21, x=9, val=15
CONV1_PRE_RELU [t=15195000]: ch=2, y=21, x=9, val=-1
CONV1_PRE_RELU [t=15195000]: ch=3, y=21, x=9, val=-1
CONV1_PRE_RELU [t=15195000]: ch=4, y=21, x=9, val=15
CONV1_PRE_RELU [t=15195000]: ch=5, y=21, x=9, val=-1
POOL1 [t=15195000]: ch=0, y=10, x=3, val=0
POOL1 [t=15195000]: ch=1, y=10, x=3, val=0
POOL1 [t=15195000]: ch=2, y=10, x=3, val=0
POOL1 [t=15195000]: ch=3, y=10, x=3, val=0
POOL1 [t=15195000]: ch=4, y=10, x=3, val=0
POOL1 [t=15195000]: ch=5, y=10, x=3, val=0
CONV1 [t=15205000]: ch=0, y=21, x=10, val=15
CONV1 [t=15205000]: ch=1, y=21, x=10, val=15
CONV1 [t=15205000]: ch=2, y=21, x=10, val=0
CONV1 [t=15205000]: ch=3, y=21, x=10, val=0
CONV1 [t=15205000]: ch=4, y=21, x=10, val=15
CONV1 [t=15205000]: ch=5, y=21, x=10, val=0
CONV1_PRE_RELU [t=15205000]: ch=0, y=21, x=10, val=-1
CONV1_PRE_RELU [t=15205000]: ch=1, y=21, x=10, val=-1
CONV1_PRE_RELU [t=15205000]: ch=2, y=21, x=10, val=15
CONV1_PRE_RELU [t=15205000]: ch=3, y=21, x=10, val=15
CONV1_PRE_RELU [t=15205000]: ch=4, y=21, x=10, val=-1
CONV1_PRE_RELU [t=15205000]: ch=5, y=21, x=10, val=15
CONV1 [t=15215000]: ch=0, y=21, x=11, val=15
CONV1 [t=15215000]: ch=1, y=21, x=11, val=15
CONV1 [t=15215000]: ch=2, y=21, x=11, val=0
CONV1 [t=15215000]: ch=3, y=21, x=11, val=0
CONV1 [t=15215000]: ch=4, y=21, x=11, val=15
CONV1 [t=15215000]: ch=5, y=21, x=11, val=0
CONV1_PRE_RELU [t=15215000]: ch=0, y=21, x=11, val=-1
CONV1_PRE_RELU [t=15215000]: ch=1, y=21, x=11, val=-1
CONV1_PRE_RELU [t=15215000]: ch=2, y=21, x=11, val=-1
CONV1_PRE_RELU [t=15215000]: ch=3, y=21, x=11, val=-1
CONV1_PRE_RELU [t=15215000]: ch=4, y=21, x=11, val=-1
CONV1_PRE_RELU [t=15215000]: ch=5, y=21, x=11, val=-1
POOL1 [t=15215000]: ch=0, y=10, x=4, val=0
POOL1 [t=15215000]: ch=1, y=10, x=4, val=0
POOL1 [t=15215000]: ch=2, y=10, x=4, val=15
POOL1 [t=15215000]: ch=3, y=10, x=4, val=15
POOL1 [t=15215000]: ch=4, y=10, x=4, val=0
POOL1 [t=15215000]: ch=5, y=10, x=4, val=15
CONV1 [t=15225000]: ch=0, y=21, x=12, val=0
CONV1 [t=15225000]: ch=1, y=21, x=12, val=0
CONV1 [t=15225000]: ch=2, y=21, x=12, val=15
CONV1 [t=15225000]: ch=3, y=21, x=12, val=15
CONV1 [t=15225000]: ch=4, y=21, x=12, val=0
CONV1 [t=15225000]: ch=5, y=21, x=12, val=15
CONV1_PRE_RELU [t=15225000]: ch=0, y=21, x=12, val=-1
CONV1_PRE_RELU [t=15225000]: ch=1, y=21, x=12, val=-1
CONV1_PRE_RELU [t=15225000]: ch=2, y=21, x=12, val=-1
CONV1_PRE_RELU [t=15225000]: ch=3, y=21, x=12, val=-1
CONV1_PRE_RELU [t=15225000]: ch=4, y=21, x=12, val=-1
CONV1_PRE_RELU [t=15225000]: ch=5, y=21, x=12, val=-1
CONV1 [t=15235000]: ch=0, y=21, x=13, val=0
CONV1 [t=15235000]: ch=1, y=21, x=13, val=0
CONV1 [t=15235000]: ch=2, y=21, x=13, val=0
CONV1 [t=15235000]: ch=3, y=21, x=13, val=0
CONV1 [t=15235000]: ch=4, y=21, x=13, val=0
CONV1 [t=15235000]: ch=5, y=21, x=13, val=0
CONV1_PRE_RELU [t=15235000]: ch=0, y=21, x=13, val=-1
CONV1_PRE_RELU [t=15235000]: ch=1, y=21, x=13, val=-1
CONV1_PRE_RELU [t=15235000]: ch=2, y=21, x=13, val=-1
CONV1_PRE_RELU [t=15235000]: ch=3, y=21, x=13, val=-1
CONV1_PRE_RELU [t=15235000]: ch=4, y=21, x=13, val=-1
CONV1_PRE_RELU [t=15235000]: ch=5, y=21, x=13, val=-1
POOL1 [t=15235000]: ch=0, y=10, x=5, val=31
POOL1 [t=15235000]: ch=1, y=10, x=5, val=31
POOL1 [t=15235000]: ch=2, y=10, x=5, val=15
POOL1 [t=15235000]: ch=3, y=10, x=5, val=31
POOL1 [t=15235000]: ch=4, y=10, x=5, val=31
POOL1 [t=15235000]: ch=5, y=10, x=5, val=31
CONV1 [t=15245000]: ch=0, y=21, x=14, val=0
CONV1 [t=15245000]: ch=1, y=21, x=14, val=0
CONV1 [t=15245000]: ch=2, y=21, x=14, val=0
CONV1 [t=15245000]: ch=3, y=21, x=14, val=0
CONV1 [t=15245000]: ch=4, y=21, x=14, val=0
CONV1 [t=15245000]: ch=5, y=21, x=14, val=0
CONV1_PRE_RELU [t=15245000]: ch=0, y=21, x=14, val=-1
CONV1_PRE_RELU [t=15245000]: ch=1, y=21, x=14, val=-1
CONV1_PRE_RELU [t=15245000]: ch=2, y=21, x=14, val=-1
CONV1_PRE_RELU [t=15245000]: ch=3, y=21, x=14, val=-1
CONV1_PRE_RELU [t=15245000]: ch=4, y=21, x=14, val=-1
CONV1_PRE_RELU [t=15245000]: ch=5, y=21, x=14, val=-1
CONV1 [t=15255000]: ch=0, y=21, x=15, val=0
CONV1 [t=15255000]: ch=1, y=21, x=15, val=0
CONV1 [t=15255000]: ch=2, y=21, x=15, val=0
CONV1 [t=15255000]: ch=3, y=21, x=15, val=0
CONV1 [t=15255000]: ch=4, y=21, x=15, val=0
CONV1 [t=15255000]: ch=5, y=21, x=15, val=0
CONV1_PRE_RELU [t=15255000]: ch=0, y=21, x=15, val=-1
CONV1_PRE_RELU [t=15255000]: ch=1, y=21, x=15, val=-1
CONV1_PRE_RELU [t=15255000]: ch=2, y=21, x=15, val=-1
CONV1_PRE_RELU [t=15255000]: ch=3, y=21, x=15, val=-1
CONV1_PRE_RELU [t=15255000]: ch=4, y=21, x=15, val=-1
CONV1_PRE_RELU [t=15255000]: ch=5, y=21, x=15, val=-1
POOL1 [t=15255000]: ch=0, y=10, x=6, val=31
POOL1 [t=15255000]: ch=1, y=10, x=6, val=15
POOL1 [t=15255000]: ch=2, y=10, x=6, val=31
POOL1 [t=15255000]: ch=3, y=10, x=6, val=31
POOL1 [t=15255000]: ch=4, y=10, x=6, val=31
POOL1 [t=15255000]: ch=5, y=10, x=6, val=31
CONV1 [t=15265000]: ch=0, y=21, x=16, val=0
CONV1 [t=15265000]: ch=1, y=21, x=16, val=0
CONV1 [t=15265000]: ch=2, y=21, x=16, val=0
CONV1 [t=15265000]: ch=3, y=21, x=16, val=0
CONV1 [t=15265000]: ch=4, y=21, x=16, val=0
CONV1 [t=15265000]: ch=5, y=21, x=16, val=0
CONV1_PRE_RELU [t=15265000]: ch=0, y=21, x=16, val=-1
CONV1_PRE_RELU [t=15265000]: ch=1, y=21, x=16, val=-1
CONV1_PRE_RELU [t=15265000]: ch=2, y=21, x=16, val=-1
CONV1_PRE_RELU [t=15265000]: ch=3, y=21, x=16, val=-1
CONV1_PRE_RELU [t=15265000]: ch=4, y=21, x=16, val=-1
CONV1_PRE_RELU [t=15265000]: ch=5, y=21, x=16, val=-1
CONV1 [t=15275000]: ch=0, y=21, x=17, val=0
CONV1 [t=15275000]: ch=1, y=21, x=17, val=0
CONV1 [t=15275000]: ch=2, y=21, x=17, val=0
CONV1 [t=15275000]: ch=3, y=21, x=17, val=0
CONV1 [t=15275000]: ch=4, y=21, x=17, val=0
CONV1 [t=15275000]: ch=5, y=21, x=17, val=0
CONV1_PRE_RELU [t=15275000]: ch=0, y=21, x=17, val=-1
CONV1_PRE_RELU [t=15275000]: ch=1, y=21, x=17, val=-1
CONV1_PRE_RELU [t=15275000]: ch=2, y=21, x=17, val=-1
CONV1_PRE_RELU [t=15275000]: ch=3, y=21, x=17, val=-1
CONV1_PRE_RELU [t=15275000]: ch=4, y=21, x=17, val=-1
CONV1_PRE_RELU [t=15275000]: ch=5, y=21, x=17, val=-1
POOL1 [t=15275000]: ch=0, y=10, x=7, val=0
POOL1 [t=15275000]: ch=1, y=10, x=7, val=15
POOL1 [t=15275000]: ch=2, y=10, x=7, val=0
POOL1 [t=15275000]: ch=3, y=10, x=7, val=0
POOL1 [t=15275000]: ch=4, y=10, x=7, val=15
POOL1 [t=15275000]: ch=5, y=10, x=7, val=15
CONV1 [t=15285000]: ch=0, y=21, x=18, val=0
CONV1 [t=15285000]: ch=1, y=21, x=18, val=0
CONV1 [t=15285000]: ch=2, y=21, x=18, val=0
CONV1 [t=15285000]: ch=3, y=21, x=18, val=0
CONV1 [t=15285000]: ch=4, y=21, x=18, val=0
CONV1 [t=15285000]: ch=5, y=21, x=18, val=0
CONV1_PRE_RELU [t=15285000]: ch=0, y=21, x=18, val=-1
CONV1_PRE_RELU [t=15285000]: ch=1, y=21, x=18, val=-1
CONV1_PRE_RELU [t=15285000]: ch=2, y=21, x=18, val=-1
CONV1_PRE_RELU [t=15285000]: ch=3, y=21, x=18, val=-1
CONV1_PRE_RELU [t=15285000]: ch=4, y=21, x=18, val=-1
CONV1_PRE_RELU [t=15285000]: ch=5, y=21, x=18, val=-1
CONV1 [t=15295000]: ch=0, y=21, x=19, val=0
CONV1 [t=15295000]: ch=1, y=21, x=19, val=0
CONV1 [t=15295000]: ch=2, y=21, x=19, val=0
CONV1 [t=15295000]: ch=3, y=21, x=19, val=0
CONV1 [t=15295000]: ch=4, y=21, x=19, val=0
CONV1 [t=15295000]: ch=5, y=21, x=19, val=0
CONV1_PRE_RELU [t=15295000]: ch=0, y=21, x=19, val=-1
CONV1_PRE_RELU [t=15295000]: ch=1, y=21, x=19, val=-1
CONV1_PRE_RELU [t=15295000]: ch=2, y=21, x=19, val=-1
CONV1_PRE_RELU [t=15295000]: ch=3, y=21, x=19, val=-1
CONV1_PRE_RELU [t=15295000]: ch=4, y=21, x=19, val=-1
CONV1_PRE_RELU [t=15295000]: ch=5, y=21, x=19, val=-1
POOL1 [t=15295000]: ch=0, y=10, x=8, val=0
POOL1 [t=15295000]: ch=1, y=10, x=8, val=0
POOL1 [t=15295000]: ch=2, y=10, x=8, val=0
POOL1 [t=15295000]: ch=3, y=10, x=8, val=0
POOL1 [t=15295000]: ch=4, y=10, x=8, val=0
POOL1 [t=15295000]: ch=5, y=10, x=8, val=0
CONV1 [t=15305000]: ch=0, y=21, x=20, val=0
CONV1 [t=15305000]: ch=1, y=21, x=20, val=0
CONV1 [t=15305000]: ch=2, y=21, x=20, val=0
CONV1 [t=15305000]: ch=3, y=21, x=20, val=0
CONV1 [t=15305000]: ch=4, y=21, x=20, val=0
CONV1 [t=15305000]: ch=5, y=21, x=20, val=0
CONV1_PRE_RELU [t=15305000]: ch=0, y=21, x=20, val=-1
CONV1_PRE_RELU [t=15305000]: ch=1, y=21, x=20, val=-1
CONV1_PRE_RELU [t=15305000]: ch=2, y=21, x=20, val=-1
CONV1_PRE_RELU [t=15305000]: ch=3, y=21, x=20, val=-1
CONV1_PRE_RELU [t=15305000]: ch=4, y=21, x=20, val=-1
CONV1_PRE_RELU [t=15305000]: ch=5, y=21, x=20, val=-1
CONV1 [t=15315000]: ch=0, y=21, x=21, val=0
CONV1 [t=15315000]: ch=1, y=21, x=21, val=0
CONV1 [t=15315000]: ch=2, y=21, x=21, val=0
CONV1 [t=15315000]: ch=3, y=21, x=21, val=0
CONV1 [t=15315000]: ch=4, y=21, x=21, val=0
CONV1 [t=15315000]: ch=5, y=21, x=21, val=0
CONV1_PRE_RELU [t=15315000]: ch=0, y=21, x=21, val=-1
CONV1_PRE_RELU [t=15315000]: ch=1, y=21, x=21, val=-1
CONV1_PRE_RELU [t=15315000]: ch=2, y=21, x=21, val=-1
CONV1_PRE_RELU [t=15315000]: ch=3, y=21, x=21, val=-1
CONV1_PRE_RELU [t=15315000]: ch=4, y=21, x=21, val=-1
CONV1_PRE_RELU [t=15315000]: ch=5, y=21, x=21, val=-1
POOL1 [t=15315000]: ch=0, y=10, x=9, val=0
POOL1 [t=15315000]: ch=1, y=10, x=9, val=0
POOL1 [t=15315000]: ch=2, y=10, x=9, val=0
POOL1 [t=15315000]: ch=3, y=10, x=9, val=0
POOL1 [t=15315000]: ch=4, y=10, x=9, val=0
POOL1 [t=15315000]: ch=5, y=10, x=9, val=0
CONV1 [t=15325000]: ch=0, y=21, x=22, val=0
CONV1 [t=15325000]: ch=1, y=21, x=22, val=0
CONV1 [t=15325000]: ch=2, y=21, x=22, val=0
CONV1 [t=15325000]: ch=3, y=21, x=22, val=0
CONV1 [t=15325000]: ch=4, y=21, x=22, val=0
CONV1 [t=15325000]: ch=5, y=21, x=22, val=0
CONV1_PRE_RELU [t=15325000]: ch=0, y=21, x=22, val=-1
CONV1_PRE_RELU [t=15325000]: ch=1, y=21, x=22, val=-1
CONV1_PRE_RELU [t=15325000]: ch=2, y=21, x=22, val=-1
CONV1_PRE_RELU [t=15325000]: ch=3, y=21, x=22, val=-1
CONV1_PRE_RELU [t=15325000]: ch=4, y=21, x=22, val=-1
CONV1_PRE_RELU [t=15325000]: ch=5, y=21, x=22, val=-1
CONV1 [t=15335000]: ch=0, y=21, x=23, val=0
CONV1 [t=15335000]: ch=1, y=21, x=23, val=0
CONV1 [t=15335000]: ch=2, y=21, x=23, val=0
CONV1 [t=15335000]: ch=3, y=21, x=23, val=0
CONV1 [t=15335000]: ch=4, y=21, x=23, val=0
CONV1 [t=15335000]: ch=5, y=21, x=23, val=0
CONV1_PRE_RELU [t=15335000]: ch=0, y=21, x=23, val=-1
CONV1_PRE_RELU [t=15335000]: ch=1, y=21, x=23, val=-1
CONV1_PRE_RELU [t=15335000]: ch=2, y=21, x=23, val=-1
CONV1_PRE_RELU [t=15335000]: ch=3, y=21, x=23, val=-1
CONV1_PRE_RELU [t=15335000]: ch=4, y=21, x=23, val=-1
CONV1_PRE_RELU [t=15335000]: ch=5, y=21, x=23, val=-1
POOL1 [t=15335000]: ch=0, y=10, x=10, val=0
POOL1 [t=15335000]: ch=1, y=10, x=10, val=0
POOL1 [t=15335000]: ch=2, y=10, x=10, val=0
POOL1 [t=15335000]: ch=3, y=10, x=10, val=0
POOL1 [t=15335000]: ch=4, y=10, x=10, val=0
POOL1 [t=15335000]: ch=5, y=10, x=10, val=0
CONV1 [t=15345000]: ch=0, y=22, x=0, val=0
CONV1 [t=15345000]: ch=1, y=22, x=0, val=0
CONV1 [t=15345000]: ch=2, y=22, x=0, val=0
CONV1 [t=15345000]: ch=3, y=22, x=0, val=0
CONV1 [t=15345000]: ch=4, y=22, x=0, val=0
CONV1 [t=15345000]: ch=5, y=22, x=0, val=0
CONV1_PRE_RELU [t=15345000]: ch=0, y=22, x=0, val=-1
CONV1_PRE_RELU [t=15345000]: ch=1, y=22, x=0, val=-1
CONV1_PRE_RELU [t=15345000]: ch=2, y=22, x=0, val=-1
CONV1_PRE_RELU [t=15345000]: ch=3, y=22, x=0, val=-1
CONV1_PRE_RELU [t=15345000]: ch=4, y=22, x=0, val=-1
CONV1_PRE_RELU [t=15345000]: ch=5, y=22, x=0, val=-1
POOL1 [t=15355000]: ch=0, y=10, x=11, val=0
POOL1 [t=15355000]: ch=1, y=10, x=11, val=0
POOL1 [t=15355000]: ch=2, y=10, x=11, val=0
POOL1 [t=15355000]: ch=3, y=10, x=11, val=0
POOL1 [t=15355000]: ch=4, y=10, x=11, val=0
POOL1 [t=15355000]: ch=5, y=10, x=11, val=0
CONV1 [t=15395000]: ch=0, y=22, x=1, val=0
CONV1 [t=15395000]: ch=1, y=22, x=1, val=0
CONV1 [t=15395000]: ch=2, y=22, x=1, val=0
CONV1 [t=15395000]: ch=3, y=22, x=1, val=0
CONV1 [t=15395000]: ch=4, y=22, x=1, val=0
CONV1 [t=15395000]: ch=5, y=22, x=1, val=0
CONV1_PRE_RELU [t=15395000]: ch=0, y=22, x=1, val=-1
CONV1_PRE_RELU [t=15395000]: ch=1, y=22, x=1, val=-1
CONV1_PRE_RELU [t=15395000]: ch=2, y=22, x=1, val=-1
CONV1_PRE_RELU [t=15395000]: ch=3, y=22, x=1, val=-1
CONV1_PRE_RELU [t=15395000]: ch=4, y=22, x=1, val=-1
CONV1_PRE_RELU [t=15395000]: ch=5, y=22, x=1, val=-1
CONV1 [t=15405000]: ch=0, y=22, x=2, val=0
CONV1 [t=15405000]: ch=1, y=22, x=2, val=0
CONV1 [t=15405000]: ch=2, y=22, x=2, val=0
CONV1 [t=15405000]: ch=3, y=22, x=2, val=0
CONV1 [t=15405000]: ch=4, y=22, x=2, val=0
CONV1 [t=15405000]: ch=5, y=22, x=2, val=0
CONV1_PRE_RELU [t=15405000]: ch=0, y=22, x=2, val=-1
CONV1_PRE_RELU [t=15405000]: ch=1, y=22, x=2, val=-1
CONV1_PRE_RELU [t=15405000]: ch=2, y=22, x=2, val=-1
CONV1_PRE_RELU [t=15405000]: ch=3, y=22, x=2, val=-1
CONV1_PRE_RELU [t=15405000]: ch=4, y=22, x=2, val=-1
CONV1_PRE_RELU [t=15405000]: ch=5, y=22, x=2, val=-1
CONV1 [t=15415000]: ch=0, y=22, x=3, val=0
CONV1 [t=15415000]: ch=1, y=22, x=3, val=0
CONV1 [t=15415000]: ch=2, y=22, x=3, val=0
CONV1 [t=15415000]: ch=3, y=22, x=3, val=0
CONV1 [t=15415000]: ch=4, y=22, x=3, val=0
CONV1 [t=15415000]: ch=5, y=22, x=3, val=0
CONV1_PRE_RELU [t=15415000]: ch=0, y=22, x=3, val=-1
CONV1_PRE_RELU [t=15415000]: ch=1, y=22, x=3, val=-1
CONV1_PRE_RELU [t=15415000]: ch=2, y=22, x=3, val=-1
CONV1_PRE_RELU [t=15415000]: ch=3, y=22, x=3, val=-1
CONV1_PRE_RELU [t=15415000]: ch=4, y=22, x=3, val=-1
CONV1_PRE_RELU [t=15415000]: ch=5, y=22, x=3, val=-1
CONV1 [t=15425000]: ch=0, y=22, x=4, val=0
CONV1 [t=15425000]: ch=1, y=22, x=4, val=0
CONV1 [t=15425000]: ch=2, y=22, x=4, val=0
CONV1 [t=15425000]: ch=3, y=22, x=4, val=0
CONV1 [t=15425000]: ch=4, y=22, x=4, val=0
CONV1 [t=15425000]: ch=5, y=22, x=4, val=0
CONV1_PRE_RELU [t=15425000]: ch=0, y=22, x=4, val=-1
CONV1_PRE_RELU [t=15425000]: ch=1, y=22, x=4, val=-1
CONV1_PRE_RELU [t=15425000]: ch=2, y=22, x=4, val=-1
CONV1_PRE_RELU [t=15425000]: ch=3, y=22, x=4, val=-1
CONV1_PRE_RELU [t=15425000]: ch=4, y=22, x=4, val=-1
CONV1_PRE_RELU [t=15425000]: ch=5, y=22, x=4, val=-1
CONV1 [t=15435000]: ch=0, y=22, x=5, val=0
CONV1 [t=15435000]: ch=1, y=22, x=5, val=0
CONV1 [t=15435000]: ch=2, y=22, x=5, val=0
CONV1 [t=15435000]: ch=3, y=22, x=5, val=0
CONV1 [t=15435000]: ch=4, y=22, x=5, val=0
CONV1 [t=15435000]: ch=5, y=22, x=5, val=0
CONV1_PRE_RELU [t=15435000]: ch=0, y=22, x=5, val=-1
CONV1_PRE_RELU [t=15435000]: ch=1, y=22, x=5, val=-1
CONV1_PRE_RELU [t=15435000]: ch=2, y=22, x=5, val=-1
CONV1_PRE_RELU [t=15435000]: ch=3, y=22, x=5, val=-1
CONV1_PRE_RELU [t=15435000]: ch=4, y=22, x=5, val=-1
CONV1_PRE_RELU [t=15435000]: ch=5, y=22, x=5, val=-1
CONV1 [t=15445000]: ch=0, y=22, x=6, val=0
CONV1 [t=15445000]: ch=1, y=22, x=6, val=0
CONV1 [t=15445000]: ch=2, y=22, x=6, val=0
CONV1 [t=15445000]: ch=3, y=22, x=6, val=0
CONV1 [t=15445000]: ch=4, y=22, x=6, val=0
CONV1 [t=15445000]: ch=5, y=22, x=6, val=0
CONV1_PRE_RELU [t=15445000]: ch=0, y=22, x=6, val=-1
CONV1_PRE_RELU [t=15445000]: ch=1, y=22, x=6, val=-1
CONV1_PRE_RELU [t=15445000]: ch=2, y=22, x=6, val=-1
CONV1_PRE_RELU [t=15445000]: ch=3, y=22, x=6, val=-1
CONV1_PRE_RELU [t=15445000]: ch=4, y=22, x=6, val=-1
CONV1_PRE_RELU [t=15445000]: ch=5, y=22, x=6, val=-1
CONV1 [t=15455000]: ch=0, y=22, x=7, val=0
CONV1 [t=15455000]: ch=1, y=22, x=7, val=0
CONV1 [t=15455000]: ch=2, y=22, x=7, val=0
CONV1 [t=15455000]: ch=3, y=22, x=7, val=0
CONV1 [t=15455000]: ch=4, y=22, x=7, val=0
CONV1 [t=15455000]: ch=5, y=22, x=7, val=0
CONV1_PRE_RELU [t=15455000]: ch=0, y=22, x=7, val=-1
CONV1_PRE_RELU [t=15455000]: ch=1, y=22, x=7, val=-1
CONV1_PRE_RELU [t=15455000]: ch=2, y=22, x=7, val=15
CONV1_PRE_RELU [t=15455000]: ch=3, y=22, x=7, val=15
CONV1_PRE_RELU [t=15455000]: ch=4, y=22, x=7, val=-1
CONV1_PRE_RELU [t=15455000]: ch=5, y=22, x=7, val=15
CONV1 [t=15465000]: ch=0, y=22, x=8, val=0
CONV1 [t=15465000]: ch=1, y=22, x=8, val=0
CONV1 [t=15465000]: ch=2, y=22, x=8, val=0
CONV1 [t=15465000]: ch=3, y=22, x=8, val=0
CONV1 [t=15465000]: ch=4, y=22, x=8, val=0
CONV1 [t=15465000]: ch=5, y=22, x=8, val=0
CONV1_PRE_RELU [t=15465000]: ch=0, y=22, x=8, val=15
CONV1_PRE_RELU [t=15465000]: ch=1, y=22, x=8, val=15
CONV1_PRE_RELU [t=15465000]: ch=2, y=22, x=8, val=-1
CONV1_PRE_RELU [t=15465000]: ch=3, y=22, x=8, val=-1
CONV1_PRE_RELU [t=15465000]: ch=4, y=22, x=8, val=15
CONV1_PRE_RELU [t=15465000]: ch=5, y=22, x=8, val=-1
CONV1 [t=15475000]: ch=0, y=22, x=9, val=0
CONV1 [t=15475000]: ch=1, y=22, x=9, val=0
CONV1 [t=15475000]: ch=2, y=22, x=9, val=15
CONV1 [t=15475000]: ch=3, y=22, x=9, val=15
CONV1 [t=15475000]: ch=4, y=22, x=9, val=0
CONV1 [t=15475000]: ch=5, y=22, x=9, val=15
CONV1_PRE_RELU [t=15475000]: ch=0, y=22, x=9, val=15
CONV1_PRE_RELU [t=15475000]: ch=1, y=22, x=9, val=15
CONV1_PRE_RELU [t=15475000]: ch=2, y=22, x=9, val=-1
CONV1_PRE_RELU [t=15475000]: ch=3, y=22, x=9, val=-1
CONV1_PRE_RELU [t=15475000]: ch=4, y=22, x=9, val=15
CONV1_PRE_RELU [t=15475000]: ch=5, y=22, x=9, val=-1
CONV1 [t=15485000]: ch=0, y=22, x=10, val=15
CONV1 [t=15485000]: ch=1, y=22, x=10, val=15
CONV1 [t=15485000]: ch=2, y=22, x=10, val=0
CONV1 [t=15485000]: ch=3, y=22, x=10, val=0
CONV1 [t=15485000]: ch=4, y=22, x=10, val=15
CONV1 [t=15485000]: ch=5, y=22, x=10, val=0
CONV1_PRE_RELU [t=15485000]: ch=0, y=22, x=10, val=-1
CONV1_PRE_RELU [t=15485000]: ch=1, y=22, x=10, val=-1
CONV1_PRE_RELU [t=15485000]: ch=2, y=22, x=10, val=15
CONV1_PRE_RELU [t=15485000]: ch=3, y=22, x=10, val=15
CONV1_PRE_RELU [t=15485000]: ch=4, y=22, x=10, val=-1
CONV1_PRE_RELU [t=15485000]: ch=5, y=22, x=10, val=15
CONV1 [t=15495000]: ch=0, y=22, x=11, val=15
CONV1 [t=15495000]: ch=1, y=22, x=11, val=15
CONV1 [t=15495000]: ch=2, y=22, x=11, val=0
CONV1 [t=15495000]: ch=3, y=22, x=11, val=0
CONV1 [t=15495000]: ch=4, y=22, x=11, val=15
CONV1 [t=15495000]: ch=5, y=22, x=11, val=0
CONV1_PRE_RELU [t=15495000]: ch=0, y=22, x=11, val=-1
CONV1_PRE_RELU [t=15495000]: ch=1, y=22, x=11, val=-1
CONV1_PRE_RELU [t=15495000]: ch=2, y=22, x=11, val=-1
CONV1_PRE_RELU [t=15495000]: ch=3, y=22, x=11, val=-1
CONV1_PRE_RELU [t=15495000]: ch=4, y=22, x=11, val=-1
CONV1_PRE_RELU [t=15495000]: ch=5, y=22, x=11, val=-1
CONV1 [t=15505000]: ch=0, y=22, x=12, val=0
CONV1 [t=15505000]: ch=1, y=22, x=12, val=0
CONV1 [t=15505000]: ch=2, y=22, x=12, val=15
CONV1 [t=15505000]: ch=3, y=22, x=12, val=15
CONV1 [t=15505000]: ch=4, y=22, x=12, val=0
CONV1 [t=15505000]: ch=5, y=22, x=12, val=15
CONV1_PRE_RELU [t=15505000]: ch=0, y=22, x=12, val=-1
CONV1_PRE_RELU [t=15505000]: ch=1, y=22, x=12, val=-1
CONV1_PRE_RELU [t=15505000]: ch=2, y=22, x=12, val=-1
CONV1_PRE_RELU [t=15505000]: ch=3, y=22, x=12, val=-1
CONV1_PRE_RELU [t=15505000]: ch=4, y=22, x=12, val=-1
CONV1_PRE_RELU [t=15505000]: ch=5, y=22, x=12, val=-1
CONV1 [t=15515000]: ch=0, y=22, x=13, val=0
CONV1 [t=15515000]: ch=1, y=22, x=13, val=0
CONV1 [t=15515000]: ch=2, y=22, x=13, val=0
CONV1 [t=15515000]: ch=3, y=22, x=13, val=0
CONV1 [t=15515000]: ch=4, y=22, x=13, val=0
CONV1 [t=15515000]: ch=5, y=22, x=13, val=0
CONV1_PRE_RELU [t=15515000]: ch=0, y=22, x=13, val=-1
CONV1_PRE_RELU [t=15515000]: ch=1, y=22, x=13, val=-1
CONV1_PRE_RELU [t=15515000]: ch=2, y=22, x=13, val=-1
CONV1_PRE_RELU [t=15515000]: ch=3, y=22, x=13, val=-1
CONV1_PRE_RELU [t=15515000]: ch=4, y=22, x=13, val=-1
CONV1_PRE_RELU [t=15515000]: ch=5, y=22, x=13, val=-1
CONV1 [t=15525000]: ch=0, y=22, x=14, val=0
CONV1 [t=15525000]: ch=1, y=22, x=14, val=0
CONV1 [t=15525000]: ch=2, y=22, x=14, val=0
CONV1 [t=15525000]: ch=3, y=22, x=14, val=0
CONV1 [t=15525000]: ch=4, y=22, x=14, val=0
CONV1 [t=15525000]: ch=5, y=22, x=14, val=0
CONV1_PRE_RELU [t=15525000]: ch=0, y=22, x=14, val=-1
CONV1_PRE_RELU [t=15525000]: ch=1, y=22, x=14, val=-1
CONV1_PRE_RELU [t=15525000]: ch=2, y=22, x=14, val=-1
CONV1_PRE_RELU [t=15525000]: ch=3, y=22, x=14, val=-1
CONV1_PRE_RELU [t=15525000]: ch=4, y=22, x=14, val=-1
CONV1_PRE_RELU [t=15525000]: ch=5, y=22, x=14, val=-1
CONV1 [t=15535000]: ch=0, y=22, x=15, val=0
CONV1 [t=15535000]: ch=1, y=22, x=15, val=0
CONV1 [t=15535000]: ch=2, y=22, x=15, val=0
CONV1 [t=15535000]: ch=3, y=22, x=15, val=0
CONV1 [t=15535000]: ch=4, y=22, x=15, val=0
CONV1 [t=15535000]: ch=5, y=22, x=15, val=0
CONV1_PRE_RELU [t=15535000]: ch=0, y=22, x=15, val=-1
CONV1_PRE_RELU [t=15535000]: ch=1, y=22, x=15, val=-1
CONV1_PRE_RELU [t=15535000]: ch=2, y=22, x=15, val=-1
CONV1_PRE_RELU [t=15535000]: ch=3, y=22, x=15, val=-1
CONV1_PRE_RELU [t=15535000]: ch=4, y=22, x=15, val=-1
CONV1_PRE_RELU [t=15535000]: ch=5, y=22, x=15, val=-1
CONV1 [t=15545000]: ch=0, y=22, x=16, val=0
CONV1 [t=15545000]: ch=1, y=22, x=16, val=0
CONV1 [t=15545000]: ch=2, y=22, x=16, val=0
CONV1 [t=15545000]: ch=3, y=22, x=16, val=0
CONV1 [t=15545000]: ch=4, y=22, x=16, val=0
CONV1 [t=15545000]: ch=5, y=22, x=16, val=0
CONV1_PRE_RELU [t=15545000]: ch=0, y=22, x=16, val=-1
CONV1_PRE_RELU [t=15545000]: ch=1, y=22, x=16, val=-1
CONV1_PRE_RELU [t=15545000]: ch=2, y=22, x=16, val=-1
CONV1_PRE_RELU [t=15545000]: ch=3, y=22, x=16, val=-1
CONV1_PRE_RELU [t=15545000]: ch=4, y=22, x=16, val=-1
CONV1_PRE_RELU [t=15545000]: ch=5, y=22, x=16, val=-1
CONV1 [t=15555000]: ch=0, y=22, x=17, val=0
CONV1 [t=15555000]: ch=1, y=22, x=17, val=0
CONV1 [t=15555000]: ch=2, y=22, x=17, val=0
CONV1 [t=15555000]: ch=3, y=22, x=17, val=0
CONV1 [t=15555000]: ch=4, y=22, x=17, val=0
CONV1 [t=15555000]: ch=5, y=22, x=17, val=0
CONV1_PRE_RELU [t=15555000]: ch=0, y=22, x=17, val=-1
CONV1_PRE_RELU [t=15555000]: ch=1, y=22, x=17, val=-1
CONV1_PRE_RELU [t=15555000]: ch=2, y=22, x=17, val=-1
CONV1_PRE_RELU [t=15555000]: ch=3, y=22, x=17, val=-1
CONV1_PRE_RELU [t=15555000]: ch=4, y=22, x=17, val=-1
CONV1_PRE_RELU [t=15555000]: ch=5, y=22, x=17, val=-1
CONV1 [t=15565000]: ch=0, y=22, x=18, val=0
CONV1 [t=15565000]: ch=1, y=22, x=18, val=0
CONV1 [t=15565000]: ch=2, y=22, x=18, val=0
CONV1 [t=15565000]: ch=3, y=22, x=18, val=0
CONV1 [t=15565000]: ch=4, y=22, x=18, val=0
CONV1 [t=15565000]: ch=5, y=22, x=18, val=0
CONV1_PRE_RELU [t=15565000]: ch=0, y=22, x=18, val=-1
CONV1_PRE_RELU [t=15565000]: ch=1, y=22, x=18, val=-1
CONV1_PRE_RELU [t=15565000]: ch=2, y=22, x=18, val=-1
CONV1_PRE_RELU [t=15565000]: ch=3, y=22, x=18, val=-1
CONV1_PRE_RELU [t=15565000]: ch=4, y=22, x=18, val=-1
CONV1_PRE_RELU [t=15565000]: ch=5, y=22, x=18, val=-1
CONV1 [t=15575000]: ch=0, y=22, x=19, val=0
CONV1 [t=15575000]: ch=1, y=22, x=19, val=0
CONV1 [t=15575000]: ch=2, y=22, x=19, val=0
CONV1 [t=15575000]: ch=3, y=22, x=19, val=0
CONV1 [t=15575000]: ch=4, y=22, x=19, val=0
CONV1 [t=15575000]: ch=5, y=22, x=19, val=0
CONV1_PRE_RELU [t=15575000]: ch=0, y=22, x=19, val=-1
CONV1_PRE_RELU [t=15575000]: ch=1, y=22, x=19, val=-1
CONV1_PRE_RELU [t=15575000]: ch=2, y=22, x=19, val=-1
CONV1_PRE_RELU [t=15575000]: ch=3, y=22, x=19, val=-1
CONV1_PRE_RELU [t=15575000]: ch=4, y=22, x=19, val=-1
CONV1_PRE_RELU [t=15575000]: ch=5, y=22, x=19, val=-1
CONV1 [t=15585000]: ch=0, y=22, x=20, val=0
CONV1 [t=15585000]: ch=1, y=22, x=20, val=0
CONV1 [t=15585000]: ch=2, y=22, x=20, val=0
CONV1 [t=15585000]: ch=3, y=22, x=20, val=0
CONV1 [t=15585000]: ch=4, y=22, x=20, val=0
CONV1 [t=15585000]: ch=5, y=22, x=20, val=0
CONV1_PRE_RELU [t=15585000]: ch=0, y=22, x=20, val=-1
CONV1_PRE_RELU [t=15585000]: ch=1, y=22, x=20, val=-1
CONV1_PRE_RELU [t=15585000]: ch=2, y=22, x=20, val=-1
CONV1_PRE_RELU [t=15585000]: ch=3, y=22, x=20, val=-1
CONV1_PRE_RELU [t=15585000]: ch=4, y=22, x=20, val=-1
CONV1_PRE_RELU [t=15585000]: ch=5, y=22, x=20, val=-1
CONV1 [t=15595000]: ch=0, y=22, x=21, val=0
CONV1 [t=15595000]: ch=1, y=22, x=21, val=0
CONV1 [t=15595000]: ch=2, y=22, x=21, val=0
CONV1 [t=15595000]: ch=3, y=22, x=21, val=0
CONV1 [t=15595000]: ch=4, y=22, x=21, val=0
CONV1 [t=15595000]: ch=5, y=22, x=21, val=0
CONV1_PRE_RELU [t=15595000]: ch=0, y=22, x=21, val=-1
CONV1_PRE_RELU [t=15595000]: ch=1, y=22, x=21, val=-1
CONV1_PRE_RELU [t=15595000]: ch=2, y=22, x=21, val=-1
CONV1_PRE_RELU [t=15595000]: ch=3, y=22, x=21, val=-1
CONV1_PRE_RELU [t=15595000]: ch=4, y=22, x=21, val=-1
CONV1_PRE_RELU [t=15595000]: ch=5, y=22, x=21, val=-1
CONV1 [t=15605000]: ch=0, y=22, x=22, val=0
CONV1 [t=15605000]: ch=1, y=22, x=22, val=0
CONV1 [t=15605000]: ch=2, y=22, x=22, val=0
CONV1 [t=15605000]: ch=3, y=22, x=22, val=0
CONV1 [t=15605000]: ch=4, y=22, x=22, val=0
CONV1 [t=15605000]: ch=5, y=22, x=22, val=0
CONV1_PRE_RELU [t=15605000]: ch=0, y=22, x=22, val=-1
CONV1_PRE_RELU [t=15605000]: ch=1, y=22, x=22, val=-1
CONV1_PRE_RELU [t=15605000]: ch=2, y=22, x=22, val=-1
CONV1_PRE_RELU [t=15605000]: ch=3, y=22, x=22, val=-1
CONV1_PRE_RELU [t=15605000]: ch=4, y=22, x=22, val=-1
CONV1_PRE_RELU [t=15605000]: ch=5, y=22, x=22, val=-1
CONV1 [t=15615000]: ch=0, y=22, x=23, val=0
CONV1 [t=15615000]: ch=1, y=22, x=23, val=0
CONV1 [t=15615000]: ch=2, y=22, x=23, val=0
CONV1 [t=15615000]: ch=3, y=22, x=23, val=0
CONV1 [t=15615000]: ch=4, y=22, x=23, val=0
CONV1 [t=15615000]: ch=5, y=22, x=23, val=0
CONV1_PRE_RELU [t=15615000]: ch=0, y=22, x=23, val=-1
CONV1_PRE_RELU [t=15615000]: ch=1, y=22, x=23, val=-1
CONV1_PRE_RELU [t=15615000]: ch=2, y=22, x=23, val=-1
CONV1_PRE_RELU [t=15615000]: ch=3, y=22, x=23, val=-1
CONV1_PRE_RELU [t=15615000]: ch=4, y=22, x=23, val=-1
CONV1_PRE_RELU [t=15615000]: ch=5, y=22, x=23, val=-1
CONV1 [t=15625000]: ch=0, y=23, x=0, val=0
CONV1 [t=15625000]: ch=1, y=23, x=0, val=0
CONV1 [t=15625000]: ch=2, y=23, x=0, val=0
CONV1 [t=15625000]: ch=3, y=23, x=0, val=0
CONV1 [t=15625000]: ch=4, y=23, x=0, val=0
CONV1 [t=15625000]: ch=5, y=23, x=0, val=0
CONV1_PRE_RELU [t=15625000]: ch=0, y=23, x=0, val=-1
CONV1_PRE_RELU [t=15625000]: ch=1, y=23, x=0, val=-1
CONV1_PRE_RELU [t=15625000]: ch=2, y=23, x=0, val=-1
CONV1_PRE_RELU [t=15625000]: ch=3, y=23, x=0, val=-1
CONV1_PRE_RELU [t=15625000]: ch=4, y=23, x=0, val=-1
CONV1_PRE_RELU [t=15625000]: ch=5, y=23, x=0, val=-1
CONV1 [t=15675000]: ch=0, y=23, x=1, val=0
CONV1 [t=15675000]: ch=1, y=23, x=1, val=0
CONV1 [t=15675000]: ch=2, y=23, x=1, val=0
CONV1 [t=15675000]: ch=3, y=23, x=1, val=0
CONV1 [t=15675000]: ch=4, y=23, x=1, val=0
CONV1 [t=15675000]: ch=5, y=23, x=1, val=0
CONV1_PRE_RELU [t=15675000]: ch=0, y=23, x=1, val=-1
CONV1_PRE_RELU [t=15675000]: ch=1, y=23, x=1, val=-1
CONV1_PRE_RELU [t=15675000]: ch=2, y=23, x=1, val=-1
CONV1_PRE_RELU [t=15675000]: ch=3, y=23, x=1, val=-1
CONV1_PRE_RELU [t=15675000]: ch=4, y=23, x=1, val=-1
CONV1_PRE_RELU [t=15675000]: ch=5, y=23, x=1, val=-1
CONV1 [t=15685000]: ch=0, y=23, x=2, val=0
CONV1 [t=15685000]: ch=1, y=23, x=2, val=0
CONV1 [t=15685000]: ch=2, y=23, x=2, val=0
CONV1 [t=15685000]: ch=3, y=23, x=2, val=0
CONV1 [t=15685000]: ch=4, y=23, x=2, val=0
CONV1 [t=15685000]: ch=5, y=23, x=2, val=0
CONV1_PRE_RELU [t=15685000]: ch=0, y=23, x=2, val=-1
CONV1_PRE_RELU [t=15685000]: ch=1, y=23, x=2, val=-1
CONV1_PRE_RELU [t=15685000]: ch=2, y=23, x=2, val=-1
CONV1_PRE_RELU [t=15685000]: ch=3, y=23, x=2, val=-1
CONV1_PRE_RELU [t=15685000]: ch=4, y=23, x=2, val=-1
CONV1_PRE_RELU [t=15685000]: ch=5, y=23, x=2, val=-1
CONV1 [t=15695000]: ch=0, y=23, x=3, val=0
CONV1 [t=15695000]: ch=1, y=23, x=3, val=0
CONV1 [t=15695000]: ch=2, y=23, x=3, val=0
CONV1 [t=15695000]: ch=3, y=23, x=3, val=0
CONV1 [t=15695000]: ch=4, y=23, x=3, val=0
CONV1 [t=15695000]: ch=5, y=23, x=3, val=0
CONV1_PRE_RELU [t=15695000]: ch=0, y=23, x=3, val=-1
CONV1_PRE_RELU [t=15695000]: ch=1, y=23, x=3, val=-1
CONV1_PRE_RELU [t=15695000]: ch=2, y=23, x=3, val=-1
CONV1_PRE_RELU [t=15695000]: ch=3, y=23, x=3, val=-1
CONV1_PRE_RELU [t=15695000]: ch=4, y=23, x=3, val=-1
CONV1_PRE_RELU [t=15695000]: ch=5, y=23, x=3, val=-1
POOL1 [t=15695000]: ch=0, y=11, x=0, val=0
POOL1 [t=15695000]: ch=1, y=11, x=0, val=0
POOL1 [t=15695000]: ch=2, y=11, x=0, val=0
POOL1 [t=15695000]: ch=3, y=11, x=0, val=0
POOL1 [t=15695000]: ch=4, y=11, x=0, val=0
POOL1 [t=15695000]: ch=5, y=11, x=0, val=0
CONV1 [t=15705000]: ch=0, y=23, x=4, val=0
CONV1 [t=15705000]: ch=1, y=23, x=4, val=0
CONV1 [t=15705000]: ch=2, y=23, x=4, val=0
CONV1 [t=15705000]: ch=3, y=23, x=4, val=0
CONV1 [t=15705000]: ch=4, y=23, x=4, val=0
CONV1 [t=15705000]: ch=5, y=23, x=4, val=0
CONV1_PRE_RELU [t=15705000]: ch=0, y=23, x=4, val=-1
CONV1_PRE_RELU [t=15705000]: ch=1, y=23, x=4, val=-1
CONV1_PRE_RELU [t=15705000]: ch=2, y=23, x=4, val=-1
CONV1_PRE_RELU [t=15705000]: ch=3, y=23, x=4, val=-1
CONV1_PRE_RELU [t=15705000]: ch=4, y=23, x=4, val=-1
CONV1_PRE_RELU [t=15705000]: ch=5, y=23, x=4, val=-1
CONV1 [t=15715000]: ch=0, y=23, x=5, val=0
CONV1 [t=15715000]: ch=1, y=23, x=5, val=0
CONV1 [t=15715000]: ch=2, y=23, x=5, val=0
CONV1 [t=15715000]: ch=3, y=23, x=5, val=0
CONV1 [t=15715000]: ch=4, y=23, x=5, val=0
CONV1 [t=15715000]: ch=5, y=23, x=5, val=0
CONV1_PRE_RELU [t=15715000]: ch=0, y=23, x=5, val=-1
CONV1_PRE_RELU [t=15715000]: ch=1, y=23, x=5, val=-1
CONV1_PRE_RELU [t=15715000]: ch=2, y=23, x=5, val=-1
CONV1_PRE_RELU [t=15715000]: ch=3, y=23, x=5, val=-1
CONV1_PRE_RELU [t=15715000]: ch=4, y=23, x=5, val=-1
CONV1_PRE_RELU [t=15715000]: ch=5, y=23, x=5, val=-1
POOL1 [t=15715000]: ch=0, y=11, x=1, val=0
POOL1 [t=15715000]: ch=1, y=11, x=1, val=0
POOL1 [t=15715000]: ch=2, y=11, x=1, val=0
POOL1 [t=15715000]: ch=3, y=11, x=1, val=0
POOL1 [t=15715000]: ch=4, y=11, x=1, val=0
POOL1 [t=15715000]: ch=5, y=11, x=1, val=0
CONV1 [t=15725000]: ch=0, y=23, x=6, val=0
CONV1 [t=15725000]: ch=1, y=23, x=6, val=0
CONV1 [t=15725000]: ch=2, y=23, x=6, val=0
CONV1 [t=15725000]: ch=3, y=23, x=6, val=0
CONV1 [t=15725000]: ch=4, y=23, x=6, val=0
CONV1 [t=15725000]: ch=5, y=23, x=6, val=0
CONV1_PRE_RELU [t=15725000]: ch=0, y=23, x=6, val=-1
CONV1_PRE_RELU [t=15725000]: ch=1, y=23, x=6, val=-1
CONV1_PRE_RELU [t=15725000]: ch=2, y=23, x=6, val=-1
CONV1_PRE_RELU [t=15725000]: ch=3, y=23, x=6, val=-1
CONV1_PRE_RELU [t=15725000]: ch=4, y=23, x=6, val=-1
CONV1_PRE_RELU [t=15725000]: ch=5, y=23, x=6, val=-1
CONV1 [t=15735000]: ch=0, y=23, x=7, val=0
CONV1 [t=15735000]: ch=1, y=23, x=7, val=0
CONV1 [t=15735000]: ch=2, y=23, x=7, val=0
CONV1 [t=15735000]: ch=3, y=23, x=7, val=0
CONV1 [t=15735000]: ch=4, y=23, x=7, val=0
CONV1 [t=15735000]: ch=5, y=23, x=7, val=0
CONV1_PRE_RELU [t=15735000]: ch=0, y=23, x=7, val=15
CONV1_PRE_RELU [t=15735000]: ch=1, y=23, x=7, val=15
CONV1_PRE_RELU [t=15735000]: ch=2, y=23, x=7, val=-1
CONV1_PRE_RELU [t=15735000]: ch=3, y=23, x=7, val=-1
CONV1_PRE_RELU [t=15735000]: ch=4, y=23, x=7, val=15
CONV1_PRE_RELU [t=15735000]: ch=5, y=23, x=7, val=-1
POOL1 [t=15735000]: ch=0, y=11, x=2, val=0
POOL1 [t=15735000]: ch=1, y=11, x=2, val=0
POOL1 [t=15735000]: ch=2, y=11, x=2, val=0
POOL1 [t=15735000]: ch=3, y=11, x=2, val=0
POOL1 [t=15735000]: ch=4, y=11, x=2, val=0
POOL1 [t=15735000]: ch=5, y=11, x=2, val=0
CONV1 [t=15745000]: ch=0, y=23, x=8, val=0
CONV1 [t=15745000]: ch=1, y=23, x=8, val=0
CONV1 [t=15745000]: ch=2, y=23, x=8, val=0
CONV1 [t=15745000]: ch=3, y=23, x=8, val=0
CONV1 [t=15745000]: ch=4, y=23, x=8, val=0
CONV1 [t=15745000]: ch=5, y=23, x=8, val=0
CONV1_PRE_RELU [t=15745000]: ch=0, y=23, x=8, val=-1
CONV1_PRE_RELU [t=15745000]: ch=1, y=23, x=8, val=-1
CONV1_PRE_RELU [t=15745000]: ch=2, y=23, x=8, val=15
CONV1_PRE_RELU [t=15745000]: ch=3, y=23, x=8, val=15
CONV1_PRE_RELU [t=15745000]: ch=4, y=23, x=8, val=-1
CONV1_PRE_RELU [t=15745000]: ch=5, y=23, x=8, val=15
CONV1 [t=15755000]: ch=0, y=23, x=9, val=15
CONV1 [t=15755000]: ch=1, y=23, x=9, val=15
CONV1 [t=15755000]: ch=2, y=23, x=9, val=0
CONV1 [t=15755000]: ch=3, y=23, x=9, val=0
CONV1 [t=15755000]: ch=4, y=23, x=9, val=15
CONV1 [t=15755000]: ch=5, y=23, x=9, val=0
CONV1_PRE_RELU [t=15755000]: ch=0, y=23, x=9, val=-1
CONV1_PRE_RELU [t=15755000]: ch=1, y=23, x=9, val=-1
CONV1_PRE_RELU [t=15755000]: ch=2, y=23, x=9, val=-1
CONV1_PRE_RELU [t=15755000]: ch=3, y=23, x=9, val=-1
CONV1_PRE_RELU [t=15755000]: ch=4, y=23, x=9, val=-1
CONV1_PRE_RELU [t=15755000]: ch=5, y=23, x=9, val=-1
POOL1 [t=15755000]: ch=0, y=11, x=3, val=0
POOL1 [t=15755000]: ch=1, y=11, x=3, val=0
POOL1 [t=15755000]: ch=2, y=11, x=3, val=0
POOL1 [t=15755000]: ch=3, y=11, x=3, val=0
POOL1 [t=15755000]: ch=4, y=11, x=3, val=0
POOL1 [t=15755000]: ch=5, y=11, x=3, val=0
CONV1 [t=15765000]: ch=0, y=23, x=10, val=0
CONV1 [t=15765000]: ch=1, y=23, x=10, val=0
CONV1 [t=15765000]: ch=2, y=23, x=10, val=15
CONV1 [t=15765000]: ch=3, y=23, x=10, val=15
CONV1 [t=15765000]: ch=4, y=23, x=10, val=0
CONV1 [t=15765000]: ch=5, y=23, x=10, val=15
CONV1_PRE_RELU [t=15765000]: ch=0, y=23, x=10, val=-1
CONV1_PRE_RELU [t=15765000]: ch=1, y=23, x=10, val=-1
CONV1_PRE_RELU [t=15765000]: ch=2, y=23, x=10, val=-1
CONV1_PRE_RELU [t=15765000]: ch=3, y=23, x=10, val=-1
CONV1_PRE_RELU [t=15765000]: ch=4, y=23, x=10, val=-1
CONV1_PRE_RELU [t=15765000]: ch=5, y=23, x=10, val=-1
CONV1 [t=15775000]: ch=0, y=23, x=11, val=0
CONV1 [t=15775000]: ch=1, y=23, x=11, val=0
CONV1 [t=15775000]: ch=2, y=23, x=11, val=0
CONV1 [t=15775000]: ch=3, y=23, x=11, val=0
CONV1 [t=15775000]: ch=4, y=23, x=11, val=0
CONV1 [t=15775000]: ch=5, y=23, x=11, val=0
CONV1_PRE_RELU [t=15775000]: ch=0, y=23, x=11, val=-1
CONV1_PRE_RELU [t=15775000]: ch=1, y=23, x=11, val=-1
CONV1_PRE_RELU [t=15775000]: ch=2, y=23, x=11, val=-1
CONV1_PRE_RELU [t=15775000]: ch=3, y=23, x=11, val=-1
CONV1_PRE_RELU [t=15775000]: ch=4, y=23, x=11, val=-1
CONV1_PRE_RELU [t=15775000]: ch=5, y=23, x=11, val=-1
POOL1 [t=15775000]: ch=0, y=11, x=4, val=15
POOL1 [t=15775000]: ch=1, y=11, x=4, val=15
POOL1 [t=15775000]: ch=2, y=11, x=4, val=15
POOL1 [t=15775000]: ch=3, y=11, x=4, val=15
POOL1 [t=15775000]: ch=4, y=11, x=4, val=15
POOL1 [t=15775000]: ch=5, y=11, x=4, val=15
CONV1 [t=15785000]: ch=0, y=23, x=12, val=0
CONV1 [t=15785000]: ch=1, y=23, x=12, val=0
CONV1 [t=15785000]: ch=2, y=23, x=12, val=0
CONV1 [t=15785000]: ch=3, y=23, x=12, val=0
CONV1 [t=15785000]: ch=4, y=23, x=12, val=0
CONV1 [t=15785000]: ch=5, y=23, x=12, val=0
CONV1_PRE_RELU [t=15785000]: ch=0, y=23, x=12, val=-1
CONV1_PRE_RELU [t=15785000]: ch=1, y=23, x=12, val=-1
CONV1_PRE_RELU [t=15785000]: ch=2, y=23, x=12, val=-1
CONV1_PRE_RELU [t=15785000]: ch=3, y=23, x=12, val=-1
CONV1_PRE_RELU [t=15785000]: ch=4, y=23, x=12, val=-1
CONV1_PRE_RELU [t=15785000]: ch=5, y=23, x=12, val=-1
CONV1 [t=15795000]: ch=0, y=23, x=13, val=0
CONV1 [t=15795000]: ch=1, y=23, x=13, val=0
CONV1 [t=15795000]: ch=2, y=23, x=13, val=0
CONV1 [t=15795000]: ch=3, y=23, x=13, val=0
CONV1 [t=15795000]: ch=4, y=23, x=13, val=0
CONV1 [t=15795000]: ch=5, y=23, x=13, val=0
CONV1_PRE_RELU [t=15795000]: ch=0, y=23, x=13, val=-1
CONV1_PRE_RELU [t=15795000]: ch=1, y=23, x=13, val=-1
CONV1_PRE_RELU [t=15795000]: ch=2, y=23, x=13, val=-1
CONV1_PRE_RELU [t=15795000]: ch=3, y=23, x=13, val=-1
CONV1_PRE_RELU [t=15795000]: ch=4, y=23, x=13, val=-1
CONV1_PRE_RELU [t=15795000]: ch=5, y=23, x=13, val=-1
POOL1 [t=15795000]: ch=0, y=11, x=5, val=15
POOL1 [t=15795000]: ch=1, y=11, x=5, val=15
POOL1 [t=15795000]: ch=2, y=11, x=5, val=15
POOL1 [t=15795000]: ch=3, y=11, x=5, val=15
POOL1 [t=15795000]: ch=4, y=11, x=5, val=15
POOL1 [t=15795000]: ch=5, y=11, x=5, val=15
CONV1 [t=15805000]: ch=0, y=23, x=14, val=0
CONV1 [t=15805000]: ch=1, y=23, x=14, val=0
CONV1 [t=15805000]: ch=2, y=23, x=14, val=0
CONV1 [t=15805000]: ch=3, y=23, x=14, val=0
CONV1 [t=15805000]: ch=4, y=23, x=14, val=0
CONV1 [t=15805000]: ch=5, y=23, x=14, val=0
CONV1_PRE_RELU [t=15805000]: ch=0, y=23, x=14, val=-1
CONV1_PRE_RELU [t=15805000]: ch=1, y=23, x=14, val=-1
CONV1_PRE_RELU [t=15805000]: ch=2, y=23, x=14, val=-1
CONV1_PRE_RELU [t=15805000]: ch=3, y=23, x=14, val=-1
CONV1_PRE_RELU [t=15805000]: ch=4, y=23, x=14, val=-1
CONV1_PRE_RELU [t=15805000]: ch=5, y=23, x=14, val=-1
CONV1 [t=15815000]: ch=0, y=23, x=15, val=0
CONV1 [t=15815000]: ch=1, y=23, x=15, val=0
CONV1 [t=15815000]: ch=2, y=23, x=15, val=0
CONV1 [t=15815000]: ch=3, y=23, x=15, val=0
CONV1 [t=15815000]: ch=4, y=23, x=15, val=0
CONV1 [t=15815000]: ch=5, y=23, x=15, val=0
CONV1_PRE_RELU [t=15815000]: ch=0, y=23, x=15, val=-1
CONV1_PRE_RELU [t=15815000]: ch=1, y=23, x=15, val=-1
CONV1_PRE_RELU [t=15815000]: ch=2, y=23, x=15, val=-1
CONV1_PRE_RELU [t=15815000]: ch=3, y=23, x=15, val=-1
CONV1_PRE_RELU [t=15815000]: ch=4, y=23, x=15, val=-1
CONV1_PRE_RELU [t=15815000]: ch=5, y=23, x=15, val=-1
POOL1 [t=15815000]: ch=0, y=11, x=6, val=0
POOL1 [t=15815000]: ch=1, y=11, x=6, val=0
POOL1 [t=15815000]: ch=2, y=11, x=6, val=15
POOL1 [t=15815000]: ch=3, y=11, x=6, val=15
POOL1 [t=15815000]: ch=4, y=11, x=6, val=0
POOL1 [t=15815000]: ch=5, y=11, x=6, val=15
CONV1 [t=15825000]: ch=0, y=23, x=16, val=0
CONV1 [t=15825000]: ch=1, y=23, x=16, val=0
CONV1 [t=15825000]: ch=2, y=23, x=16, val=0
CONV1 [t=15825000]: ch=3, y=23, x=16, val=0
CONV1 [t=15825000]: ch=4, y=23, x=16, val=0
CONV1 [t=15825000]: ch=5, y=23, x=16, val=0
CONV1_PRE_RELU [t=15825000]: ch=0, y=23, x=16, val=-1
CONV1_PRE_RELU [t=15825000]: ch=1, y=23, x=16, val=-1
CONV1_PRE_RELU [t=15825000]: ch=2, y=23, x=16, val=-1
CONV1_PRE_RELU [t=15825000]: ch=3, y=23, x=16, val=-1
CONV1_PRE_RELU [t=15825000]: ch=4, y=23, x=16, val=-1
CONV1_PRE_RELU [t=15825000]: ch=5, y=23, x=16, val=-1
CONV1 [t=15835000]: ch=0, y=23, x=17, val=0
CONV1 [t=15835000]: ch=1, y=23, x=17, val=0
CONV1 [t=15835000]: ch=2, y=23, x=17, val=0
CONV1 [t=15835000]: ch=3, y=23, x=17, val=0
CONV1 [t=15835000]: ch=4, y=23, x=17, val=0
CONV1 [t=15835000]: ch=5, y=23, x=17, val=0
CONV1_PRE_RELU [t=15835000]: ch=0, y=23, x=17, val=-1
CONV1_PRE_RELU [t=15835000]: ch=1, y=23, x=17, val=-1
CONV1_PRE_RELU [t=15835000]: ch=2, y=23, x=17, val=-1
CONV1_PRE_RELU [t=15835000]: ch=3, y=23, x=17, val=-1
CONV1_PRE_RELU [t=15835000]: ch=4, y=23, x=17, val=-1
CONV1_PRE_RELU [t=15835000]: ch=5, y=23, x=17, val=-1
POOL1 [t=15835000]: ch=0, y=11, x=7, val=0
POOL1 [t=15835000]: ch=1, y=11, x=7, val=0
POOL1 [t=15835000]: ch=2, y=11, x=7, val=0
POOL1 [t=15835000]: ch=3, y=11, x=7, val=0
POOL1 [t=15835000]: ch=4, y=11, x=7, val=0
POOL1 [t=15835000]: ch=5, y=11, x=7, val=0
CONV1 [t=15845000]: ch=0, y=23, x=18, val=0
CONV1 [t=15845000]: ch=1, y=23, x=18, val=0
CONV1 [t=15845000]: ch=2, y=23, x=18, val=0
CONV1 [t=15845000]: ch=3, y=23, x=18, val=0
CONV1 [t=15845000]: ch=4, y=23, x=18, val=0
CONV1 [t=15845000]: ch=5, y=23, x=18, val=0
CONV1_PRE_RELU [t=15845000]: ch=0, y=23, x=18, val=-1
CONV1_PRE_RELU [t=15845000]: ch=1, y=23, x=18, val=-1
CONV1_PRE_RELU [t=15845000]: ch=2, y=23, x=18, val=-1
CONV1_PRE_RELU [t=15845000]: ch=3, y=23, x=18, val=-1
CONV1_PRE_RELU [t=15845000]: ch=4, y=23, x=18, val=-1
CONV1_PRE_RELU [t=15845000]: ch=5, y=23, x=18, val=-1
CONV1 [t=15855000]: ch=0, y=23, x=19, val=0
CONV1 [t=15855000]: ch=1, y=23, x=19, val=0
CONV1 [t=15855000]: ch=2, y=23, x=19, val=0
CONV1 [t=15855000]: ch=3, y=23, x=19, val=0
CONV1 [t=15855000]: ch=4, y=23, x=19, val=0
CONV1 [t=15855000]: ch=5, y=23, x=19, val=0
CONV1_PRE_RELU [t=15855000]: ch=0, y=23, x=19, val=-1
CONV1_PRE_RELU [t=15855000]: ch=1, y=23, x=19, val=-1
CONV1_PRE_RELU [t=15855000]: ch=2, y=23, x=19, val=-1
CONV1_PRE_RELU [t=15855000]: ch=3, y=23, x=19, val=-1
CONV1_PRE_RELU [t=15855000]: ch=4, y=23, x=19, val=-1
CONV1_PRE_RELU [t=15855000]: ch=5, y=23, x=19, val=-1
POOL1 [t=15855000]: ch=0, y=11, x=8, val=0
POOL1 [t=15855000]: ch=1, y=11, x=8, val=0
POOL1 [t=15855000]: ch=2, y=11, x=8, val=0
POOL1 [t=15855000]: ch=3, y=11, x=8, val=0
POOL1 [t=15855000]: ch=4, y=11, x=8, val=0
POOL1 [t=15855000]: ch=5, y=11, x=8, val=0
CONV1 [t=15865000]: ch=0, y=23, x=20, val=0
CONV1 [t=15865000]: ch=1, y=23, x=20, val=0
CONV1 [t=15865000]: ch=2, y=23, x=20, val=0
CONV1 [t=15865000]: ch=3, y=23, x=20, val=0
CONV1 [t=15865000]: ch=4, y=23, x=20, val=0
CONV1 [t=15865000]: ch=5, y=23, x=20, val=0
CONV1_PRE_RELU [t=15865000]: ch=0, y=23, x=20, val=-1
CONV1_PRE_RELU [t=15865000]: ch=1, y=23, x=20, val=-1
CONV1_PRE_RELU [t=15865000]: ch=2, y=23, x=20, val=-1
CONV1_PRE_RELU [t=15865000]: ch=3, y=23, x=20, val=-1
CONV1_PRE_RELU [t=15865000]: ch=4, y=23, x=20, val=-1
CONV1_PRE_RELU [t=15865000]: ch=5, y=23, x=20, val=-1
CONV1 [t=15875000]: ch=0, y=23, x=21, val=0
CONV1 [t=15875000]: ch=1, y=23, x=21, val=0
CONV1 [t=15875000]: ch=2, y=23, x=21, val=0
CONV1 [t=15875000]: ch=3, y=23, x=21, val=0
CONV1 [t=15875000]: ch=4, y=23, x=21, val=0
CONV1 [t=15875000]: ch=5, y=23, x=21, val=0
CONV1_PRE_RELU [t=15875000]: ch=0, y=23, x=21, val=-1
CONV1_PRE_RELU [t=15875000]: ch=1, y=23, x=21, val=-1
CONV1_PRE_RELU [t=15875000]: ch=2, y=23, x=21, val=-1
CONV1_PRE_RELU [t=15875000]: ch=3, y=23, x=21, val=-1
CONV1_PRE_RELU [t=15875000]: ch=4, y=23, x=21, val=-1
CONV1_PRE_RELU [t=15875000]: ch=5, y=23, x=21, val=-1
POOL1 [t=15875000]: ch=0, y=11, x=9, val=0
POOL1 [t=15875000]: ch=1, y=11, x=9, val=0
POOL1 [t=15875000]: ch=2, y=11, x=9, val=0
POOL1 [t=15875000]: ch=3, y=11, x=9, val=0
POOL1 [t=15875000]: ch=4, y=11, x=9, val=0
POOL1 [t=15875000]: ch=5, y=11, x=9, val=0
CONV1 [t=15885000]: ch=0, y=23, x=22, val=0
CONV1 [t=15885000]: ch=1, y=23, x=22, val=0
CONV1 [t=15885000]: ch=2, y=23, x=22, val=0
CONV1 [t=15885000]: ch=3, y=23, x=22, val=0
CONV1 [t=15885000]: ch=4, y=23, x=22, val=0
CONV1 [t=15885000]: ch=5, y=23, x=22, val=0
CONV1_PRE_RELU [t=15885000]: ch=0, y=23, x=22, val=-1
CONV1_PRE_RELU [t=15885000]: ch=1, y=23, x=22, val=-1
CONV1_PRE_RELU [t=15885000]: ch=2, y=23, x=22, val=-1
CONV1_PRE_RELU [t=15885000]: ch=3, y=23, x=22, val=-1
CONV1_PRE_RELU [t=15885000]: ch=4, y=23, x=22, val=-1
CONV1_PRE_RELU [t=15885000]: ch=5, y=23, x=22, val=-1
CONV1 [t=15895000]: ch=0, y=23, x=23, val=0
CONV1 [t=15895000]: ch=1, y=23, x=23, val=0
CONV1 [t=15895000]: ch=2, y=23, x=23, val=0
CONV1 [t=15895000]: ch=3, y=23, x=23, val=0
CONV1 [t=15895000]: ch=4, y=23, x=23, val=0
CONV1 [t=15895000]: ch=5, y=23, x=23, val=0
CONV1_PRE_RELU [t=15895000]: ch=0, y=23, x=23, val=-1
CONV1_PRE_RELU [t=15895000]: ch=1, y=23, x=23, val=-1
CONV1_PRE_RELU [t=15895000]: ch=2, y=23, x=23, val=-1
CONV1_PRE_RELU [t=15895000]: ch=3, y=23, x=23, val=-1
CONV1_PRE_RELU [t=15895000]: ch=4, y=23, x=23, val=-1
CONV1_PRE_RELU [t=15895000]: ch=5, y=23, x=23, val=-1
POOL1 [t=15895000]: ch=0, y=11, x=10, val=0
POOL1 [t=15895000]: ch=1, y=11, x=10, val=0
POOL1 [t=15895000]: ch=2, y=11, x=10, val=0
POOL1 [t=15895000]: ch=3, y=11, x=10, val=0
POOL1 [t=15895000]: ch=4, y=11, x=10, val=0
POOL1 [t=15895000]: ch=5, y=11, x=10, val=0
CONV1 [t=15905000]: ch=0, y=0, x=0, val=0
CONV1 [t=15905000]: ch=1, y=0, x=0, val=0
CONV1 [t=15905000]: ch=2, y=0, x=0, val=0
CONV1 [t=15905000]: ch=3, y=0, x=0, val=0
CONV1 [t=15905000]: ch=4, y=0, x=0, val=0
CONV1 [t=15905000]: ch=5, y=0, x=0, val=0
CONV1_PRE_RELU [t=15905000]: ch=0, y=0, x=0, val=-1
CONV1_PRE_RELU [t=15905000]: ch=1, y=0, x=0, val=-1
CONV1_PRE_RELU [t=15905000]: ch=2, y=0, x=0, val=-1
CONV1_PRE_RELU [t=15905000]: ch=3, y=0, x=0, val=-1
CONV1_PRE_RELU [t=15905000]: ch=4, y=0, x=0, val=-1
CONV1_PRE_RELU [t=15905000]: ch=5, y=0, x=0, val=-1
CONV1_ACC [t=15905000]: ch=0, acc=-66
CONV1_ACC [t=15905000]: ch=1, acc=-13
CONV1_ACC [t=15905000]: ch=2, acc=-29
CONV1_ACC [t=15905000]: ch=3, acc=-3
CONV1_ACC [t=15905000]: ch=4, acc=-127
CONV1_ACC [t=15905000]: ch=5, acc=-52
POOL1 [t=15915000]: ch=0, y=11, x=11, val=0
POOL1 [t=15915000]: ch=1, y=11, x=11, val=0
POOL1 [t=15915000]: ch=2, y=11, x=11, val=0
POOL1 [t=15915000]: ch=3, y=11, x=11, val=0
POOL1 [t=15915000]: ch=4, y=11, x=11, val=0
POOL1 [t=15915000]: ch=5, y=11, x=11, val=0
CONV2 [t=24355000]: ch=0, y=0, x=1, val=0
CONV2 [t=24355000]: ch=1, y=0, x=1, val=0
CONV2 [t=24355000]: ch=2, y=0, x=1, val=0
CONV2 [t=24355000]: ch=3, y=0, x=1, val=0
CONV2 [t=24355000]: ch=4, y=0, x=1, val=0
CONV2 [t=24355000]: ch=5, y=0, x=1, val=0
CONV2 [t=24355000]: ch=6, y=0, x=1, val=0
CONV2 [t=24355000]: ch=7, y=0, x=1, val=0
CONV2 [t=24355000]: ch=8, y=0, x=1, val=0
CONV2 [t=24355000]: ch=9, y=0, x=1, val=0
CONV2 [t=24355000]: ch=10, y=0, x=1, val=0
CONV2 [t=24355000]: ch=11, y=0, x=1, val=0
CONV2 [t=24355000]: ch=12, y=0, x=1, val=0
CONV2 [t=24355000]: ch=13, y=0, x=1, val=0
CONV2 [t=24355000]: ch=14, y=0, x=1, val=0
CONV2 [t=24355000]: ch=15, y=0, x=1, val=0
CONV2 [t=24365000]: ch=0, y=0, x=2, val=127
CONV2 [t=24365000]: ch=1, y=0, x=2, val=73
CONV2 [t=24365000]: ch=2, y=0, x=2, val=127
CONV2 [t=24365000]: ch=3, y=0, x=2, val=59
CONV2 [t=24365000]: ch=4, y=0, x=2, val=90
CONV2 [t=24365000]: ch=5, y=0, x=2, val=120
CONV2 [t=24365000]: ch=6, y=0, x=2, val=127
CONV2 [t=24365000]: ch=7, y=0, x=2, val=127
CONV2 [t=24365000]: ch=8, y=0, x=2, val=127
CONV2 [t=24365000]: ch=9, y=0, x=2, val=127
CONV2 [t=24365000]: ch=10, y=0, x=2, val=127
CONV2 [t=24365000]: ch=11, y=0, x=2, val=127
CONV2 [t=24365000]: ch=12, y=0, x=2, val=127
CONV2 [t=24365000]: ch=13, y=0, x=2, val=127
CONV2 [t=24365000]: ch=14, y=0, x=2, val=116
CONV2 [t=24365000]: ch=15, y=0, x=2, val=127
CONV2 [t=24375000]: ch=0, y=0, x=3, val=127
CONV2 [t=24375000]: ch=1, y=0, x=3, val=41
CONV2 [t=24375000]: ch=2, y=0, x=3, val=127
CONV2 [t=24375000]: ch=3, y=0, x=3, val=0
CONV2 [t=24375000]: ch=4, y=0, x=3, val=58
CONV2 [t=24375000]: ch=5, y=0, x=3, val=24
CONV2 [t=24375000]: ch=6, y=0, x=3, val=25
CONV2 [t=24375000]: ch=7, y=0, x=3, val=127
CONV2 [t=24375000]: ch=8, y=0, x=3, val=127
CONV2 [t=24375000]: ch=9, y=0, x=3, val=95
CONV2 [t=24375000]: ch=10, y=0, x=3, val=127
CONV2 [t=24375000]: ch=11, y=0, x=3, val=85
CONV2 [t=24375000]: ch=12, y=0, x=3, val=49
CONV2 [t=24375000]: ch=13, y=0, x=3, val=75
CONV2 [t=24375000]: ch=14, y=0, x=3, val=52
CONV2 [t=24375000]: ch=15, y=0, x=3, val=125
CONV2 [t=24385000]: ch=0, y=0, x=4, val=127
CONV2 [t=24385000]: ch=1, y=0, x=4, val=0
CONV2 [t=24385000]: ch=2, y=0, x=4, val=97
CONV2 [t=24385000]: ch=3, y=0, x=4, val=0
CONV2 [t=24385000]: ch=4, y=0, x=4, val=26
CONV2 [t=24385000]: ch=5, y=0, x=4, val=0
CONV2 [t=24385000]: ch=6, y=0, x=4, val=0
CONV2 [t=24385000]: ch=7, y=0, x=4, val=67
CONV2 [t=24385000]: ch=8, y=0, x=4, val=127
CONV2 [t=24385000]: ch=9, y=0, x=4, val=63
CONV2 [t=24385000]: ch=10, y=0, x=4, val=121
CONV2 [t=24385000]: ch=11, y=0, x=4, val=53
CONV2 [t=24385000]: ch=12, y=0, x=4, val=33
CONV2 [t=24385000]: ch=13, y=0, x=4, val=27
CONV2 [t=24385000]: ch=14, y=0, x=4, val=4
CONV2 [t=24385000]: ch=15, y=0, x=4, val=93
CONV2 [t=24395000]: ch=0, y=0, x=5, val=127
CONV2 [t=24395000]: ch=1, y=0, x=5, val=0
CONV2 [t=24395000]: ch=2, y=0, x=5, val=97
CONV2 [t=24395000]: ch=3, y=0, x=5, val=0
CONV2 [t=24395000]: ch=4, y=0, x=5, val=26
CONV2 [t=24395000]: ch=5, y=0, x=5, val=0
CONV2 [t=24395000]: ch=6, y=0, x=5, val=0
CONV2 [t=24395000]: ch=7, y=0, x=5, val=67
CONV2 [t=24395000]: ch=8, y=0, x=5, val=127
CONV2 [t=24395000]: ch=9, y=0, x=5, val=63
CONV2 [t=24395000]: ch=10, y=0, x=5, val=121
CONV2 [t=24395000]: ch=11, y=0, x=5, val=53
CONV2 [t=24395000]: ch=12, y=0, x=5, val=33
CONV2 [t=24395000]: ch=13, y=0, x=5, val=27
CONV2 [t=24395000]: ch=14, y=0, x=5, val=4
CONV2 [t=24395000]: ch=15, y=0, x=5, val=93
CONV2 [t=24405000]: ch=0, y=0, x=6, val=127
CONV2 [t=24405000]: ch=1, y=0, x=6, val=0
CONV2 [t=24405000]: ch=2, y=0, x=6, val=97
CONV2 [t=24405000]: ch=3, y=0, x=6, val=0
CONV2 [t=24405000]: ch=4, y=0, x=6, val=26
CONV2 [t=24405000]: ch=5, y=0, x=6, val=0
CONV2 [t=24405000]: ch=6, y=0, x=6, val=0
CONV2 [t=24405000]: ch=7, y=0, x=6, val=67
CONV2 [t=24405000]: ch=8, y=0, x=6, val=127
CONV2 [t=24405000]: ch=9, y=0, x=6, val=63
CONV2 [t=24405000]: ch=10, y=0, x=6, val=121
CONV2 [t=24405000]: ch=11, y=0, x=6, val=53
CONV2 [t=24405000]: ch=12, y=0, x=6, val=33
CONV2 [t=24405000]: ch=13, y=0, x=6, val=27
CONV2 [t=24405000]: ch=14, y=0, x=6, val=4
CONV2 [t=24405000]: ch=15, y=0, x=6, val=93
CONV2 [t=24415000]: ch=0, y=0, x=7, val=127
CONV2 [t=24415000]: ch=1, y=0, x=7, val=0
CONV2 [t=24415000]: ch=2, y=0, x=7, val=97
CONV2 [t=24415000]: ch=3, y=0, x=7, val=0
CONV2 [t=24415000]: ch=4, y=0, x=7, val=26
CONV2 [t=24415000]: ch=5, y=0, x=7, val=0
CONV2 [t=24415000]: ch=6, y=0, x=7, val=0
CONV2 [t=24415000]: ch=7, y=0, x=7, val=67
CONV2 [t=24415000]: ch=8, y=0, x=7, val=127
CONV2 [t=24415000]: ch=9, y=0, x=7, val=63
CONV2 [t=24415000]: ch=10, y=0, x=7, val=121
CONV2 [t=24415000]: ch=11, y=0, x=7, val=53
CONV2 [t=24415000]: ch=12, y=0, x=7, val=33
CONV2 [t=24415000]: ch=13, y=0, x=7, val=27
CONV2 [t=24415000]: ch=14, y=0, x=7, val=4
CONV2 [t=24415000]: ch=15, y=0, x=7, val=93
CONV2 [t=24465000]: ch=0, y=1, x=0, val=127
CONV2 [t=24465000]: ch=1, y=1, x=0, val=0
CONV2 [t=24465000]: ch=2, y=1, x=0, val=97
CONV2 [t=24465000]: ch=3, y=1, x=0, val=0
CONV2 [t=24465000]: ch=4, y=1, x=0, val=26
CONV2 [t=24465000]: ch=5, y=1, x=0, val=0
CONV2 [t=24465000]: ch=6, y=1, x=0, val=0
CONV2 [t=24465000]: ch=7, y=1, x=0, val=67
CONV2 [t=24465000]: ch=8, y=1, x=0, val=127
CONV2 [t=24465000]: ch=9, y=1, x=0, val=63
CONV2 [t=24465000]: ch=10, y=1, x=0, val=121
CONV2 [t=24465000]: ch=11, y=1, x=0, val=53
CONV2 [t=24465000]: ch=12, y=1, x=0, val=33
CONV2 [t=24465000]: ch=13, y=1, x=0, val=27
CONV2 [t=24465000]: ch=14, y=1, x=0, val=4
CONV2 [t=24465000]: ch=15, y=1, x=0, val=93
CONV2 [t=24475000]: ch=0, y=1, x=1, val=127
CONV2 [t=24475000]: ch=1, y=1, x=1, val=41
CONV2 [t=24475000]: ch=2, y=1, x=1, val=127
CONV2 [t=24475000]: ch=3, y=1, x=1, val=0
CONV2 [t=24475000]: ch=4, y=1, x=1, val=58
CONV2 [t=24475000]: ch=5, y=1, x=1, val=88
CONV2 [t=24475000]: ch=6, y=1, x=1, val=127
CONV2 [t=24475000]: ch=7, y=1, x=1, val=127
CONV2 [t=24475000]: ch=8, y=1, x=1, val=127
CONV2 [t=24475000]: ch=9, y=1, x=1, val=95
CONV2 [t=24475000]: ch=10, y=1, x=1, val=127
CONV2 [t=24475000]: ch=11, y=1, x=1, val=127
CONV2 [t=24475000]: ch=12, y=1, x=1, val=97
CONV2 [t=24475000]: ch=13, y=1, x=1, val=127
CONV2 [t=24475000]: ch=14, y=1, x=1, val=100
CONV2 [t=24475000]: ch=15, y=1, x=1, val=109
CONV2 [t=24485000]: ch=0, y=1, x=2, val=127
CONV2 [t=24485000]: ch=1, y=1, x=2, val=57
CONV2 [t=24485000]: ch=2, y=1, x=2, val=127
CONV2 [t=24485000]: ch=3, y=1, x=2, val=27
CONV2 [t=24485000]: ch=4, y=1, x=2, val=90
CONV2 [t=24485000]: ch=5, y=1, x=2, val=120
CONV2 [t=24485000]: ch=6, y=1, x=2, val=127
CONV2 [t=24485000]: ch=7, y=1, x=2, val=127
CONV2 [t=24485000]: ch=8, y=1, x=2, val=127
CONV2 [t=24485000]: ch=9, y=1, x=2, val=111
CONV2 [t=24485000]: ch=10, y=1, x=2, val=127
CONV2 [t=24485000]: ch=11, y=1, x=2, val=127
CONV2 [t=24485000]: ch=12, y=1, x=2, val=127
CONV2 [t=24485000]: ch=13, y=1, x=2, val=127
CONV2 [t=24485000]: ch=14, y=1, x=2, val=127
CONV2 [t=24485000]: ch=15, y=1, x=2, val=127
CONV2 [t=24495000]: ch=0, y=1, x=3, val=127
CONV2 [t=24495000]: ch=1, y=1, x=3, val=9
CONV2 [t=24495000]: ch=2, y=1, x=3, val=127
CONV2 [t=24495000]: ch=3, y=1, x=3, val=0
CONV2 [t=24495000]: ch=4, y=1, x=3, val=58
CONV2 [t=24495000]: ch=5, y=1, x=3, val=24
CONV2 [t=24495000]: ch=6, y=1, x=3, val=9
CONV2 [t=24495000]: ch=7, y=1, x=3, val=115
CONV2 [t=24495000]: ch=8, y=1, x=3, val=127
CONV2 [t=24495000]: ch=9, y=1, x=3, val=79
CONV2 [t=24495000]: ch=10, y=1, x=3, val=127
CONV2 [t=24495000]: ch=11, y=1, x=3, val=69
CONV2 [t=24495000]: ch=12, y=1, x=3, val=49
CONV2 [t=24495000]: ch=13, y=1, x=3, val=43
CONV2 [t=24495000]: ch=14, y=1, x=3, val=36
CONV2 [t=24495000]: ch=15, y=1, x=3, val=93
POOL2 [t=24495000]: ch=0, y=0, x=0, val=127
POOL2 [t=24495000]: ch=1, y=0, x=0, val=41
POOL2 [t=24495000]: ch=2, y=0, x=0, val=127
POOL2 [t=24495000]: ch=3, y=0, x=0, val=0
POOL2 [t=24495000]: ch=4, y=0, x=0, val=58
POOL2 [t=24495000]: ch=5, y=0, x=0, val=88
POOL2 [t=24495000]: ch=6, y=0, x=0, val=127
POOL2 [t=24495000]: ch=7, y=0, x=0, val=127
POOL2 [t=24495000]: ch=8, y=0, x=0, val=127
POOL2 [t=24495000]: ch=9, y=0, x=0, val=95
POOL2 [t=24495000]: ch=10, y=0, x=0, val=127
POOL2 [t=24495000]: ch=11, y=0, x=0, val=127
POOL2 [t=24495000]: ch=12, y=0, x=0, val=97
POOL2 [t=24495000]: ch=13, y=0, x=0, val=127
POOL2 [t=24495000]: ch=14, y=0, x=0, val=100
POOL2 [t=24495000]: ch=15, y=0, x=0, val=109
CONV2 [t=24505000]: ch=0, y=1, x=4, val=120
CONV2 [t=24505000]: ch=1, y=1, x=4, val=0
CONV2 [t=24505000]: ch=2, y=1, x=4, val=65
CONV2 [t=24505000]: ch=3, y=1, x=4, val=0
CONV2 [t=24505000]: ch=4, y=1, x=4, val=0
CONV2 [t=24505000]: ch=5, y=1, x=4, val=0
CONV2 [t=24505000]: ch=6, y=1, x=4, val=0
CONV2 [t=24505000]: ch=7, y=1, x=4, val=67
CONV2 [t=24505000]: ch=8, y=1, x=4, val=127
CONV2 [t=24505000]: ch=9, y=1, x=4, val=15
CONV2 [t=24505000]: ch=10, y=1, x=4, val=89
CONV2 [t=24505000]: ch=11, y=1, x=4, val=21
CONV2 [t=24505000]: ch=12, y=1, x=4, val=17
CONV2 [t=24505000]: ch=13, y=1, x=4, val=11
CONV2 [t=24505000]: ch=14, y=1, x=4, val=0
CONV2 [t=24505000]: ch=15, y=1, x=4, val=77
CONV2 [t=24515000]: ch=0, y=1, x=5, val=120
CONV2 [t=24515000]: ch=1, y=1, x=5, val=0
CONV2 [t=24515000]: ch=2, y=1, x=5, val=65
CONV2 [t=24515000]: ch=3, y=1, x=5, val=0
CONV2 [t=24515000]: ch=4, y=1, x=5, val=0
CONV2 [t=24515000]: ch=5, y=1, x=5, val=0
CONV2 [t=24515000]: ch=6, y=1, x=5, val=0
CONV2 [t=24515000]: ch=7, y=1, x=5, val=67
CONV2 [t=24515000]: ch=8, y=1, x=5, val=127
CONV2 [t=24515000]: ch=9, y=1, x=5, val=15
CONV2 [t=24515000]: ch=10, y=1, x=5, val=89
CONV2 [t=24515000]: ch=11, y=1, x=5, val=21
CONV2 [t=24515000]: ch=12, y=1, x=5, val=17
CONV2 [t=24515000]: ch=13, y=1, x=5, val=11
CONV2 [t=24515000]: ch=14, y=1, x=5, val=0
CONV2 [t=24515000]: ch=15, y=1, x=5, val=77
POOL2 [t=24515000]: ch=0, y=0, x=1, val=127
POOL2 [t=24515000]: ch=1, y=0, x=1, val=73
POOL2 [t=24515000]: ch=2, y=0, x=1, val=127
POOL2 [t=24515000]: ch=3, y=0, x=1, val=59
POOL2 [t=24515000]: ch=4, y=0, x=1, val=90
POOL2 [t=24515000]: ch=5, y=0, x=1, val=120
POOL2 [t=24515000]: ch=6, y=0, x=1, val=127
POOL2 [t=24515000]: ch=7, y=0, x=1, val=127
POOL2 [t=24515000]: ch=8, y=0, x=1, val=127
POOL2 [t=24515000]: ch=9, y=0, x=1, val=127
POOL2 [t=24515000]: ch=10, y=0, x=1, val=127
POOL2 [t=24515000]: ch=11, y=0, x=1, val=127
POOL2 [t=24515000]: ch=12, y=0, x=1, val=127
POOL2 [t=24515000]: ch=13, y=0, x=1, val=127
POOL2 [t=24515000]: ch=14, y=0, x=1, val=127
POOL2 [t=24515000]: ch=15, y=0, x=1, val=127
CONV2 [t=24525000]: ch=0, y=1, x=6, val=120
CONV2 [t=24525000]: ch=1, y=1, x=6, val=0
CONV2 [t=24525000]: ch=2, y=1, x=6, val=65
CONV2 [t=24525000]: ch=3, y=1, x=6, val=0
CONV2 [t=24525000]: ch=4, y=1, x=6, val=0
CONV2 [t=24525000]: ch=5, y=1, x=6, val=0
CONV2 [t=24525000]: ch=6, y=1, x=6, val=0
CONV2 [t=24525000]: ch=7, y=1, x=6, val=67
CONV2 [t=24525000]: ch=8, y=1, x=6, val=127
CONV2 [t=24525000]: ch=9, y=1, x=6, val=15
CONV2 [t=24525000]: ch=10, y=1, x=6, val=89
CONV2 [t=24525000]: ch=11, y=1, x=6, val=21
CONV2 [t=24525000]: ch=12, y=1, x=6, val=17
CONV2 [t=24525000]: ch=13, y=1, x=6, val=11
CONV2 [t=24525000]: ch=14, y=1, x=6, val=0
CONV2 [t=24525000]: ch=15, y=1, x=6, val=77
CONV2 [t=24535000]: ch=0, y=1, x=7, val=120
CONV2 [t=24535000]: ch=1, y=1, x=7, val=0
CONV2 [t=24535000]: ch=2, y=1, x=7, val=65
CONV2 [t=24535000]: ch=3, y=1, x=7, val=0
CONV2 [t=24535000]: ch=4, y=1, x=7, val=0
CONV2 [t=24535000]: ch=5, y=1, x=7, val=0
CONV2 [t=24535000]: ch=6, y=1, x=7, val=0
CONV2 [t=24535000]: ch=7, y=1, x=7, val=67
CONV2 [t=24535000]: ch=8, y=1, x=7, val=127
CONV2 [t=24535000]: ch=9, y=1, x=7, val=15
CONV2 [t=24535000]: ch=10, y=1, x=7, val=89
CONV2 [t=24535000]: ch=11, y=1, x=7, val=21
CONV2 [t=24535000]: ch=12, y=1, x=7, val=17
CONV2 [t=24535000]: ch=13, y=1, x=7, val=11
CONV2 [t=24535000]: ch=14, y=1, x=7, val=0
CONV2 [t=24535000]: ch=15, y=1, x=7, val=77
POOL2 [t=24535000]: ch=0, y=0, x=2, val=127
POOL2 [t=24535000]: ch=1, y=0, x=2, val=0
POOL2 [t=24535000]: ch=2, y=0, x=2, val=97
POOL2 [t=24535000]: ch=3, y=0, x=2, val=0
POOL2 [t=24535000]: ch=4, y=0, x=2, val=26
POOL2 [t=24535000]: ch=5, y=0, x=2, val=0
POOL2 [t=24535000]: ch=6, y=0, x=2, val=0
POOL2 [t=24535000]: ch=7, y=0, x=2, val=67
POOL2 [t=24535000]: ch=8, y=0, x=2, val=127
POOL2 [t=24535000]: ch=9, y=0, x=2, val=63
POOL2 [t=24535000]: ch=10, y=0, x=2, val=121
POOL2 [t=24535000]: ch=11, y=0, x=2, val=53
POOL2 [t=24535000]: ch=12, y=0, x=2, val=33
POOL2 [t=24535000]: ch=13, y=0, x=2, val=27
POOL2 [t=24535000]: ch=14, y=0, x=2, val=4
POOL2 [t=24535000]: ch=15, y=0, x=2, val=93
POOL2 [t=24555000]: ch=0, y=0, x=3, val=127
POOL2 [t=24555000]: ch=1, y=0, x=3, val=0
POOL2 [t=24555000]: ch=2, y=0, x=3, val=97
POOL2 [t=24555000]: ch=3, y=0, x=3, val=0
POOL2 [t=24555000]: ch=4, y=0, x=3, val=26
POOL2 [t=24555000]: ch=5, y=0, x=3, val=0
POOL2 [t=24555000]: ch=6, y=0, x=3, val=0
POOL2 [t=24555000]: ch=7, y=0, x=3, val=67
POOL2 [t=24555000]: ch=8, y=0, x=3, val=127
POOL2 [t=24555000]: ch=9, y=0, x=3, val=63
POOL2 [t=24555000]: ch=10, y=0, x=3, val=121
POOL2 [t=24555000]: ch=11, y=0, x=3, val=53
POOL2 [t=24555000]: ch=12, y=0, x=3, val=33
POOL2 [t=24555000]: ch=13, y=0, x=3, val=27
POOL2 [t=24555000]: ch=14, y=0, x=3, val=4
POOL2 [t=24555000]: ch=15, y=0, x=3, val=93
CONV2 [t=24585000]: ch=0, y=2, x=0, val=120
CONV2 [t=24585000]: ch=1, y=2, x=0, val=0
CONV2 [t=24585000]: ch=2, y=2, x=0, val=65
CONV2 [t=24585000]: ch=3, y=2, x=0, val=0
CONV2 [t=24585000]: ch=4, y=2, x=0, val=0
CONV2 [t=24585000]: ch=5, y=2, x=0, val=0
CONV2 [t=24585000]: ch=6, y=2, x=0, val=0
CONV2 [t=24585000]: ch=7, y=2, x=0, val=67
CONV2 [t=24585000]: ch=8, y=2, x=0, val=127
CONV2 [t=24585000]: ch=9, y=2, x=0, val=15
CONV2 [t=24585000]: ch=10, y=2, x=0, val=89
CONV2 [t=24585000]: ch=11, y=2, x=0, val=21
CONV2 [t=24585000]: ch=12, y=2, x=0, val=17
CONV2 [t=24585000]: ch=13, y=2, x=0, val=11
CONV2 [t=24585000]: ch=14, y=2, x=0, val=0
CONV2 [t=24585000]: ch=15, y=2, x=0, val=77
CONV2 [t=24595000]: ch=0, y=2, x=1, val=127
CONV2 [t=24595000]: ch=1, y=2, x=1, val=73
CONV2 [t=24595000]: ch=2, y=2, x=1, val=127
CONV2 [t=24595000]: ch=3, y=2, x=1, val=11
CONV2 [t=24595000]: ch=4, y=2, x=1, val=42
CONV2 [t=24595000]: ch=5, y=2, x=1, val=72
CONV2 [t=24595000]: ch=6, y=2, x=1, val=105
CONV2 [t=24595000]: ch=7, y=2, x=1, val=127
CONV2 [t=24595000]: ch=8, y=2, x=1, val=127
CONV2 [t=24595000]: ch=9, y=2, x=1, val=111
CONV2 [t=24595000]: ch=10, y=2, x=1, val=127
CONV2 [t=24595000]: ch=11, y=2, x=1, val=127
CONV2 [t=24595000]: ch=12, y=2, x=1, val=97
CONV2 [t=24595000]: ch=13, y=2, x=1, val=127
CONV2 [t=24595000]: ch=14, y=2, x=1, val=100
CONV2 [t=24595000]: ch=15, y=2, x=1, val=125
CONV2 [t=24605000]: ch=0, y=2, x=2, val=127
CONV2 [t=24605000]: ch=1, y=2, x=2, val=89
CONV2 [t=24605000]: ch=2, y=2, x=2, val=127
CONV2 [t=24605000]: ch=3, y=2, x=2, val=0
CONV2 [t=24605000]: ch=4, y=2, x=2, val=90
CONV2 [t=24605000]: ch=5, y=2, x=2, val=24
CONV2 [t=24605000]: ch=6, y=2, x=2, val=41
CONV2 [t=24605000]: ch=7, y=2, x=2, val=127
CONV2 [t=24605000]: ch=8, y=2, x=2, val=127
CONV2 [t=24605000]: ch=9, y=2, x=2, val=79
CONV2 [t=24605000]: ch=10, y=2, x=2, val=127
CONV2 [t=24605000]: ch=11, y=2, x=2, val=101
CONV2 [t=24605000]: ch=12, y=2, x=2, val=65
CONV2 [t=24605000]: ch=13, y=2, x=2, val=107
CONV2 [t=24605000]: ch=14, y=2, x=2, val=36
CONV2 [t=24605000]: ch=15, y=2, x=2, val=127
CONV2 [t=24615000]: ch=0, y=2, x=3, val=120
CONV2 [t=24615000]: ch=1, y=2, x=3, val=0
CONV2 [t=24615000]: ch=2, y=2, x=3, val=65
CONV2 [t=24615000]: ch=3, y=2, x=3, val=0
CONV2 [t=24615000]: ch=4, y=2, x=3, val=10
CONV2 [t=24615000]: ch=5, y=2, x=3, val=0
CONV2 [t=24615000]: ch=6, y=2, x=3, val=0
CONV2 [t=24615000]: ch=7, y=2, x=3, val=67
CONV2 [t=24615000]: ch=8, y=2, x=3, val=127
CONV2 [t=24615000]: ch=9, y=2, x=3, val=31
CONV2 [t=24615000]: ch=10, y=2, x=3, val=105
CONV2 [t=24615000]: ch=11, y=2, x=3, val=21
CONV2 [t=24615000]: ch=12, y=2, x=3, val=1
CONV2 [t=24615000]: ch=13, y=2, x=3, val=0
CONV2 [t=24615000]: ch=14, y=2, x=3, val=0
CONV2 [t=24615000]: ch=15, y=2, x=3, val=61
CONV2 [t=24625000]: ch=0, y=2, x=4, val=56
CONV2 [t=24625000]: ch=1, y=2, x=4, val=0
CONV2 [t=24625000]: ch=2, y=2, x=4, val=17
CONV2 [t=24625000]: ch=3, y=2, x=4, val=0
CONV2 [t=24625000]: ch=4, y=2, x=4, val=0
CONV2 [t=24625000]: ch=5, y=2, x=4, val=0
CONV2 [t=24625000]: ch=6, y=2, x=4, val=0
CONV2 [t=24625000]: ch=7, y=2, x=4, val=35
CONV2 [t=24625000]: ch=8, y=2, x=4, val=92
CONV2 [t=24625000]: ch=9, y=2, x=4, val=0
CONV2 [t=24625000]: ch=10, y=2, x=4, val=25
CONV2 [t=24625000]: ch=11, y=2, x=4, val=0
CONV2 [t=24625000]: ch=12, y=2, x=4, val=0
CONV2 [t=24625000]: ch=13, y=2, x=4, val=0
CONV2 [t=24625000]: ch=14, y=2, x=4, val=0
CONV2 [t=24625000]: ch=15, y=2, x=4, val=13
CONV2 [t=24635000]: ch=0, y=2, x=5, val=56
CONV2 [t=24635000]: ch=1, y=2, x=5, val=0
CONV2 [t=24635000]: ch=2, y=2, x=5, val=17
CONV2 [t=24635000]: ch=3, y=2, x=5, val=0
CONV2 [t=24635000]: ch=4, y=2, x=5, val=0
CONV2 [t=24635000]: ch=5, y=2, x=5, val=0
CONV2 [t=24635000]: ch=6, y=2, x=5, val=0
CONV2 [t=24635000]: ch=7, y=2, x=5, val=35
CONV2 [t=24635000]: ch=8, y=2, x=5, val=92
CONV2 [t=24635000]: ch=9, y=2, x=5, val=0
CONV2 [t=24635000]: ch=10, y=2, x=5, val=25
CONV2 [t=24635000]: ch=11, y=2, x=5, val=0
CONV2 [t=24635000]: ch=12, y=2, x=5, val=0
CONV2 [t=24635000]: ch=13, y=2, x=5, val=0
CONV2 [t=24635000]: ch=14, y=2, x=5, val=0
CONV2 [t=24635000]: ch=15, y=2, x=5, val=13
CONV2 [t=24645000]: ch=0, y=2, x=6, val=56
CONV2 [t=24645000]: ch=1, y=2, x=6, val=0
CONV2 [t=24645000]: ch=2, y=2, x=6, val=17
CONV2 [t=24645000]: ch=3, y=2, x=6, val=0
CONV2 [t=24645000]: ch=4, y=2, x=6, val=0
CONV2 [t=24645000]: ch=5, y=2, x=6, val=0
CONV2 [t=24645000]: ch=6, y=2, x=6, val=0
CONV2 [t=24645000]: ch=7, y=2, x=6, val=35
CONV2 [t=24645000]: ch=8, y=2, x=6, val=92
CONV2 [t=24645000]: ch=9, y=2, x=6, val=0
CONV2 [t=24645000]: ch=10, y=2, x=6, val=25
CONV2 [t=24645000]: ch=11, y=2, x=6, val=0
CONV2 [t=24645000]: ch=12, y=2, x=6, val=0
CONV2 [t=24645000]: ch=13, y=2, x=6, val=0
CONV2 [t=24645000]: ch=14, y=2, x=6, val=0
CONV2 [t=24645000]: ch=15, y=2, x=6, val=13
CONV2 [t=24655000]: ch=0, y=2, x=7, val=56
CONV2 [t=24655000]: ch=1, y=2, x=7, val=0
CONV2 [t=24655000]: ch=2, y=2, x=7, val=17
CONV2 [t=24655000]: ch=3, y=2, x=7, val=0
CONV2 [t=24655000]: ch=4, y=2, x=7, val=0
CONV2 [t=24655000]: ch=5, y=2, x=7, val=0
CONV2 [t=24655000]: ch=6, y=2, x=7, val=0
CONV2 [t=24655000]: ch=7, y=2, x=7, val=35
CONV2 [t=24655000]: ch=8, y=2, x=7, val=92
CONV2 [t=24655000]: ch=9, y=2, x=7, val=0
CONV2 [t=24655000]: ch=10, y=2, x=7, val=25
CONV2 [t=24655000]: ch=11, y=2, x=7, val=0
CONV2 [t=24655000]: ch=12, y=2, x=7, val=0
CONV2 [t=24655000]: ch=13, y=2, x=7, val=0
CONV2 [t=24655000]: ch=14, y=2, x=7, val=0
CONV2 [t=24655000]: ch=15, y=2, x=7, val=13
CONV2 [t=25185000]: ch=0, y=3, x=0, val=56
CONV2 [t=25185000]: ch=1, y=3, x=0, val=0
CONV2 [t=25185000]: ch=2, y=3, x=0, val=17
CONV2 [t=25185000]: ch=3, y=3, x=0, val=0
CONV2 [t=25185000]: ch=4, y=3, x=0, val=0
CONV2 [t=25185000]: ch=5, y=3, x=0, val=0
CONV2 [t=25185000]: ch=6, y=3, x=0, val=0
CONV2 [t=25185000]: ch=7, y=3, x=0, val=35
CONV2 [t=25185000]: ch=8, y=3, x=0, val=92
CONV2 [t=25185000]: ch=9, y=3, x=0, val=0
CONV2 [t=25185000]: ch=10, y=3, x=0, val=25
CONV2 [t=25185000]: ch=11, y=3, x=0, val=0
CONV2 [t=25185000]: ch=12, y=3, x=0, val=0
CONV2 [t=25185000]: ch=13, y=3, x=0, val=0
CONV2 [t=25185000]: ch=14, y=3, x=0, val=0
CONV2 [t=25185000]: ch=15, y=3, x=0, val=13
CONV2 [t=25195000]: ch=0, y=3, x=1, val=127
CONV2 [t=25195000]: ch=1, y=3, x=1, val=41
CONV2 [t=25195000]: ch=2, y=3, x=1, val=127
CONV2 [t=25195000]: ch=3, y=3, x=1, val=0
CONV2 [t=25195000]: ch=4, y=3, x=1, val=58
CONV2 [t=25195000]: ch=5, y=3, x=1, val=88
CONV2 [t=25195000]: ch=6, y=3, x=1, val=127
CONV2 [t=25195000]: ch=7, y=3, x=1, val=127
CONV2 [t=25195000]: ch=8, y=3, x=1, val=127
CONV2 [t=25195000]: ch=9, y=3, x=1, val=95
CONV2 [t=25195000]: ch=10, y=3, x=1, val=127
CONV2 [t=25195000]: ch=11, y=3, x=1, val=127
CONV2 [t=25195000]: ch=12, y=3, x=1, val=113
CONV2 [t=25195000]: ch=13, y=3, x=1, val=127
CONV2 [t=25195000]: ch=14, y=3, x=1, val=84
CONV2 [t=25195000]: ch=15, y=3, x=1, val=127
CONV2 [t=25205000]: ch=0, y=3, x=2, val=127
CONV2 [t=25205000]: ch=1, y=3, x=2, val=25
CONV2 [t=25205000]: ch=2, y=3, x=2, val=127
CONV2 [t=25205000]: ch=3, y=3, x=2, val=0
CONV2 [t=25205000]: ch=4, y=3, x=2, val=26
CONV2 [t=25205000]: ch=5, y=3, x=2, val=56
CONV2 [t=25205000]: ch=6, y=3, x=2, val=89
CONV2 [t=25205000]: ch=7, y=3, x=2, val=127
CONV2 [t=25205000]: ch=8, y=3, x=2, val=127
CONV2 [t=25205000]: ch=9, y=3, x=2, val=79
CONV2 [t=25205000]: ch=10, y=3, x=2, val=127
CONV2 [t=25205000]: ch=11, y=3, x=2, val=101
CONV2 [t=25205000]: ch=12, y=3, x=2, val=49
CONV2 [t=25205000]: ch=13, y=3, x=2, val=107
CONV2 [t=25205000]: ch=14, y=3, x=2, val=52
CONV2 [t=25205000]: ch=15, y=3, x=2, val=93
CONV2 [t=25215000]: ch=0, y=3, x=3, val=127
CONV2 [t=25215000]: ch=1, y=3, x=3, val=73
CONV2 [t=25215000]: ch=2, y=3, x=3, val=127
CONV2 [t=25215000]: ch=3, y=3, x=3, val=27
CONV2 [t=25215000]: ch=4, y=3, x=3, val=106
CONV2 [t=25215000]: ch=5, y=3, x=3, val=88
CONV2 [t=25215000]: ch=6, y=3, x=3, val=127
CONV2 [t=25215000]: ch=7, y=3, x=3, val=127
CONV2 [t=25215000]: ch=8, y=3, x=3, val=127
CONV2 [t=25215000]: ch=9, y=3, x=3, val=127
CONV2 [t=25215000]: ch=10, y=3, x=3, val=127
CONV2 [t=25215000]: ch=11, y=3, x=3, val=127
CONV2 [t=25215000]: ch=12, y=3, x=3, val=113
CONV2 [t=25215000]: ch=13, y=3, x=3, val=127
CONV2 [t=25215000]: ch=14, y=3, x=3, val=84
CONV2 [t=25215000]: ch=15, y=3, x=3, val=127
POOL2 [t=25215000]: ch=0, y=1, x=0, val=127
POOL2 [t=25215000]: ch=1, y=1, x=0, val=73
POOL2 [t=25215000]: ch=2, y=1, x=0, val=127
POOL2 [t=25215000]: ch=3, y=1, x=0, val=11
POOL2 [t=25215000]: ch=4, y=1, x=0, val=58
POOL2 [t=25215000]: ch=5, y=1, x=0, val=88
POOL2 [t=25215000]: ch=6, y=1, x=0, val=127
POOL2 [t=25215000]: ch=7, y=1, x=0, val=127
POOL2 [t=25215000]: ch=8, y=1, x=0, val=127
POOL2 [t=25215000]: ch=9, y=1, x=0, val=111
POOL2 [t=25215000]: ch=10, y=1, x=0, val=127
POOL2 [t=25215000]: ch=11, y=1, x=0, val=127
POOL2 [t=25215000]: ch=12, y=1, x=0, val=113
POOL2 [t=25215000]: ch=13, y=1, x=0, val=127
POOL2 [t=25215000]: ch=14, y=1, x=0, val=100
POOL2 [t=25215000]: ch=15, y=1, x=0, val=127
CONV2 [t=25225000]: ch=0, y=3, x=4, val=127
CONV2 [t=25225000]: ch=1, y=3, x=4, val=41
CONV2 [t=25225000]: ch=2, y=3, x=4, val=127
CONV2 [t=25225000]: ch=3, y=3, x=4, val=0
CONV2 [t=25225000]: ch=4, y=3, x=4, val=58
CONV2 [t=25225000]: ch=5, y=3, x=4, val=40
CONV2 [t=25225000]: ch=6, y=3, x=4, val=41
CONV2 [t=25225000]: ch=7, y=3, x=4, val=127
CONV2 [t=25225000]: ch=8, y=3, x=4, val=127
CONV2 [t=25225000]: ch=9, y=3, x=4, val=95
CONV2 [t=25225000]: ch=10, y=3, x=4, val=127
CONV2 [t=25225000]: ch=11, y=3, x=4, val=85
CONV2 [t=25225000]: ch=12, y=3, x=4, val=65
CONV2 [t=25225000]: ch=13, y=3, x=4, val=91
CONV2 [t=25225000]: ch=14, y=3, x=4, val=52
CONV2 [t=25225000]: ch=15, y=3, x=4, val=125
CONV2 [t=25235000]: ch=0, y=3, x=5, val=127
CONV2 [t=25235000]: ch=1, y=3, x=5, val=41
CONV2 [t=25235000]: ch=2, y=3, x=5, val=127
CONV2 [t=25235000]: ch=3, y=3, x=5, val=0
CONV2 [t=25235000]: ch=4, y=3, x=5, val=58
CONV2 [t=25235000]: ch=5, y=3, x=5, val=40
CONV2 [t=25235000]: ch=6, y=3, x=5, val=41
CONV2 [t=25235000]: ch=7, y=3, x=5, val=127
CONV2 [t=25235000]: ch=8, y=3, x=5, val=127
CONV2 [t=25235000]: ch=9, y=3, x=5, val=95
CONV2 [t=25235000]: ch=10, y=3, x=5, val=127
CONV2 [t=25235000]: ch=11, y=3, x=5, val=85
CONV2 [t=25235000]: ch=12, y=3, x=5, val=65
CONV2 [t=25235000]: ch=13, y=3, x=5, val=91
CONV2 [t=25235000]: ch=14, y=3, x=5, val=52
CONV2 [t=25235000]: ch=15, y=3, x=5, val=125
POOL2 [t=25235000]: ch=0, y=1, x=1, val=127
POOL2 [t=25235000]: ch=1, y=1, x=1, val=89
POOL2 [t=25235000]: ch=2, y=1, x=1, val=127
POOL2 [t=25235000]: ch=3, y=1, x=1, val=27
POOL2 [t=25235000]: ch=4, y=1, x=1, val=106
POOL2 [t=25235000]: ch=5, y=1, x=1, val=88
POOL2 [t=25235000]: ch=6, y=1, x=1, val=127
POOL2 [t=25235000]: ch=7, y=1, x=1, val=127
POOL2 [t=25235000]: ch=8, y=1, x=1, val=127
POOL2 [t=25235000]: ch=9, y=1, x=1, val=127
POOL2 [t=25235000]: ch=10, y=1, x=1, val=127
POOL2 [t=25235000]: ch=11, y=1, x=1, val=127
POOL2 [t=25235000]: ch=12, y=1, x=1, val=113
POOL2 [t=25235000]: ch=13, y=1, x=1, val=127
POOL2 [t=25235000]: ch=14, y=1, x=1, val=84
POOL2 [t=25235000]: ch=15, y=1, x=1, val=127
CONV2 [t=25245000]: ch=0, y=3, x=6, val=127
CONV2 [t=25245000]: ch=1, y=3, x=6, val=41
CONV2 [t=25245000]: ch=2, y=3, x=6, val=127
CONV2 [t=25245000]: ch=3, y=3, x=6, val=0
CONV2 [t=25245000]: ch=4, y=3, x=6, val=58
CONV2 [t=25245000]: ch=5, y=3, x=6, val=40
CONV2 [t=25245000]: ch=6, y=3, x=6, val=41
CONV2 [t=25245000]: ch=7, y=3, x=6, val=127
CONV2 [t=25245000]: ch=8, y=3, x=6, val=127
CONV2 [t=25245000]: ch=9, y=3, x=6, val=95
CONV2 [t=25245000]: ch=10, y=3, x=6, val=127
CONV2 [t=25245000]: ch=11, y=3, x=6, val=85
CONV2 [t=25245000]: ch=12, y=3, x=6, val=65
CONV2 [t=25245000]: ch=13, y=3, x=6, val=91
CONV2 [t=25245000]: ch=14, y=3, x=6, val=52
CONV2 [t=25245000]: ch=15, y=3, x=6, val=125
CONV2 [t=25255000]: ch=0, y=3, x=7, val=127
CONV2 [t=25255000]: ch=1, y=3, x=7, val=41
CONV2 [t=25255000]: ch=2, y=3, x=7, val=127
CONV2 [t=25255000]: ch=3, y=3, x=7, val=0
CONV2 [t=25255000]: ch=4, y=3, x=7, val=58
CONV2 [t=25255000]: ch=5, y=3, x=7, val=40
CONV2 [t=25255000]: ch=6, y=3, x=7, val=41
CONV2 [t=25255000]: ch=7, y=3, x=7, val=127
CONV2 [t=25255000]: ch=8, y=3, x=7, val=127
CONV2 [t=25255000]: ch=9, y=3, x=7, val=95
CONV2 [t=25255000]: ch=10, y=3, x=7, val=127
CONV2 [t=25255000]: ch=11, y=3, x=7, val=85
CONV2 [t=25255000]: ch=12, y=3, x=7, val=65
CONV2 [t=25255000]: ch=13, y=3, x=7, val=91
CONV2 [t=25255000]: ch=14, y=3, x=7, val=52
CONV2 [t=25255000]: ch=15, y=3, x=7, val=125
POOL2 [t=25255000]: ch=0, y=1, x=2, val=127
POOL2 [t=25255000]: ch=1, y=1, x=2, val=41
POOL2 [t=25255000]: ch=2, y=1, x=2, val=127
POOL2 [t=25255000]: ch=3, y=1, x=2, val=0
POOL2 [t=25255000]: ch=4, y=1, x=2, val=58
POOL2 [t=25255000]: ch=5, y=1, x=2, val=40
POOL2 [t=25255000]: ch=6, y=1, x=2, val=41
POOL2 [t=25255000]: ch=7, y=1, x=2, val=127
POOL2 [t=25255000]: ch=8, y=1, x=2, val=127
POOL2 [t=25255000]: ch=9, y=1, x=2, val=95
POOL2 [t=25255000]: ch=10, y=1, x=2, val=127
POOL2 [t=25255000]: ch=11, y=1, x=2, val=85
POOL2 [t=25255000]: ch=12, y=1, x=2, val=65
POOL2 [t=25255000]: ch=13, y=1, x=2, val=91
POOL2 [t=25255000]: ch=14, y=1, x=2, val=52
POOL2 [t=25255000]: ch=15, y=1, x=2, val=125
POOL2 [t=25275000]: ch=0, y=1, x=3, val=127
POOL2 [t=25275000]: ch=1, y=1, x=3, val=41
POOL2 [t=25275000]: ch=2, y=1, x=3, val=127
POOL2 [t=25275000]: ch=3, y=1, x=3, val=0
POOL2 [t=25275000]: ch=4, y=1, x=3, val=58
POOL2 [t=25275000]: ch=5, y=1, x=3, val=40
POOL2 [t=25275000]: ch=6, y=1, x=3, val=41
POOL2 [t=25275000]: ch=7, y=1, x=3, val=127
POOL2 [t=25275000]: ch=8, y=1, x=3, val=127
POOL2 [t=25275000]: ch=9, y=1, x=3, val=95
POOL2 [t=25275000]: ch=10, y=1, x=3, val=127
POOL2 [t=25275000]: ch=11, y=1, x=3, val=85
POOL2 [t=25275000]: ch=12, y=1, x=3, val=65
POOL2 [t=25275000]: ch=13, y=1, x=3, val=91
POOL2 [t=25275000]: ch=14, y=1, x=3, val=52
POOL2 [t=25275000]: ch=15, y=1, x=3, val=125
CONV2 [t=25305000]: ch=0, y=4, x=0, val=127
CONV2 [t=25305000]: ch=1, y=4, x=0, val=41
CONV2 [t=25305000]: ch=2, y=4, x=0, val=127
CONV2 [t=25305000]: ch=3, y=4, x=0, val=0
CONV2 [t=25305000]: ch=4, y=4, x=0, val=58
CONV2 [t=25305000]: ch=5, y=4, x=0, val=40
CONV2 [t=25305000]: ch=6, y=4, x=0, val=41
CONV2 [t=25305000]: ch=7, y=4, x=0, val=127
CONV2 [t=25305000]: ch=8, y=4, x=0, val=127
CONV2 [t=25305000]: ch=9, y=4, x=0, val=95
CONV2 [t=25305000]: ch=10, y=4, x=0, val=127
CONV2 [t=25305000]: ch=11, y=4, x=0, val=85
CONV2 [t=25305000]: ch=12, y=4, x=0, val=65
CONV2 [t=25305000]: ch=13, y=4, x=0, val=91
CONV2 [t=25305000]: ch=14, y=4, x=0, val=52
CONV2 [t=25305000]: ch=15, y=4, x=0, val=125
CONV2 [t=25315000]: ch=0, y=4, x=1, val=127
CONV2 [t=25315000]: ch=1, y=4, x=1, val=25
CONV2 [t=25315000]: ch=2, y=4, x=1, val=127
CONV2 [t=25315000]: ch=3, y=4, x=1, val=0
CONV2 [t=25315000]: ch=4, y=4, x=1, val=42
CONV2 [t=25315000]: ch=5, y=4, x=1, val=72
CONV2 [t=25315000]: ch=6, y=4, x=1, val=121
CONV2 [t=25315000]: ch=7, y=4, x=1, val=127
CONV2 [t=25315000]: ch=8, y=4, x=1, val=127
CONV2 [t=25315000]: ch=9, y=4, x=1, val=95
CONV2 [t=25315000]: ch=10, y=4, x=1, val=127
CONV2 [t=25315000]: ch=11, y=4, x=1, val=117
CONV2 [t=25315000]: ch=12, y=4, x=1, val=97
CONV2 [t=25315000]: ch=13, y=4, x=1, val=127
CONV2 [t=25315000]: ch=14, y=4, x=1, val=68
CONV2 [t=25315000]: ch=15, y=4, x=1, val=127
CONV2 [t=25325000]: ch=0, y=4, x=2, val=127
CONV2 [t=25325000]: ch=1, y=4, x=2, val=73
CONV2 [t=25325000]: ch=2, y=4, x=2, val=127
CONV2 [t=25325000]: ch=3, y=4, x=2, val=27
CONV2 [t=25325000]: ch=4, y=4, x=2, val=74
CONV2 [t=25325000]: ch=5, y=4, x=2, val=120
CONV2 [t=25325000]: ch=6, y=4, x=2, val=127
CONV2 [t=25325000]: ch=7, y=4, x=2, val=127
CONV2 [t=25325000]: ch=8, y=4, x=2, val=127
CONV2 [t=25325000]: ch=9, y=4, x=2, val=127
CONV2 [t=25325000]: ch=10, y=4, x=2, val=127
CONV2 [t=25325000]: ch=11, y=4, x=2, val=127
CONV2 [t=25325000]: ch=12, y=4, x=2, val=127
CONV2 [t=25325000]: ch=13, y=4, x=2, val=127
CONV2 [t=25325000]: ch=14, y=4, x=2, val=116
CONV2 [t=25325000]: ch=15, y=4, x=2, val=127
CONV2 [t=25335000]: ch=0, y=4, x=3, val=127
CONV2 [t=25335000]: ch=1, y=4, x=3, val=73
CONV2 [t=25335000]: ch=2, y=4, x=3, val=127
CONV2 [t=25335000]: ch=3, y=4, x=3, val=27
CONV2 [t=25335000]: ch=4, y=4, x=3, val=106
CONV2 [t=25335000]: ch=5, y=4, x=3, val=88
CONV2 [t=25335000]: ch=6, y=4, x=3, val=127
CONV2 [t=25335000]: ch=7, y=4, x=3, val=127
CONV2 [t=25335000]: ch=8, y=4, x=3, val=127
CONV2 [t=25335000]: ch=9, y=4, x=3, val=127
CONV2 [t=25335000]: ch=10, y=4, x=3, val=127
CONV2 [t=25335000]: ch=11, y=4, x=3, val=127
CONV2 [t=25335000]: ch=12, y=4, x=3, val=113
CONV2 [t=25335000]: ch=13, y=4, x=3, val=127
CONV2 [t=25335000]: ch=14, y=4, x=3, val=84
CONV2 [t=25335000]: ch=15, y=4, x=3, val=127
CONV2 [t=25345000]: ch=0, y=4, x=4, val=127
CONV2 [t=25345000]: ch=1, y=4, x=4, val=41
CONV2 [t=25345000]: ch=2, y=4, x=4, val=127
CONV2 [t=25345000]: ch=3, y=4, x=4, val=0
CONV2 [t=25345000]: ch=4, y=4, x=4, val=58
CONV2 [t=25345000]: ch=5, y=4, x=4, val=40
CONV2 [t=25345000]: ch=6, y=4, x=4, val=41
CONV2 [t=25345000]: ch=7, y=4, x=4, val=127
CONV2 [t=25345000]: ch=8, y=4, x=4, val=127
CONV2 [t=25345000]: ch=9, y=4, x=4, val=95
CONV2 [t=25345000]: ch=10, y=4, x=4, val=127
CONV2 [t=25345000]: ch=11, y=4, x=4, val=85
CONV2 [t=25345000]: ch=12, y=4, x=4, val=65
CONV2 [t=25345000]: ch=13, y=4, x=4, val=91
CONV2 [t=25345000]: ch=14, y=4, x=4, val=52
CONV2 [t=25345000]: ch=15, y=4, x=4, val=125
CONV2 [t=25355000]: ch=0, y=4, x=5, val=127
CONV2 [t=25355000]: ch=1, y=4, x=5, val=41
CONV2 [t=25355000]: ch=2, y=4, x=5, val=127
CONV2 [t=25355000]: ch=3, y=4, x=5, val=0
CONV2 [t=25355000]: ch=4, y=4, x=5, val=58
CONV2 [t=25355000]: ch=5, y=4, x=5, val=40
CONV2 [t=25355000]: ch=6, y=4, x=5, val=41
CONV2 [t=25355000]: ch=7, y=4, x=5, val=127
CONV2 [t=25355000]: ch=8, y=4, x=5, val=127
CONV2 [t=25355000]: ch=9, y=4, x=5, val=95
CONV2 [t=25355000]: ch=10, y=4, x=5, val=127
CONV2 [t=25355000]: ch=11, y=4, x=5, val=85
CONV2 [t=25355000]: ch=12, y=4, x=5, val=65
CONV2 [t=25355000]: ch=13, y=4, x=5, val=91
CONV2 [t=25355000]: ch=14, y=4, x=5, val=52
CONV2 [t=25355000]: ch=15, y=4, x=5, val=125
CONV2 [t=25365000]: ch=0, y=4, x=6, val=127
CONV2 [t=25365000]: ch=1, y=4, x=6, val=41
CONV2 [t=25365000]: ch=2, y=4, x=6, val=127
CONV2 [t=25365000]: ch=3, y=4, x=6, val=0
CONV2 [t=25365000]: ch=4, y=4, x=6, val=58
CONV2 [t=25365000]: ch=5, y=4, x=6, val=40
CONV2 [t=25365000]: ch=6, y=4, x=6, val=41
CONV2 [t=25365000]: ch=7, y=4, x=6, val=127
CONV2 [t=25365000]: ch=8, y=4, x=6, val=127
CONV2 [t=25365000]: ch=9, y=4, x=6, val=95
CONV2 [t=25365000]: ch=10, y=4, x=6, val=127
CONV2 [t=25365000]: ch=11, y=4, x=6, val=85
CONV2 [t=25365000]: ch=12, y=4, x=6, val=65
CONV2 [t=25365000]: ch=13, y=4, x=6, val=91
CONV2 [t=25365000]: ch=14, y=4, x=6, val=52
CONV2 [t=25365000]: ch=15, y=4, x=6, val=125
CONV2 [t=25375000]: ch=0, y=4, x=7, val=127
CONV2 [t=25375000]: ch=1, y=4, x=7, val=41
CONV2 [t=25375000]: ch=2, y=4, x=7, val=127
CONV2 [t=25375000]: ch=3, y=4, x=7, val=0
CONV2 [t=25375000]: ch=4, y=4, x=7, val=58
CONV2 [t=25375000]: ch=5, y=4, x=7, val=40
CONV2 [t=25375000]: ch=6, y=4, x=7, val=41
CONV2 [t=25375000]: ch=7, y=4, x=7, val=127
CONV2 [t=25375000]: ch=8, y=4, x=7, val=127
CONV2 [t=25375000]: ch=9, y=4, x=7, val=95
CONV2 [t=25375000]: ch=10, y=4, x=7, val=127
CONV2 [t=25375000]: ch=11, y=4, x=7, val=85
CONV2 [t=25375000]: ch=12, y=4, x=7, val=65
CONV2 [t=25375000]: ch=13, y=4, x=7, val=91
CONV2 [t=25375000]: ch=14, y=4, x=7, val=52
CONV2 [t=25375000]: ch=15, y=4, x=7, val=125
CONV2 [t=25425000]: ch=0, y=5, x=0, val=127
CONV2 [t=25425000]: ch=1, y=5, x=0, val=41
CONV2 [t=25425000]: ch=2, y=5, x=0, val=127
CONV2 [t=25425000]: ch=3, y=5, x=0, val=0
CONV2 [t=25425000]: ch=4, y=5, x=0, val=58
CONV2 [t=25425000]: ch=5, y=5, x=0, val=40
CONV2 [t=25425000]: ch=6, y=5, x=0, val=41
CONV2 [t=25425000]: ch=7, y=5, x=0, val=127
CONV2 [t=25425000]: ch=8, y=5, x=0, val=127
CONV2 [t=25425000]: ch=9, y=5, x=0, val=95
CONV2 [t=25425000]: ch=10, y=5, x=0, val=127
CONV2 [t=25425000]: ch=11, y=5, x=0, val=85
CONV2 [t=25425000]: ch=12, y=5, x=0, val=65
CONV2 [t=25425000]: ch=13, y=5, x=0, val=91
CONV2 [t=25425000]: ch=14, y=5, x=0, val=52
CONV2 [t=25425000]: ch=15, y=5, x=0, val=125
CONV2 [t=25435000]: ch=0, y=5, x=1, val=127
CONV2 [t=25435000]: ch=1, y=5, x=1, val=121
CONV2 [t=25435000]: ch=2, y=5, x=1, val=127
CONV2 [t=25435000]: ch=3, y=5, x=1, val=59
CONV2 [t=25435000]: ch=4, y=5, x=1, val=127
CONV2 [t=25435000]: ch=5, y=5, x=1, val=127
CONV2 [t=25435000]: ch=6, y=5, x=1, val=127
CONV2 [t=25435000]: ch=7, y=5, x=1, val=127
CONV2 [t=25435000]: ch=8, y=5, x=1, val=127
CONV2 [t=25435000]: ch=9, y=5, x=1, val=127
CONV2 [t=25435000]: ch=10, y=5, x=1, val=127
CONV2 [t=25435000]: ch=11, y=5, x=1, val=127
CONV2 [t=25435000]: ch=12, y=5, x=1, val=127
CONV2 [t=25435000]: ch=13, y=5, x=1, val=127
CONV2 [t=25435000]: ch=14, y=5, x=1, val=127
CONV2 [t=25435000]: ch=15, y=5, x=1, val=127
CONV2 [t=25445000]: ch=0, y=5, x=2, val=127
CONV2 [t=25445000]: ch=1, y=5, x=2, val=121
CONV2 [t=25445000]: ch=2, y=5, x=2, val=127
CONV2 [t=25445000]: ch=3, y=5, x=2, val=59
CONV2 [t=25445000]: ch=4, y=5, x=2, val=127
CONV2 [t=25445000]: ch=5, y=5, x=2, val=127
CONV2 [t=25445000]: ch=6, y=5, x=2, val=127
CONV2 [t=25445000]: ch=7, y=5, x=2, val=127
CONV2 [t=25445000]: ch=8, y=5, x=2, val=127
CONV2 [t=25445000]: ch=9, y=5, x=2, val=127
CONV2 [t=25445000]: ch=10, y=5, x=2, val=127
CONV2 [t=25445000]: ch=11, y=5, x=2, val=127
CONV2 [t=25445000]: ch=12, y=5, x=2, val=127
CONV2 [t=25445000]: ch=13, y=5, x=2, val=127
CONV2 [t=25445000]: ch=14, y=5, x=2, val=127
CONV2 [t=25445000]: ch=15, y=5, x=2, val=127
CONV2 [t=25455000]: ch=0, y=5, x=3, val=127
CONV2 [t=25455000]: ch=1, y=5, x=3, val=89
CONV2 [t=25455000]: ch=2, y=5, x=3, val=127
CONV2 [t=25455000]: ch=3, y=5, x=3, val=0
CONV2 [t=25455000]: ch=4, y=5, x=3, val=127
CONV2 [t=25455000]: ch=5, y=5, x=3, val=104
CONV2 [t=25455000]: ch=6, y=5, x=3, val=121
CONV2 [t=25455000]: ch=7, y=5, x=3, val=127
CONV2 [t=25455000]: ch=8, y=5, x=3, val=127
CONV2 [t=25455000]: ch=9, y=5, x=3, val=111
CONV2 [t=25455000]: ch=10, y=5, x=3, val=127
CONV2 [t=25455000]: ch=11, y=5, x=3, val=127
CONV2 [t=25455000]: ch=12, y=5, x=3, val=113
CONV2 [t=25455000]: ch=13, y=5, x=3, val=127
CONV2 [t=25455000]: ch=14, y=5, x=3, val=100
CONV2 [t=25455000]: ch=15, y=5, x=3, val=127
POOL2 [t=25455000]: ch=0, y=2, x=0, val=127
POOL2 [t=25455000]: ch=1, y=2, x=0, val=121
POOL2 [t=25455000]: ch=2, y=2, x=0, val=127
POOL2 [t=25455000]: ch=3, y=2, x=0, val=59
POOL2 [t=25455000]: ch=4, y=2, x=0, val=127
POOL2 [t=25455000]: ch=5, y=2, x=0, val=127
POOL2 [t=25455000]: ch=6, y=2, x=0, val=127
POOL2 [t=25455000]: ch=7, y=2, x=0, val=127
POOL2 [t=25455000]: ch=8, y=2, x=0, val=127
POOL2 [t=25455000]: ch=9, y=2, x=0, val=127
POOL2 [t=25455000]: ch=10, y=2, x=0, val=127
POOL2 [t=25455000]: ch=11, y=2, x=0, val=127
POOL2 [t=25455000]: ch=12, y=2, x=0, val=127
POOL2 [t=25455000]: ch=13, y=2, x=0, val=127
POOL2 [t=25455000]: ch=14, y=2, x=0, val=127
POOL2 [t=25455000]: ch=15, y=2, x=0, val=127
CONV2 [t=25465000]: ch=0, y=5, x=4, val=127
CONV2 [t=25465000]: ch=1, y=5, x=4, val=9
CONV2 [t=25465000]: ch=2, y=5, x=4, val=127
CONV2 [t=25465000]: ch=3, y=5, x=4, val=0
CONV2 [t=25465000]: ch=4, y=5, x=4, val=58
CONV2 [t=25465000]: ch=5, y=5, x=4, val=24
CONV2 [t=25465000]: ch=6, y=5, x=4, val=9
CONV2 [t=25465000]: ch=7, y=5, x=4, val=115
CONV2 [t=25465000]: ch=8, y=5, x=4, val=127
CONV2 [t=25465000]: ch=9, y=5, x=4, val=79
CONV2 [t=25465000]: ch=10, y=5, x=4, val=127
CONV2 [t=25465000]: ch=11, y=5, x=4, val=69
CONV2 [t=25465000]: ch=12, y=5, x=4, val=49
CONV2 [t=25465000]: ch=13, y=5, x=4, val=43
CONV2 [t=25465000]: ch=14, y=5, x=4, val=36
CONV2 [t=25465000]: ch=15, y=5, x=4, val=93
CONV2 [t=25475000]: ch=0, y=5, x=5, val=127
CONV2 [t=25475000]: ch=1, y=5, x=5, val=9
CONV2 [t=25475000]: ch=2, y=5, x=5, val=127
CONV2 [t=25475000]: ch=3, y=5, x=5, val=0
CONV2 [t=25475000]: ch=4, y=5, x=5, val=58
CONV2 [t=25475000]: ch=5, y=5, x=5, val=24
CONV2 [t=25475000]: ch=6, y=5, x=5, val=9
CONV2 [t=25475000]: ch=7, y=5, x=5, val=115
CONV2 [t=25475000]: ch=8, y=5, x=5, val=127
CONV2 [t=25475000]: ch=9, y=5, x=5, val=79
CONV2 [t=25475000]: ch=10, y=5, x=5, val=127
CONV2 [t=25475000]: ch=11, y=5, x=5, val=69
CONV2 [t=25475000]: ch=12, y=5, x=5, val=49
CONV2 [t=25475000]: ch=13, y=5, x=5, val=43
CONV2 [t=25475000]: ch=14, y=5, x=5, val=36
CONV2 [t=25475000]: ch=15, y=5, x=5, val=93
POOL2 [t=25475000]: ch=0, y=2, x=1, val=127
POOL2 [t=25475000]: ch=1, y=2, x=1, val=121
POOL2 [t=25475000]: ch=2, y=2, x=1, val=127
POOL2 [t=25475000]: ch=3, y=2, x=1, val=59
POOL2 [t=25475000]: ch=4, y=2, x=1, val=127
POOL2 [t=25475000]: ch=5, y=2, x=1, val=127
POOL2 [t=25475000]: ch=6, y=2, x=1, val=127
POOL2 [t=25475000]: ch=7, y=2, x=1, val=127
POOL2 [t=25475000]: ch=8, y=2, x=1, val=127
POOL2 [t=25475000]: ch=9, y=2, x=1, val=127
POOL2 [t=25475000]: ch=10, y=2, x=1, val=127
POOL2 [t=25475000]: ch=11, y=2, x=1, val=127
POOL2 [t=25475000]: ch=12, y=2, x=1, val=127
POOL2 [t=25475000]: ch=13, y=2, x=1, val=127
POOL2 [t=25475000]: ch=14, y=2, x=1, val=127
POOL2 [t=25475000]: ch=15, y=2, x=1, val=127
CONV2 [t=25485000]: ch=0, y=5, x=6, val=127
CONV2 [t=25485000]: ch=1, y=5, x=6, val=9
CONV2 [t=25485000]: ch=2, y=5, x=6, val=127
CONV2 [t=25485000]: ch=3, y=5, x=6, val=0
CONV2 [t=25485000]: ch=4, y=5, x=6, val=58
CONV2 [t=25485000]: ch=5, y=5, x=6, val=24
CONV2 [t=25485000]: ch=6, y=5, x=6, val=9
CONV2 [t=25485000]: ch=7, y=5, x=6, val=115
CONV2 [t=25485000]: ch=8, y=5, x=6, val=127
CONV2 [t=25485000]: ch=9, y=5, x=6, val=79
CONV2 [t=25485000]: ch=10, y=5, x=6, val=127
CONV2 [t=25485000]: ch=11, y=5, x=6, val=69
CONV2 [t=25485000]: ch=12, y=5, x=6, val=49
CONV2 [t=25485000]: ch=13, y=5, x=6, val=43
CONV2 [t=25485000]: ch=14, y=5, x=6, val=36
CONV2 [t=25485000]: ch=15, y=5, x=6, val=93
CONV2 [t=25495000]: ch=0, y=5, x=7, val=127
CONV2 [t=25495000]: ch=1, y=5, x=7, val=9
CONV2 [t=25495000]: ch=2, y=5, x=7, val=127
CONV2 [t=25495000]: ch=3, y=5, x=7, val=0
CONV2 [t=25495000]: ch=4, y=5, x=7, val=58
CONV2 [t=25495000]: ch=5, y=5, x=7, val=24
CONV2 [t=25495000]: ch=6, y=5, x=7, val=9
CONV2 [t=25495000]: ch=7, y=5, x=7, val=115
CONV2 [t=25495000]: ch=8, y=5, x=7, val=127
CONV2 [t=25495000]: ch=9, y=5, x=7, val=79
CONV2 [t=25495000]: ch=10, y=5, x=7, val=127
CONV2 [t=25495000]: ch=11, y=5, x=7, val=69
CONV2 [t=25495000]: ch=12, y=5, x=7, val=49
CONV2 [t=25495000]: ch=13, y=5, x=7, val=43
CONV2 [t=25495000]: ch=14, y=5, x=7, val=36
CONV2 [t=25495000]: ch=15, y=5, x=7, val=93
POOL2 [t=25495000]: ch=0, y=2, x=2, val=127
POOL2 [t=25495000]: ch=1, y=2, x=2, val=41
POOL2 [t=25495000]: ch=2, y=2, x=2, val=127
POOL2 [t=25495000]: ch=3, y=2, x=2, val=0
POOL2 [t=25495000]: ch=4, y=2, x=2, val=58
POOL2 [t=25495000]: ch=5, y=2, x=2, val=40
POOL2 [t=25495000]: ch=6, y=2, x=2, val=41
POOL2 [t=25495000]: ch=7, y=2, x=2, val=127
POOL2 [t=25495000]: ch=8, y=2, x=2, val=127
POOL2 [t=25495000]: ch=9, y=2, x=2, val=95
POOL2 [t=25495000]: ch=10, y=2, x=2, val=127
POOL2 [t=25495000]: ch=11, y=2, x=2, val=85
POOL2 [t=25495000]: ch=12, y=2, x=2, val=65
POOL2 [t=25495000]: ch=13, y=2, x=2, val=91
POOL2 [t=25495000]: ch=14, y=2, x=2, val=52
POOL2 [t=25495000]: ch=15, y=2, x=2, val=125
POOL2 [t=25515000]: ch=0, y=2, x=3, val=127
POOL2 [t=25515000]: ch=1, y=2, x=3, val=41
POOL2 [t=25515000]: ch=2, y=2, x=3, val=127
POOL2 [t=25515000]: ch=3, y=2, x=3, val=0
POOL2 [t=25515000]: ch=4, y=2, x=3, val=58
POOL2 [t=25515000]: ch=5, y=2, x=3, val=40
POOL2 [t=25515000]: ch=6, y=2, x=3, val=41
POOL2 [t=25515000]: ch=7, y=2, x=3, val=127
POOL2 [t=25515000]: ch=8, y=2, x=3, val=127
POOL2 [t=25515000]: ch=9, y=2, x=3, val=95
POOL2 [t=25515000]: ch=10, y=2, x=3, val=127
POOL2 [t=25515000]: ch=11, y=2, x=3, val=85
POOL2 [t=25515000]: ch=12, y=2, x=3, val=65
POOL2 [t=25515000]: ch=13, y=2, x=3, val=91
POOL2 [t=25515000]: ch=14, y=2, x=3, val=52
POOL2 [t=25515000]: ch=15, y=2, x=3, val=125
CONV2 [t=25545000]: ch=0, y=6, x=0, val=127
CONV2 [t=25545000]: ch=1, y=6, x=0, val=9
CONV2 [t=25545000]: ch=2, y=6, x=0, val=127
CONV2 [t=25545000]: ch=3, y=6, x=0, val=0
CONV2 [t=25545000]: ch=4, y=6, x=0, val=58
CONV2 [t=25545000]: ch=5, y=6, x=0, val=24
CONV2 [t=25545000]: ch=6, y=6, x=0, val=9
CONV2 [t=25545000]: ch=7, y=6, x=0, val=115
CONV2 [t=25545000]: ch=8, y=6, x=0, val=127
CONV2 [t=25545000]: ch=9, y=6, x=0, val=79
CONV2 [t=25545000]: ch=10, y=6, x=0, val=127
CONV2 [t=25545000]: ch=11, y=6, x=0, val=69
CONV2 [t=25545000]: ch=12, y=6, x=0, val=49
CONV2 [t=25545000]: ch=13, y=6, x=0, val=43
CONV2 [t=25545000]: ch=14, y=6, x=0, val=36
CONV2 [t=25545000]: ch=15, y=6, x=0, val=93
CONV2 [t=25555000]: ch=0, y=6, x=1, val=127
CONV2 [t=25555000]: ch=1, y=6, x=1, val=121
CONV2 [t=25555000]: ch=2, y=6, x=1, val=127
CONV2 [t=25555000]: ch=3, y=6, x=1, val=59
CONV2 [t=25555000]: ch=4, y=6, x=1, val=127
CONV2 [t=25555000]: ch=5, y=6, x=1, val=127
CONV2 [t=25555000]: ch=6, y=6, x=1, val=127
CONV2 [t=25555000]: ch=7, y=6, x=1, val=127
CONV2 [t=25555000]: ch=8, y=6, x=1, val=127
CONV2 [t=25555000]: ch=9, y=6, x=1, val=127
CONV2 [t=25555000]: ch=10, y=6, x=1, val=127
CONV2 [t=25555000]: ch=11, y=6, x=1, val=127
CONV2 [t=25555000]: ch=12, y=6, x=1, val=127
CONV2 [t=25555000]: ch=13, y=6, x=1, val=127
CONV2 [t=25555000]: ch=14, y=6, x=1, val=127
CONV2 [t=25555000]: ch=15, y=6, x=1, val=127
CONV2 [t=25565000]: ch=0, y=6, x=2, val=127
CONV2 [t=25565000]: ch=1, y=6, x=2, val=121
CONV2 [t=25565000]: ch=2, y=6, x=2, val=127
CONV2 [t=25565000]: ch=3, y=6, x=2, val=59
CONV2 [t=25565000]: ch=4, y=6, x=2, val=127
CONV2 [t=25565000]: ch=5, y=6, x=2, val=127
CONV2 [t=25565000]: ch=6, y=6, x=2, val=127
CONV2 [t=25565000]: ch=7, y=6, x=2, val=127
CONV2 [t=25565000]: ch=8, y=6, x=2, val=127
CONV2 [t=25565000]: ch=9, y=6, x=2, val=127
CONV2 [t=25565000]: ch=10, y=6, x=2, val=127
CONV2 [t=25565000]: ch=11, y=6, x=2, val=127
CONV2 [t=25565000]: ch=12, y=6, x=2, val=127
CONV2 [t=25565000]: ch=13, y=6, x=2, val=127
CONV2 [t=25565000]: ch=14, y=6, x=2, val=127
CONV2 [t=25565000]: ch=15, y=6, x=2, val=127
CONV2 [t=25575000]: ch=0, y=6, x=3, val=127
CONV2 [t=25575000]: ch=1, y=6, x=3, val=89
CONV2 [t=25575000]: ch=2, y=6, x=3, val=127
CONV2 [t=25575000]: ch=3, y=6, x=3, val=0
CONV2 [t=25575000]: ch=4, y=6, x=3, val=127
CONV2 [t=25575000]: ch=5, y=6, x=3, val=104
CONV2 [t=25575000]: ch=6, y=6, x=3, val=121
CONV2 [t=25575000]: ch=7, y=6, x=3, val=127
CONV2 [t=25575000]: ch=8, y=6, x=3, val=127
CONV2 [t=25575000]: ch=9, y=6, x=3, val=111
CONV2 [t=25575000]: ch=10, y=6, x=3, val=127
CONV2 [t=25575000]: ch=11, y=6, x=3, val=127
CONV2 [t=25575000]: ch=12, y=6, x=3, val=113
CONV2 [t=25575000]: ch=13, y=6, x=3, val=127
CONV2 [t=25575000]: ch=14, y=6, x=3, val=100
CONV2 [t=25575000]: ch=15, y=6, x=3, val=127
CONV2 [t=25585000]: ch=0, y=6, x=4, val=127
CONV2 [t=25585000]: ch=1, y=6, x=4, val=9
CONV2 [t=25585000]: ch=2, y=6, x=4, val=127
CONV2 [t=25585000]: ch=3, y=6, x=4, val=0
CONV2 [t=25585000]: ch=4, y=6, x=4, val=58
CONV2 [t=25585000]: ch=5, y=6, x=4, val=24
CONV2 [t=25585000]: ch=6, y=6, x=4, val=9
CONV2 [t=25585000]: ch=7, y=6, x=4, val=115
CONV2 [t=25585000]: ch=8, y=6, x=4, val=127
CONV2 [t=25585000]: ch=9, y=6, x=4, val=79
CONV2 [t=25585000]: ch=10, y=6, x=4, val=127
CONV2 [t=25585000]: ch=11, y=6, x=4, val=69
CONV2 [t=25585000]: ch=12, y=6, x=4, val=49
CONV2 [t=25585000]: ch=13, y=6, x=4, val=43
CONV2 [t=25585000]: ch=14, y=6, x=4, val=36
CONV2 [t=25585000]: ch=15, y=6, x=4, val=93
CONV2 [t=25595000]: ch=0, y=6, x=5, val=127
CONV2 [t=25595000]: ch=1, y=6, x=5, val=9
CONV2 [t=25595000]: ch=2, y=6, x=5, val=127
CONV2 [t=25595000]: ch=3, y=6, x=5, val=0
CONV2 [t=25595000]: ch=4, y=6, x=5, val=58
CONV2 [t=25595000]: ch=5, y=6, x=5, val=24
CONV2 [t=25595000]: ch=6, y=6, x=5, val=9
CONV2 [t=25595000]: ch=7, y=6, x=5, val=115
CONV2 [t=25595000]: ch=8, y=6, x=5, val=127
CONV2 [t=25595000]: ch=9, y=6, x=5, val=79
CONV2 [t=25595000]: ch=10, y=6, x=5, val=127
CONV2 [t=25595000]: ch=11, y=6, x=5, val=69
CONV2 [t=25595000]: ch=12, y=6, x=5, val=49
CONV2 [t=25595000]: ch=13, y=6, x=5, val=43
CONV2 [t=25595000]: ch=14, y=6, x=5, val=36
CONV2 [t=25595000]: ch=15, y=6, x=5, val=93
CONV2 [t=25605000]: ch=0, y=6, x=6, val=127
CONV2 [t=25605000]: ch=1, y=6, x=6, val=9
CONV2 [t=25605000]: ch=2, y=6, x=6, val=127
CONV2 [t=25605000]: ch=3, y=6, x=6, val=0
CONV2 [t=25605000]: ch=4, y=6, x=6, val=58
CONV2 [t=25605000]: ch=5, y=6, x=6, val=24
CONV2 [t=25605000]: ch=6, y=6, x=6, val=9
CONV2 [t=25605000]: ch=7, y=6, x=6, val=115
CONV2 [t=25605000]: ch=8, y=6, x=6, val=127
CONV2 [t=25605000]: ch=9, y=6, x=6, val=79
CONV2 [t=25605000]: ch=10, y=6, x=6, val=127
CONV2 [t=25605000]: ch=11, y=6, x=6, val=69
CONV2 [t=25605000]: ch=12, y=6, x=6, val=49
CONV2 [t=25605000]: ch=13, y=6, x=6, val=43
CONV2 [t=25605000]: ch=14, y=6, x=6, val=36
CONV2 [t=25605000]: ch=15, y=6, x=6, val=93
CONV2 [t=25615000]: ch=0, y=6, x=7, val=127
CONV2 [t=25615000]: ch=1, y=6, x=7, val=9
CONV2 [t=25615000]: ch=2, y=6, x=7, val=127
CONV2 [t=25615000]: ch=3, y=6, x=7, val=0
CONV2 [t=25615000]: ch=4, y=6, x=7, val=58
CONV2 [t=25615000]: ch=5, y=6, x=7, val=24
CONV2 [t=25615000]: ch=6, y=6, x=7, val=9
CONV2 [t=25615000]: ch=7, y=6, x=7, val=115
CONV2 [t=25615000]: ch=8, y=6, x=7, val=127
CONV2 [t=25615000]: ch=9, y=6, x=7, val=79
CONV2 [t=25615000]: ch=10, y=6, x=7, val=127
CONV2 [t=25615000]: ch=11, y=6, x=7, val=69
CONV2 [t=25615000]: ch=12, y=6, x=7, val=49
CONV2 [t=25615000]: ch=13, y=6, x=7, val=43
CONV2 [t=25615000]: ch=14, y=6, x=7, val=36
CONV2 [t=25615000]: ch=15, y=6, x=7, val=93
CONV2 [t=25665000]: ch=0, y=7, x=0, val=127
CONV2 [t=25665000]: ch=1, y=7, x=0, val=9
CONV2 [t=25665000]: ch=2, y=7, x=0, val=127
CONV2 [t=25665000]: ch=3, y=7, x=0, val=0
CONV2 [t=25665000]: ch=4, y=7, x=0, val=58
CONV2 [t=25665000]: ch=5, y=7, x=0, val=24
CONV2 [t=25665000]: ch=6, y=7, x=0, val=9
CONV2 [t=25665000]: ch=7, y=7, x=0, val=115
CONV2 [t=25665000]: ch=8, y=7, x=0, val=127
CONV2 [t=25665000]: ch=9, y=7, x=0, val=79
CONV2 [t=25665000]: ch=10, y=7, x=0, val=127
CONV2 [t=25665000]: ch=11, y=7, x=0, val=69
CONV2 [t=25665000]: ch=12, y=7, x=0, val=49
CONV2 [t=25665000]: ch=13, y=7, x=0, val=43
CONV2 [t=25665000]: ch=14, y=7, x=0, val=36
CONV2 [t=25665000]: ch=15, y=7, x=0, val=93
CONV2 [t=25675000]: ch=0, y=7, x=1, val=127
CONV2 [t=25675000]: ch=1, y=7, x=1, val=9
CONV2 [t=25675000]: ch=2, y=7, x=1, val=97
CONV2 [t=25675000]: ch=3, y=7, x=1, val=0
CONV2 [t=25675000]: ch=4, y=7, x=1, val=10
CONV2 [t=25675000]: ch=5, y=7, x=1, val=72
CONV2 [t=25675000]: ch=6, y=7, x=1, val=121
CONV2 [t=25675000]: ch=7, y=7, x=1, val=127
CONV2 [t=25675000]: ch=8, y=7, x=1, val=127
CONV2 [t=25675000]: ch=9, y=7, x=1, val=63
CONV2 [t=25675000]: ch=10, y=7, x=1, val=127
CONV2 [t=25675000]: ch=11, y=7, x=1, val=117
CONV2 [t=25675000]: ch=12, y=7, x=1, val=97
CONV2 [t=25675000]: ch=13, y=7, x=1, val=127
CONV2 [t=25675000]: ch=14, y=7, x=1, val=84
CONV2 [t=25675000]: ch=15, y=7, x=1, val=109
CONV2 [t=25685000]: ch=0, y=7, x=2, val=127
CONV2 [t=25685000]: ch=1, y=7, x=2, val=73
CONV2 [t=25685000]: ch=2, y=7, x=2, val=127
CONV2 [t=25685000]: ch=3, y=7, x=2, val=27
CONV2 [t=25685000]: ch=4, y=7, x=2, val=74
CONV2 [t=25685000]: ch=5, y=7, x=2, val=120
CONV2 [t=25685000]: ch=6, y=7, x=2, val=127
CONV2 [t=25685000]: ch=7, y=7, x=2, val=127
CONV2 [t=25685000]: ch=8, y=7, x=2, val=127
CONV2 [t=25685000]: ch=9, y=7, x=2, val=127
CONV2 [t=25685000]: ch=10, y=7, x=2, val=127
CONV2 [t=25685000]: ch=11, y=7, x=2, val=127
CONV2 [t=25685000]: ch=12, y=7, x=2, val=127
CONV2 [t=25685000]: ch=13, y=7, x=2, val=127
CONV2 [t=25685000]: ch=14, y=7, x=2, val=116
CONV2 [t=25685000]: ch=15, y=7, x=2, val=127
CONV2 [t=25695000]: ch=0, y=7, x=3, val=127
CONV2 [t=25695000]: ch=1, y=7, x=3, val=89
CONV2 [t=25695000]: ch=2, y=7, x=3, val=127
CONV2 [t=25695000]: ch=3, y=7, x=3, val=0
CONV2 [t=25695000]: ch=4, y=7, x=3, val=106
CONV2 [t=25695000]: ch=5, y=7, x=3, val=72
CONV2 [t=25695000]: ch=6, y=7, x=3, val=73
CONV2 [t=25695000]: ch=7, y=7, x=3, val=127
CONV2 [t=25695000]: ch=8, y=7, x=3, val=127
CONV2 [t=25695000]: ch=9, y=7, x=3, val=111
CONV2 [t=25695000]: ch=10, y=7, x=3, val=127
CONV2 [t=25695000]: ch=11, y=7, x=3, val=127
CONV2 [t=25695000]: ch=12, y=7, x=3, val=97
CONV2 [t=25695000]: ch=13, y=7, x=3, val=127
CONV2 [t=25695000]: ch=14, y=7, x=3, val=68
CONV2 [t=25695000]: ch=15, y=7, x=3, val=127
POOL2 [t=25695000]: ch=0, y=3, x=0, val=127
POOL2 [t=25695000]: ch=1, y=3, x=0, val=121
POOL2 [t=25695000]: ch=2, y=3, x=0, val=127
POOL2 [t=25695000]: ch=3, y=3, x=0, val=59
POOL2 [t=25695000]: ch=4, y=3, x=0, val=127
POOL2 [t=25695000]: ch=5, y=3, x=0, val=127
POOL2 [t=25695000]: ch=6, y=3, x=0, val=127
POOL2 [t=25695000]: ch=7, y=3, x=0, val=127
POOL2 [t=25695000]: ch=8, y=3, x=0, val=127
POOL2 [t=25695000]: ch=9, y=3, x=0, val=127
POOL2 [t=25695000]: ch=10, y=3, x=0, val=127
POOL2 [t=25695000]: ch=11, y=3, x=0, val=127
POOL2 [t=25695000]: ch=12, y=3, x=0, val=127
POOL2 [t=25695000]: ch=13, y=3, x=0, val=127
POOL2 [t=25695000]: ch=14, y=3, x=0, val=127
POOL2 [t=25695000]: ch=15, y=3, x=0, val=127
CONV2 [t=25705000]: ch=0, y=7, x=4, val=127
CONV2 [t=25705000]: ch=1, y=7, x=4, val=0
CONV2 [t=25705000]: ch=2, y=7, x=4, val=97
CONV2 [t=25705000]: ch=3, y=7, x=4, val=0
CONV2 [t=25705000]: ch=4, y=7, x=4, val=26
CONV2 [t=25705000]: ch=5, y=7, x=4, val=0
CONV2 [t=25705000]: ch=6, y=7, x=4, val=0
CONV2 [t=25705000]: ch=7, y=7, x=4, val=67
CONV2 [t=25705000]: ch=8, y=7, x=4, val=127
CONV2 [t=25705000]: ch=9, y=7, x=4, val=63
CONV2 [t=25705000]: ch=10, y=7, x=4, val=121
CONV2 [t=25705000]: ch=11, y=7, x=4, val=53
CONV2 [t=25705000]: ch=12, y=7, x=4, val=33
CONV2 [t=25705000]: ch=13, y=7, x=4, val=27
CONV2 [t=25705000]: ch=14, y=7, x=4, val=4
CONV2 [t=25705000]: ch=15, y=7, x=4, val=93
CONV2 [t=25715000]: ch=0, y=7, x=5, val=127
CONV2 [t=25715000]: ch=1, y=7, x=5, val=0
CONV2 [t=25715000]: ch=2, y=7, x=5, val=97
CONV2 [t=25715000]: ch=3, y=7, x=5, val=0
CONV2 [t=25715000]: ch=4, y=7, x=5, val=26
CONV2 [t=25715000]: ch=5, y=7, x=5, val=0
CONV2 [t=25715000]: ch=6, y=7, x=5, val=0
CONV2 [t=25715000]: ch=7, y=7, x=5, val=67
CONV2 [t=25715000]: ch=8, y=7, x=5, val=127
CONV2 [t=25715000]: ch=9, y=7, x=5, val=63
CONV2 [t=25715000]: ch=10, y=7, x=5, val=121
CONV2 [t=25715000]: ch=11, y=7, x=5, val=53
CONV2 [t=25715000]: ch=12, y=7, x=5, val=33
CONV2 [t=25715000]: ch=13, y=7, x=5, val=27
CONV2 [t=25715000]: ch=14, y=7, x=5, val=4
CONV2 [t=25715000]: ch=15, y=7, x=5, val=93
POOL2 [t=25715000]: ch=0, y=3, x=1, val=127
POOL2 [t=25715000]: ch=1, y=3, x=1, val=121
POOL2 [t=25715000]: ch=2, y=3, x=1, val=127
POOL2 [t=25715000]: ch=3, y=3, x=1, val=59
POOL2 [t=25715000]: ch=4, y=3, x=1, val=127
POOL2 [t=25715000]: ch=5, y=3, x=1, val=127
POOL2 [t=25715000]: ch=6, y=3, x=1, val=127
POOL2 [t=25715000]: ch=7, y=3, x=1, val=127
POOL2 [t=25715000]: ch=8, y=3, x=1, val=127
POOL2 [t=25715000]: ch=9, y=3, x=1, val=127
POOL2 [t=25715000]: ch=10, y=3, x=1, val=127
POOL2 [t=25715000]: ch=11, y=3, x=1, val=127
POOL2 [t=25715000]: ch=12, y=3, x=1, val=127
POOL2 [t=25715000]: ch=13, y=3, x=1, val=127
POOL2 [t=25715000]: ch=14, y=3, x=1, val=127
POOL2 [t=25715000]: ch=15, y=3, x=1, val=127
CONV2 [t=25725000]: ch=0, y=7, x=6, val=127
CONV2 [t=25725000]: ch=1, y=7, x=6, val=0
CONV2 [t=25725000]: ch=2, y=7, x=6, val=97
CONV2 [t=25725000]: ch=3, y=7, x=6, val=0
CONV2 [t=25725000]: ch=4, y=7, x=6, val=26
CONV2 [t=25725000]: ch=5, y=7, x=6, val=0
CONV2 [t=25725000]: ch=6, y=7, x=6, val=0
CONV2 [t=25725000]: ch=7, y=7, x=6, val=67
CONV2 [t=25725000]: ch=8, y=7, x=6, val=127
CONV2 [t=25725000]: ch=9, y=7, x=6, val=63
CONV2 [t=25725000]: ch=10, y=7, x=6, val=121
CONV2 [t=25725000]: ch=11, y=7, x=6, val=53
CONV2 [t=25725000]: ch=12, y=7, x=6, val=33
CONV2 [t=25725000]: ch=13, y=7, x=6, val=27
CONV2 [t=25725000]: ch=14, y=7, x=6, val=4
CONV2 [t=25725000]: ch=15, y=7, x=6, val=93
CONV2 [t=25735000]: ch=0, y=7, x=7, val=127
CONV2 [t=25735000]: ch=1, y=7, x=7, val=0
CONV2 [t=25735000]: ch=2, y=7, x=7, val=97
CONV2 [t=25735000]: ch=3, y=7, x=7, val=0
CONV2 [t=25735000]: ch=4, y=7, x=7, val=26
CONV2 [t=25735000]: ch=5, y=7, x=7, val=0
CONV2 [t=25735000]: ch=6, y=7, x=7, val=0
CONV2 [t=25735000]: ch=7, y=7, x=7, val=67
CONV2 [t=25735000]: ch=8, y=7, x=7, val=127
CONV2 [t=25735000]: ch=9, y=7, x=7, val=63
CONV2 [t=25735000]: ch=10, y=7, x=7, val=121
CONV2 [t=25735000]: ch=11, y=7, x=7, val=53
CONV2 [t=25735000]: ch=12, y=7, x=7, val=33
CONV2 [t=25735000]: ch=13, y=7, x=7, val=27
CONV2 [t=25735000]: ch=14, y=7, x=7, val=4
CONV2 [t=25735000]: ch=15, y=7, x=7, val=93
POOL2 [t=25735000]: ch=0, y=3, x=2, val=127
POOL2 [t=25735000]: ch=1, y=3, x=2, val=9
POOL2 [t=25735000]: ch=2, y=3, x=2, val=127
POOL2 [t=25735000]: ch=3, y=3, x=2, val=0
POOL2 [t=25735000]: ch=4, y=3, x=2, val=58
POOL2 [t=25735000]: ch=5, y=3, x=2, val=24
POOL2 [t=25735000]: ch=6, y=3, x=2, val=9
POOL2 [t=25735000]: ch=7, y=3, x=2, val=115
POOL2 [t=25735000]: ch=8, y=3, x=2, val=127
POOL2 [t=25735000]: ch=9, y=3, x=2, val=79
POOL2 [t=25735000]: ch=10, y=3, x=2, val=127
POOL2 [t=25735000]: ch=11, y=3, x=2, val=69
POOL2 [t=25735000]: ch=12, y=3, x=2, val=49
POOL2 [t=25735000]: ch=13, y=3, x=2, val=43
POOL2 [t=25735000]: ch=14, y=3, x=2, val=36
POOL2 [t=25735000]: ch=15, y=3, x=2, val=93
POOL2 [t=25755000]: ch=0, y=3, x=3, val=127
POOL2 [t=25755000]: ch=1, y=3, x=3, val=9
POOL2 [t=25755000]: ch=2, y=3, x=3, val=127
POOL2 [t=25755000]: ch=3, y=3, x=3, val=0
POOL2 [t=25755000]: ch=4, y=3, x=3, val=58
POOL2 [t=25755000]: ch=5, y=3, x=3, val=24
POOL2 [t=25755000]: ch=6, y=3, x=3, val=9
POOL2 [t=25755000]: ch=7, y=3, x=3, val=115
POOL2 [t=25755000]: ch=8, y=3, x=3, val=127
POOL2 [t=25755000]: ch=9, y=3, x=3, val=79
POOL2 [t=25755000]: ch=10, y=3, x=3, val=127
POOL2 [t=25755000]: ch=11, y=3, x=3, val=69
POOL2 [t=25755000]: ch=12, y=3, x=3, val=49
POOL2 [t=25755000]: ch=13, y=3, x=3, val=43
POOL2 [t=25755000]: ch=14, y=3, x=3, val=36
POOL2 [t=25755000]: ch=15, y=3, x=3, val=93
CONV2 [t=25785000]: ch=0, y=0, x=0, val=127
CONV2 [t=25785000]: ch=1, y=0, x=0, val=0
CONV2 [t=25785000]: ch=2, y=0, x=0, val=97
CONV2 [t=25785000]: ch=3, y=0, x=0, val=0
CONV2 [t=25785000]: ch=4, y=0, x=0, val=26
CONV2 [t=25785000]: ch=5, y=0, x=0, val=0
CONV2 [t=25785000]: ch=6, y=0, x=0, val=0
CONV2 [t=25785000]: ch=7, y=0, x=0, val=67
CONV2 [t=25785000]: ch=8, y=0, x=0, val=127
CONV2 [t=25785000]: ch=9, y=0, x=0, val=63
CONV2 [t=25785000]: ch=10, y=0, x=0, val=121
CONV2 [t=25785000]: ch=11, y=0, x=0, val=53
CONV2 [t=25785000]: ch=12, y=0, x=0, val=33
CONV2 [t=25785000]: ch=13, y=0, x=0, val=27
CONV2 [t=25785000]: ch=14, y=0, x=0, val=4
CONV2 [t=25785000]: ch=15, y=0, x=0, val=93
CONV2 [t=25795000]: ch=0, y=0, x=1, val=127
CONV2 [t=25795000]: ch=1, y=0, x=1, val=25
CONV2 [t=25795000]: ch=2, y=0, x=1, val=113
CONV2 [t=25795000]: ch=3, y=0, x=1, val=0
CONV2 [t=25795000]: ch=4, y=0, x=1, val=58
CONV2 [t=25795000]: ch=5, y=0, x=1, val=88
CONV2 [t=25795000]: ch=6, y=0, x=1, val=127
CONV2 [t=25795000]: ch=7, y=0, x=1, val=127
CONV2 [t=25795000]: ch=8, y=0, x=1, val=127
CONV2 [t=25795000]: ch=9, y=0, x=1, val=95
CONV2 [t=25795000]: ch=10, y=0, x=1, val=127
CONV2 [t=25795000]: ch=11, y=0, x=1, val=127
CONV2 [t=25795000]: ch=12, y=0, x=1, val=97
CONV2 [t=25795000]: ch=13, y=0, x=1, val=123
CONV2 [t=25795000]: ch=14, y=0, x=1, val=100
CONV2 [t=25795000]: ch=15, y=0, x=1, val=93
CONV2 [t=25805000]: ch=0, y=0, x=2, val=127
CONV2 [t=25805000]: ch=1, y=0, x=2, val=73
CONV2 [t=25805000]: ch=2, y=0, x=2, val=127
CONV2 [t=25805000]: ch=3, y=0, x=2, val=59
CONV2 [t=25805000]: ch=4, y=0, x=2, val=90
CONV2 [t=25805000]: ch=5, y=0, x=2, val=120
CONV2 [t=25805000]: ch=6, y=0, x=2, val=127
CONV2 [t=25805000]: ch=7, y=0, x=2, val=127
CONV2 [t=25805000]: ch=8, y=0, x=2, val=127
CONV2 [t=25805000]: ch=9, y=0, x=2, val=127
CONV2 [t=25805000]: ch=10, y=0, x=2, val=127
CONV2 [t=25805000]: ch=11, y=0, x=2, val=127
CONV2 [t=25805000]: ch=12, y=0, x=2, val=127
CONV2 [t=25805000]: ch=13, y=0, x=2, val=127
CONV2 [t=25805000]: ch=14, y=0, x=2, val=116
CONV2 [t=25805000]: ch=15, y=0, x=2, val=127
CONV2 [t=25815000]: ch=0, y=0, x=3, val=127
CONV2 [t=25815000]: ch=1, y=0, x=3, val=41
CONV2 [t=25815000]: ch=2, y=0, x=3, val=127
CONV2 [t=25815000]: ch=3, y=0, x=3, val=0
CONV2 [t=25815000]: ch=4, y=0, x=3, val=58
CONV2 [t=25815000]: ch=5, y=0, x=3, val=24
CONV2 [t=25815000]: ch=6, y=0, x=3, val=25
CONV2 [t=25815000]: ch=7, y=0, x=3, val=127
CONV2 [t=25815000]: ch=8, y=0, x=3, val=127
CONV2 [t=25815000]: ch=9, y=0, x=3, val=95
CONV2 [t=25815000]: ch=10, y=0, x=3, val=127
CONV2 [t=25815000]: ch=11, y=0, x=3, val=85
CONV2 [t=25815000]: ch=12, y=0, x=3, val=49
CONV2 [t=25815000]: ch=13, y=0, x=3, val=75
CONV2 [t=25815000]: ch=14, y=0, x=3, val=52
CONV2 [t=25815000]: ch=15, y=0, x=3, val=125
CONV2 [t=25825000]: ch=0, y=0, x=4, val=127
CONV2 [t=25825000]: ch=1, y=0, x=4, val=0
CONV2 [t=25825000]: ch=2, y=0, x=4, val=97
CONV2 [t=25825000]: ch=3, y=0, x=4, val=0
CONV2 [t=25825000]: ch=4, y=0, x=4, val=26
CONV2 [t=25825000]: ch=5, y=0, x=4, val=0
CONV2 [t=25825000]: ch=6, y=0, x=4, val=0
CONV2 [t=25825000]: ch=7, y=0, x=4, val=67
CONV2 [t=25825000]: ch=8, y=0, x=4, val=127
CONV2 [t=25825000]: ch=9, y=0, x=4, val=63
CONV2 [t=25825000]: ch=10, y=0, x=4, val=121
CONV2 [t=25825000]: ch=11, y=0, x=4, val=53
CONV2 [t=25825000]: ch=12, y=0, x=4, val=33
CONV2 [t=25825000]: ch=13, y=0, x=4, val=27
CONV2 [t=25825000]: ch=14, y=0, x=4, val=4
CONV2 [t=25825000]: ch=15, y=0, x=4, val=93
CONV2 [t=25835000]: ch=0, y=0, x=5, val=127
CONV2 [t=25835000]: ch=1, y=0, x=5, val=0
CONV2 [t=25835000]: ch=2, y=0, x=5, val=97
CONV2 [t=25835000]: ch=3, y=0, x=5, val=0
CONV2 [t=25835000]: ch=4, y=0, x=5, val=26
CONV2 [t=25835000]: ch=5, y=0, x=5, val=0
CONV2 [t=25835000]: ch=6, y=0, x=5, val=0
CONV2 [t=25835000]: ch=7, y=0, x=5, val=67
CONV2 [t=25835000]: ch=8, y=0, x=5, val=127
CONV2 [t=25835000]: ch=9, y=0, x=5, val=63
CONV2 [t=25835000]: ch=10, y=0, x=5, val=121
CONV2 [t=25835000]: ch=11, y=0, x=5, val=53
CONV2 [t=25835000]: ch=12, y=0, x=5, val=33
CONV2 [t=25835000]: ch=13, y=0, x=5, val=27
CONV2 [t=25835000]: ch=14, y=0, x=5, val=4
CONV2 [t=25835000]: ch=15, y=0, x=5, val=93
CONV2 [t=25845000]: ch=0, y=0, x=6, val=127
CONV2 [t=25845000]: ch=1, y=0, x=6, val=0
CONV2 [t=25845000]: ch=2, y=0, x=6, val=97
CONV2 [t=25845000]: ch=3, y=0, x=6, val=0
CONV2 [t=25845000]: ch=4, y=0, x=6, val=26
CONV2 [t=25845000]: ch=5, y=0, x=6, val=0
CONV2 [t=25845000]: ch=6, y=0, x=6, val=0
CONV2 [t=25845000]: ch=7, y=0, x=6, val=67
CONV2 [t=25845000]: ch=8, y=0, x=6, val=127
CONV2 [t=25845000]: ch=9, y=0, x=6, val=63
CONV2 [t=25845000]: ch=10, y=0, x=6, val=121
CONV2 [t=25845000]: ch=11, y=0, x=6, val=53
CONV2 [t=25845000]: ch=12, y=0, x=6, val=33
CONV2 [t=25845000]: ch=13, y=0, x=6, val=27
CONV2 [t=25845000]: ch=14, y=0, x=6, val=4
CONV2 [t=25845000]: ch=15, y=0, x=6, val=93
CONV2 [t=25855000]: ch=0, y=0, x=7, val=127
CONV2 [t=25855000]: ch=1, y=0, x=7, val=0
CONV2 [t=25855000]: ch=2, y=0, x=7, val=97
CONV2 [t=25855000]: ch=3, y=0, x=7, val=0
CONV2 [t=25855000]: ch=4, y=0, x=7, val=26
CONV2 [t=25855000]: ch=5, y=0, x=7, val=0
CONV2 [t=25855000]: ch=6, y=0, x=7, val=0
CONV2 [t=25855000]: ch=7, y=0, x=7, val=67
CONV2 [t=25855000]: ch=8, y=0, x=7, val=127
CONV2 [t=25855000]: ch=9, y=0, x=7, val=63
CONV2 [t=25855000]: ch=10, y=0, x=7, val=121
CONV2 [t=25855000]: ch=11, y=0, x=7, val=53
CONV2 [t=25855000]: ch=12, y=0, x=7, val=33
CONV2 [t=25855000]: ch=13, y=0, x=7, val=27
CONV2 [t=25855000]: ch=14, y=0, x=7, val=4
CONV2 [t=25855000]: ch=15, y=0, x=7, val=93
FLATTEN [t=25975000]: idx=0, val=127
FLATTEN [t=25985000]: idx=1, val=127
FLATTEN [t=25995000]: idx=2, val=127
FLATTEN [t=26005000]: idx=3, val=127
FLATTEN [t=26015000]: idx=4, val=127
FLATTEN [t=26025000]: idx=5, val=127
FLATTEN [t=26035000]: idx=6, val=127
FLATTEN [t=26045000]: idx=7, val=127
FLATTEN [t=26055000]: idx=8, val=127
FLATTEN [t=26065000]: idx=9, val=127
FLATTEN [t=28435000]: idx=246, val=93
FLATTEN [t=28445000]: idx=247, val=93
FLATTEN [t=28455000]: idx=248, val=93
FLATTEN [t=28465000]: idx=249, val=93
FLATTEN [t=28475000]: idx=250, val=93
FLATTEN [t=28485000]: idx=251, val=93
FLATTEN [t=28495000]: idx=252, val=93
FLATTEN [t=28505000]: idx=253, val=93
FLATTEN [t=28515000]: idx=254, val=93
FLATTEN [t=28525000]: idx=255, val=93
FLATTEN [t=28535000]: idx=0, val=127
FLATTEN [t=28545000]: idx=1, val=127
FLATTEN [t=28555000]: idx=2, val=127
FLATTEN [t=28565000]: idx=3, val=127
FLATTEN [t=28575000]: idx=4, val=127
FLATTEN [t=28585000]: idx=5, val=127
FLATTEN [t=28595000]: idx=6, val=127
FLATTEN [t=28605000]: idx=7, val=127
FLATTEN [t=28615000]: idx=8, val=127
FLATTEN [t=28625000]: idx=9, val=127
FLATTEN [t=30995000]: idx=246, val=93
FLATTEN [t=31005000]: idx=247, val=93
FLATTEN [t=31015000]: idx=248, val=93
FLATTEN [t=31025000]: idx=249, val=93
FLATTEN [t=31035000]: idx=250, val=93
FLATTEN [t=31045000]: idx=251, val=93
FLATTEN [t=31055000]: idx=252, val=93
FLATTEN [t=31065000]: idx=253, val=93
FLATTEN [t=31075000]: idx=254, val=93
FLATTEN [t=31085000]: idx=255, val=93
FLATTEN [t=31095000]: idx=0, val=127
FLATTEN [t=31105000]: idx=1, val=127
FLATTEN [t=31115000]: idx=2, val=127
FLATTEN [t=31125000]: idx=3, val=127
FLATTEN [t=31135000]: idx=4, val=127
FC1 [t=31135000]: idx=0, val=15
FLATTEN [t=31145000]: idx=5, val=127
FLATTEN [t=31155000]: idx=6, val=127
FLATTEN [t=31165000]: idx=7, val=127
FLATTEN [t=31175000]: idx=8, val=127
FLATTEN [t=31185000]: idx=9, val=127
FLATTEN [t=33555000]: idx=246, val=93
FLATTEN [t=33565000]: idx=247, val=93
FLATTEN [t=33575000]: idx=248, val=93
FLATTEN [t=33585000]: idx=249, val=93
FLATTEN [t=33595000]: idx=250, val=93
FLATTEN [t=33605000]: idx=251, val=93
FLATTEN [t=33615000]: idx=252, val=93
FLATTEN [t=33625000]: idx=253, val=93
FLATTEN [t=33635000]: idx=254, val=93
FLATTEN [t=33645000]: idx=255, val=93
FLATTEN [t=33655000]: idx=0, val=127
FLATTEN [t=33665000]: idx=1, val=127
FLATTEN [t=33675000]: idx=2, val=127
FLATTEN [t=33685000]: idx=3, val=127
FLATTEN [t=33695000]: idx=4, val=127
FLATTEN [t=33705000]: idx=5, val=127
FLATTEN [t=33715000]: idx=6, val=127
FLATTEN [t=33725000]: idx=7, val=127
FC1 [t=33725000]: idx=1, val=0
FLATTEN [t=33735000]: idx=8, val=127
FLATTEN [t=33745000]: idx=9, val=127
FLATTEN [t=36115000]: idx=246, val=93
FLATTEN [t=36125000]: idx=247, val=93
FLATTEN [t=36135000]: idx=248, val=93
FLATTEN [t=36145000]: idx=249, val=93
FLATTEN [t=36155000]: idx=250, val=93
FLATTEN [t=36165000]: idx=251, val=93
FLATTEN [t=36175000]: idx=252, val=93
FLATTEN [t=36185000]: idx=253, val=93
FLATTEN [t=36195000]: idx=254, val=93
FLATTEN [t=36205000]: idx=255, val=93
FLATTEN [t=36215000]: idx=0, val=127
FLATTEN [t=36225000]: idx=1, val=127
FLATTEN [t=36235000]: idx=2, val=127
FLATTEN [t=36245000]: idx=3, val=127
FLATTEN [t=36255000]: idx=4, val=127
FLATTEN [t=36265000]: idx=5, val=127
FLATTEN [t=36275000]: idx=6, val=127
FLATTEN [t=36285000]: idx=7, val=127
FLATTEN [t=36295000]: idx=8, val=127
FLATTEN [t=36305000]: idx=9, val=127
FC1 [t=36315000]: idx=2, val=0
FLATTEN [t=38675000]: idx=246, val=93
FLATTEN [t=38685000]: idx=247, val=93
FLATTEN [t=38695000]: idx=248, val=93
FLATTEN [t=38705000]: idx=249, val=93
FLATTEN [t=38715000]: idx=250, val=93
FLATTEN [t=38725000]: idx=251, val=93
FLATTEN [t=38735000]: idx=252, val=93
FLATTEN [t=38745000]: idx=253, val=93
FLATTEN [t=38755000]: idx=254, val=93
FLATTEN [t=38765000]: idx=255, val=93
FLATTEN [t=38775000]: idx=0, val=127
FLATTEN [t=38785000]: idx=1, val=127
FLATTEN [t=38795000]: idx=2, val=127
FLATTEN [t=38805000]: idx=3, val=127
FLATTEN [t=38815000]: idx=4, val=127
FLATTEN [t=38825000]: idx=5, val=127
FLATTEN [t=38835000]: idx=6, val=127
FLATTEN [t=38845000]: idx=7, val=127
FLATTEN [t=38855000]: idx=8, val=127
FLATTEN [t=38865000]: idx=9, val=127
FC1 [t=38905000]: idx=3, val=43
FLATTEN [t=41235000]: idx=246, val=93
FLATTEN [t=41245000]: idx=247, val=93
FLATTEN [t=41255000]: idx=248, val=93
FLATTEN [t=41265000]: idx=249, val=93
FLATTEN [t=41275000]: idx=250, val=93
FLATTEN [t=41285000]: idx=251, val=93
FLATTEN [t=41295000]: idx=252, val=93
FLATTEN [t=41305000]: idx=253, val=93
FLATTEN [t=41315000]: idx=254, val=93
FLATTEN [t=41325000]: idx=255, val=93
FLATTEN [t=41335000]: idx=0, val=127
FLATTEN [t=41345000]: idx=1, val=127
FLATTEN [t=41355000]: idx=2, val=127
FLATTEN [t=41365000]: idx=3, val=127
FLATTEN [t=41375000]: idx=4, val=127
FLATTEN [t=41385000]: idx=5, val=127
FLATTEN [t=41395000]: idx=6, val=127
FLATTEN [t=41405000]: idx=7, val=127
FLATTEN [t=41415000]: idx=8, val=127
FLATTEN [t=41425000]: idx=9, val=127
FC1 [t=41495000]: idx=4, val=36
FLATTEN [t=43795000]: idx=246, val=93
FLATTEN [t=43805000]: idx=247, val=93
FLATTEN [t=43815000]: idx=248, val=93
FLATTEN [t=43825000]: idx=249, val=93
FLATTEN [t=43835000]: idx=250, val=93
FLATTEN [t=43845000]: idx=251, val=93
FLATTEN [t=43855000]: idx=252, val=93
FLATTEN [t=43865000]: idx=253, val=93
FLATTEN [t=43875000]: idx=254, val=93
FLATTEN [t=43885000]: idx=255, val=93
FLATTEN [t=43895000]: idx=0, val=127
FLATTEN [t=43905000]: idx=1, val=127
FLATTEN [t=43915000]: idx=2, val=127
FLATTEN [t=43925000]: idx=3, val=127
FLATTEN [t=43935000]: idx=4, val=127
FLATTEN [t=43945000]: idx=5, val=127
FLATTEN [t=43955000]: idx=6, val=127
FLATTEN [t=43965000]: idx=7, val=127
FLATTEN [t=43975000]: idx=8, val=127
FLATTEN [t=43985000]: idx=9, val=127
FC1 [t=44085000]: idx=5, val=0
FLATTEN [t=46355000]: idx=246, val=93
FLATTEN [t=46365000]: idx=247, val=93
FLATTEN [t=46375000]: idx=248, val=93
FLATTEN [t=46385000]: idx=249, val=93
FLATTEN [t=46395000]: idx=250, val=93
FLATTEN [t=46405000]: idx=251, val=93
FLATTEN [t=46415000]: idx=252, val=93
FLATTEN [t=46425000]: idx=253, val=93
FLATTEN [t=46435000]: idx=254, val=93
FLATTEN [t=46445000]: idx=255, val=93
FLATTEN [t=46455000]: idx=0, val=127
FLATTEN [t=46465000]: idx=1, val=127
FLATTEN [t=46475000]: idx=2, val=127
FLATTEN [t=46485000]: idx=3, val=127
FLATTEN [t=46495000]: idx=4, val=127
FLATTEN [t=46505000]: idx=5, val=127
FLATTEN [t=46515000]: idx=6, val=127
FLATTEN [t=46525000]: idx=7, val=127
FLATTEN [t=46535000]: idx=8, val=127
FLATTEN [t=46545000]: idx=9, val=127
FC1 [t=46675000]: idx=6, val=0
FLATTEN [t=48915000]: idx=246, val=93
FLATTEN [t=48925000]: idx=247, val=93
FLATTEN [t=48935000]: idx=248, val=93
FLATTEN [t=48945000]: idx=249, val=93
FLATTEN [t=48955000]: idx=250, val=93
FLATTEN [t=48965000]: idx=251, val=93
FLATTEN [t=48975000]: idx=252, val=93
FLATTEN [t=48985000]: idx=253, val=93
FLATTEN [t=48995000]: idx=254, val=93
FLATTEN [t=49005000]: idx=255, val=93
FLATTEN [t=49015000]: idx=0, val=127
FLATTEN [t=49025000]: idx=1, val=127
FLATTEN [t=49035000]: idx=2, val=127
FLATTEN [t=49045000]: idx=3, val=127
FLATTEN [t=49055000]: idx=4, val=127
FLATTEN [t=49065000]: idx=5, val=127
FLATTEN [t=49075000]: idx=6, val=127
FLATTEN [t=49085000]: idx=7, val=127
FLATTEN [t=49095000]: idx=8, val=127
FLATTEN [t=49105000]: idx=9, val=127
FC1 [t=49265000]: idx=7, val=37
FLATTEN [t=51475000]: idx=246, val=93
FLATTEN [t=51485000]: idx=247, val=93
FLATTEN [t=51495000]: idx=248, val=93
FLATTEN [t=51505000]: idx=249, val=93
FLATTEN [t=51515000]: idx=250, val=93
FLATTEN [t=51525000]: idx=251, val=93
FLATTEN [t=51535000]: idx=252, val=93
FLATTEN [t=51545000]: idx=253, val=93
FLATTEN [t=51555000]: idx=254, val=93
FLATTEN [t=51565000]: idx=255, val=93
FLATTEN [t=51575000]: idx=0, val=127
FLATTEN [t=51585000]: idx=1, val=127
FLATTEN [t=51595000]: idx=2, val=127
FLATTEN [t=51605000]: idx=3, val=127
FLATTEN [t=51615000]: idx=4, val=127
FLATTEN [t=51625000]: idx=5, val=127
FLATTEN [t=51635000]: idx=6, val=127
FLATTEN [t=51645000]: idx=7, val=127
FLATTEN [t=51655000]: idx=8, val=127
FLATTEN [t=51665000]: idx=9, val=127
FC1 [t=51855000]: idx=8, val=24
FLATTEN [t=54035000]: idx=246, val=93
FLATTEN [t=54045000]: idx=247, val=93
FLATTEN [t=54055000]: idx=248, val=93
FLATTEN [t=54065000]: idx=249, val=93
FLATTEN [t=54075000]: idx=250, val=93
FLATTEN [t=54085000]: idx=251, val=93
FLATTEN [t=54095000]: idx=252, val=93
FLATTEN [t=54105000]: idx=253, val=93
FLATTEN [t=54115000]: idx=254, val=93
FLATTEN [t=54125000]: idx=255, val=93
FLATTEN [t=54135000]: idx=0, val=127
FLATTEN [t=54145000]: idx=1, val=127
FLATTEN [t=54155000]: idx=2, val=127
FLATTEN [t=54165000]: idx=3, val=127
FLATTEN [t=54175000]: idx=4, val=127
FLATTEN [t=54185000]: idx=5, val=127
FLATTEN [t=54195000]: idx=6, val=127
FLATTEN [t=54205000]: idx=7, val=127
FLATTEN [t=54215000]: idx=8, val=127
FLATTEN [t=54225000]: idx=9, val=127
FC1 [t=54445000]: idx=9, val=0
FLATTEN [t=56595000]: idx=246, val=93
FLATTEN [t=56605000]: idx=247, val=93
FLATTEN [t=56615000]: idx=248, val=93
FLATTEN [t=56625000]: idx=249, val=93
FLATTEN [t=56635000]: idx=250, val=93
FLATTEN [t=56645000]: idx=251, val=93
FLATTEN [t=56655000]: idx=252, val=93
FLATTEN [t=56665000]: idx=253, val=93
FLATTEN [t=56675000]: idx=254, val=93
FLATTEN [t=56685000]: idx=255, val=93
FLATTEN [t=56695000]: idx=0, val=127
FLATTEN [t=56705000]: idx=1, val=127
FLATTEN [t=56715000]: idx=2, val=127
FLATTEN [t=56725000]: idx=3, val=127
FLATTEN [t=56735000]: idx=4, val=127
FLATTEN [t=56745000]: idx=5, val=127
FLATTEN [t=56755000]: idx=6, val=127
FLATTEN [t=56765000]: idx=7, val=127
FLATTEN [t=56775000]: idx=8, val=127
FLATTEN [t=56785000]: idx=9, val=127
FC1 [t=57035000]: idx=10, val=44
FLATTEN [t=59155000]: idx=246, val=93
FLATTEN [t=59165000]: idx=247, val=93
FLATTEN [t=59175000]: idx=248, val=93
FLATTEN [t=59185000]: idx=249, val=93
FLATTEN [t=59195000]: idx=250, val=93
FLATTEN [t=59205000]: idx=251, val=93
FLATTEN [t=59215000]: idx=252, val=93
FLATTEN [t=59225000]: idx=253, val=93
FLATTEN [t=59235000]: idx=254, val=93
FLATTEN [t=59245000]: idx=255, val=93
FLATTEN [t=59255000]: idx=0, val=127
FLATTEN [t=59265000]: idx=1, val=127
FLATTEN [t=59275000]: idx=2, val=127
FLATTEN [t=59285000]: idx=3, val=127
FLATTEN [t=59295000]: idx=4, val=127
FLATTEN [t=59305000]: idx=5, val=127
FLATTEN [t=59315000]: idx=6, val=127
FLATTEN [t=59325000]: idx=7, val=127
FLATTEN [t=59335000]: idx=8, val=127
FLATTEN [t=59345000]: idx=9, val=127
FC1 [t=59625000]: idx=11, val=25
FLATTEN [t=61715000]: idx=246, val=93
FLATTEN [t=61725000]: idx=247, val=93
FLATTEN [t=61735000]: idx=248, val=93
FLATTEN [t=61745000]: idx=249, val=93
FLATTEN [t=61755000]: idx=250, val=93
FLATTEN [t=61765000]: idx=251, val=93
FLATTEN [t=61775000]: idx=252, val=93
FLATTEN [t=61785000]: idx=253, val=93
FLATTEN [t=61795000]: idx=254, val=93
FLATTEN [t=61805000]: idx=255, val=93
FLATTEN [t=61815000]: idx=0, val=127
FLATTEN [t=61825000]: idx=1, val=127
FLATTEN [t=61835000]: idx=2, val=127
FLATTEN [t=61845000]: idx=3, val=127
FLATTEN [t=61855000]: idx=4, val=127
FLATTEN [t=61865000]: idx=5, val=127
FLATTEN [t=61875000]: idx=6, val=127
FLATTEN [t=61885000]: idx=7, val=127
FLATTEN [t=61895000]: idx=8, val=127
FLATTEN [t=61905000]: idx=9, val=127
FC1 [t=62215000]: idx=12, val=0
FLATTEN [t=64275000]: idx=246, val=93
FLATTEN [t=64285000]: idx=247, val=93
FLATTEN [t=64295000]: idx=248, val=93
FLATTEN [t=64305000]: idx=249, val=93
FLATTEN [t=64315000]: idx=250, val=93
FLATTEN [t=64325000]: idx=251, val=93
FLATTEN [t=64335000]: idx=252, val=93
FLATTEN [t=64345000]: idx=253, val=93
FLATTEN [t=64355000]: idx=254, val=93
FLATTEN [t=64365000]: idx=255, val=93
FLATTEN [t=64375000]: idx=0, val=127
FLATTEN [t=64385000]: idx=1, val=127
FLATTEN [t=64395000]: idx=2, val=127
FLATTEN [t=64405000]: idx=3, val=127
FLATTEN [t=64415000]: idx=4, val=127
FLATTEN [t=64425000]: idx=5, val=127
FLATTEN [t=64435000]: idx=6, val=127
FLATTEN [t=64445000]: idx=7, val=127
FLATTEN [t=64455000]: idx=8, val=127
FLATTEN [t=64465000]: idx=9, val=127
FC1 [t=64805000]: idx=13, val=41
FLATTEN [t=66835000]: idx=246, val=93
FLATTEN [t=66845000]: idx=247, val=93
FLATTEN [t=66855000]: idx=248, val=93
FLATTEN [t=66865000]: idx=249, val=93
FLATTEN [t=66875000]: idx=250, val=93
FLATTEN [t=66885000]: idx=251, val=93
FLATTEN [t=66895000]: idx=252, val=93
FLATTEN [t=66905000]: idx=253, val=93
FLATTEN [t=66915000]: idx=254, val=93
FLATTEN [t=66925000]: idx=255, val=93
FLATTEN [t=66935000]: idx=0, val=127
FLATTEN [t=66945000]: idx=1, val=127
FLATTEN [t=66955000]: idx=2, val=127
FLATTEN [t=66965000]: idx=3, val=127
FLATTEN [t=66975000]: idx=4, val=127
FLATTEN [t=66985000]: idx=5, val=127
FLATTEN [t=66995000]: idx=6, val=127
FLATTEN [t=67005000]: idx=7, val=127
FLATTEN [t=67015000]: idx=8, val=127
FLATTEN [t=67025000]: idx=9, val=127
FC1 [t=67395000]: idx=14, val=0
FLATTEN [t=69395000]: idx=246, val=93
FLATTEN [t=69405000]: idx=247, val=93
FLATTEN [t=69415000]: idx=248, val=93
FLATTEN [t=69425000]: idx=249, val=93
FLATTEN [t=69435000]: idx=250, val=93
FLATTEN [t=69445000]: idx=251, val=93
FLATTEN [t=69455000]: idx=252, val=93
FLATTEN [t=69465000]: idx=253, val=93
FLATTEN [t=69475000]: idx=254, val=93
FLATTEN [t=69485000]: idx=255, val=93
FLATTEN [t=69495000]: idx=0, val=127
FLATTEN [t=69505000]: idx=1, val=127
FLATTEN [t=69515000]: idx=2, val=127
FLATTEN [t=69525000]: idx=3, val=127
FLATTEN [t=69535000]: idx=4, val=127
FLATTEN [t=69545000]: idx=5, val=127
FLATTEN [t=69555000]: idx=6, val=127
FLATTEN [t=69565000]: idx=7, val=127
FLATTEN [t=69575000]: idx=8, val=127
FLATTEN [t=69585000]: idx=9, val=127
FC1 [t=69985000]: idx=15, val=0
FLATTEN [t=71955000]: idx=246, val=93
FLATTEN [t=71965000]: idx=247, val=93
FLATTEN [t=71975000]: idx=248, val=93
FLATTEN [t=71985000]: idx=249, val=93
FLATTEN [t=71995000]: idx=250, val=93
FLATTEN [t=72005000]: idx=251, val=93
FLATTEN [t=72015000]: idx=252, val=93
FLATTEN [t=72025000]: idx=253, val=93
FLATTEN [t=72035000]: idx=254, val=93
FLATTEN [t=72045000]: idx=255, val=93
FLATTEN [t=72055000]: idx=0, val=127
FLATTEN [t=72065000]: idx=1, val=127
FLATTEN [t=72075000]: idx=2, val=127
FLATTEN [t=72085000]: idx=3, val=127
FLATTEN [t=72095000]: idx=4, val=127
FLATTEN [t=72105000]: idx=5, val=127
FLATTEN [t=72115000]: idx=6, val=127
FLATTEN [t=72125000]: idx=7, val=127
FLATTEN [t=72135000]: idx=8, val=127
FLATTEN [t=72145000]: idx=9, val=127
FC1 [t=72575000]: idx=16, val=49
FLATTEN [t=74515000]: idx=246, val=93
FLATTEN [t=74525000]: idx=247, val=93
FLATTEN [t=74535000]: idx=248, val=93
FLATTEN [t=74545000]: idx=249, val=93
FLATTEN [t=74555000]: idx=250, val=93
FLATTEN [t=74565000]: idx=251, val=93
FLATTEN [t=74575000]: idx=252, val=93
FLATTEN [t=74585000]: idx=253, val=93
FLATTEN [t=74595000]: idx=254, val=93
FLATTEN [t=74605000]: idx=255, val=93
FLATTEN [t=74615000]: idx=0, val=127
FLATTEN [t=74625000]: idx=1, val=127
FLATTEN [t=74635000]: idx=2, val=127
FLATTEN [t=74645000]: idx=3, val=127
FLATTEN [t=74655000]: idx=4, val=127
FLATTEN [t=74665000]: idx=5, val=127
FLATTEN [t=74675000]: idx=6, val=127
FLATTEN [t=74685000]: idx=7, val=127
FLATTEN [t=74695000]: idx=8, val=127
FLATTEN [t=74705000]: idx=9, val=127
FC1 [t=75165000]: idx=17, val=0
FLATTEN [t=77075000]: idx=246, val=93
FLATTEN [t=77085000]: idx=247, val=93
FLATTEN [t=77095000]: idx=248, val=93
FLATTEN [t=77105000]: idx=249, val=93
FLATTEN [t=77115000]: idx=250, val=93
FLATTEN [t=77125000]: idx=251, val=93
FLATTEN [t=77135000]: idx=252, val=93
FLATTEN [t=77145000]: idx=253, val=93
FLATTEN [t=77155000]: idx=254, val=93
FLATTEN [t=77165000]: idx=255, val=93
FLATTEN [t=77175000]: idx=0, val=127
FLATTEN [t=77185000]: idx=1, val=127
FLATTEN [t=77195000]: idx=2, val=127
FLATTEN [t=77205000]: idx=3, val=127
FLATTEN [t=77215000]: idx=4, val=127
FLATTEN [t=77225000]: idx=5, val=127
FLATTEN [t=77235000]: idx=6, val=127
FLATTEN [t=77245000]: idx=7, val=127
FLATTEN [t=77255000]: idx=8, val=127
FLATTEN [t=77265000]: idx=9, val=127
FC1 [t=77755000]: idx=18, val=18
FLATTEN [t=79635000]: idx=246, val=93
FLATTEN [t=79645000]: idx=247, val=93
FLATTEN [t=79655000]: idx=248, val=93
FLATTEN [t=79665000]: idx=249, val=93
FLATTEN [t=79675000]: idx=250, val=93
FLATTEN [t=79685000]: idx=251, val=93
FLATTEN [t=79695000]: idx=252, val=93
FLATTEN [t=79705000]: idx=253, val=93
FLATTEN [t=79715000]: idx=254, val=93
FLATTEN [t=79725000]: idx=255, val=93
FLATTEN [t=79735000]: idx=0, val=127
FLATTEN [t=79745000]: idx=1, val=127
FLATTEN [t=79755000]: idx=2, val=127
FLATTEN [t=79765000]: idx=3, val=127
FLATTEN [t=79775000]: idx=4, val=127
FLATTEN [t=79785000]: idx=5, val=127
FLATTEN [t=79795000]: idx=6, val=127
FLATTEN [t=79805000]: idx=7, val=127
FLATTEN [t=79815000]: idx=8, val=127
FLATTEN [t=79825000]: idx=9, val=127
FC1 [t=80345000]: idx=19, val=0
FLATTEN [t=82195000]: idx=246, val=93
FLATTEN [t=82205000]: idx=247, val=93
FLATTEN [t=82215000]: idx=248, val=93
FLATTEN [t=82225000]: idx=249, val=93
FLATTEN [t=82235000]: idx=250, val=93
FLATTEN [t=82245000]: idx=251, val=93
FLATTEN [t=82255000]: idx=252, val=93
FLATTEN [t=82265000]: idx=253, val=93
FLATTEN [t=82275000]: idx=254, val=93
FLATTEN [t=82285000]: idx=255, val=93
FLATTEN [t=82295000]: idx=0, val=127
FLATTEN [t=82305000]: idx=1, val=127
FLATTEN [t=82315000]: idx=2, val=127
FLATTEN [t=82325000]: idx=3, val=127
FLATTEN [t=82335000]: idx=4, val=127
FLATTEN [t=82345000]: idx=5, val=127
FLATTEN [t=82355000]: idx=6, val=127
FLATTEN [t=82365000]: idx=7, val=127
FLATTEN [t=82375000]: idx=8, val=127
FLATTEN [t=82385000]: idx=9, val=127
FC1 [t=82935000]: idx=20, val=7
FLATTEN [t=84755000]: idx=246, val=93
FLATTEN [t=84765000]: idx=247, val=93
FLATTEN [t=84775000]: idx=248, val=93
FLATTEN [t=84785000]: idx=249, val=93
FLATTEN [t=84795000]: idx=250, val=93
FLATTEN [t=84805000]: idx=251, val=93
FLATTEN [t=84815000]: idx=252, val=93
FLATTEN [t=84825000]: idx=253, val=93
FLATTEN [t=84835000]: idx=254, val=93
FLATTEN [t=84845000]: idx=255, val=93
FLATTEN [t=84855000]: idx=0, val=127
FLATTEN [t=84865000]: idx=1, val=127
FLATTEN [t=84875000]: idx=2, val=127
FLATTEN [t=84885000]: idx=3, val=127
FLATTEN [t=84895000]: idx=4, val=127
FLATTEN [t=84905000]: idx=5, val=127
FLATTEN [t=84915000]: idx=6, val=127
FLATTEN [t=84925000]: idx=7, val=127
FLATTEN [t=84935000]: idx=8, val=127
FLATTEN [t=84945000]: idx=9, val=127
FC1 [t=85525000]: idx=21, val=0
FLATTEN [t=87315000]: idx=246, val=93
FLATTEN [t=87325000]: idx=247, val=93
FLATTEN [t=87335000]: idx=248, val=93
FLATTEN [t=87345000]: idx=249, val=93
FLATTEN [t=87355000]: idx=250, val=93
FLATTEN [t=87365000]: idx=251, val=93
FLATTEN [t=87375000]: idx=252, val=93
FLATTEN [t=87385000]: idx=253, val=93
FLATTEN [t=87395000]: idx=254, val=93
FLATTEN [t=87405000]: idx=255, val=93
FLATTEN [t=87415000]: idx=0, val=127
FLATTEN [t=87425000]: idx=1, val=127
FLATTEN [t=87435000]: idx=2, val=127
FLATTEN [t=87445000]: idx=3, val=127
FLATTEN [t=87455000]: idx=4, val=127
FLATTEN [t=87465000]: idx=5, val=127
FLATTEN [t=87475000]: idx=6, val=127
FLATTEN [t=87485000]: idx=7, val=127
FLATTEN [t=87495000]: idx=8, val=127
FLATTEN [t=87505000]: idx=9, val=127
FC1 [t=88115000]: idx=22, val=0
FLATTEN [t=89875000]: idx=246, val=93
FLATTEN [t=89885000]: idx=247, val=93
FLATTEN [t=89895000]: idx=248, val=93
FLATTEN [t=89905000]: idx=249, val=93
FLATTEN [t=89915000]: idx=250, val=93
FLATTEN [t=89925000]: idx=251, val=93
FLATTEN [t=89935000]: idx=252, val=93
FLATTEN [t=89945000]: idx=253, val=93
FLATTEN [t=89955000]: idx=254, val=93
FLATTEN [t=89965000]: idx=255, val=93
FLATTEN [t=89975000]: idx=0, val=127
FLATTEN [t=89985000]: idx=1, val=127
FLATTEN [t=89995000]: idx=2, val=127
FLATTEN [t=90005000]: idx=3, val=127
FLATTEN [t=90015000]: idx=4, val=127
FLATTEN [t=90025000]: idx=5, val=127
FLATTEN [t=90035000]: idx=6, val=127
FLATTEN [t=90045000]: idx=7, val=127
FLATTEN [t=90055000]: idx=8, val=127
FLATTEN [t=90065000]: idx=9, val=127
FC1 [t=90705000]: idx=23, val=0
FLATTEN [t=92435000]: idx=246, val=93
FLATTEN [t=92445000]: idx=247, val=93
FLATTEN [t=92455000]: idx=248, val=93
FLATTEN [t=92465000]: idx=249, val=93
FLATTEN [t=92475000]: idx=250, val=93
FLATTEN [t=92485000]: idx=251, val=93
FLATTEN [t=92495000]: idx=252, val=93
FLATTEN [t=92505000]: idx=253, val=93
FLATTEN [t=92515000]: idx=254, val=93
FLATTEN [t=92525000]: idx=255, val=93
FLATTEN [t=92535000]: idx=0, val=127
FLATTEN [t=92545000]: idx=1, val=127
FLATTEN [t=92555000]: idx=2, val=127
FLATTEN [t=92565000]: idx=3, val=127
FLATTEN [t=92575000]: idx=4, val=127
FLATTEN [t=92585000]: idx=5, val=127
FLATTEN [t=92595000]: idx=6, val=127
FLATTEN [t=92605000]: idx=7, val=127
FLATTEN [t=92615000]: idx=8, val=127
FLATTEN [t=92625000]: idx=9, val=127
FC1 [t=93295000]: idx=24, val=0
FLATTEN [t=94995000]: idx=246, val=93
FLATTEN [t=95005000]: idx=247, val=93
FLATTEN [t=95015000]: idx=248, val=93
FLATTEN [t=95025000]: idx=249, val=93
FLATTEN [t=95035000]: idx=250, val=93
FLATTEN [t=95045000]: idx=251, val=93
FLATTEN [t=95055000]: idx=252, val=93
FLATTEN [t=95065000]: idx=253, val=93
FLATTEN [t=95075000]: idx=254, val=93
FLATTEN [t=95085000]: idx=255, val=93
FLATTEN [t=95095000]: idx=0, val=127
FLATTEN [t=95105000]: idx=1, val=127
FLATTEN [t=95115000]: idx=2, val=127
FLATTEN [t=95125000]: idx=3, val=127
FLATTEN [t=95135000]: idx=4, val=127
FLATTEN [t=95145000]: idx=5, val=127
FLATTEN [t=95155000]: idx=6, val=127
FLATTEN [t=95165000]: idx=7, val=127
FLATTEN [t=95175000]: idx=8, val=127
FLATTEN [t=95185000]: idx=9, val=127
FC1 [t=95885000]: idx=25, val=0
FLATTEN [t=97555000]: idx=246, val=93
FLATTEN [t=97565000]: idx=247, val=93
FLATTEN [t=97575000]: idx=248, val=93
FLATTEN [t=97585000]: idx=249, val=93
FLATTEN [t=97595000]: idx=250, val=93
FLATTEN [t=97605000]: idx=251, val=93
FLATTEN [t=97615000]: idx=252, val=93
FLATTEN [t=97625000]: idx=253, val=93
FLATTEN [t=97635000]: idx=254, val=93
FLATTEN [t=97645000]: idx=255, val=93
FLATTEN [t=97655000]: idx=0, val=127
FLATTEN [t=97665000]: idx=1, val=127
FLATTEN [t=97675000]: idx=2, val=127
FLATTEN [t=97685000]: idx=3, val=127
FLATTEN [t=97695000]: idx=4, val=127
FLATTEN [t=97705000]: idx=5, val=127
FLATTEN [t=97715000]: idx=6, val=127
FLATTEN [t=97725000]: idx=7, val=127
FLATTEN [t=97735000]: idx=8, val=127
FLATTEN [t=97745000]: idx=9, val=127
FC1 [t=98475000]: idx=26, val=39
FLATTEN [t=100115000]: idx=246, val=93
FLATTEN [t=100125000]: idx=247, val=93
FLATTEN [t=100135000]: idx=248, val=93
FLATTEN [t=100145000]: idx=249, val=93
FLATTEN [t=100155000]: idx=250, val=93
FLATTEN [t=100165000]: idx=251, val=93
FLATTEN [t=100175000]: idx=252, val=93
FLATTEN [t=100185000]: idx=253, val=93
FLATTEN [t=100195000]: idx=254, val=93
FLATTEN [t=100205000]: idx=255, val=93
FLATTEN [t=100215000]: idx=0, val=127
FLATTEN [t=100225000]: idx=1, val=127
FLATTEN [t=100235000]: idx=2, val=127
FLATTEN [t=100245000]: idx=3, val=127
FLATTEN [t=100255000]: idx=4, val=127
FLATTEN [t=100265000]: idx=5, val=127
FLATTEN [t=100275000]: idx=6, val=127
FLATTEN [t=100285000]: idx=7, val=127
FLATTEN [t=100295000]: idx=8, val=127
FLATTEN [t=100305000]: idx=9, val=127
FC1 [t=101065000]: idx=27, val=0
FLATTEN [t=102675000]: idx=246, val=93
FLATTEN [t=102685000]: idx=247, val=93
FLATTEN [t=102695000]: idx=248, val=93
FLATTEN [t=102705000]: idx=249, val=93
FLATTEN [t=102715000]: idx=250, val=93
FLATTEN [t=102725000]: idx=251, val=93
FLATTEN [t=102735000]: idx=252, val=93
FLATTEN [t=102745000]: idx=253, val=93
FLATTEN [t=102755000]: idx=254, val=93
FLATTEN [t=102765000]: idx=255, val=93
FLATTEN [t=102775000]: idx=0, val=127
FLATTEN [t=102785000]: idx=1, val=127
FLATTEN [t=102795000]: idx=2, val=127
FLATTEN [t=102805000]: idx=3, val=127
FLATTEN [t=102815000]: idx=4, val=127
FLATTEN [t=102825000]: idx=5, val=127
FLATTEN [t=102835000]: idx=6, val=127
FLATTEN [t=102845000]: idx=7, val=127
FLATTEN [t=102855000]: idx=8, val=127
FLATTEN [t=102865000]: idx=9, val=127
FC1 [t=103655000]: idx=28, val=6
FLATTEN [t=105235000]: idx=246, val=93
FLATTEN [t=105245000]: idx=247, val=93
FLATTEN [t=105255000]: idx=248, val=93
FLATTEN [t=105265000]: idx=249, val=93
FLATTEN [t=105275000]: idx=250, val=93
FLATTEN [t=105285000]: idx=251, val=93
FLATTEN [t=105295000]: idx=252, val=93
FLATTEN [t=105305000]: idx=253, val=93
FLATTEN [t=105315000]: idx=254, val=93
FLATTEN [t=105325000]: idx=255, val=93
FLATTEN [t=105335000]: idx=0, val=127
FLATTEN [t=105345000]: idx=1, val=127
FLATTEN [t=105355000]: idx=2, val=127
FLATTEN [t=105365000]: idx=3, val=127
FLATTEN [t=105375000]: idx=4, val=127
FLATTEN [t=105385000]: idx=5, val=127
FLATTEN [t=105395000]: idx=6, val=127
FLATTEN [t=105405000]: idx=7, val=127
FLATTEN [t=105415000]: idx=8, val=127
FLATTEN [t=105425000]: idx=9, val=127
FC1 [t=106245000]: idx=29, val=0
FLATTEN [t=107795000]: idx=246, val=93
FLATTEN [t=107805000]: idx=247, val=93
FLATTEN [t=107815000]: idx=248, val=93
FLATTEN [t=107825000]: idx=249, val=93
FLATTEN [t=107835000]: idx=250, val=93
FLATTEN [t=107845000]: idx=251, val=93
FLATTEN [t=107855000]: idx=252, val=93
FLATTEN [t=107865000]: idx=253, val=93
FLATTEN [t=107875000]: idx=254, val=93
FLATTEN [t=107885000]: idx=255, val=93
FLATTEN [t=107895000]: idx=0, val=127
FLATTEN [t=107905000]: idx=1, val=127
FLATTEN [t=107915000]: idx=2, val=127
FLATTEN [t=107925000]: idx=3, val=127
FLATTEN [t=107935000]: idx=4, val=127
FLATTEN [t=107945000]: idx=5, val=127
FLATTEN [t=107955000]: idx=6, val=127
FLATTEN [t=107965000]: idx=7, val=127
FLATTEN [t=107975000]: idx=8, val=127
FLATTEN [t=107985000]: idx=9, val=127
FC1 [t=108835000]: idx=30, val=0
FLATTEN [t=110355000]: idx=246, val=93
FLATTEN [t=110365000]: idx=247, val=93
FLATTEN [t=110375000]: idx=248, val=93
FLATTEN [t=110385000]: idx=249, val=93
FLATTEN [t=110395000]: idx=250, val=93
FLATTEN [t=110405000]: idx=251, val=93
FLATTEN [t=110415000]: idx=252, val=93
FLATTEN [t=110425000]: idx=253, val=93
FLATTEN [t=110435000]: idx=254, val=93
FLATTEN [t=110445000]: idx=255, val=93
FLATTEN [t=110455000]: idx=0, val=127
FLATTEN [t=110465000]: idx=1, val=127
FLATTEN [t=110475000]: idx=2, val=127
FLATTEN [t=110485000]: idx=3, val=127
FLATTEN [t=110495000]: idx=4, val=127
FLATTEN [t=110505000]: idx=5, val=127
FLATTEN [t=110515000]: idx=6, val=127
FLATTEN [t=110525000]: idx=7, val=127
FLATTEN [t=110535000]: idx=8, val=127
FLATTEN [t=110545000]: idx=9, val=127
FC1 [t=111425000]: idx=31, val=0
FLATTEN [t=112915000]: idx=246, val=93
FLATTEN [t=112925000]: idx=247, val=93
FLATTEN [t=112935000]: idx=248, val=93
FLATTEN [t=112945000]: idx=249, val=93
FLATTEN [t=112955000]: idx=250, val=93
FLATTEN [t=112965000]: idx=251, val=93
FLATTEN [t=112975000]: idx=252, val=93
FLATTEN [t=112985000]: idx=253, val=93
FLATTEN [t=112995000]: idx=254, val=93
FLATTEN [t=113005000]: idx=255, val=93
FLATTEN [t=113015000]: idx=0, val=127
FLATTEN [t=113025000]: idx=1, val=127
FLATTEN [t=113035000]: idx=2, val=127
FLATTEN [t=113045000]: idx=3, val=127
FLATTEN [t=113055000]: idx=4, val=127
FLATTEN [t=113065000]: idx=5, val=127
FLATTEN [t=113075000]: idx=6, val=127
FLATTEN [t=113085000]: idx=7, val=127
FLATTEN [t=113095000]: idx=8, val=127
FLATTEN [t=113105000]: idx=9, val=127
FC1 [t=114015000]: idx=32, val=35
FLATTEN [t=115475000]: idx=246, val=93
FLATTEN [t=115485000]: idx=247, val=93
FLATTEN [t=115495000]: idx=248, val=93
FLATTEN [t=115505000]: idx=249, val=93
FLATTEN [t=115515000]: idx=250, val=93
FLATTEN [t=115525000]: idx=251, val=93
FLATTEN [t=115535000]: idx=252, val=93
FLATTEN [t=115545000]: idx=253, val=93
FLATTEN [t=115555000]: idx=254, val=93
FLATTEN [t=115565000]: idx=255, val=93
FLATTEN [t=115575000]: idx=0, val=127
FLATTEN [t=115585000]: idx=1, val=127
FLATTEN [t=115595000]: idx=2, val=127
FLATTEN [t=115605000]: idx=3, val=127
FLATTEN [t=115615000]: idx=4, val=127
FLATTEN [t=115625000]: idx=5, val=127
FLATTEN [t=115635000]: idx=6, val=127
FLATTEN [t=115645000]: idx=7, val=127
FLATTEN [t=115655000]: idx=8, val=127
FLATTEN [t=115665000]: idx=9, val=127
FC1 [t=116605000]: idx=33, val=4
FLATTEN [t=118035000]: idx=246, val=93
FLATTEN [t=118045000]: idx=247, val=93
FLATTEN [t=118055000]: idx=248, val=93
FLATTEN [t=118065000]: idx=249, val=93
FLATTEN [t=118075000]: idx=250, val=93
FLATTEN [t=118085000]: idx=251, val=93
FLATTEN [t=118095000]: idx=252, val=93
FLATTEN [t=118105000]: idx=253, val=93
FLATTEN [t=118115000]: idx=254, val=93
FLATTEN [t=118125000]: idx=255, val=93
FLATTEN [t=118135000]: idx=0, val=127
FLATTEN [t=118145000]: idx=1, val=127
FLATTEN [t=118155000]: idx=2, val=127
FLATTEN [t=118165000]: idx=3, val=127
FLATTEN [t=118175000]: idx=4, val=127
FLATTEN [t=118185000]: idx=5, val=127
FLATTEN [t=118195000]: idx=6, val=127
FLATTEN [t=118205000]: idx=7, val=127
FLATTEN [t=118215000]: idx=8, val=127
FLATTEN [t=118225000]: idx=9, val=127
FC1 [t=119195000]: idx=34, val=23
FLATTEN [t=120595000]: idx=246, val=93
FLATTEN [t=120605000]: idx=247, val=93
FLATTEN [t=120615000]: idx=248, val=93
FLATTEN [t=120625000]: idx=249, val=93
FLATTEN [t=120635000]: idx=250, val=93
FLATTEN [t=120645000]: idx=251, val=93
FLATTEN [t=120655000]: idx=252, val=93
FLATTEN [t=120665000]: idx=253, val=93
FLATTEN [t=120675000]: idx=254, val=93
FLATTEN [t=120685000]: idx=255, val=93
FLATTEN [t=120695000]: idx=0, val=127
FLATTEN [t=120705000]: idx=1, val=127
FLATTEN [t=120715000]: idx=2, val=127
FLATTEN [t=120725000]: idx=3, val=127
FLATTEN [t=120735000]: idx=4, val=127
FLATTEN [t=120745000]: idx=5, val=127
FLATTEN [t=120755000]: idx=6, val=127
FLATTEN [t=120765000]: idx=7, val=127
FLATTEN [t=120775000]: idx=8, val=127
FLATTEN [t=120785000]: idx=9, val=127
FC1 [t=121785000]: idx=35, val=0
FLATTEN [t=123155000]: idx=246, val=93
FLATTEN [t=123165000]: idx=247, val=93
FLATTEN [t=123175000]: idx=248, val=93
FLATTEN [t=123185000]: idx=249, val=93
FLATTEN [t=123195000]: idx=250, val=93
FLATTEN [t=123205000]: idx=251, val=93
FLATTEN [t=123215000]: idx=252, val=93
FLATTEN [t=123225000]: idx=253, val=93
FLATTEN [t=123235000]: idx=254, val=93
FLATTEN [t=123245000]: idx=255, val=93
FLATTEN [t=123255000]: idx=0, val=127
FLATTEN [t=123265000]: idx=1, val=127
FLATTEN [t=123275000]: idx=2, val=127
FLATTEN [t=123285000]: idx=3, val=127
FLATTEN [t=123295000]: idx=4, val=127
FLATTEN [t=123305000]: idx=5, val=127
FLATTEN [t=123315000]: idx=6, val=127
FLATTEN [t=123325000]: idx=7, val=127
FLATTEN [t=123335000]: idx=8, val=127
FLATTEN [t=123345000]: idx=9, val=127
FC1 [t=124375000]: idx=36, val=0
FLATTEN [t=125715000]: idx=246, val=93
FLATTEN [t=125725000]: idx=247, val=93
FLATTEN [t=125735000]: idx=248, val=93
FLATTEN [t=125745000]: idx=249, val=93
FLATTEN [t=125755000]: idx=250, val=93
FLATTEN [t=125765000]: idx=251, val=93
FLATTEN [t=125775000]: idx=252, val=93
FLATTEN [t=125785000]: idx=253, val=93
FLATTEN [t=125795000]: idx=254, val=93
FLATTEN [t=125805000]: idx=255, val=93
FLATTEN [t=125815000]: idx=0, val=127
FLATTEN [t=125825000]: idx=1, val=127
FLATTEN [t=125835000]: idx=2, val=127
FLATTEN [t=125845000]: idx=3, val=127
FLATTEN [t=125855000]: idx=4, val=127
FLATTEN [t=125865000]: idx=5, val=127
FLATTEN [t=125875000]: idx=6, val=127
FLATTEN [t=125885000]: idx=7, val=127
FLATTEN [t=125895000]: idx=8, val=127
FLATTEN [t=125905000]: idx=9, val=127
FC1 [t=126965000]: idx=37, val=20
FLATTEN [t=128275000]: idx=246, val=93
FLATTEN [t=128285000]: idx=247, val=93
FLATTEN [t=128295000]: idx=248, val=93
FLATTEN [t=128305000]: idx=249, val=93
FLATTEN [t=128315000]: idx=250, val=93
FLATTEN [t=128325000]: idx=251, val=93
FLATTEN [t=128335000]: idx=252, val=93
FLATTEN [t=128345000]: idx=253, val=93
FLATTEN [t=128355000]: idx=254, val=93
FLATTEN [t=128365000]: idx=255, val=93
FLATTEN [t=128375000]: idx=0, val=127
FLATTEN [t=128385000]: idx=1, val=127
FLATTEN [t=128395000]: idx=2, val=127
FLATTEN [t=128405000]: idx=3, val=127
FLATTEN [t=128415000]: idx=4, val=127
FLATTEN [t=128425000]: idx=5, val=127
FLATTEN [t=128435000]: idx=6, val=127
FLATTEN [t=128445000]: idx=7, val=127
FLATTEN [t=128455000]: idx=8, val=127
FLATTEN [t=128465000]: idx=9, val=127
FC1 [t=129555000]: idx=38, val=57
FLATTEN [t=130835000]: idx=246, val=93
FLATTEN [t=130845000]: idx=247, val=93
FLATTEN [t=130855000]: idx=248, val=93
FLATTEN [t=130865000]: idx=249, val=93
FLATTEN [t=130875000]: idx=250, val=93
FLATTEN [t=130885000]: idx=251, val=93
FLATTEN [t=130895000]: idx=252, val=93
FLATTEN [t=130905000]: idx=253, val=93
FLATTEN [t=130915000]: idx=254, val=93
FLATTEN [t=130925000]: idx=255, val=93
FLATTEN [t=130935000]: idx=0, val=127
FLATTEN [t=130945000]: idx=1, val=127
FLATTEN [t=130955000]: idx=2, val=127
FLATTEN [t=130965000]: idx=3, val=127
FLATTEN [t=130975000]: idx=4, val=127
FLATTEN [t=130985000]: idx=5, val=127
FLATTEN [t=130995000]: idx=6, val=127
FLATTEN [t=131005000]: idx=7, val=127
FLATTEN [t=131015000]: idx=8, val=127
FLATTEN [t=131025000]: idx=9, val=127
FC1 [t=132145000]: idx=39, val=69
FLATTEN [t=133395000]: idx=246, val=93
FLATTEN [t=133405000]: idx=247, val=93
FLATTEN [t=133415000]: idx=248, val=93
FLATTEN [t=133425000]: idx=249, val=93
FLATTEN [t=133435000]: idx=250, val=93
FLATTEN [t=133445000]: idx=251, val=93
FLATTEN [t=133455000]: idx=252, val=93
FLATTEN [t=133465000]: idx=253, val=93
FLATTEN [t=133475000]: idx=254, val=93
FLATTEN [t=133485000]: idx=255, val=93
FLATTEN [t=133495000]: idx=0, val=127
FLATTEN [t=133505000]: idx=1, val=127
FLATTEN [t=133515000]: idx=2, val=127
FLATTEN [t=133525000]: idx=3, val=127
FLATTEN [t=133535000]: idx=4, val=127
FLATTEN [t=133545000]: idx=5, val=127
FLATTEN [t=133555000]: idx=6, val=127
FLATTEN [t=133565000]: idx=7, val=127
FLATTEN [t=133575000]: idx=8, val=127
FLATTEN [t=133585000]: idx=9, val=127
FC1 [t=134735000]: idx=40, val=3
FLATTEN [t=135955000]: idx=246, val=93
FLATTEN [t=135965000]: idx=247, val=93
FLATTEN [t=135975000]: idx=248, val=93
FLATTEN [t=135985000]: idx=249, val=93
FLATTEN [t=135995000]: idx=250, val=93
FLATTEN [t=136005000]: idx=251, val=93
FLATTEN [t=136015000]: idx=252, val=93
FLATTEN [t=136025000]: idx=253, val=93
FLATTEN [t=136035000]: idx=254, val=93
FLATTEN [t=136045000]: idx=255, val=93
FLATTEN [t=136055000]: idx=0, val=127
FLATTEN [t=136065000]: idx=1, val=127
FLATTEN [t=136075000]: idx=2, val=127
FLATTEN [t=136085000]: idx=3, val=127
FLATTEN [t=136095000]: idx=4, val=127
FLATTEN [t=136105000]: idx=5, val=127
FLATTEN [t=136115000]: idx=6, val=127
FLATTEN [t=136125000]: idx=7, val=127
FLATTEN [t=136135000]: idx=8, val=127
FLATTEN [t=136145000]: idx=9, val=127
FC1 [t=137325000]: idx=41, val=19
FLATTEN [t=138515000]: idx=246, val=93
FLATTEN [t=138525000]: idx=247, val=93
FLATTEN [t=138535000]: idx=248, val=93
FLATTEN [t=138545000]: idx=249, val=93
FLATTEN [t=138555000]: idx=250, val=93
FLATTEN [t=138565000]: idx=251, val=93
FLATTEN [t=138575000]: idx=252, val=93
FLATTEN [t=138585000]: idx=253, val=93
FLATTEN [t=138595000]: idx=254, val=93
FLATTEN [t=138605000]: idx=255, val=93
FLATTEN [t=138615000]: idx=0, val=127
FLATTEN [t=138625000]: idx=1, val=127
FLATTEN [t=138635000]: idx=2, val=127
FLATTEN [t=138645000]: idx=3, val=127
FLATTEN [t=138655000]: idx=4, val=127
FLATTEN [t=138665000]: idx=5, val=127
FLATTEN [t=138675000]: idx=6, val=127
FLATTEN [t=138685000]: idx=7, val=127
FLATTEN [t=138695000]: idx=8, val=127
FLATTEN [t=138705000]: idx=9, val=127
FC1 [t=139915000]: idx=42, val=0
FLATTEN [t=141075000]: idx=246, val=93
FLATTEN [t=141085000]: idx=247, val=93
FLATTEN [t=141095000]: idx=248, val=93
FLATTEN [t=141105000]: idx=249, val=93
FLATTEN [t=141115000]: idx=250, val=93
FLATTEN [t=141125000]: idx=251, val=93
FLATTEN [t=141135000]: idx=252, val=93
FLATTEN [t=141145000]: idx=253, val=93
FLATTEN [t=141155000]: idx=254, val=93
FLATTEN [t=141165000]: idx=255, val=93
FLATTEN [t=141175000]: idx=0, val=127
FLATTEN [t=141185000]: idx=1, val=127
FLATTEN [t=141195000]: idx=2, val=127
FLATTEN [t=141205000]: idx=3, val=127
FLATTEN [t=141215000]: idx=4, val=127
FLATTEN [t=141225000]: idx=5, val=127
FLATTEN [t=141235000]: idx=6, val=127
FLATTEN [t=141245000]: idx=7, val=127
FLATTEN [t=141255000]: idx=8, val=127
FLATTEN [t=141265000]: idx=9, val=127
FC1 [t=142505000]: idx=43, val=22
FLATTEN [t=143635000]: idx=246, val=93
FLATTEN [t=143645000]: idx=247, val=93
FLATTEN [t=143655000]: idx=248, val=93
FLATTEN [t=143665000]: idx=249, val=93
FLATTEN [t=143675000]: idx=250, val=93
FLATTEN [t=143685000]: idx=251, val=93
FLATTEN [t=143695000]: idx=252, val=93
FLATTEN [t=143705000]: idx=253, val=93
FLATTEN [t=143715000]: idx=254, val=93
FLATTEN [t=143725000]: idx=255, val=93
FLATTEN [t=143735000]: idx=0, val=127
FLATTEN [t=143745000]: idx=1, val=127
FLATTEN [t=143755000]: idx=2, val=127
FLATTEN [t=143765000]: idx=3, val=127
FLATTEN [t=143775000]: idx=4, val=127
FLATTEN [t=143785000]: idx=5, val=127
FLATTEN [t=143795000]: idx=6, val=127
FLATTEN [t=143805000]: idx=7, val=127
FLATTEN [t=143815000]: idx=8, val=127
FLATTEN [t=143825000]: idx=9, val=127
FC1 [t=145095000]: idx=44, val=0
FLATTEN [t=146195000]: idx=246, val=93
FLATTEN [t=146205000]: idx=247, val=93
FLATTEN [t=146215000]: idx=248, val=93
FLATTEN [t=146225000]: idx=249, val=93
FLATTEN [t=146235000]: idx=250, val=93
FLATTEN [t=146245000]: idx=251, val=93
FLATTEN [t=146255000]: idx=252, val=93
FLATTEN [t=146265000]: idx=253, val=93
FLATTEN [t=146275000]: idx=254, val=93
FLATTEN [t=146285000]: idx=255, val=93
FLATTEN [t=146295000]: idx=0, val=127
FLATTEN [t=146305000]: idx=1, val=127
FLATTEN [t=146315000]: idx=2, val=127
FLATTEN [t=146325000]: idx=3, val=127
FLATTEN [t=146335000]: idx=4, val=127
FLATTEN [t=146345000]: idx=5, val=127
FLATTEN [t=146355000]: idx=6, val=127
FLATTEN [t=146365000]: idx=7, val=127
FLATTEN [t=146375000]: idx=8, val=127
FLATTEN [t=146385000]: idx=9, val=127
FC1 [t=147685000]: idx=45, val=47
FLATTEN [t=148755000]: idx=246, val=93
FLATTEN [t=148765000]: idx=247, val=93
FLATTEN [t=148775000]: idx=248, val=93
FLATTEN [t=148785000]: idx=249, val=93
FLATTEN [t=148795000]: idx=250, val=93
FLATTEN [t=148805000]: idx=251, val=93
FLATTEN [t=148815000]: idx=252, val=93
FLATTEN [t=148825000]: idx=253, val=93
FLATTEN [t=148835000]: idx=254, val=93
FLATTEN [t=148845000]: idx=255, val=93
FLATTEN [t=148855000]: idx=0, val=127
FLATTEN [t=148865000]: idx=1, val=127
FLATTEN [t=148875000]: idx=2, val=127
FLATTEN [t=148885000]: idx=3, val=127
FLATTEN [t=148895000]: idx=4, val=127
FLATTEN [t=148905000]: idx=5, val=127
FLATTEN [t=148915000]: idx=6, val=127
FLATTEN [t=148925000]: idx=7, val=127
FLATTEN [t=148935000]: idx=8, val=127
FLATTEN [t=148945000]: idx=9, val=127
FC1 [t=150275000]: idx=46, val=0
FLATTEN [t=151315000]: idx=246, val=93
FLATTEN [t=151325000]: idx=247, val=93
FLATTEN [t=151335000]: idx=248, val=93
FLATTEN [t=151345000]: idx=249, val=93
FLATTEN [t=151355000]: idx=250, val=93
FLATTEN [t=151365000]: idx=251, val=93
FLATTEN [t=151375000]: idx=252, val=93
FLATTEN [t=151385000]: idx=253, val=93
FLATTEN [t=151395000]: idx=254, val=93
FLATTEN [t=151405000]: idx=255, val=93
FLATTEN [t=151415000]: idx=0, val=127
FLATTEN [t=151425000]: idx=1, val=127
FLATTEN [t=151435000]: idx=2, val=127
FLATTEN [t=151445000]: idx=3, val=127
FLATTEN [t=151455000]: idx=4, val=127
FLATTEN [t=151465000]: idx=5, val=127
FLATTEN [t=151475000]: idx=6, val=127
FLATTEN [t=151485000]: idx=7, val=127
FLATTEN [t=151495000]: idx=8, val=127
FLATTEN [t=151505000]: idx=9, val=127
FC1 [t=152865000]: idx=47, val=5
FLATTEN [t=153875000]: idx=246, val=93
FLATTEN [t=153885000]: idx=247, val=93
FLATTEN [t=153895000]: idx=248, val=93
FLATTEN [t=153905000]: idx=249, val=93
FLATTEN [t=153915000]: idx=250, val=93
FLATTEN [t=153925000]: idx=251, val=93
FLATTEN [t=153935000]: idx=252, val=93
FLATTEN [t=153945000]: idx=253, val=93
FLATTEN [t=153955000]: idx=254, val=93
FLATTEN [t=153965000]: idx=255, val=93
FLATTEN [t=153975000]: idx=0, val=127
FLATTEN [t=153985000]: idx=1, val=127
FLATTEN [t=153995000]: idx=2, val=127
FLATTEN [t=154005000]: idx=3, val=127
FLATTEN [t=154015000]: idx=4, val=127
FLATTEN [t=154025000]: idx=5, val=127
FLATTEN [t=154035000]: idx=6, val=127
FLATTEN [t=154045000]: idx=7, val=127
FLATTEN [t=154055000]: idx=8, val=127
FLATTEN [t=154065000]: idx=9, val=127
FC1 [t=155455000]: idx=48, val=0
FLATTEN [t=156435000]: idx=246, val=93
FLATTEN [t=156445000]: idx=247, val=93
FLATTEN [t=156455000]: idx=248, val=93
FLATTEN [t=156465000]: idx=249, val=93
FLATTEN [t=156475000]: idx=250, val=93
FLATTEN [t=156485000]: idx=251, val=93
FLATTEN [t=156495000]: idx=252, val=93
FLATTEN [t=156505000]: idx=253, val=93
FLATTEN [t=156515000]: idx=254, val=93
FLATTEN [t=156525000]: idx=255, val=93
FLATTEN [t=156535000]: idx=0, val=127
FLATTEN [t=156545000]: idx=1, val=127
FLATTEN [t=156555000]: idx=2, val=127
FLATTEN [t=156565000]: idx=3, val=127
FLATTEN [t=156575000]: idx=4, val=127
FLATTEN [t=156585000]: idx=5, val=127
FLATTEN [t=156595000]: idx=6, val=127
FLATTEN [t=156605000]: idx=7, val=127
FLATTEN [t=156615000]: idx=8, val=127
FLATTEN [t=156625000]: idx=9, val=127
FC1 [t=158045000]: idx=49, val=63
FLATTEN [t=158995000]: idx=246, val=93
FLATTEN [t=159005000]: idx=247, val=93
FLATTEN [t=159015000]: idx=248, val=93
FLATTEN [t=159025000]: idx=249, val=93
FLATTEN [t=159035000]: idx=250, val=93
FLATTEN [t=159045000]: idx=251, val=93
FLATTEN [t=159055000]: idx=252, val=93
FLATTEN [t=159065000]: idx=253, val=93
FLATTEN [t=159075000]: idx=254, val=93
FLATTEN [t=159085000]: idx=255, val=93
FLATTEN [t=159095000]: idx=0, val=127
FLATTEN [t=159105000]: idx=1, val=127
FLATTEN [t=159115000]: idx=2, val=127
FLATTEN [t=159125000]: idx=3, val=127
FLATTEN [t=159135000]: idx=4, val=127
FLATTEN [t=159145000]: idx=5, val=127
FLATTEN [t=159155000]: idx=6, val=127
FLATTEN [t=159165000]: idx=7, val=127
FLATTEN [t=159175000]: idx=8, val=127
FLATTEN [t=159185000]: idx=9, val=127
FC1 [t=160635000]: idx=50, val=0
FLATTEN [t=161555000]: idx=246, val=93
FLATTEN [t=161565000]: idx=247, val=93
FLATTEN [t=161575000]: idx=248, val=93
FLATTEN [t=161585000]: idx=249, val=93
FLATTEN [t=161595000]: idx=250, val=93
FLATTEN [t=161605000]: idx=251, val=93
FLATTEN [t=161615000]: idx=252, val=93
FLATTEN [t=161625000]: idx=253, val=93
FLATTEN [t=161635000]: idx=254, val=93
FLATTEN [t=161645000]: idx=255, val=93
FLATTEN [t=161655000]: idx=0, val=127
FLATTEN [t=161665000]: idx=1, val=127
FLATTEN [t=161675000]: idx=2, val=127
FLATTEN [t=161685000]: idx=3, val=127
FLATTEN [t=161695000]: idx=4, val=127
FLATTEN [t=161705000]: idx=5, val=127
FLATTEN [t=161715000]: idx=6, val=127
FLATTEN [t=161725000]: idx=7, val=127
FLATTEN [t=161735000]: idx=8, val=127
FLATTEN [t=161745000]: idx=9, val=127
FC1 [t=163225000]: idx=51, val=0
FLATTEN [t=164115000]: idx=246, val=93
FLATTEN [t=164125000]: idx=247, val=93
FLATTEN [t=164135000]: idx=248, val=93
FLATTEN [t=164145000]: idx=249, val=93
FLATTEN [t=164155000]: idx=250, val=93
FLATTEN [t=164165000]: idx=251, val=93
FLATTEN [t=164175000]: idx=252, val=93
FLATTEN [t=164185000]: idx=253, val=93
FLATTEN [t=164195000]: idx=254, val=93
FLATTEN [t=164205000]: idx=255, val=93
FLATTEN [t=164215000]: idx=0, val=127
FLATTEN [t=164225000]: idx=1, val=127
FLATTEN [t=164235000]: idx=2, val=127
FLATTEN [t=164245000]: idx=3, val=127
FLATTEN [t=164255000]: idx=4, val=127
FLATTEN [t=164265000]: idx=5, val=127
FLATTEN [t=164275000]: idx=6, val=127
FLATTEN [t=164285000]: idx=7, val=127
FLATTEN [t=164295000]: idx=8, val=127
FLATTEN [t=164305000]: idx=9, val=127
FC1 [t=165815000]: idx=52, val=66
FLATTEN [t=166675000]: idx=246, val=93
FLATTEN [t=166685000]: idx=247, val=93
FLATTEN [t=166695000]: idx=248, val=93
FLATTEN [t=166705000]: idx=249, val=93
FLATTEN [t=166715000]: idx=250, val=93
FLATTEN [t=166725000]: idx=251, val=93
FLATTEN [t=166735000]: idx=252, val=93
FLATTEN [t=166745000]: idx=253, val=93
FLATTEN [t=166755000]: idx=254, val=93
FLATTEN [t=166765000]: idx=255, val=93
FLATTEN [t=166775000]: idx=0, val=127
FLATTEN [t=166785000]: idx=1, val=127
FLATTEN [t=166795000]: idx=2, val=127
FLATTEN [t=166805000]: idx=3, val=127
FLATTEN [t=166815000]: idx=4, val=127
FLATTEN [t=166825000]: idx=5, val=127
FLATTEN [t=166835000]: idx=6, val=127
FLATTEN [t=166845000]: idx=7, val=127
FLATTEN [t=166855000]: idx=8, val=127
FLATTEN [t=166865000]: idx=9, val=127
FC1 [t=168405000]: idx=53, val=0
FLATTEN [t=169235000]: idx=246, val=93
FLATTEN [t=169245000]: idx=247, val=93
FLATTEN [t=169255000]: idx=248, val=93
FLATTEN [t=169265000]: idx=249, val=93
FLATTEN [t=169275000]: idx=250, val=93
FLATTEN [t=169285000]: idx=251, val=93
FLATTEN [t=169295000]: idx=252, val=93
FLATTEN [t=169305000]: idx=253, val=93
FLATTEN [t=169315000]: idx=254, val=93
FLATTEN [t=169325000]: idx=255, val=93
FLATTEN [t=169335000]: idx=0, val=127
FLATTEN [t=169345000]: idx=1, val=127
FLATTEN [t=169355000]: idx=2, val=127
FLATTEN [t=169365000]: idx=3, val=127
FLATTEN [t=169375000]: idx=4, val=127
FLATTEN [t=169385000]: idx=5, val=127
FLATTEN [t=169395000]: idx=6, val=127
FLATTEN [t=169405000]: idx=7, val=127
FLATTEN [t=169415000]: idx=8, val=127
FLATTEN [t=169425000]: idx=9, val=127
FC1 [t=170995000]: idx=54, val=0
FLATTEN [t=171795000]: idx=246, val=93
FLATTEN [t=171805000]: idx=247, val=93
FLATTEN [t=171815000]: idx=248, val=93
FLATTEN [t=171825000]: idx=249, val=93
FLATTEN [t=171835000]: idx=250, val=93
FLATTEN [t=171845000]: idx=251, val=93
FLATTEN [t=171855000]: idx=252, val=93
FLATTEN [t=171865000]: idx=253, val=93
FLATTEN [t=171875000]: idx=254, val=93
FLATTEN [t=171885000]: idx=255, val=93
FLATTEN [t=171895000]: idx=0, val=127
FLATTEN [t=171905000]: idx=1, val=127
FLATTEN [t=171915000]: idx=2, val=127
FLATTEN [t=171925000]: idx=3, val=127
FLATTEN [t=171935000]: idx=4, val=127
FLATTEN [t=171945000]: idx=5, val=127
FLATTEN [t=171955000]: idx=6, val=127
FLATTEN [t=171965000]: idx=7, val=127
FLATTEN [t=171975000]: idx=8, val=127
FLATTEN [t=171985000]: idx=9, val=127
FC1 [t=173585000]: idx=55, val=51
FLATTEN [t=174355000]: idx=246, val=93
FLATTEN [t=174365000]: idx=247, val=93
FLATTEN [t=174375000]: idx=248, val=93
FLATTEN [t=174385000]: idx=249, val=93
FLATTEN [t=174395000]: idx=250, val=93
FLATTEN [t=174405000]: idx=251, val=93
FLATTEN [t=174415000]: idx=252, val=93
FLATTEN [t=174425000]: idx=253, val=93
FLATTEN [t=174435000]: idx=254, val=93
FLATTEN [t=174445000]: idx=255, val=93
FLATTEN [t=174455000]: idx=0, val=127
FLATTEN [t=174465000]: idx=1, val=127
FLATTEN [t=174475000]: idx=2, val=127
FLATTEN [t=174485000]: idx=3, val=127
FLATTEN [t=174495000]: idx=4, val=127
FLATTEN [t=174505000]: idx=5, val=127
FLATTEN [t=174515000]: idx=6, val=127
FLATTEN [t=174525000]: idx=7, val=127
FLATTEN [t=174535000]: idx=8, val=127
FLATTEN [t=174545000]: idx=9, val=127
FC1 [t=176175000]: idx=56, val=34
FLATTEN [t=176915000]: idx=246, val=93
FLATTEN [t=176925000]: idx=247, val=93
FLATTEN [t=176935000]: idx=248, val=93
FLATTEN [t=176945000]: idx=249, val=93
FLATTEN [t=176955000]: idx=250, val=93
FLATTEN [t=176965000]: idx=251, val=93
FLATTEN [t=176975000]: idx=252, val=93
FLATTEN [t=176985000]: idx=253, val=93
FLATTEN [t=176995000]: idx=254, val=93
FLATTEN [t=177005000]: idx=255, val=93
FLATTEN [t=177015000]: idx=0, val=127
FLATTEN [t=177025000]: idx=1, val=127
FLATTEN [t=177035000]: idx=2, val=127
FLATTEN [t=177045000]: idx=3, val=127
FLATTEN [t=177055000]: idx=4, val=127
FLATTEN [t=177065000]: idx=5, val=127
FLATTEN [t=177075000]: idx=6, val=127
FLATTEN [t=177085000]: idx=7, val=127
FLATTEN [t=177095000]: idx=8, val=127
FLATTEN [t=177105000]: idx=9, val=127
FC1 [t=178765000]: idx=57, val=27
FLATTEN [t=179475000]: idx=246, val=93
FLATTEN [t=179485000]: idx=247, val=93
FLATTEN [t=179495000]: idx=248, val=93
FLATTEN [t=179505000]: idx=249, val=93
FLATTEN [t=179515000]: idx=250, val=93
FLATTEN [t=179525000]: idx=251, val=93
FLATTEN [t=179535000]: idx=252, val=93
FLATTEN [t=179545000]: idx=253, val=93
FLATTEN [t=179555000]: idx=254, val=93
FLATTEN [t=179565000]: idx=255, val=93
FLATTEN [t=179575000]: idx=0, val=127
FLATTEN [t=179585000]: idx=1, val=127
FLATTEN [t=179595000]: idx=2, val=127
FLATTEN [t=179605000]: idx=3, val=127
FLATTEN [t=179615000]: idx=4, val=127
FLATTEN [t=179625000]: idx=5, val=127
FLATTEN [t=179635000]: idx=6, val=127
FLATTEN [t=179645000]: idx=7, val=127
FLATTEN [t=179655000]: idx=8, val=127
FLATTEN [t=179665000]: idx=9, val=127
FC1 [t=181355000]: idx=58, val=11
FLATTEN [t=182035000]: idx=246, val=93
FLATTEN [t=182045000]: idx=247, val=93
FLATTEN [t=182055000]: idx=248, val=93
FLATTEN [t=182065000]: idx=249, val=93
FLATTEN [t=182075000]: idx=250, val=93
FLATTEN [t=182085000]: idx=251, val=93
FLATTEN [t=182095000]: idx=252, val=93
FLATTEN [t=182105000]: idx=253, val=93
FLATTEN [t=182115000]: idx=254, val=93
FLATTEN [t=182125000]: idx=255, val=93
FLATTEN [t=182135000]: idx=0, val=127
FLATTEN [t=182145000]: idx=1, val=127
FLATTEN [t=182155000]: idx=2, val=127
FLATTEN [t=182165000]: idx=3, val=127
FLATTEN [t=182175000]: idx=4, val=127
FLATTEN [t=182185000]: idx=5, val=127
FLATTEN [t=182195000]: idx=6, val=127
FLATTEN [t=182205000]: idx=7, val=127
FLATTEN [t=182215000]: idx=8, val=127
FLATTEN [t=182225000]: idx=9, val=127
FC1 [t=183945000]: idx=59, val=62
FLATTEN [t=184595000]: idx=246, val=93
FLATTEN [t=184605000]: idx=247, val=93
FLATTEN [t=184615000]: idx=248, val=93
FLATTEN [t=184625000]: idx=249, val=93
FLATTEN [t=184635000]: idx=250, val=93
FLATTEN [t=184645000]: idx=251, val=93
FLATTEN [t=184655000]: idx=252, val=93
FLATTEN [t=184665000]: idx=253, val=93
FLATTEN [t=184675000]: idx=254, val=93
FLATTEN [t=184685000]: idx=255, val=93
FLATTEN [t=184695000]: idx=0, val=127
FLATTEN [t=184705000]: idx=1, val=127
FLATTEN [t=184715000]: idx=2, val=127
FLATTEN [t=184725000]: idx=3, val=127
FLATTEN [t=184735000]: idx=4, val=127
FLATTEN [t=184745000]: idx=5, val=127
FLATTEN [t=184755000]: idx=6, val=127
FLATTEN [t=184765000]: idx=7, val=127
FLATTEN [t=184775000]: idx=8, val=127
FLATTEN [t=184785000]: idx=9, val=127
FC1 [t=186535000]: idx=60, val=0
FLATTEN [t=187155000]: idx=246, val=93
FLATTEN [t=187165000]: idx=247, val=93
FLATTEN [t=187175000]: idx=248, val=93
FLATTEN [t=187185000]: idx=249, val=93
FLATTEN [t=187195000]: idx=250, val=93
FLATTEN [t=187205000]: idx=251, val=93
FLATTEN [t=187215000]: idx=252, val=93
FLATTEN [t=187225000]: idx=253, val=93
FLATTEN [t=187235000]: idx=254, val=93
FLATTEN [t=187245000]: idx=255, val=93
FLATTEN [t=187255000]: idx=0, val=127
FLATTEN [t=187265000]: idx=1, val=127
FLATTEN [t=187275000]: idx=2, val=127
FLATTEN [t=187285000]: idx=3, val=127
FLATTEN [t=187295000]: idx=4, val=127
FLATTEN [t=187305000]: idx=5, val=127
FLATTEN [t=187315000]: idx=6, val=127
FLATTEN [t=187325000]: idx=7, val=127
FLATTEN [t=187335000]: idx=8, val=127
FLATTEN [t=187345000]: idx=9, val=127
FC1 [t=189125000]: idx=61, val=0
FLATTEN [t=189715000]: idx=246, val=93
FLATTEN [t=189725000]: idx=247, val=93
FLATTEN [t=189735000]: idx=248, val=93
FLATTEN [t=189745000]: idx=249, val=93
FLATTEN [t=189755000]: idx=250, val=93
FLATTEN [t=189765000]: idx=251, val=93
FLATTEN [t=189775000]: idx=252, val=93
FLATTEN [t=189785000]: idx=253, val=93
FLATTEN [t=189795000]: idx=254, val=93
FLATTEN [t=189805000]: idx=255, val=93
FLATTEN [t=189815000]: idx=0, val=127
FLATTEN [t=189825000]: idx=1, val=127
FLATTEN [t=189835000]: idx=2, val=127
FLATTEN [t=189845000]: idx=3, val=127
FLATTEN [t=189855000]: idx=4, val=127
FLATTEN [t=189865000]: idx=5, val=127
FLATTEN [t=189875000]: idx=6, val=127
FLATTEN [t=189885000]: idx=7, val=127
FLATTEN [t=189895000]: idx=8, val=127
FLATTEN [t=189905000]: idx=9, val=127
FC1 [t=191715000]: idx=62, val=0
FLATTEN [t=192275000]: idx=246, val=93
FLATTEN [t=192285000]: idx=247, val=93
FLATTEN [t=192295000]: idx=248, val=93
FLATTEN [t=192305000]: idx=249, val=93
FLATTEN [t=192315000]: idx=250, val=93
FLATTEN [t=192325000]: idx=251, val=93
FLATTEN [t=192335000]: idx=252, val=93
FLATTEN [t=192345000]: idx=253, val=93
FLATTEN [t=192355000]: idx=254, val=93
FLATTEN [t=192365000]: idx=255, val=93
FLATTEN [t=192375000]: idx=0, val=127
FLATTEN [t=192385000]: idx=1, val=127
FLATTEN [t=192395000]: idx=2, val=127
FLATTEN [t=192405000]: idx=3, val=127
FLATTEN [t=192415000]: idx=4, val=127
FLATTEN [t=192425000]: idx=5, val=127
FLATTEN [t=192435000]: idx=6, val=127
FLATTEN [t=192445000]: idx=7, val=127
FLATTEN [t=192455000]: idx=8, val=127
FLATTEN [t=192465000]: idx=9, val=127
FC1 [t=194305000]: idx=63, val=19
FLATTEN [t=194835000]: idx=246, val=93
FLATTEN [t=194845000]: idx=247, val=93
FLATTEN [t=194855000]: idx=248, val=93
FLATTEN [t=194865000]: idx=249, val=93
FLATTEN [t=194875000]: idx=250, val=93
FLATTEN [t=194885000]: idx=251, val=93
FLATTEN [t=194895000]: idx=252, val=93
FLATTEN [t=194905000]: idx=253, val=93
FLATTEN [t=194915000]: idx=254, val=93
FLATTEN [t=194925000]: idx=255, val=93
FLATTEN [t=194935000]: idx=0, val=127
FLATTEN [t=194945000]: idx=1, val=127
FLATTEN [t=194955000]: idx=2, val=127
FLATTEN [t=194965000]: idx=3, val=127
FLATTEN [t=194975000]: idx=4, val=127
FLATTEN [t=194985000]: idx=5, val=127
FLATTEN [t=194995000]: idx=6, val=127
FLATTEN [t=195005000]: idx=7, val=127
FLATTEN [t=195015000]: idx=8, val=127
FLATTEN [t=195025000]: idx=9, val=127
FC1 [t=196895000]: idx=64, val=27
FLATTEN [t=197395000]: idx=246, val=93
FLATTEN [t=197405000]: idx=247, val=93
FLATTEN [t=197415000]: idx=248, val=93
FLATTEN [t=197425000]: idx=249, val=93
FLATTEN [t=197435000]: idx=250, val=93
FLATTEN [t=197445000]: idx=251, val=93
FLATTEN [t=197455000]: idx=252, val=93
FLATTEN [t=197465000]: idx=253, val=93
FLATTEN [t=197475000]: idx=254, val=93
FLATTEN [t=197485000]: idx=255, val=93
FLATTEN [t=197495000]: idx=0, val=127
FLATTEN [t=197505000]: idx=1, val=127
FLATTEN [t=197515000]: idx=2, val=127
FLATTEN [t=197525000]: idx=3, val=127
FLATTEN [t=197535000]: idx=4, val=127
FLATTEN [t=197545000]: idx=5, val=127
FLATTEN [t=197555000]: idx=6, val=127
FLATTEN [t=197565000]: idx=7, val=127
FLATTEN [t=197575000]: idx=8, val=127
FLATTEN [t=197585000]: idx=9, val=127
FC1 [t=199485000]: idx=65, val=0
FLATTEN [t=199955000]: idx=246, val=93
FLATTEN [t=199965000]: idx=247, val=93
FLATTEN [t=199975000]: idx=248, val=93
FLATTEN [t=199985000]: idx=249, val=93
FLATTEN [t=199995000]: idx=250, val=93
FLATTEN [t=200005000]: idx=251, val=93
FLATTEN [t=200015000]: idx=252, val=93
FLATTEN [t=200025000]: idx=253, val=93
FLATTEN [t=200035000]: idx=254, val=93
FLATTEN [t=200045000]: idx=255, val=93
FLATTEN [t=200055000]: idx=0, val=127
FLATTEN [t=200065000]: idx=1, val=127
FLATTEN [t=200075000]: idx=2, val=127
FLATTEN [t=200085000]: idx=3, val=127
FLATTEN [t=200095000]: idx=4, val=127
FLATTEN [t=200105000]: idx=5, val=127
FLATTEN [t=200115000]: idx=6, val=127
FLATTEN [t=200125000]: idx=7, val=127
FLATTEN [t=200135000]: idx=8, val=127
FLATTEN [t=200145000]: idx=9, val=127
FC1 [t=202075000]: idx=66, val=17
FLATTEN [t=202515000]: idx=246, val=93
FLATTEN [t=202525000]: idx=247, val=93
FLATTEN [t=202535000]: idx=248, val=93
FLATTEN [t=202545000]: idx=249, val=93
FLATTEN [t=202555000]: idx=250, val=93
FLATTEN [t=202565000]: idx=251, val=93
FLATTEN [t=202575000]: idx=252, val=93
FLATTEN [t=202585000]: idx=253, val=93
FLATTEN [t=202595000]: idx=254, val=93
FLATTEN [t=202605000]: idx=255, val=93
FLATTEN [t=202615000]: idx=0, val=127
FLATTEN [t=202625000]: idx=1, val=127
FLATTEN [t=202635000]: idx=2, val=127
FLATTEN [t=202645000]: idx=3, val=127
FLATTEN [t=202655000]: idx=4, val=127
FLATTEN [t=202665000]: idx=5, val=127
FLATTEN [t=202675000]: idx=6, val=127
FLATTEN [t=202685000]: idx=7, val=127
FLATTEN [t=202695000]: idx=8, val=127
FLATTEN [t=202705000]: idx=9, val=127
FC1 [t=204665000]: idx=67, val=21
FLATTEN [t=205075000]: idx=246, val=93
FLATTEN [t=205085000]: idx=247, val=93
FLATTEN [t=205095000]: idx=248, val=93
FLATTEN [t=205105000]: idx=249, val=93
FLATTEN [t=205115000]: idx=250, val=93
FLATTEN [t=205125000]: idx=251, val=93
FLATTEN [t=205135000]: idx=252, val=93
FLATTEN [t=205145000]: idx=253, val=93
FLATTEN [t=205155000]: idx=254, val=93
FLATTEN [t=205165000]: idx=255, val=93
FLATTEN [t=205175000]: idx=0, val=127
FLATTEN [t=205185000]: idx=1, val=127
FLATTEN [t=205195000]: idx=2, val=127
FLATTEN [t=205205000]: idx=3, val=127
FLATTEN [t=205215000]: idx=4, val=127
FLATTEN [t=205225000]: idx=5, val=127
FLATTEN [t=205235000]: idx=6, val=127
FLATTEN [t=205245000]: idx=7, val=127
FLATTEN [t=205255000]: idx=8, val=127
FLATTEN [t=205265000]: idx=9, val=127
FC1 [t=207255000]: idx=68, val=0
FLATTEN [t=207635000]: idx=246, val=93
FLATTEN [t=207645000]: idx=247, val=93
FLATTEN [t=207655000]: idx=248, val=93
FLATTEN [t=207665000]: idx=249, val=93
FLATTEN [t=207675000]: idx=250, val=93
FLATTEN [t=207685000]: idx=251, val=93
FLATTEN [t=207695000]: idx=252, val=93
FLATTEN [t=207705000]: idx=253, val=93
FLATTEN [t=207715000]: idx=254, val=93
FLATTEN [t=207725000]: idx=255, val=93
FLATTEN [t=207735000]: idx=0, val=127
FLATTEN [t=207745000]: idx=1, val=127
FLATTEN [t=207755000]: idx=2, val=127
FLATTEN [t=207765000]: idx=3, val=127
FLATTEN [t=207775000]: idx=4, val=127
FLATTEN [t=207785000]: idx=5, val=127
FLATTEN [t=207795000]: idx=6, val=127
FLATTEN [t=207805000]: idx=7, val=127
FLATTEN [t=207815000]: idx=8, val=127
FLATTEN [t=207825000]: idx=9, val=127
FC1 [t=209845000]: idx=69, val=19
FLATTEN [t=210195000]: idx=246, val=93
FLATTEN [t=210205000]: idx=247, val=93
FLATTEN [t=210215000]: idx=248, val=93
FLATTEN [t=210225000]: idx=249, val=93
FLATTEN [t=210235000]: idx=250, val=93
FLATTEN [t=210245000]: idx=251, val=93
FLATTEN [t=210255000]: idx=252, val=93
FLATTEN [t=210265000]: idx=253, val=93
FLATTEN [t=210275000]: idx=254, val=93
FLATTEN [t=210285000]: idx=255, val=93
FLATTEN [t=210295000]: idx=0, val=127
FLATTEN [t=210305000]: idx=1, val=127
FLATTEN [t=210315000]: idx=2, val=127
FLATTEN [t=210325000]: idx=3, val=127
FLATTEN [t=210335000]: idx=4, val=127
FLATTEN [t=210345000]: idx=5, val=127
FLATTEN [t=210355000]: idx=6, val=127
FLATTEN [t=210365000]: idx=7, val=127
FLATTEN [t=210375000]: idx=8, val=127
FLATTEN [t=210385000]: idx=9, val=127
FC1 [t=212435000]: idx=70, val=18
FLATTEN [t=212755000]: idx=246, val=93
FLATTEN [t=212765000]: idx=247, val=93
FLATTEN [t=212775000]: idx=248, val=93
FLATTEN [t=212785000]: idx=249, val=93
FLATTEN [t=212795000]: idx=250, val=93
FLATTEN [t=212805000]: idx=251, val=93
FLATTEN [t=212815000]: idx=252, val=93
FLATTEN [t=212825000]: idx=253, val=93
FLATTEN [t=212835000]: idx=254, val=93
FLATTEN [t=212845000]: idx=255, val=93
FLATTEN [t=212855000]: idx=0, val=127
FLATTEN [t=212865000]: idx=1, val=127
FLATTEN [t=212875000]: idx=2, val=127
FLATTEN [t=212885000]: idx=3, val=127
FLATTEN [t=212895000]: idx=4, val=127
FLATTEN [t=212905000]: idx=5, val=127
FLATTEN [t=212915000]: idx=6, val=127
FLATTEN [t=212925000]: idx=7, val=127
FLATTEN [t=212935000]: idx=8, val=127
FLATTEN [t=212945000]: idx=9, val=127
FC1 [t=215025000]: idx=71, val=0
FLATTEN [t=215315000]: idx=246, val=93
FLATTEN [t=215325000]: idx=247, val=93
FLATTEN [t=215335000]: idx=248, val=93
FLATTEN [t=215345000]: idx=249, val=93
FLATTEN [t=215355000]: idx=250, val=93
FLATTEN [t=215365000]: idx=251, val=93
FLATTEN [t=215375000]: idx=252, val=93
FLATTEN [t=215385000]: idx=253, val=93
FLATTEN [t=215395000]: idx=254, val=93
FLATTEN [t=215405000]: idx=255, val=93
FLATTEN [t=215415000]: idx=0, val=127
FLATTEN [t=215425000]: idx=1, val=127
FLATTEN [t=215435000]: idx=2, val=127
FLATTEN [t=215445000]: idx=3, val=127
FLATTEN [t=215455000]: idx=4, val=127
FLATTEN [t=215465000]: idx=5, val=127
FLATTEN [t=215475000]: idx=6, val=127
FLATTEN [t=215485000]: idx=7, val=127
FLATTEN [t=215495000]: idx=8, val=127
FLATTEN [t=215505000]: idx=9, val=127
FC1 [t=217615000]: idx=72, val=0
FLATTEN [t=217875000]: idx=246, val=93
FLATTEN [t=217885000]: idx=247, val=93
FLATTEN [t=217895000]: idx=248, val=93
FLATTEN [t=217905000]: idx=249, val=93
FLATTEN [t=217915000]: idx=250, val=93
FLATTEN [t=217925000]: idx=251, val=93
FLATTEN [t=217935000]: idx=252, val=93
FLATTEN [t=217945000]: idx=253, val=93
FLATTEN [t=217955000]: idx=254, val=93
FLATTEN [t=217965000]: idx=255, val=93
FLATTEN [t=217975000]: idx=0, val=127
FLATTEN [t=217985000]: idx=1, val=127
FLATTEN [t=217995000]: idx=2, val=127
FLATTEN [t=218005000]: idx=3, val=127
FLATTEN [t=218015000]: idx=4, val=127
FLATTEN [t=218025000]: idx=5, val=127
FLATTEN [t=218035000]: idx=6, val=127
FLATTEN [t=218045000]: idx=7, val=127
FLATTEN [t=218055000]: idx=8, val=127
FLATTEN [t=218065000]: idx=9, val=127
FC1 [t=220205000]: idx=73, val=27
FLATTEN [t=220435000]: idx=246, val=93
FLATTEN [t=220445000]: idx=247, val=93
FLATTEN [t=220455000]: idx=248, val=93
FLATTEN [t=220465000]: idx=249, val=93
FLATTEN [t=220475000]: idx=250, val=93
FLATTEN [t=220485000]: idx=251, val=93
FLATTEN [t=220495000]: idx=252, val=93
FLATTEN [t=220505000]: idx=253, val=93
FLATTEN [t=220515000]: idx=254, val=93
FLATTEN [t=220525000]: idx=255, val=93
FLATTEN [t=220535000]: idx=0, val=127
FLATTEN [t=220545000]: idx=1, val=127
FLATTEN [t=220555000]: idx=2, val=127
FLATTEN [t=220565000]: idx=3, val=127
FLATTEN [t=220575000]: idx=4, val=127
FLATTEN [t=220585000]: idx=5, val=127
FLATTEN [t=220595000]: idx=6, val=127
FLATTEN [t=220605000]: idx=7, val=127
FLATTEN [t=220615000]: idx=8, val=127
FLATTEN [t=220625000]: idx=9, val=127
FC1 [t=222795000]: idx=74, val=33
FLATTEN [t=222995000]: idx=246, val=93
FLATTEN [t=223005000]: idx=247, val=93
FLATTEN [t=223015000]: idx=248, val=93
FLATTEN [t=223025000]: idx=249, val=93
FLATTEN [t=223035000]: idx=250, val=93
FLATTEN [t=223045000]: idx=251, val=93
FLATTEN [t=223055000]: idx=252, val=93
FLATTEN [t=223065000]: idx=253, val=93
FLATTEN [t=223075000]: idx=254, val=93
FLATTEN [t=223085000]: idx=255, val=93
FLATTEN [t=223095000]: idx=0, val=127
FLATTEN [t=223105000]: idx=1, val=127
FLATTEN [t=223115000]: idx=2, val=127
FLATTEN [t=223125000]: idx=3, val=127
FLATTEN [t=223135000]: idx=4, val=127
FLATTEN [t=223145000]: idx=5, val=127
FLATTEN [t=223155000]: idx=6, val=127
FLATTEN [t=223165000]: idx=7, val=127
FLATTEN [t=223175000]: idx=8, val=127
FLATTEN [t=223185000]: idx=9, val=127
FC1 [t=225385000]: idx=75, val=0
FLATTEN [t=225555000]: idx=246, val=93
FLATTEN [t=225565000]: idx=247, val=93
FLATTEN [t=225575000]: idx=248, val=93
FLATTEN [t=225585000]: idx=249, val=93
FLATTEN [t=225595000]: idx=250, val=93
FLATTEN [t=225605000]: idx=251, val=93
FLATTEN [t=225615000]: idx=252, val=93
FLATTEN [t=225625000]: idx=253, val=93
FLATTEN [t=225635000]: idx=254, val=93
FLATTEN [t=225645000]: idx=255, val=93
FLATTEN [t=225655000]: idx=0, val=127
FLATTEN [t=225665000]: idx=1, val=127
FLATTEN [t=225675000]: idx=2, val=127
FLATTEN [t=225685000]: idx=3, val=127
FLATTEN [t=225695000]: idx=4, val=127
FLATTEN [t=225705000]: idx=5, val=127
FLATTEN [t=225715000]: idx=6, val=127
FLATTEN [t=225725000]: idx=7, val=127
FLATTEN [t=225735000]: idx=8, val=127
FLATTEN [t=225745000]: idx=9, val=127
FC1 [t=227975000]: idx=76, val=0
FLATTEN [t=228115000]: idx=246, val=93
FLATTEN [t=228125000]: idx=247, val=93
FLATTEN [t=228135000]: idx=248, val=93
FLATTEN [t=228145000]: idx=249, val=93
FLATTEN [t=228155000]: idx=250, val=93
FLATTEN [t=228165000]: idx=251, val=93
FLATTEN [t=228175000]: idx=252, val=93
FLATTEN [t=228185000]: idx=253, val=93
FLATTEN [t=228195000]: idx=254, val=93
FLATTEN [t=228205000]: idx=255, val=93
FLATTEN [t=228215000]: idx=0, val=127
FLATTEN [t=228225000]: idx=1, val=127
FLATTEN [t=228235000]: idx=2, val=127
FLATTEN [t=228245000]: idx=3, val=127
FLATTEN [t=228255000]: idx=4, val=127
FLATTEN [t=228265000]: idx=5, val=127
FLATTEN [t=228275000]: idx=6, val=127
FLATTEN [t=228285000]: idx=7, val=127
FLATTEN [t=228295000]: idx=8, val=127
FLATTEN [t=228305000]: idx=9, val=127
FC1 [t=230565000]: idx=77, val=1
FLATTEN [t=230675000]: idx=246, val=93
FLATTEN [t=230685000]: idx=247, val=93
FLATTEN [t=230695000]: idx=248, val=93
FLATTEN [t=230705000]: idx=249, val=93
FLATTEN [t=230715000]: idx=250, val=93
FLATTEN [t=230725000]: idx=251, val=93
FLATTEN [t=230735000]: idx=252, val=93
FLATTEN [t=230745000]: idx=253, val=93
FLATTEN [t=230755000]: idx=254, val=93
FLATTEN [t=230765000]: idx=255, val=93
FLATTEN [t=230775000]: idx=0, val=127
FLATTEN [t=230785000]: idx=1, val=127
FLATTEN [t=230795000]: idx=2, val=127
FLATTEN [t=230805000]: idx=3, val=127
FLATTEN [t=230815000]: idx=4, val=127
FLATTEN [t=230825000]: idx=5, val=127
FLATTEN [t=230835000]: idx=6, val=127
FLATTEN [t=230845000]: idx=7, val=127
FLATTEN [t=230855000]: idx=8, val=127
FLATTEN [t=230865000]: idx=9, val=127
FC1 [t=233155000]: idx=78, val=0
FLATTEN [t=233235000]: idx=246, val=93
FLATTEN [t=233245000]: idx=247, val=93
FLATTEN [t=233255000]: idx=248, val=93
FLATTEN [t=233265000]: idx=249, val=93
FLATTEN [t=233275000]: idx=250, val=93
FLATTEN [t=233285000]: idx=251, val=93
FLATTEN [t=233295000]: idx=252, val=93
FLATTEN [t=233305000]: idx=253, val=93
FLATTEN [t=233315000]: idx=254, val=93
FLATTEN [t=233325000]: idx=255, val=93
FLATTEN [t=233335000]: idx=0, val=127
FLATTEN [t=233345000]: idx=1, val=127
FLATTEN [t=233355000]: idx=2, val=127
FLATTEN [t=233365000]: idx=3, val=127
FLATTEN [t=233375000]: idx=4, val=127
FLATTEN [t=233385000]: idx=5, val=127
FLATTEN [t=233395000]: idx=6, val=127
FLATTEN [t=233405000]: idx=7, val=127
FLATTEN [t=233415000]: idx=8, val=127
FLATTEN [t=233425000]: idx=9, val=127
FC1 [t=235745000]: idx=79, val=0
FLATTEN [t=235795000]: idx=246, val=93
FLATTEN [t=235805000]: idx=247, val=93
FLATTEN [t=235815000]: idx=248, val=93
FLATTEN [t=235825000]: idx=249, val=93
FLATTEN [t=235835000]: idx=250, val=93
FLATTEN [t=235845000]: idx=251, val=93
FLATTEN [t=235855000]: idx=252, val=93
FLATTEN [t=235865000]: idx=253, val=93
FLATTEN [t=235875000]: idx=254, val=93
FLATTEN [t=235885000]: idx=255, val=93
FLATTEN [t=235895000]: idx=0, val=127
FLATTEN [t=235905000]: idx=1, val=127
FLATTEN [t=235915000]: idx=2, val=127
FLATTEN [t=235925000]: idx=3, val=127
FLATTEN [t=235935000]: idx=4, val=127
FLATTEN [t=235945000]: idx=5, val=127
FLATTEN [t=235955000]: idx=6, val=127
FLATTEN [t=235965000]: idx=7, val=127
FLATTEN [t=235975000]: idx=8, val=127
FLATTEN [t=235985000]: idx=9, val=127
FC1 [t=238335000]: idx=80, val=35
FLATTEN [t=238355000]: idx=246, val=93
FLATTEN [t=238365000]: idx=247, val=93
FLATTEN [t=238375000]: idx=248, val=93
FLATTEN [t=238385000]: idx=249, val=93
FLATTEN [t=238395000]: idx=250, val=93
FLATTEN [t=238405000]: idx=251, val=93
FLATTEN [t=238415000]: idx=252, val=93
FLATTEN [t=238425000]: idx=253, val=93
FLATTEN [t=238435000]: idx=254, val=93
FLATTEN [t=238445000]: idx=255, val=93
FLATTEN [t=238455000]: idx=0, val=127
FLATTEN [t=238465000]: idx=1, val=127
FLATTEN [t=238475000]: idx=2, val=127
FLATTEN [t=238485000]: idx=3, val=127
FLATTEN [t=238495000]: idx=4, val=127
FLATTEN [t=238505000]: idx=5, val=127
FLATTEN [t=238515000]: idx=6, val=127
FLATTEN [t=238525000]: idx=7, val=127
FLATTEN [t=238535000]: idx=8, val=127
FLATTEN [t=238545000]: idx=9, val=127
FLATTEN [t=240915000]: idx=246, val=93
FLATTEN [t=240925000]: idx=247, val=93
FC1 [t=240925000]: idx=81, val=56
FLATTEN [t=240935000]: idx=248, val=93
FLATTEN [t=240945000]: idx=249, val=93
FLATTEN [t=240955000]: idx=250, val=93
FLATTEN [t=240965000]: idx=251, val=93
FLATTEN [t=240975000]: idx=252, val=93
FLATTEN [t=240985000]: idx=253, val=93
FLATTEN [t=240995000]: idx=254, val=93
FLATTEN [t=241005000]: idx=255, val=93
FLATTEN [t=241015000]: idx=0, val=127
FLATTEN [t=241025000]: idx=1, val=127
FLATTEN [t=241035000]: idx=2, val=127
FLATTEN [t=241045000]: idx=3, val=127
FLATTEN [t=241055000]: idx=4, val=127
FLATTEN [t=241065000]: idx=5, val=127
FLATTEN [t=241075000]: idx=6, val=127
FLATTEN [t=241085000]: idx=7, val=127
FLATTEN [t=241095000]: idx=8, val=127
FLATTEN [t=241105000]: idx=9, val=127
FLATTEN [t=243475000]: idx=246, val=93
FLATTEN [t=243485000]: idx=247, val=93
FLATTEN [t=243495000]: idx=248, val=93
FLATTEN [t=243505000]: idx=249, val=93
FLATTEN [t=243515000]: idx=250, val=93
FC1 [t=243515000]: idx=82, val=0
FLATTEN [t=243525000]: idx=251, val=93
FLATTEN [t=243535000]: idx=252, val=93
FLATTEN [t=243545000]: idx=253, val=93
FLATTEN [t=243555000]: idx=254, val=93
FLATTEN [t=243565000]: idx=255, val=93
FLATTEN [t=243575000]: idx=0, val=127
FLATTEN [t=243585000]: idx=1, val=127
FLATTEN [t=243595000]: idx=2, val=127
FLATTEN [t=243605000]: idx=3, val=127
FLATTEN [t=243615000]: idx=4, val=127
FLATTEN [t=243625000]: idx=5, val=127
FLATTEN [t=243635000]: idx=6, val=127
FLATTEN [t=243645000]: idx=7, val=127
FLATTEN [t=243655000]: idx=8, val=127
FLATTEN [t=243665000]: idx=9, val=127
FLATTEN [t=246035000]: idx=246, val=93
FLATTEN [t=246045000]: idx=247, val=93
FLATTEN [t=246055000]: idx=248, val=93
FLATTEN [t=246065000]: idx=249, val=93
FLATTEN [t=246075000]: idx=250, val=93
FLATTEN [t=246085000]: idx=251, val=93
FLATTEN [t=246095000]: idx=252, val=93
FLATTEN [t=246105000]: idx=253, val=93
FC1 [t=246105000]: idx=83, val=17
FLATTEN [t=246115000]: idx=254, val=93
FLATTEN [t=246125000]: idx=255, val=93
FLATTEN [t=246135000]: idx=0, val=127
FLATTEN [t=246145000]: idx=1, val=127
FLATTEN [t=246155000]: idx=2, val=127
FLATTEN [t=246165000]: idx=3, val=127
FLATTEN [t=246175000]: idx=4, val=127
FLATTEN [t=246185000]: idx=5, val=127
FLATTEN [t=246195000]: idx=6, val=127
FLATTEN [t=246205000]: idx=7, val=127
FLATTEN [t=246215000]: idx=8, val=127
FLATTEN [t=246225000]: idx=9, val=127
FLATTEN [t=248595000]: idx=246, val=93
FLATTEN [t=248605000]: idx=247, val=93
FLATTEN [t=248615000]: idx=248, val=93
FLATTEN [t=248625000]: idx=249, val=93
FLATTEN [t=248635000]: idx=250, val=93
FLATTEN [t=248645000]: idx=251, val=93
FLATTEN [t=248655000]: idx=252, val=93
FLATTEN [t=248665000]: idx=253, val=93
FLATTEN [t=248675000]: idx=254, val=93
FLATTEN [t=248685000]: idx=255, val=93
FLATTEN [t=248695000]: idx=0, val=127
FC1 [t=248695000]: idx=84, val=0
FLATTEN [t=248705000]: idx=1, val=127
FLATTEN [t=248715000]: idx=2, val=127
FLATTEN [t=248725000]: idx=3, val=127
FLATTEN [t=248735000]: idx=4, val=127
FLATTEN [t=248745000]: idx=5, val=127
FLATTEN [t=248755000]: idx=6, val=127
FLATTEN [t=248765000]: idx=7, val=127
FLATTEN [t=248775000]: idx=8, val=127
FLATTEN [t=248785000]: idx=9, val=127
FLATTEN [t=251155000]: idx=246, val=93
FLATTEN [t=251165000]: idx=247, val=93
FLATTEN [t=251175000]: idx=248, val=93
FLATTEN [t=251185000]: idx=249, val=93
FLATTEN [t=251195000]: idx=250, val=93
FLATTEN [t=251205000]: idx=251, val=93
FLATTEN [t=251215000]: idx=252, val=93
FLATTEN [t=251225000]: idx=253, val=93
FLATTEN [t=251235000]: idx=254, val=93
FLATTEN [t=251245000]: idx=255, val=93
FLATTEN [t=251255000]: idx=0, val=127
FLATTEN [t=251265000]: idx=1, val=127
FLATTEN [t=251275000]: idx=2, val=127
FLATTEN [t=251285000]: idx=3, val=127
FC1 [t=251285000]: idx=85, val=27
FLATTEN [t=251295000]: idx=4, val=127
FLATTEN [t=251305000]: idx=5, val=127
FLATTEN [t=251315000]: idx=6, val=127
FLATTEN [t=251325000]: idx=7, val=127
FLATTEN [t=251335000]: idx=8, val=127
FLATTEN [t=251345000]: idx=9, val=127
FLATTEN [t=253715000]: idx=246, val=93
FLATTEN [t=253725000]: idx=247, val=93
FLATTEN [t=253735000]: idx=248, val=93
FLATTEN [t=253745000]: idx=249, val=93
FLATTEN [t=253755000]: idx=250, val=93
FLATTEN [t=253765000]: idx=251, val=93
FLATTEN [t=253775000]: idx=252, val=93
FLATTEN [t=253785000]: idx=253, val=93
FLATTEN [t=253795000]: idx=254, val=93
FLATTEN [t=253805000]: idx=255, val=93
FLATTEN [t=253815000]: idx=0, val=127
FLATTEN [t=253825000]: idx=1, val=127
FLATTEN [t=253835000]: idx=2, val=127
FLATTEN [t=253845000]: idx=3, val=127
FLATTEN [t=253855000]: idx=4, val=127
FLATTEN [t=253865000]: idx=5, val=127
FLATTEN [t=253875000]: idx=6, val=127
FC1 [t=253875000]: idx=86, val=0
FLATTEN [t=253885000]: idx=7, val=127
FLATTEN [t=253895000]: idx=8, val=127
FLATTEN [t=253905000]: idx=9, val=127
FLATTEN [t=256275000]: idx=246, val=93
FLATTEN [t=256285000]: idx=247, val=93
FLATTEN [t=256295000]: idx=248, val=93
FLATTEN [t=256305000]: idx=249, val=93
FLATTEN [t=256315000]: idx=250, val=93
FLATTEN [t=256325000]: idx=251, val=93
FLATTEN [t=256335000]: idx=252, val=93
FLATTEN [t=256345000]: idx=253, val=93
FLATTEN [t=256355000]: idx=254, val=93
FLATTEN [t=256365000]: idx=255, val=93
FLATTEN [t=256375000]: idx=0, val=127
FLATTEN [t=256385000]: idx=1, val=127
FLATTEN [t=256395000]: idx=2, val=127
FLATTEN [t=256405000]: idx=3, val=127
FLATTEN [t=256415000]: idx=4, val=127
FLATTEN [t=256425000]: idx=5, val=127
FLATTEN [t=256435000]: idx=6, val=127
FLATTEN [t=256445000]: idx=7, val=127
FLATTEN [t=256455000]: idx=8, val=127
FLATTEN [t=256465000]: idx=9, val=127
FC1 [t=256465000]: idx=87, val=52
FLATTEN [t=258835000]: idx=246, val=93
FLATTEN [t=258845000]: idx=247, val=93
FLATTEN [t=258855000]: idx=248, val=93
FLATTEN [t=258865000]: idx=249, val=93
FLATTEN [t=258875000]: idx=250, val=93
FLATTEN [t=258885000]: idx=251, val=93
FLATTEN [t=258895000]: idx=252, val=93
FLATTEN [t=258905000]: idx=253, val=93
FLATTEN [t=258915000]: idx=254, val=93
FLATTEN [t=258925000]: idx=255, val=93
FLATTEN [t=258935000]: idx=0, val=127
FLATTEN [t=258945000]: idx=1, val=127
FLATTEN [t=258955000]: idx=2, val=127
FLATTEN [t=258965000]: idx=3, val=127
FLATTEN [t=258975000]: idx=4, val=127
FLATTEN [t=258985000]: idx=5, val=127
FLATTEN [t=258995000]: idx=6, val=127
FLATTEN [t=259005000]: idx=7, val=127
FLATTEN [t=259015000]: idx=8, val=127
FLATTEN [t=259025000]: idx=9, val=127
FC1 [t=259055000]: idx=88, val=0
FLATTEN [t=261395000]: idx=246, val=93
FLATTEN [t=261405000]: idx=247, val=93
FLATTEN [t=261415000]: idx=248, val=93
FLATTEN [t=261425000]: idx=249, val=93
FLATTEN [t=261435000]: idx=250, val=93
FLATTEN [t=261445000]: idx=251, val=93
FLATTEN [t=261455000]: idx=252, val=93
FLATTEN [t=261465000]: idx=253, val=93
FLATTEN [t=261475000]: idx=254, val=93
FLATTEN [t=261485000]: idx=255, val=93
FLATTEN [t=261495000]: idx=0, val=127
FLATTEN [t=261505000]: idx=1, val=127
FLATTEN [t=261515000]: idx=2, val=127
FLATTEN [t=261525000]: idx=3, val=127
FLATTEN [t=261535000]: idx=4, val=127
FLATTEN [t=261545000]: idx=5, val=127
FLATTEN [t=261555000]: idx=6, val=127
FLATTEN [t=261565000]: idx=7, val=127
FLATTEN [t=261575000]: idx=8, val=127
FLATTEN [t=261585000]: idx=9, val=127
FC1 [t=261645000]: idx=89, val=26
FLATTEN [t=263955000]: idx=246, val=93
FLATTEN [t=263965000]: idx=247, val=93
FLATTEN [t=263975000]: idx=248, val=93
FLATTEN [t=263985000]: idx=249, val=93
FLATTEN [t=263995000]: idx=250, val=93
FLATTEN [t=264005000]: idx=251, val=93
FLATTEN [t=264015000]: idx=252, val=93
FLATTEN [t=264025000]: idx=253, val=93
FLATTEN [t=264035000]: idx=254, val=93
FLATTEN [t=264045000]: idx=255, val=93
FLATTEN [t=264055000]: idx=0, val=127
FLATTEN [t=264065000]: idx=1, val=127
FLATTEN [t=264075000]: idx=2, val=127
FLATTEN [t=264085000]: idx=3, val=127
FLATTEN [t=264095000]: idx=4, val=127
FLATTEN [t=264105000]: idx=5, val=127
FLATTEN [t=264115000]: idx=6, val=127
FLATTEN [t=264125000]: idx=7, val=127
FLATTEN [t=264135000]: idx=8, val=127
FLATTEN [t=264145000]: idx=9, val=127
FC1 [t=264235000]: idx=90, val=0
FLATTEN [t=266515000]: idx=246, val=93
FLATTEN [t=266525000]: idx=247, val=93
FLATTEN [t=266535000]: idx=248, val=93
FLATTEN [t=266545000]: idx=249, val=93
FLATTEN [t=266555000]: idx=250, val=93
FLATTEN [t=266565000]: idx=251, val=93
FLATTEN [t=266575000]: idx=252, val=93
FLATTEN [t=266585000]: idx=253, val=93
FLATTEN [t=266595000]: idx=254, val=93
FLATTEN [t=266605000]: idx=255, val=93
FLATTEN [t=266615000]: idx=0, val=127
FLATTEN [t=266625000]: idx=1, val=127
FLATTEN [t=266635000]: idx=2, val=127
FLATTEN [t=266645000]: idx=3, val=127
FLATTEN [t=266655000]: idx=4, val=127
FLATTEN [t=266665000]: idx=5, val=127
FLATTEN [t=266675000]: idx=6, val=127
FLATTEN [t=266685000]: idx=7, val=127
FLATTEN [t=266695000]: idx=8, val=127
FLATTEN [t=266705000]: idx=9, val=127
FC1 [t=266825000]: idx=91, val=0
FLATTEN [t=269075000]: idx=246, val=93
FLATTEN [t=269085000]: idx=247, val=93
FLATTEN [t=269095000]: idx=248, val=93
FLATTEN [t=269105000]: idx=249, val=93
FLATTEN [t=269115000]: idx=250, val=93
FLATTEN [t=269125000]: idx=251, val=93
FLATTEN [t=269135000]: idx=252, val=93
FLATTEN [t=269145000]: idx=253, val=93
FLATTEN [t=269155000]: idx=254, val=93
FLATTEN [t=269165000]: idx=255, val=93
FLATTEN [t=269175000]: idx=0, val=127
FLATTEN [t=269185000]: idx=1, val=127
FLATTEN [t=269195000]: idx=2, val=127
FLATTEN [t=269205000]: idx=3, val=127
FLATTEN [t=269215000]: idx=4, val=127
FLATTEN [t=269225000]: idx=5, val=127
FLATTEN [t=269235000]: idx=6, val=127
FLATTEN [t=269245000]: idx=7, val=127
FLATTEN [t=269255000]: idx=8, val=127
FLATTEN [t=269265000]: idx=9, val=127
FC1 [t=269415000]: idx=92, val=0
FLATTEN [t=271635000]: idx=246, val=93
FLATTEN [t=271645000]: idx=247, val=93
FLATTEN [t=271655000]: idx=248, val=93
FLATTEN [t=271665000]: idx=249, val=93
FLATTEN [t=271675000]: idx=250, val=93
FLATTEN [t=271685000]: idx=251, val=93
FLATTEN [t=271695000]: idx=252, val=93
FLATTEN [t=271705000]: idx=253, val=93
FLATTEN [t=271715000]: idx=254, val=93
FLATTEN [t=271725000]: idx=255, val=93
FLATTEN [t=271735000]: idx=0, val=127
FLATTEN [t=271745000]: idx=1, val=127
FLATTEN [t=271755000]: idx=2, val=127
FLATTEN [t=271765000]: idx=3, val=127
FLATTEN [t=271775000]: idx=4, val=127
FLATTEN [t=271785000]: idx=5, val=127
FLATTEN [t=271795000]: idx=6, val=127
FLATTEN [t=271805000]: idx=7, val=127
FLATTEN [t=271815000]: idx=8, val=127
FLATTEN [t=271825000]: idx=9, val=127
FC1 [t=272005000]: idx=93, val=0
FLATTEN [t=274195000]: idx=246, val=93
FLATTEN [t=274205000]: idx=247, val=93
FLATTEN [t=274215000]: idx=248, val=93
FLATTEN [t=274225000]: idx=249, val=93
FLATTEN [t=274235000]: idx=250, val=93
FLATTEN [t=274245000]: idx=251, val=93
FLATTEN [t=274255000]: idx=252, val=93
FLATTEN [t=274265000]: idx=253, val=93
FLATTEN [t=274275000]: idx=254, val=93
FLATTEN [t=274285000]: idx=255, val=93
FLATTEN [t=274295000]: idx=0, val=127
FLATTEN [t=274305000]: idx=1, val=127
FLATTEN [t=274315000]: idx=2, val=127
FLATTEN [t=274325000]: idx=3, val=127
FLATTEN [t=274335000]: idx=4, val=127
FLATTEN [t=274345000]: idx=5, val=127
FLATTEN [t=274355000]: idx=6, val=127
FLATTEN [t=274365000]: idx=7, val=127
FLATTEN [t=274375000]: idx=8, val=127
FLATTEN [t=274385000]: idx=9, val=127
FC1 [t=274595000]: idx=94, val=0
FLATTEN [t=276755000]: idx=246, val=93
FLATTEN [t=276765000]: idx=247, val=93
FLATTEN [t=276775000]: idx=248, val=93
FLATTEN [t=276785000]: idx=249, val=93
FLATTEN [t=276795000]: idx=250, val=93
FLATTEN [t=276805000]: idx=251, val=93
FLATTEN [t=276815000]: idx=252, val=93
FLATTEN [t=276825000]: idx=253, val=93
FLATTEN [t=276835000]: idx=254, val=93
FLATTEN [t=276845000]: idx=255, val=93
FLATTEN [t=276855000]: idx=0, val=127
FLATTEN [t=276865000]: idx=1, val=127
FLATTEN [t=276875000]: idx=2, val=127
FLATTEN [t=276885000]: idx=3, val=127
FLATTEN [t=276895000]: idx=4, val=127
FLATTEN [t=276905000]: idx=5, val=127
FLATTEN [t=276915000]: idx=6, val=127
FLATTEN [t=276925000]: idx=7, val=127
FLATTEN [t=276935000]: idx=8, val=127
FLATTEN [t=276945000]: idx=9, val=127
FC1 [t=277185000]: idx=95, val=0
FLATTEN [t=279315000]: idx=246, val=93
FLATTEN [t=279325000]: idx=247, val=93
FLATTEN [t=279335000]: idx=248, val=93
FLATTEN [t=279345000]: idx=249, val=93
FLATTEN [t=279355000]: idx=250, val=93
FLATTEN [t=279365000]: idx=251, val=93
FLATTEN [t=279375000]: idx=252, val=93
FLATTEN [t=279385000]: idx=253, val=93
FLATTEN [t=279395000]: idx=254, val=93
FLATTEN [t=279405000]: idx=255, val=93
FLATTEN [t=279415000]: idx=0, val=127
FLATTEN [t=279425000]: idx=1, val=127
FLATTEN [t=279435000]: idx=2, val=127
FLATTEN [t=279445000]: idx=3, val=127
FLATTEN [t=279455000]: idx=4, val=127
FLATTEN [t=279465000]: idx=5, val=127
FLATTEN [t=279475000]: idx=6, val=127
FLATTEN [t=279485000]: idx=7, val=127
FLATTEN [t=279495000]: idx=8, val=127
FLATTEN [t=279505000]: idx=9, val=127
FC1 [t=279775000]: idx=96, val=42
FLATTEN [t=281875000]: idx=246, val=93
FLATTEN [t=281885000]: idx=247, val=93
FLATTEN [t=281895000]: idx=248, val=93
FLATTEN [t=281905000]: idx=249, val=93
FLATTEN [t=281915000]: idx=250, val=93
FLATTEN [t=281925000]: idx=251, val=93
FLATTEN [t=281935000]: idx=252, val=93
FLATTEN [t=281945000]: idx=253, val=93
FLATTEN [t=281955000]: idx=254, val=93
FLATTEN [t=281965000]: idx=255, val=93
FLATTEN [t=281975000]: idx=0, val=127
FLATTEN [t=281985000]: idx=1, val=127
FLATTEN [t=281995000]: idx=2, val=127
FLATTEN [t=282005000]: idx=3, val=127
FLATTEN [t=282015000]: idx=4, val=127
FLATTEN [t=282025000]: idx=5, val=127
FLATTEN [t=282035000]: idx=6, val=127
FLATTEN [t=282045000]: idx=7, val=127
FLATTEN [t=282055000]: idx=8, val=127
FLATTEN [t=282065000]: idx=9, val=127
FC1 [t=282365000]: idx=97, val=0
FLATTEN [t=284435000]: idx=246, val=93
FLATTEN [t=284445000]: idx=247, val=93
FLATTEN [t=284455000]: idx=248, val=93
FLATTEN [t=284465000]: idx=249, val=93
FLATTEN [t=284475000]: idx=250, val=93
FLATTEN [t=284485000]: idx=251, val=93
FLATTEN [t=284495000]: idx=252, val=93
FLATTEN [t=284505000]: idx=253, val=93
FLATTEN [t=284515000]: idx=254, val=93
FLATTEN [t=284525000]: idx=255, val=93
FLATTEN [t=284535000]: idx=0, val=127
FLATTEN [t=284545000]: idx=1, val=127
FLATTEN [t=284555000]: idx=2, val=127
FLATTEN [t=284565000]: idx=3, val=127
FLATTEN [t=284575000]: idx=4, val=127
FLATTEN [t=284585000]: idx=5, val=127
FLATTEN [t=284595000]: idx=6, val=127
FLATTEN [t=284605000]: idx=7, val=127
FLATTEN [t=284615000]: idx=8, val=127
FLATTEN [t=284625000]: idx=9, val=127
FC1 [t=284955000]: idx=98, val=0
FLATTEN [t=286995000]: idx=246, val=93
FLATTEN [t=287005000]: idx=247, val=93
FLATTEN [t=287015000]: idx=248, val=93
FLATTEN [t=287025000]: idx=249, val=93
FLATTEN [t=287035000]: idx=250, val=93
FLATTEN [t=287045000]: idx=251, val=93
FLATTEN [t=287055000]: idx=252, val=93
FLATTEN [t=287065000]: idx=253, val=93
FLATTEN [t=287075000]: idx=254, val=93
FLATTEN [t=287085000]: idx=255, val=93
FLATTEN [t=287095000]: idx=0, val=127
FLATTEN [t=287105000]: idx=1, val=127
FLATTEN [t=287115000]: idx=2, val=127
FLATTEN [t=287125000]: idx=3, val=127
FLATTEN [t=287135000]: idx=4, val=127
FLATTEN [t=287145000]: idx=5, val=127
FLATTEN [t=287155000]: idx=6, val=127
FLATTEN [t=287165000]: idx=7, val=127
FLATTEN [t=287175000]: idx=8, val=127
FLATTEN [t=287185000]: idx=9, val=127
FC1 [t=287545000]: idx=99, val=0
FLATTEN [t=289555000]: idx=246, val=93
FLATTEN [t=289565000]: idx=247, val=93
FLATTEN [t=289575000]: idx=248, val=93
FLATTEN [t=289585000]: idx=249, val=93
FLATTEN [t=289595000]: idx=250, val=93
FLATTEN [t=289605000]: idx=251, val=93
FLATTEN [t=289615000]: idx=252, val=93
FLATTEN [t=289625000]: idx=253, val=93
FLATTEN [t=289635000]: idx=254, val=93
FLATTEN [t=289645000]: idx=255, val=93
FLATTEN [t=289655000]: idx=0, val=127
FLATTEN [t=289665000]: idx=1, val=127
FLATTEN [t=289675000]: idx=2, val=127
FLATTEN [t=289685000]: idx=3, val=127
FLATTEN [t=289695000]: idx=4, val=127
FLATTEN [t=289705000]: idx=5, val=127
FLATTEN [t=289715000]: idx=6, val=127
FLATTEN [t=289725000]: idx=7, val=127
FLATTEN [t=289735000]: idx=8, val=127
FLATTEN [t=289745000]: idx=9, val=127
FC1 [t=290135000]: idx=100, val=11
FLATTEN [t=292115000]: idx=246, val=93
FLATTEN [t=292125000]: idx=247, val=93
FLATTEN [t=292135000]: idx=248, val=93
FLATTEN [t=292145000]: idx=249, val=93
FLATTEN [t=292155000]: idx=250, val=93
FLATTEN [t=292165000]: idx=251, val=93
FLATTEN [t=292175000]: idx=252, val=93
FLATTEN [t=292185000]: idx=253, val=93
FLATTEN [t=292195000]: idx=254, val=93
FLATTEN [t=292205000]: idx=255, val=93
FLATTEN [t=292215000]: idx=0, val=127
FLATTEN [t=292225000]: idx=1, val=127
FLATTEN [t=292235000]: idx=2, val=127
FLATTEN [t=292245000]: idx=3, val=127
FLATTEN [t=292255000]: idx=4, val=127
FLATTEN [t=292265000]: idx=5, val=127
FLATTEN [t=292275000]: idx=6, val=127
FLATTEN [t=292285000]: idx=7, val=127
FLATTEN [t=292295000]: idx=8, val=127
FLATTEN [t=292305000]: idx=9, val=127
FC1 [t=292725000]: idx=101, val=22
FLATTEN [t=294675000]: idx=246, val=93
FLATTEN [t=294685000]: idx=247, val=93
FLATTEN [t=294695000]: idx=248, val=93
FLATTEN [t=294705000]: idx=249, val=93
FLATTEN [t=294715000]: idx=250, val=93
FLATTEN [t=294725000]: idx=251, val=93
FLATTEN [t=294735000]: idx=252, val=93
FLATTEN [t=294745000]: idx=253, val=93
FLATTEN [t=294755000]: idx=254, val=93
FLATTEN [t=294765000]: idx=255, val=93
FLATTEN [t=294775000]: idx=0, val=127
FLATTEN [t=294785000]: idx=1, val=127
FLATTEN [t=294795000]: idx=2, val=127
FLATTEN [t=294805000]: idx=3, val=127
FLATTEN [t=294815000]: idx=4, val=127
FLATTEN [t=294825000]: idx=5, val=127
FLATTEN [t=294835000]: idx=6, val=127
FLATTEN [t=294845000]: idx=7, val=127
FLATTEN [t=294855000]: idx=8, val=127
FLATTEN [t=294865000]: idx=9, val=127
FC1 [t=295315000]: idx=102, val=0
FLATTEN [t=297235000]: idx=246, val=93
FLATTEN [t=297245000]: idx=247, val=93
FLATTEN [t=297255000]: idx=248, val=93
FLATTEN [t=297265000]: idx=249, val=93
FLATTEN [t=297275000]: idx=250, val=93
FLATTEN [t=297285000]: idx=251, val=93
FLATTEN [t=297295000]: idx=252, val=93
FLATTEN [t=297305000]: idx=253, val=93
FLATTEN [t=297315000]: idx=254, val=93
FLATTEN [t=297325000]: idx=255, val=93
FLATTEN [t=297335000]: idx=0, val=127
FLATTEN [t=297345000]: idx=1, val=127
FLATTEN [t=297355000]: idx=2, val=127
FLATTEN [t=297365000]: idx=3, val=127
FLATTEN [t=297375000]: idx=4, val=127
FLATTEN [t=297385000]: idx=5, val=127
FLATTEN [t=297395000]: idx=6, val=127
FLATTEN [t=297405000]: idx=7, val=127
FLATTEN [t=297415000]: idx=8, val=127
FLATTEN [t=297425000]: idx=9, val=127
FC1 [t=297905000]: idx=103, val=44
FLATTEN [t=299795000]: idx=246, val=93
FLATTEN [t=299805000]: idx=247, val=93
FLATTEN [t=299815000]: idx=248, val=93
FLATTEN [t=299825000]: idx=249, val=93
FLATTEN [t=299835000]: idx=250, val=93
FLATTEN [t=299845000]: idx=251, val=93
FLATTEN [t=299855000]: idx=252, val=93
FLATTEN [t=299865000]: idx=253, val=93
FLATTEN [t=299875000]: idx=254, val=93
FLATTEN [t=299885000]: idx=255, val=93
FLATTEN [t=299895000]: idx=0, val=127
FLATTEN [t=299905000]: idx=1, val=127
FLATTEN [t=299915000]: idx=2, val=127
FLATTEN [t=299925000]: idx=3, val=127
FLATTEN [t=299935000]: idx=4, val=127
FLATTEN [t=299945000]: idx=5, val=127
FLATTEN [t=299955000]: idx=6, val=127
FLATTEN [t=299965000]: idx=7, val=127
FLATTEN [t=299975000]: idx=8, val=127
FLATTEN [t=299985000]: idx=9, val=127
FC1 [t=300495000]: idx=104, val=0
FLATTEN [t=302355000]: idx=246, val=93
FLATTEN [t=302365000]: idx=247, val=93
FLATTEN [t=302375000]: idx=248, val=93
FLATTEN [t=302385000]: idx=249, val=93
FLATTEN [t=302395000]: idx=250, val=93
FLATTEN [t=302405000]: idx=251, val=93
FLATTEN [t=302415000]: idx=252, val=93
FLATTEN [t=302425000]: idx=253, val=93
FLATTEN [t=302435000]: idx=254, val=93
FLATTEN [t=302445000]: idx=255, val=93
FLATTEN [t=302455000]: idx=0, val=127
FLATTEN [t=302465000]: idx=1, val=127
FLATTEN [t=302475000]: idx=2, val=127
FLATTEN [t=302485000]: idx=3, val=127
FLATTEN [t=302495000]: idx=4, val=127
FLATTEN [t=302505000]: idx=5, val=127
FLATTEN [t=302515000]: idx=6, val=127
FLATTEN [t=302525000]: idx=7, val=127
FLATTEN [t=302535000]: idx=8, val=127
FLATTEN [t=302545000]: idx=9, val=127
FC1 [t=303085000]: idx=105, val=20
FLATTEN [t=304915000]: idx=246, val=93
FLATTEN [t=304925000]: idx=247, val=93
FLATTEN [t=304935000]: idx=248, val=93
FLATTEN [t=304945000]: idx=249, val=93
FLATTEN [t=304955000]: idx=250, val=93
FLATTEN [t=304965000]: idx=251, val=93
FLATTEN [t=304975000]: idx=252, val=93
FLATTEN [t=304985000]: idx=253, val=93
FLATTEN [t=304995000]: idx=254, val=93
FLATTEN [t=305005000]: idx=255, val=93
FLATTEN [t=305015000]: idx=0, val=127
FLATTEN [t=305025000]: idx=1, val=127
FLATTEN [t=305035000]: idx=2, val=127
FLATTEN [t=305045000]: idx=3, val=127
FLATTEN [t=305055000]: idx=4, val=127
FLATTEN [t=305065000]: idx=5, val=127
FLATTEN [t=305075000]: idx=6, val=127
FLATTEN [t=305085000]: idx=7, val=127
FLATTEN [t=305095000]: idx=8, val=127
FLATTEN [t=305105000]: idx=9, val=127
FC1 [t=305675000]: idx=106, val=0
FLATTEN [t=307475000]: idx=246, val=93
FLATTEN [t=307485000]: idx=247, val=93
FLATTEN [t=307495000]: idx=248, val=93
FLATTEN [t=307505000]: idx=249, val=93
FLATTEN [t=307515000]: idx=250, val=93
FLATTEN [t=307525000]: idx=251, val=93
FLATTEN [t=307535000]: idx=252, val=93
FLATTEN [t=307545000]: idx=253, val=93
FLATTEN [t=307555000]: idx=254, val=93
FLATTEN [t=307565000]: idx=255, val=93
FLATTEN [t=307575000]: idx=0, val=127
FLATTEN [t=307585000]: idx=1, val=127
FLATTEN [t=307595000]: idx=2, val=127
FLATTEN [t=307605000]: idx=3, val=127
FLATTEN [t=307615000]: idx=4, val=127
FLATTEN [t=307625000]: idx=5, val=127
FLATTEN [t=307635000]: idx=6, val=127
FLATTEN [t=307645000]: idx=7, val=127
FLATTEN [t=307655000]: idx=8, val=127
FLATTEN [t=307665000]: idx=9, val=127
FC1 [t=308265000]: idx=107, val=0
FLATTEN [t=310035000]: idx=246, val=93
FLATTEN [t=310045000]: idx=247, val=93
FLATTEN [t=310055000]: idx=248, val=93
FLATTEN [t=310065000]: idx=249, val=93
FLATTEN [t=310075000]: idx=250, val=93
FLATTEN [t=310085000]: idx=251, val=93
FLATTEN [t=310095000]: idx=252, val=93
FLATTEN [t=310105000]: idx=253, val=93
FLATTEN [t=310115000]: idx=254, val=93
FLATTEN [t=310125000]: idx=255, val=93
FLATTEN [t=310135000]: idx=0, val=127
FLATTEN [t=310145000]: idx=1, val=127
FLATTEN [t=310155000]: idx=2, val=127
FLATTEN [t=310165000]: idx=3, val=127
FLATTEN [t=310175000]: idx=4, val=127
FLATTEN [t=310185000]: idx=5, val=127
FLATTEN [t=310195000]: idx=6, val=127
FLATTEN [t=310205000]: idx=7, val=127
FLATTEN [t=310215000]: idx=8, val=127
FLATTEN [t=310225000]: idx=9, val=127
FC1 [t=310855000]: idx=108, val=36
FLATTEN [t=312595000]: idx=246, val=93
FLATTEN [t=312605000]: idx=247, val=93
FLATTEN [t=312615000]: idx=248, val=93
FLATTEN [t=312625000]: idx=249, val=93
FLATTEN [t=312635000]: idx=250, val=93
FLATTEN [t=312645000]: idx=251, val=93
FLATTEN [t=312655000]: idx=252, val=93
FLATTEN [t=312665000]: idx=253, val=93
FLATTEN [t=312675000]: idx=254, val=93
FLATTEN [t=312685000]: idx=255, val=93
FLATTEN [t=312695000]: idx=0, val=127
FLATTEN [t=312705000]: idx=1, val=127
FLATTEN [t=312715000]: idx=2, val=127
FLATTEN [t=312725000]: idx=3, val=127
FLATTEN [t=312735000]: idx=4, val=127
FLATTEN [t=312745000]: idx=5, val=127
FLATTEN [t=312755000]: idx=6, val=127
FLATTEN [t=312765000]: idx=7, val=127
FLATTEN [t=312775000]: idx=8, val=127
FLATTEN [t=312785000]: idx=9, val=127
FC1 [t=313445000]: idx=109, val=2
FLATTEN [t=315155000]: idx=246, val=93
FLATTEN [t=315165000]: idx=247, val=93
FLATTEN [t=315175000]: idx=248, val=93
FLATTEN [t=315185000]: idx=249, val=93
FLATTEN [t=315195000]: idx=250, val=93
FLATTEN [t=315205000]: idx=251, val=93
FLATTEN [t=315215000]: idx=252, val=93
FLATTEN [t=315225000]: idx=253, val=93
FLATTEN [t=315235000]: idx=254, val=93
FLATTEN [t=315245000]: idx=255, val=93
FLATTEN [t=315255000]: idx=0, val=127
FLATTEN [t=315265000]: idx=1, val=127
FLATTEN [t=315275000]: idx=2, val=127
FLATTEN [t=315285000]: idx=3, val=127
FLATTEN [t=315295000]: idx=4, val=127
FLATTEN [t=315305000]: idx=5, val=127
FLATTEN [t=315315000]: idx=6, val=127
FLATTEN [t=315325000]: idx=7, val=127
FLATTEN [t=315335000]: idx=8, val=127
FLATTEN [t=315345000]: idx=9, val=127
FC1 [t=316035000]: idx=110, val=17
FLATTEN [t=317715000]: idx=246, val=93
FLATTEN [t=317725000]: idx=247, val=93
FLATTEN [t=317735000]: idx=248, val=93
FLATTEN [t=317745000]: idx=249, val=93
FLATTEN [t=317755000]: idx=250, val=93
FLATTEN [t=317765000]: idx=251, val=93
FLATTEN [t=317775000]: idx=252, val=93
FLATTEN [t=317785000]: idx=253, val=93
FLATTEN [t=317795000]: idx=254, val=93
FLATTEN [t=317805000]: idx=255, val=93
FLATTEN [t=317815000]: idx=0, val=127
FLATTEN [t=317825000]: idx=1, val=127
FLATTEN [t=317835000]: idx=2, val=127
FLATTEN [t=317845000]: idx=3, val=127
FLATTEN [t=317855000]: idx=4, val=127
FLATTEN [t=317865000]: idx=5, val=127
FLATTEN [t=317875000]: idx=6, val=127
FLATTEN [t=317885000]: idx=7, val=127
FLATTEN [t=317895000]: idx=8, val=127
FLATTEN [t=317905000]: idx=9, val=127
FC1 [t=318625000]: idx=111, val=0
FLATTEN [t=320275000]: idx=246, val=93
FLATTEN [t=320285000]: idx=247, val=93
FLATTEN [t=320295000]: idx=248, val=93
FLATTEN [t=320305000]: idx=249, val=93
FLATTEN [t=320315000]: idx=250, val=93
FLATTEN [t=320325000]: idx=251, val=93
FLATTEN [t=320335000]: idx=252, val=93
FLATTEN [t=320345000]: idx=253, val=93
FLATTEN [t=320355000]: idx=254, val=93
FLATTEN [t=320365000]: idx=255, val=93
FLATTEN [t=320375000]: idx=0, val=127
FLATTEN [t=320385000]: idx=1, val=127
FLATTEN [t=320395000]: idx=2, val=127
FLATTEN [t=320405000]: idx=3, val=127
FLATTEN [t=320415000]: idx=4, val=127
FLATTEN [t=320425000]: idx=5, val=127
FLATTEN [t=320435000]: idx=6, val=127
FLATTEN [t=320445000]: idx=7, val=127
FLATTEN [t=320455000]: idx=8, val=127
FLATTEN [t=320465000]: idx=9, val=127
FC1 [t=321215000]: idx=112, val=8
FLATTEN [t=322835000]: idx=246, val=93
FLATTEN [t=322845000]: idx=247, val=93
FLATTEN [t=322855000]: idx=248, val=93
FLATTEN [t=322865000]: idx=249, val=93
FLATTEN [t=322875000]: idx=250, val=93
FLATTEN [t=322885000]: idx=251, val=93
FLATTEN [t=322895000]: idx=252, val=93
FLATTEN [t=322905000]: idx=253, val=93
FLATTEN [t=322915000]: idx=254, val=93
FLATTEN [t=322925000]: idx=255, val=93
FLATTEN [t=322935000]: idx=0, val=127
FLATTEN [t=322945000]: idx=1, val=127
FLATTEN [t=322955000]: idx=2, val=127
FLATTEN [t=322965000]: idx=3, val=127
FLATTEN [t=322975000]: idx=4, val=127
FLATTEN [t=322985000]: idx=5, val=127
FLATTEN [t=322995000]: idx=6, val=127
FLATTEN [t=323005000]: idx=7, val=127
FLATTEN [t=323015000]: idx=8, val=127
FLATTEN [t=323025000]: idx=9, val=127
FC1 [t=323805000]: idx=113, val=56
FLATTEN [t=325395000]: idx=246, val=93
FLATTEN [t=325405000]: idx=247, val=93
FLATTEN [t=325415000]: idx=248, val=93
FLATTEN [t=325425000]: idx=249, val=93
FLATTEN [t=325435000]: idx=250, val=93
FLATTEN [t=325445000]: idx=251, val=93
FLATTEN [t=325455000]: idx=252, val=93
FLATTEN [t=325465000]: idx=253, val=93
FLATTEN [t=325475000]: idx=254, val=93
FLATTEN [t=325485000]: idx=255, val=93
FLATTEN [t=325495000]: idx=0, val=127
FLATTEN [t=325505000]: idx=1, val=127
FLATTEN [t=325515000]: idx=2, val=127
FLATTEN [t=325525000]: idx=3, val=127
FLATTEN [t=325535000]: idx=4, val=127
FLATTEN [t=325545000]: idx=5, val=127
FLATTEN [t=325555000]: idx=6, val=127
FLATTEN [t=325565000]: idx=7, val=127
FLATTEN [t=325575000]: idx=8, val=127
FLATTEN [t=325585000]: idx=9, val=127
FC1 [t=326395000]: idx=114, val=30
FLATTEN [t=327955000]: idx=246, val=93
FLATTEN [t=327965000]: idx=247, val=93
FLATTEN [t=327975000]: idx=248, val=93
FLATTEN [t=327985000]: idx=249, val=93
FLATTEN [t=327995000]: idx=250, val=93
FLATTEN [t=328005000]: idx=251, val=93
FLATTEN [t=328015000]: idx=252, val=93
FLATTEN [t=328025000]: idx=253, val=93
FLATTEN [t=328035000]: idx=254, val=93
FLATTEN [t=328045000]: idx=255, val=93
FLATTEN [t=328055000]: idx=0, val=127
FLATTEN [t=328065000]: idx=1, val=127
FLATTEN [t=328075000]: idx=2, val=127
FLATTEN [t=328085000]: idx=3, val=127
FLATTEN [t=328095000]: idx=4, val=127
FLATTEN [t=328105000]: idx=5, val=127
FLATTEN [t=328115000]: idx=6, val=127
FLATTEN [t=328125000]: idx=7, val=127
FLATTEN [t=328135000]: idx=8, val=127
FLATTEN [t=328145000]: idx=9, val=127
FC1 [t=328985000]: idx=115, val=0
FLATTEN [t=330515000]: idx=246, val=93
FLATTEN [t=330525000]: idx=247, val=93
FLATTEN [t=330535000]: idx=248, val=93
FLATTEN [t=330545000]: idx=249, val=93
FLATTEN [t=330555000]: idx=250, val=93
FLATTEN [t=330565000]: idx=251, val=93
FLATTEN [t=330575000]: idx=252, val=93
FLATTEN [t=330585000]: idx=253, val=93
FLATTEN [t=330595000]: idx=254, val=93
FLATTEN [t=330605000]: idx=255, val=93
FLATTEN [t=330615000]: idx=0, val=127
FLATTEN [t=330625000]: idx=1, val=127
FLATTEN [t=330635000]: idx=2, val=127
FLATTEN [t=330645000]: idx=3, val=127
FLATTEN [t=330655000]: idx=4, val=127
FLATTEN [t=330665000]: idx=5, val=127
FLATTEN [t=330675000]: idx=6, val=127
FLATTEN [t=330685000]: idx=7, val=127
FLATTEN [t=330695000]: idx=8, val=127
FLATTEN [t=330705000]: idx=9, val=127
FC1 [t=331575000]: idx=116, val=0
FLATTEN [t=333075000]: idx=246, val=93
FLATTEN [t=333085000]: idx=247, val=93
FLATTEN [t=333095000]: idx=248, val=93
FLATTEN [t=333105000]: idx=249, val=93
FLATTEN [t=333115000]: idx=250, val=93
FLATTEN [t=333125000]: idx=251, val=93
FLATTEN [t=333135000]: idx=252, val=93
FLATTEN [t=333145000]: idx=253, val=93
FLATTEN [t=333155000]: idx=254, val=93
FLATTEN [t=333165000]: idx=255, val=93
FLATTEN [t=333175000]: idx=0, val=127
FLATTEN [t=333185000]: idx=1, val=127
FLATTEN [t=333195000]: idx=2, val=127
FLATTEN [t=333205000]: idx=3, val=127
FLATTEN [t=333215000]: idx=4, val=127
FLATTEN [t=333225000]: idx=5, val=127
FLATTEN [t=333235000]: idx=6, val=127
FLATTEN [t=333245000]: idx=7, val=127
FLATTEN [t=333255000]: idx=8, val=127
FLATTEN [t=333265000]: idx=9, val=127
FC1 [t=334165000]: idx=117, val=13
FLATTEN [t=335635000]: idx=246, val=93
FLATTEN [t=335645000]: idx=247, val=93
FLATTEN [t=335655000]: idx=248, val=93
FLATTEN [t=335665000]: idx=249, val=93
FLATTEN [t=335675000]: idx=250, val=93
FLATTEN [t=335685000]: idx=251, val=93
FLATTEN [t=335695000]: idx=252, val=93
FLATTEN [t=335705000]: idx=253, val=93
FLATTEN [t=335715000]: idx=254, val=93
FLATTEN [t=335725000]: idx=255, val=93
FLATTEN [t=335735000]: idx=0, val=127
FLATTEN [t=335745000]: idx=1, val=127
FLATTEN [t=335755000]: idx=2, val=127
FLATTEN [t=335765000]: idx=3, val=127
FLATTEN [t=335775000]: idx=4, val=127
FLATTEN [t=335785000]: idx=5, val=127
FLATTEN [t=335795000]: idx=6, val=127
FLATTEN [t=335805000]: idx=7, val=127
FLATTEN [t=335815000]: idx=8, val=127
FLATTEN [t=335825000]: idx=9, val=127
FC1 [t=336755000]: idx=118, val=0
FLATTEN [t=338195000]: idx=246, val=93
FLATTEN [t=338205000]: idx=247, val=93
FLATTEN [t=338215000]: idx=248, val=93
FLATTEN [t=338225000]: idx=249, val=93
FLATTEN [t=338235000]: idx=250, val=93
FLATTEN [t=338245000]: idx=251, val=93
FLATTEN [t=338255000]: idx=252, val=93
FLATTEN [t=338265000]: idx=253, val=93
FLATTEN [t=338275000]: idx=254, val=93
FLATTEN [t=338285000]: idx=255, val=93
FLATTEN [t=338295000]: idx=0, val=127
FLATTEN [t=338305000]: idx=1, val=127
FLATTEN [t=338315000]: idx=2, val=127
FLATTEN [t=338325000]: idx=3, val=127
FLATTEN [t=338335000]: idx=4, val=127
FLATTEN [t=338345000]: idx=5, val=127
FLATTEN [t=338355000]: idx=6, val=127
FLATTEN [t=338365000]: idx=7, val=127
FLATTEN [t=338375000]: idx=8, val=127
FLATTEN [t=338385000]: idx=9, val=127
FC1 [t=339345000]: idx=119, val=32
FC2 [t=340605000]: idx=0, val=127
FLATTEN [t=340755000]: idx=246, val=93
FLATTEN [t=340765000]: idx=247, val=93
FLATTEN [t=340775000]: idx=248, val=93
FLATTEN [t=340785000]: idx=249, val=93
FLATTEN [t=340795000]: idx=250, val=93
FLATTEN [t=340805000]: idx=251, val=93
FLATTEN [t=340815000]: idx=252, val=93
FLATTEN [t=340825000]: idx=253, val=93
FLATTEN [t=340835000]: idx=254, val=93
FLATTEN [t=340845000]: idx=255, val=93
FLATTEN [t=340855000]: idx=0, val=127
FLATTEN [t=340865000]: idx=1, val=127
FLATTEN [t=340875000]: idx=2, val=127
FLATTEN [t=340885000]: idx=3, val=127
FLATTEN [t=340895000]: idx=4, val=127
FLATTEN [t=340905000]: idx=5, val=127
FLATTEN [t=340915000]: idx=6, val=127
FLATTEN [t=340925000]: idx=7, val=127
FLATTEN [t=340935000]: idx=8, val=127
FLATTEN [t=340945000]: idx=9, val=127
FC2 [t=341835000]: idx=1, val=127
FC2 [t=343065000]: idx=2, val=127
FLATTEN [t=343315000]: idx=246, val=93
FLATTEN [t=343325000]: idx=247, val=93
FLATTEN [t=343335000]: idx=248, val=93
FLATTEN [t=343345000]: idx=249, val=93
FLATTEN [t=343355000]: idx=250, val=93
FLATTEN [t=343365000]: idx=251, val=93
FLATTEN [t=343375000]: idx=252, val=93
FLATTEN [t=343385000]: idx=253, val=93
FLATTEN [t=343395000]: idx=254, val=93
FLATTEN [t=343405000]: idx=255, val=93
FLATTEN [t=343415000]: idx=0, val=127
FLATTEN [t=343425000]: idx=1, val=127
FLATTEN [t=343435000]: idx=2, val=127
FLATTEN [t=343445000]: idx=3, val=127
FLATTEN [t=343455000]: idx=4, val=127
FLATTEN [t=343465000]: idx=5, val=127
FLATTEN [t=343475000]: idx=6, val=127
FLATTEN [t=343485000]: idx=7, val=127
FLATTEN [t=343495000]: idx=8, val=127
FLATTEN [t=343505000]: idx=9, val=127
FC2 [t=344295000]: idx=3, val=0
FC2 [t=345525000]: idx=4, val=127
FLATTEN [t=345875000]: idx=246, val=93
FLATTEN [t=345885000]: idx=247, val=93
FLATTEN [t=345895000]: idx=248, val=93
FLATTEN [t=345905000]: idx=249, val=93
FLATTEN [t=345915000]: idx=250, val=93
FLATTEN [t=345925000]: idx=251, val=93
FLATTEN [t=345935000]: idx=252, val=93
FLATTEN [t=345945000]: idx=253, val=93
FLATTEN [t=345955000]: idx=254, val=93
FLATTEN [t=345965000]: idx=255, val=93
FLATTEN [t=345975000]: idx=0, val=127
FLATTEN [t=345985000]: idx=1, val=127
FLATTEN [t=345995000]: idx=2, val=127
FLATTEN [t=346005000]: idx=3, val=127
FLATTEN [t=346015000]: idx=4, val=127
FLATTEN [t=346025000]: idx=5, val=127
FLATTEN [t=346035000]: idx=6, val=127
FLATTEN [t=346045000]: idx=7, val=127
FLATTEN [t=346055000]: idx=8, val=127
FLATTEN [t=346065000]: idx=9, val=127
FC2 [t=346755000]: idx=5, val=127
FC2 [t=347985000]: idx=6, val=127
FLATTEN [t=348435000]: idx=246, val=93
FLATTEN [t=348445000]: idx=247, val=93
FLATTEN [t=348455000]: idx=248, val=93
FLATTEN [t=348465000]: idx=249, val=93
FLATTEN [t=348475000]: idx=250, val=93
FLATTEN [t=348485000]: idx=251, val=93
FLATTEN [t=348495000]: idx=252, val=93
FLATTEN [t=348505000]: idx=253, val=93
FLATTEN [t=348515000]: idx=254, val=93
FLATTEN [t=348525000]: idx=255, val=93
FLATTEN [t=348535000]: idx=0, val=127
FLATTEN [t=348545000]: idx=1, val=127
FLATTEN [t=348555000]: idx=2, val=127
FLATTEN [t=348565000]: idx=3, val=127
FLATTEN [t=348575000]: idx=4, val=127
FLATTEN [t=348585000]: idx=5, val=127
FLATTEN [t=348595000]: idx=6, val=127
FLATTEN [t=348605000]: idx=7, val=127
FLATTEN [t=348615000]: idx=8, val=127
FLATTEN [t=348625000]: idx=9, val=127
FC2 [t=349215000]: idx=7, val=127
FC2 [t=350445000]: idx=8, val=127
FLATTEN [t=350995000]: idx=246, val=93
FLATTEN [t=351005000]: idx=247, val=93
FLATTEN [t=351015000]: idx=248, val=93
FLATTEN [t=351025000]: idx=249, val=93
FLATTEN [t=351035000]: idx=250, val=93
FLATTEN [t=351045000]: idx=251, val=93
FLATTEN [t=351055000]: idx=252, val=93
FLATTEN [t=351065000]: idx=253, val=93
FLATTEN [t=351075000]: idx=254, val=93
FLATTEN [t=351085000]: idx=255, val=93
FLATTEN [t=351095000]: idx=0, val=127
FLATTEN [t=351105000]: idx=1, val=127
FLATTEN [t=351115000]: idx=2, val=127
FLATTEN [t=351125000]: idx=3, val=127
FLATTEN [t=351135000]: idx=4, val=127
FLATTEN [t=351145000]: idx=5, val=127
FLATTEN [t=351155000]: idx=6, val=127
FLATTEN [t=351165000]: idx=7, val=127
FLATTEN [t=351175000]: idx=8, val=127
FLATTEN [t=351185000]: idx=9, val=127
FC2 [t=351675000]: idx=9, val=127
FC2 [t=352905000]: idx=10, val=127
FLATTEN [t=353555000]: idx=246, val=93
FLATTEN [t=353565000]: idx=247, val=93
FLATTEN [t=353575000]: idx=248, val=93
FLATTEN [t=353585000]: idx=249, val=93
FLATTEN [t=353595000]: idx=250, val=93
FLATTEN [t=353605000]: idx=251, val=93
FLATTEN [t=353615000]: idx=252, val=93
FLATTEN [t=353625000]: idx=253, val=93
FLATTEN [t=353635000]: idx=254, val=93
FLATTEN [t=353645000]: idx=255, val=93
FLATTEN [t=353655000]: idx=0, val=127
FLATTEN [t=353665000]: idx=1, val=127
FLATTEN [t=353675000]: idx=2, val=127
FLATTEN [t=353685000]: idx=3, val=127
FLATTEN [t=353695000]: idx=4, val=127
FLATTEN [t=353705000]: idx=5, val=127
FLATTEN [t=353715000]: idx=6, val=127
FLATTEN [t=353725000]: idx=7, val=127
FLATTEN [t=353735000]: idx=8, val=127
FLATTEN [t=353745000]: idx=9, val=127
FC2 [t=354135000]: idx=11, val=127
FC2 [t=355365000]: idx=12, val=0
FLATTEN [t=356115000]: idx=246, val=93
FLATTEN [t=356125000]: idx=247, val=93
FLATTEN [t=356135000]: idx=248, val=93
FLATTEN [t=356145000]: idx=249, val=93
FLATTEN [t=356155000]: idx=250, val=93
FLATTEN [t=356165000]: idx=251, val=93
FLATTEN [t=356175000]: idx=252, val=93
FLATTEN [t=356185000]: idx=253, val=93
FLATTEN [t=356195000]: idx=254, val=93
FLATTEN [t=356205000]: idx=255, val=93
FLATTEN [t=356215000]: idx=0, val=127
FLATTEN [t=356225000]: idx=1, val=127
FLATTEN [t=356235000]: idx=2, val=127
FLATTEN [t=356245000]: idx=3, val=127
FLATTEN [t=356255000]: idx=4, val=127
FLATTEN [t=356265000]: idx=5, val=127
FLATTEN [t=356275000]: idx=6, val=127
FLATTEN [t=356285000]: idx=7, val=127
FLATTEN [t=356295000]: idx=8, val=127
FLATTEN [t=356305000]: idx=9, val=127
FC2 [t=356595000]: idx=13, val=127
FC2 [t=357825000]: idx=14, val=127
FLATTEN [t=358675000]: idx=246, val=93
FLATTEN [t=358685000]: idx=247, val=93
FLATTEN [t=358695000]: idx=248, val=93
FLATTEN [t=358705000]: idx=249, val=93
FLATTEN [t=358715000]: idx=250, val=93
FLATTEN [t=358725000]: idx=251, val=93
FLATTEN [t=358735000]: idx=252, val=93
FLATTEN [t=358745000]: idx=253, val=93
FLATTEN [t=358755000]: idx=254, val=93
FLATTEN [t=358765000]: idx=255, val=93
FLATTEN [t=358775000]: idx=0, val=127
FLATTEN [t=358785000]: idx=1, val=127
FLATTEN [t=358795000]: idx=2, val=127
FLATTEN [t=358805000]: idx=3, val=127
FLATTEN [t=358815000]: idx=4, val=127
FLATTEN [t=358825000]: idx=5, val=127
FLATTEN [t=358835000]: idx=6, val=127
FLATTEN [t=358845000]: idx=7, val=127
FLATTEN [t=358855000]: idx=8, val=127
FLATTEN [t=358865000]: idx=9, val=127
FC2 [t=359055000]: idx=15, val=127
FC2 [t=360285000]: idx=16, val=127
FLATTEN [t=361235000]: idx=246, val=93
FLATTEN [t=361245000]: idx=247, val=93
FLATTEN [t=361255000]: idx=248, val=93
FLATTEN [t=361265000]: idx=249, val=93
FLATTEN [t=361275000]: idx=250, val=93
FLATTEN [t=361285000]: idx=251, val=93
FLATTEN [t=361295000]: idx=252, val=93
FLATTEN [t=361305000]: idx=253, val=93
FLATTEN [t=361315000]: idx=254, val=93
FLATTEN [t=361325000]: idx=255, val=93
FLATTEN [t=361335000]: idx=0, val=127
FLATTEN [t=361345000]: idx=1, val=127
FLATTEN [t=361355000]: idx=2, val=127
FLATTEN [t=361365000]: idx=3, val=127
FLATTEN [t=361375000]: idx=4, val=127
FLATTEN [t=361385000]: idx=5, val=127
FLATTEN [t=361395000]: idx=6, val=127
FLATTEN [t=361405000]: idx=7, val=127
FLATTEN [t=361415000]: idx=8, val=127
FLATTEN [t=361425000]: idx=9, val=127
FC2 [t=361515000]: idx=17, val=127
FC2 [t=362745000]: idx=18, val=127
FLATTEN [t=363795000]: idx=246, val=93
FLATTEN [t=363805000]: idx=247, val=93
FLATTEN [t=363815000]: idx=248, val=93
FLATTEN [t=363825000]: idx=249, val=93
FLATTEN [t=363835000]: idx=250, val=93
FLATTEN [t=363845000]: idx=251, val=93
FLATTEN [t=363855000]: idx=252, val=93
FLATTEN [t=363865000]: idx=253, val=93
FLATTEN [t=363875000]: idx=254, val=93
FLATTEN [t=363885000]: idx=255, val=93
FLATTEN [t=363895000]: idx=0, val=127
FLATTEN [t=363905000]: idx=1, val=127
FLATTEN [t=363915000]: idx=2, val=127
FLATTEN [t=363925000]: idx=3, val=127
FLATTEN [t=363935000]: idx=4, val=127
FLATTEN [t=363945000]: idx=5, val=127
FLATTEN [t=363955000]: idx=6, val=127
FLATTEN [t=363965000]: idx=7, val=127
FLATTEN [t=363975000]: idx=8, val=127
FC2 [t=363975000]: idx=19, val=127
FLATTEN [t=363985000]: idx=9, val=127
FC2 [t=365205000]: idx=20, val=127
FLATTEN [t=366355000]: idx=246, val=93
FLATTEN [t=366365000]: idx=247, val=93
FLATTEN [t=366375000]: idx=248, val=93
FLATTEN [t=366385000]: idx=249, val=93
FLATTEN [t=366395000]: idx=250, val=93
FLATTEN [t=366405000]: idx=251, val=93
FLATTEN [t=366415000]: idx=252, val=93
FLATTEN [t=366425000]: idx=253, val=93
FLATTEN [t=366435000]: idx=254, val=93
FC2 [t=366435000]: idx=21, val=127
FLATTEN [t=366445000]: idx=255, val=93
FLATTEN [t=366455000]: idx=0, val=127
FLATTEN [t=366465000]: idx=1, val=127
FLATTEN [t=366475000]: idx=2, val=127
FLATTEN [t=366485000]: idx=3, val=127
FLATTEN [t=366495000]: idx=4, val=127
FLATTEN [t=366505000]: idx=5, val=127
FLATTEN [t=366515000]: idx=6, val=127
FLATTEN [t=366525000]: idx=7, val=127
FLATTEN [t=366535000]: idx=8, val=127
FLATTEN [t=366545000]: idx=9, val=127
FC2 [t=367665000]: idx=22, val=127
FC2 [t=368895000]: idx=23, val=127
FLATTEN [t=368915000]: idx=246, val=93
FLATTEN [t=368925000]: idx=247, val=93
FLATTEN [t=368935000]: idx=248, val=93
FLATTEN [t=368945000]: idx=249, val=93
FLATTEN [t=368955000]: idx=250, val=93
FLATTEN [t=368965000]: idx=251, val=93
FLATTEN [t=368975000]: idx=252, val=93
FLATTEN [t=368985000]: idx=253, val=93
FLATTEN [t=368995000]: idx=254, val=93
FLATTEN [t=369005000]: idx=255, val=93
FLATTEN [t=369015000]: idx=0, val=127
FLATTEN [t=369025000]: idx=1, val=127
FLATTEN [t=369035000]: idx=2, val=127
FLATTEN [t=369045000]: idx=3, val=127
FLATTEN [t=369055000]: idx=4, val=127
FLATTEN [t=369065000]: idx=5, val=127
FLATTEN [t=369075000]: idx=6, val=127
FLATTEN [t=369085000]: idx=7, val=127
FLATTEN [t=369095000]: idx=8, val=127
FLATTEN [t=369105000]: idx=9, val=127
FC2 [t=370125000]: idx=24, val=127
FC2 [t=371355000]: idx=25, val=127
FLATTEN [t=371475000]: idx=246, val=93
FLATTEN [t=371485000]: idx=247, val=93
FLATTEN [t=371495000]: idx=248, val=93
FLATTEN [t=371505000]: idx=249, val=93
FLATTEN [t=371515000]: idx=250, val=93
FLATTEN [t=371525000]: idx=251, val=93
FLATTEN [t=371535000]: idx=252, val=93
FLATTEN [t=371545000]: idx=253, val=93
FLATTEN [t=371555000]: idx=254, val=93
FLATTEN [t=371565000]: idx=255, val=93
FLATTEN [t=371575000]: idx=0, val=127
FLATTEN [t=371585000]: idx=1, val=127
FLATTEN [t=371595000]: idx=2, val=127
FLATTEN [t=371605000]: idx=3, val=127
FLATTEN [t=371615000]: idx=4, val=127
FLATTEN [t=371625000]: idx=5, val=127
FLATTEN [t=371635000]: idx=6, val=127
FLATTEN [t=371645000]: idx=7, val=127
FLATTEN [t=371655000]: idx=8, val=127
FLATTEN [t=371665000]: idx=9, val=127
FC2 [t=372585000]: idx=26, val=0
FC2 [t=373815000]: idx=27, val=127
FLATTEN [t=374035000]: idx=246, val=93
FLATTEN [t=374045000]: idx=247, val=93
FLATTEN [t=374055000]: idx=248, val=93
FLATTEN [t=374065000]: idx=249, val=93
FLATTEN [t=374075000]: idx=250, val=93
FLATTEN [t=374085000]: idx=251, val=93
FLATTEN [t=374095000]: idx=252, val=93
FLATTEN [t=374105000]: idx=253, val=93
FLATTEN [t=374115000]: idx=254, val=93
FLATTEN [t=374125000]: idx=255, val=93
FLATTEN [t=374135000]: idx=0, val=127
FLATTEN [t=374145000]: idx=1, val=127
FLATTEN [t=374155000]: idx=2, val=127
FLATTEN [t=374165000]: idx=3, val=127
FLATTEN [t=374175000]: idx=4, val=127
FLATTEN [t=374185000]: idx=5, val=127
FLATTEN [t=374195000]: idx=6, val=127
FLATTEN [t=374205000]: idx=7, val=127
FLATTEN [t=374215000]: idx=8, val=127
FLATTEN [t=374225000]: idx=9, val=127
FC2 [t=375045000]: idx=28, val=127
FC2 [t=376275000]: idx=29, val=127
FLATTEN [t=376595000]: idx=246, val=93
FLATTEN [t=376605000]: idx=247, val=93
FLATTEN [t=376615000]: idx=248, val=93
FLATTEN [t=376625000]: idx=249, val=93
FLATTEN [t=376635000]: idx=250, val=93
FLATTEN [t=376645000]: idx=251, val=93
FLATTEN [t=376655000]: idx=252, val=93
FLATTEN [t=376665000]: idx=253, val=93
FLATTEN [t=376675000]: idx=254, val=93
FLATTEN [t=376685000]: idx=255, val=93
FLATTEN [t=376695000]: idx=0, val=127
FLATTEN [t=376705000]: idx=1, val=127
FLATTEN [t=376715000]: idx=2, val=127
FLATTEN [t=376725000]: idx=3, val=127
FLATTEN [t=376735000]: idx=4, val=127
FLATTEN [t=376745000]: idx=5, val=127
FLATTEN [t=376755000]: idx=6, val=127
FLATTEN [t=376765000]: idx=7, val=127
FLATTEN [t=376775000]: idx=8, val=127
FLATTEN [t=376785000]: idx=9, val=127
FC2 [t=377505000]: idx=30, val=0
FC2 [t=378735000]: idx=31, val=127
FLATTEN [t=379155000]: idx=246, val=93
FLATTEN [t=379165000]: idx=247, val=93
FLATTEN [t=379175000]: idx=248, val=93
FLATTEN [t=379185000]: idx=249, val=93
FLATTEN [t=379195000]: idx=250, val=93
FLATTEN [t=379205000]: idx=251, val=93
FLATTEN [t=379215000]: idx=252, val=93
FLATTEN [t=379225000]: idx=253, val=93
FLATTEN [t=379235000]: idx=254, val=93
FLATTEN [t=379245000]: idx=255, val=93
FLATTEN [t=379255000]: idx=0, val=127
FLATTEN [t=379265000]: idx=1, val=127
FLATTEN [t=379275000]: idx=2, val=127
FLATTEN [t=379285000]: idx=3, val=127
FLATTEN [t=379295000]: idx=4, val=127
FLATTEN [t=379305000]: idx=5, val=127
FLATTEN [t=379315000]: idx=6, val=127
FLATTEN [t=379325000]: idx=7, val=127
FLATTEN [t=379335000]: idx=8, val=127
FLATTEN [t=379345000]: idx=9, val=127
FC2 [t=379965000]: idx=32, val=127
FC2 [t=381195000]: idx=33, val=127
FLATTEN [t=381715000]: idx=246, val=93
FLATTEN [t=381725000]: idx=247, val=93
FLATTEN [t=381735000]: idx=248, val=93
FLATTEN [t=381745000]: idx=249, val=93
FLATTEN [t=381755000]: idx=250, val=93
FLATTEN [t=381765000]: idx=251, val=93
FLATTEN [t=381775000]: idx=252, val=93
FLATTEN [t=381785000]: idx=253, val=93
FLATTEN [t=381795000]: idx=254, val=93
FLATTEN [t=381805000]: idx=255, val=93
FLATTEN [t=381815000]: idx=0, val=127
FLATTEN [t=381825000]: idx=1, val=127
FLATTEN [t=381835000]: idx=2, val=127
FLATTEN [t=381845000]: idx=3, val=127
FLATTEN [t=381855000]: idx=4, val=127
FLATTEN [t=381865000]: idx=5, val=127
FLATTEN [t=381875000]: idx=6, val=127
FLATTEN [t=381885000]: idx=7, val=127
FLATTEN [t=381895000]: idx=8, val=127
FLATTEN [t=381905000]: idx=9, val=127
FC2 [t=382425000]: idx=34, val=127
FC2 [t=383655000]: idx=35, val=127
FLATTEN [t=384275000]: idx=246, val=93
FLATTEN [t=384285000]: idx=247, val=93
FLATTEN [t=384295000]: idx=248, val=93
FLATTEN [t=384305000]: idx=249, val=93
FLATTEN [t=384315000]: idx=250, val=93
FLATTEN [t=384325000]: idx=251, val=93
FLATTEN [t=384335000]: idx=252, val=93
FLATTEN [t=384345000]: idx=253, val=93
FLATTEN [t=384355000]: idx=254, val=93
FLATTEN [t=384365000]: idx=255, val=93
FLATTEN [t=384375000]: idx=0, val=127
FLATTEN [t=384385000]: idx=1, val=127
FLATTEN [t=384395000]: idx=2, val=127
FLATTEN [t=384405000]: idx=3, val=127
FLATTEN [t=384415000]: idx=4, val=127
FLATTEN [t=384425000]: idx=5, val=127
FLATTEN [t=384435000]: idx=6, val=127
FLATTEN [t=384445000]: idx=7, val=127
FLATTEN [t=384455000]: idx=8, val=127
FLATTEN [t=384465000]: idx=9, val=127
FC2 [t=384885000]: idx=36, val=0
FC2 [t=386115000]: idx=37, val=127
FLATTEN [t=386835000]: idx=246, val=93
FLATTEN [t=386845000]: idx=247, val=93
FLATTEN [t=386855000]: idx=248, val=93
FLATTEN [t=386865000]: idx=249, val=93
FLATTEN [t=386875000]: idx=250, val=93
FLATTEN [t=386885000]: idx=251, val=93
FLATTEN [t=386895000]: idx=252, val=93
FLATTEN [t=386905000]: idx=253, val=93
FLATTEN [t=386915000]: idx=254, val=93
FLATTEN [t=386925000]: idx=255, val=93
FLATTEN [t=386935000]: idx=0, val=127
FLATTEN [t=386945000]: idx=1, val=127
FLATTEN [t=386955000]: idx=2, val=127
FLATTEN [t=386965000]: idx=3, val=127
FLATTEN [t=386975000]: idx=4, val=127
FLATTEN [t=386985000]: idx=5, val=127
FLATTEN [t=386995000]: idx=6, val=127
FLATTEN [t=387005000]: idx=7, val=127
FLATTEN [t=387015000]: idx=8, val=127
FLATTEN [t=387025000]: idx=9, val=127
FC2 [t=387345000]: idx=38, val=127
FC2 [t=388575000]: idx=39, val=127
FLATTEN [t=389395000]: idx=246, val=93
FLATTEN [t=389405000]: idx=247, val=93
FLATTEN [t=389415000]: idx=248, val=93
FLATTEN [t=389425000]: idx=249, val=93
FLATTEN [t=389435000]: idx=250, val=93
FLATTEN [t=389445000]: idx=251, val=93
FLATTEN [t=389455000]: idx=252, val=93
FLATTEN [t=389465000]: idx=253, val=93
FLATTEN [t=389475000]: idx=254, val=93
FLATTEN [t=389485000]: idx=255, val=93
FLATTEN [t=389495000]: idx=0, val=127
FLATTEN [t=389505000]: idx=1, val=127
FLATTEN [t=389515000]: idx=2, val=127
FLATTEN [t=389525000]: idx=3, val=127
FLATTEN [t=389535000]: idx=4, val=127
FLATTEN [t=389545000]: idx=5, val=127
FLATTEN [t=389555000]: idx=6, val=127
FLATTEN [t=389565000]: idx=7, val=127
FLATTEN [t=389575000]: idx=8, val=127
FLATTEN [t=389585000]: idx=9, val=127
FC2 [t=389805000]: idx=40, val=127
FC2 [t=391035000]: idx=41, val=127
FLATTEN [t=391955000]: idx=246, val=93
FLATTEN [t=391965000]: idx=247, val=93
FLATTEN [t=391975000]: idx=248, val=93
FLATTEN [t=391985000]: idx=249, val=93
FLATTEN [t=391995000]: idx=250, val=93
FLATTEN [t=392005000]: idx=251, val=93
FLATTEN [t=392015000]: idx=252, val=93
FLATTEN [t=392025000]: idx=253, val=93
FLATTEN [t=392035000]: idx=254, val=93
FLATTEN [t=392045000]: idx=255, val=93
FLATTEN [t=392055000]: idx=0, val=127
FLATTEN [t=392065000]: idx=1, val=127
FLATTEN [t=392075000]: idx=2, val=127
FLATTEN [t=392085000]: idx=3, val=127
FLATTEN [t=392095000]: idx=4, val=127
FLATTEN [t=392105000]: idx=5, val=127
FLATTEN [t=392115000]: idx=6, val=127
FLATTEN [t=392125000]: idx=7, val=127
FLATTEN [t=392135000]: idx=8, val=127
FLATTEN [t=392145000]: idx=9, val=127
FC2 [t=392265000]: idx=42, val=127
FC2 [t=393495000]: idx=43, val=127
FLATTEN [t=394515000]: idx=246, val=93
FLATTEN [t=394525000]: idx=247, val=93
FLATTEN [t=394535000]: idx=248, val=93
FLATTEN [t=394545000]: idx=249, val=93
FLATTEN [t=394555000]: idx=250, val=93
FLATTEN [t=394565000]: idx=251, val=93
FLATTEN [t=394575000]: idx=252, val=93
FLATTEN [t=394585000]: idx=253, val=93
FLATTEN [t=394595000]: idx=254, val=93
FLATTEN [t=394605000]: idx=255, val=93
FLATTEN [t=394615000]: idx=0, val=127
FLATTEN [t=394625000]: idx=1, val=127
FLATTEN [t=394635000]: idx=2, val=127
FLATTEN [t=394645000]: idx=3, val=127
FLATTEN [t=394655000]: idx=4, val=127
FLATTEN [t=394665000]: idx=5, val=127
FLATTEN [t=394675000]: idx=6, val=127
FLATTEN [t=394685000]: idx=7, val=127
FLATTEN [t=394695000]: idx=8, val=127
FLATTEN [t=394705000]: idx=9, val=127
FC2 [t=394725000]: idx=44, val=127
FC2 [t=395955000]: idx=45, val=127
FLATTEN [t=397075000]: idx=246, val=93
FLATTEN [t=397085000]: idx=247, val=93
FLATTEN [t=397095000]: idx=248, val=93
FLATTEN [t=397105000]: idx=249, val=93
FLATTEN [t=397115000]: idx=250, val=93
FLATTEN [t=397125000]: idx=251, val=93
FLATTEN [t=397135000]: idx=252, val=93
FLATTEN [t=397145000]: idx=253, val=93
FLATTEN [t=397155000]: idx=254, val=93
FLATTEN [t=397165000]: idx=255, val=93
FLATTEN [t=397175000]: idx=0, val=127
FLATTEN [t=397185000]: idx=1, val=127
FC2 [t=397185000]: idx=46, val=127
FLATTEN [t=397195000]: idx=2, val=127
FLATTEN [t=397205000]: idx=3, val=127
FLATTEN [t=397215000]: idx=4, val=127
FLATTEN [t=397225000]: idx=5, val=127
FLATTEN [t=397235000]: idx=6, val=127
FLATTEN [t=397245000]: idx=7, val=127
FLATTEN [t=397255000]: idx=8, val=127
FLATTEN [t=397265000]: idx=9, val=127
FC2 [t=398415000]: idx=47, val=127
FLATTEN [t=399635000]: idx=246, val=93
FLATTEN [t=399645000]: idx=247, val=93
FC2 [t=399645000]: idx=48, val=127
FLATTEN [t=399655000]: idx=248, val=93
FLATTEN [t=399665000]: idx=249, val=93
FLATTEN [t=399675000]: idx=250, val=93
FLATTEN [t=399685000]: idx=251, val=93
FLATTEN [t=399695000]: idx=252, val=93
FLATTEN [t=399705000]: idx=253, val=93
FLATTEN [t=399715000]: idx=254, val=93
FLATTEN [t=399725000]: idx=255, val=93
FLATTEN [t=399735000]: idx=0, val=127
FLATTEN [t=399745000]: idx=1, val=127
FLATTEN [t=399755000]: idx=2, val=127
FLATTEN [t=399765000]: idx=3, val=127
FLATTEN [t=399775000]: idx=4, val=127
FLATTEN [t=399785000]: idx=5, val=127
FLATTEN [t=399795000]: idx=6, val=127
FLATTEN [t=399805000]: idx=7, val=127
FLATTEN [t=399815000]: idx=8, val=127
FLATTEN [t=399825000]: idx=9, val=127
FC2 [t=400875000]: idx=49, val=127
FC2 [t=402105000]: idx=50, val=127
FLATTEN [t=402195000]: idx=246, val=93
FLATTEN [t=402205000]: idx=247, val=93
FLATTEN [t=402215000]: idx=248, val=93
FLATTEN [t=402225000]: idx=249, val=93
FLATTEN [t=402235000]: idx=250, val=93
FLATTEN [t=402245000]: idx=251, val=93
FLATTEN [t=402255000]: idx=252, val=93
FLATTEN [t=402265000]: idx=253, val=93
FLATTEN [t=402275000]: idx=254, val=93
FLATTEN [t=402285000]: idx=255, val=93
FLATTEN [t=402295000]: idx=0, val=127
FLATTEN [t=402305000]: idx=1, val=127
FLATTEN [t=402315000]: idx=2, val=127
FLATTEN [t=402325000]: idx=3, val=127
FLATTEN [t=402335000]: idx=4, val=127
FLATTEN [t=402345000]: idx=5, val=127
FLATTEN [t=402355000]: idx=6, val=127
FLATTEN [t=402365000]: idx=7, val=127
FLATTEN [t=402375000]: idx=8, val=127
FLATTEN [t=402385000]: idx=9, val=127
FC2 [t=403335000]: idx=51, val=127
FC2 [t=404565000]: idx=52, val=127
FLATTEN [t=404755000]: idx=246, val=93
FLATTEN [t=404765000]: idx=247, val=93
FLATTEN [t=404775000]: idx=248, val=93
FLATTEN [t=404785000]: idx=249, val=93
FLATTEN [t=404795000]: idx=250, val=93
FLATTEN [t=404805000]: idx=251, val=93
FLATTEN [t=404815000]: idx=252, val=93
FLATTEN [t=404825000]: idx=253, val=93
FLATTEN [t=404835000]: idx=254, val=93
FLATTEN [t=404845000]: idx=255, val=93
FLATTEN [t=404855000]: idx=0, val=127
FLATTEN [t=404865000]: idx=1, val=127
FLATTEN [t=404875000]: idx=2, val=127
FLATTEN [t=404885000]: idx=3, val=127
FLATTEN [t=404895000]: idx=4, val=127
FLATTEN [t=404905000]: idx=5, val=127
FLATTEN [t=404915000]: idx=6, val=127
FLATTEN [t=404925000]: idx=7, val=127
FLATTEN [t=404935000]: idx=8, val=127
FLATTEN [t=404945000]: idx=9, val=127
FC2 [t=405795000]: idx=53, val=127
FC2 [t=407025000]: idx=54, val=127
FLATTEN [t=407315000]: idx=246, val=93
FLATTEN [t=407325000]: idx=247, val=93
FLATTEN [t=407335000]: idx=248, val=93
FLATTEN [t=407345000]: idx=249, val=93
FLATTEN [t=407355000]: idx=250, val=93
FLATTEN [t=407365000]: idx=251, val=93
FLATTEN [t=407375000]: idx=252, val=93
FLATTEN [t=407385000]: idx=253, val=93
FLATTEN [t=407395000]: idx=254, val=93
FLATTEN [t=407405000]: idx=255, val=93
FLATTEN [t=407415000]: idx=0, val=127
FLATTEN [t=407425000]: idx=1, val=127
FLATTEN [t=407435000]: idx=2, val=127
FLATTEN [t=407445000]: idx=3, val=127
FLATTEN [t=407455000]: idx=4, val=127
FLATTEN [t=407465000]: idx=5, val=127
FLATTEN [t=407475000]: idx=6, val=127
FLATTEN [t=407485000]: idx=7, val=127
FLATTEN [t=407495000]: idx=8, val=127
FLATTEN [t=407505000]: idx=9, val=127
FC2 [t=408255000]: idx=55, val=127
FC2 [t=409485000]: idx=56, val=0
FLATTEN [t=409875000]: idx=246, val=93
FLATTEN [t=409885000]: idx=247, val=93
FLATTEN [t=409895000]: idx=248, val=93
FLATTEN [t=409905000]: idx=249, val=93
FLATTEN [t=409915000]: idx=250, val=93
FLATTEN [t=409925000]: idx=251, val=93
FLATTEN [t=409935000]: idx=252, val=93
FLATTEN [t=409945000]: idx=253, val=93
FLATTEN [t=409955000]: idx=254, val=93
FLATTEN [t=409965000]: idx=255, val=93
FLATTEN [t=409975000]: idx=0, val=127
FLATTEN [t=409985000]: idx=1, val=127
FLATTEN [t=409995000]: idx=2, val=127
FLATTEN [t=410005000]: idx=3, val=127
FLATTEN [t=410015000]: idx=4, val=127
FLATTEN [t=410025000]: idx=5, val=127
FLATTEN [t=410035000]: idx=6, val=127
FLATTEN [t=410045000]: idx=7, val=127
FLATTEN [t=410055000]: idx=8, val=127
FLATTEN [t=410065000]: idx=9, val=127
FC2 [t=410715000]: idx=57, val=127
FC2 [t=411945000]: idx=58, val=127
FLATTEN [t=412435000]: idx=246, val=93
FLATTEN [t=412445000]: idx=247, val=93
FLATTEN [t=412455000]: idx=248, val=93
FLATTEN [t=412465000]: idx=249, val=93
FLATTEN [t=412475000]: idx=250, val=93
FLATTEN [t=412485000]: idx=251, val=93
FLATTEN [t=412495000]: idx=252, val=93
FLATTEN [t=412505000]: idx=253, val=93
FLATTEN [t=412515000]: idx=254, val=93
FLATTEN [t=412525000]: idx=255, val=93
FLATTEN [t=412535000]: idx=0, val=127
FLATTEN [t=412545000]: idx=1, val=127
FLATTEN [t=412555000]: idx=2, val=127
FLATTEN [t=412565000]: idx=3, val=127
FLATTEN [t=412575000]: idx=4, val=127
FLATTEN [t=412585000]: idx=5, val=127
FLATTEN [t=412595000]: idx=6, val=127
FLATTEN [t=412605000]: idx=7, val=127
FLATTEN [t=412615000]: idx=8, val=127
FLATTEN [t=412625000]: idx=9, val=127
FC2 [t=413175000]: idx=59, val=0
FC2 [t=414405000]: idx=60, val=127
FLATTEN [t=414995000]: idx=246, val=93
FLATTEN [t=415005000]: idx=247, val=93
FLATTEN [t=415015000]: idx=248, val=93
FLATTEN [t=415025000]: idx=249, val=93
FLATTEN [t=415035000]: idx=250, val=93
FLATTEN [t=415045000]: idx=251, val=93
FLATTEN [t=415055000]: idx=252, val=93
FLATTEN [t=415065000]: idx=253, val=93
FLATTEN [t=415075000]: idx=254, val=93
FLATTEN [t=415085000]: idx=255, val=93
FLATTEN [t=415095000]: idx=0, val=127
FLATTEN [t=415105000]: idx=1, val=127
FLATTEN [t=415115000]: idx=2, val=127
FLATTEN [t=415125000]: idx=3, val=127
FLATTEN [t=415135000]: idx=4, val=127
FLATTEN [t=415145000]: idx=5, val=127
FLATTEN [t=415155000]: idx=6, val=127
FLATTEN [t=415165000]: idx=7, val=127
FLATTEN [t=415175000]: idx=8, val=127
FLATTEN [t=415185000]: idx=9, val=127
FC2 [t=415635000]: idx=61, val=127
FC2 [t=416865000]: idx=62, val=127
FLATTEN [t=417555000]: idx=246, val=93
FLATTEN [t=417565000]: idx=247, val=93
FLATTEN [t=417575000]: idx=248, val=93
FLATTEN [t=417585000]: idx=249, val=93
FLATTEN [t=417595000]: idx=250, val=93
FLATTEN [t=417605000]: idx=251, val=93
FLATTEN [t=417615000]: idx=252, val=93
FLATTEN [t=417625000]: idx=253, val=93
FLATTEN [t=417635000]: idx=254, val=93
FLATTEN [t=417645000]: idx=255, val=93
FLATTEN [t=417655000]: idx=0, val=127
FLATTEN [t=417665000]: idx=1, val=127
FLATTEN [t=417675000]: idx=2, val=127
FLATTEN [t=417685000]: idx=3, val=127
FLATTEN [t=417695000]: idx=4, val=127
FLATTEN [t=417705000]: idx=5, val=127
FLATTEN [t=417715000]: idx=6, val=127
FLATTEN [t=417725000]: idx=7, val=127
FLATTEN [t=417735000]: idx=8, val=127
FLATTEN [t=417745000]: idx=9, val=127
FC2 [t=418095000]: idx=63, val=127
FC2 [t=419325000]: idx=64, val=127
FLATTEN [t=420115000]: idx=246, val=93
FLATTEN [t=420125000]: idx=247, val=93
FLATTEN [t=420135000]: idx=248, val=93
FLATTEN [t=420145000]: idx=249, val=93
FLATTEN [t=420155000]: idx=250, val=93
FLATTEN [t=420165000]: idx=251, val=93
FLATTEN [t=420175000]: idx=252, val=93
FLATTEN [t=420185000]: idx=253, val=93
FLATTEN [t=420195000]: idx=254, val=93
FLATTEN [t=420205000]: idx=255, val=93
FLATTEN [t=420215000]: idx=0, val=127
FLATTEN [t=420225000]: idx=1, val=127
FLATTEN [t=420235000]: idx=2, val=127
FLATTEN [t=420245000]: idx=3, val=127
FLATTEN [t=420255000]: idx=4, val=127
FLATTEN [t=420265000]: idx=5, val=127
FLATTEN [t=420275000]: idx=6, val=127
FLATTEN [t=420285000]: idx=7, val=127
FLATTEN [t=420295000]: idx=8, val=127
FLATTEN [t=420305000]: idx=9, val=127
FC2 [t=420555000]: idx=65, val=127
FC2 [t=421785000]: idx=66, val=127
FLATTEN [t=422675000]: idx=246, val=93
FLATTEN [t=422685000]: idx=247, val=93
FLATTEN [t=422695000]: idx=248, val=93
FLATTEN [t=422705000]: idx=249, val=93
FLATTEN [t=422715000]: idx=250, val=93
FLATTEN [t=422725000]: idx=251, val=93
FLATTEN [t=422735000]: idx=252, val=93
FLATTEN [t=422745000]: idx=253, val=93
FLATTEN [t=422755000]: idx=254, val=93
FLATTEN [t=422765000]: idx=255, val=93
FLATTEN [t=422775000]: idx=0, val=127
FLATTEN [t=422785000]: idx=1, val=127
FLATTEN [t=422795000]: idx=2, val=127
FLATTEN [t=422805000]: idx=3, val=127
FLATTEN [t=422815000]: idx=4, val=127
FLATTEN [t=422825000]: idx=5, val=127
FLATTEN [t=422835000]: idx=6, val=127
FLATTEN [t=422845000]: idx=7, val=127
FLATTEN [t=422855000]: idx=8, val=127
FLATTEN [t=422865000]: idx=9, val=127
FC2 [t=423015000]: idx=67, val=127
FC2 [t=424245000]: idx=68, val=0
FLATTEN [t=425235000]: idx=246, val=93
FLATTEN [t=425245000]: idx=247, val=93
FLATTEN [t=425255000]: idx=248, val=93
FLATTEN [t=425265000]: idx=249, val=93
FLATTEN [t=425275000]: idx=250, val=93
FLATTEN [t=425285000]: idx=251, val=93
FLATTEN [t=425295000]: idx=252, val=93
FLATTEN [t=425305000]: idx=253, val=93
FLATTEN [t=425315000]: idx=254, val=93
FLATTEN [t=425325000]: idx=255, val=93
FLATTEN [t=425335000]: idx=0, val=127
FLATTEN [t=425345000]: idx=1, val=127
FLATTEN [t=425355000]: idx=2, val=127
FLATTEN [t=425365000]: idx=3, val=127
FLATTEN [t=425375000]: idx=4, val=127
FLATTEN [t=425385000]: idx=5, val=127
FLATTEN [t=425395000]: idx=6, val=127
FLATTEN [t=425405000]: idx=7, val=127
FLATTEN [t=425415000]: idx=8, val=127
FLATTEN [t=425425000]: idx=9, val=127
FC2 [t=425475000]: idx=69, val=127
FC2 [t=426705000]: idx=70, val=0
FLATTEN [t=427795000]: idx=246, val=93
FLATTEN [t=427805000]: idx=247, val=93
FLATTEN [t=427815000]: idx=248, val=93
FLATTEN [t=427825000]: idx=249, val=93
FLATTEN [t=427835000]: idx=250, val=93
FLATTEN [t=427845000]: idx=251, val=93
FLATTEN [t=427855000]: idx=252, val=93
FLATTEN [t=427865000]: idx=253, val=93
FLATTEN [t=427875000]: idx=254, val=93
FLATTEN [t=427885000]: idx=255, val=93
FLATTEN [t=427895000]: idx=0, val=127
FLATTEN [t=427905000]: idx=1, val=127
FLATTEN [t=427915000]: idx=2, val=127
FLATTEN [t=427925000]: idx=3, val=127
FLATTEN [t=427935000]: idx=4, val=127
FC2 [t=427935000]: idx=71, val=0
FLATTEN [t=427945000]: idx=5, val=127
FLATTEN [t=427955000]: idx=6, val=127
FLATTEN [t=427965000]: idx=7, val=127
FLATTEN [t=427975000]: idx=8, val=127
FLATTEN [t=427985000]: idx=9, val=127
FC2 [t=429165000]: idx=72, val=127
FLATTEN [t=430355000]: idx=246, val=93
FLATTEN [t=430365000]: idx=247, val=93
FLATTEN [t=430375000]: idx=248, val=93
FLATTEN [t=430385000]: idx=249, val=93
FLATTEN [t=430395000]: idx=250, val=93
FC2 [t=430395000]: idx=73, val=127
FLATTEN [t=430405000]: idx=251, val=93
FLATTEN [t=430415000]: idx=252, val=93
FLATTEN [t=430425000]: idx=253, val=93
FLATTEN [t=430435000]: idx=254, val=93
FLATTEN [t=430445000]: idx=255, val=93
FLATTEN [t=430455000]: idx=0, val=127
FLATTEN [t=430465000]: idx=1, val=127
FLATTEN [t=430475000]: idx=2, val=127
FLATTEN [t=430485000]: idx=3, val=127
FLATTEN [t=430495000]: idx=4, val=127
FLATTEN [t=430505000]: idx=5, val=127
FLATTEN [t=430515000]: idx=6, val=127
FLATTEN [t=430525000]: idx=7, val=127
FLATTEN [t=430535000]: idx=8, val=127
FLATTEN [t=430545000]: idx=9, val=127
FC2 [t=431625000]: idx=74, val=0
FC2 [t=432855000]: idx=75, val=127
FLATTEN [t=432915000]: idx=246, val=93
FLATTEN [t=432925000]: idx=247, val=93
FLATTEN [t=432935000]: idx=248, val=93
FLATTEN [t=432945000]: idx=249, val=93
FLATTEN [t=432955000]: idx=250, val=93
FLATTEN [t=432965000]: idx=251, val=93
FLATTEN [t=432975000]: idx=252, val=93
FLATTEN [t=432985000]: idx=253, val=93
FLATTEN [t=432995000]: idx=254, val=93
FLATTEN [t=433005000]: idx=255, val=93
FLATTEN [t=433015000]: idx=0, val=127
FLATTEN [t=433025000]: idx=1, val=127
FLATTEN [t=433035000]: idx=2, val=127
FLATTEN [t=433045000]: idx=3, val=127
FLATTEN [t=433055000]: idx=4, val=127
FLATTEN [t=433065000]: idx=5, val=127
FLATTEN [t=433075000]: idx=6, val=127
FLATTEN [t=433085000]: idx=7, val=127
FLATTEN [t=433095000]: idx=8, val=127
FLATTEN [t=433105000]: idx=9, val=127
FC2 [t=434085000]: idx=76, val=127
FC2 [t=435315000]: idx=77, val=127
FLATTEN [t=435475000]: idx=246, val=93
FLATTEN [t=435485000]: idx=247, val=93
FLATTEN [t=435495000]: idx=248, val=93
FLATTEN [t=435505000]: idx=249, val=93
FLATTEN [t=435515000]: idx=250, val=93
FLATTEN [t=435525000]: idx=251, val=93
FLATTEN [t=435535000]: idx=252, val=93
FLATTEN [t=435545000]: idx=253, val=93
FLATTEN [t=435555000]: idx=254, val=93
FLATTEN [t=435565000]: idx=255, val=93
FLATTEN [t=435575000]: idx=0, val=127
FLATTEN [t=435585000]: idx=1, val=127
FLATTEN [t=435595000]: idx=2, val=127
FLATTEN [t=435605000]: idx=3, val=127
FLATTEN [t=435615000]: idx=4, val=127
FLATTEN [t=435625000]: idx=5, val=127
FLATTEN [t=435635000]: idx=6, val=127
FLATTEN [t=435645000]: idx=7, val=127
FLATTEN [t=435655000]: idx=8, val=127
FLATTEN [t=435665000]: idx=9, val=127
FC2 [t=436545000]: idx=78, val=127
FC2 [t=437775000]: idx=79, val=127
FLATTEN [t=438035000]: idx=246, val=93
FLATTEN [t=438045000]: idx=247, val=93
FLATTEN [t=438055000]: idx=248, val=93
FLATTEN [t=438065000]: idx=249, val=93
FLATTEN [t=438075000]: idx=250, val=93
FLATTEN [t=438085000]: idx=251, val=93
FLATTEN [t=438095000]: idx=252, val=93
FLATTEN [t=438105000]: idx=253, val=93
FLATTEN [t=438115000]: idx=254, val=93
FLATTEN [t=438125000]: idx=255, val=93
FLATTEN [t=438135000]: idx=0, val=127
FLATTEN [t=438145000]: idx=1, val=127
FLATTEN [t=438155000]: idx=2, val=127
FLATTEN [t=438165000]: idx=3, val=127
FLATTEN [t=438175000]: idx=4, val=127
FLATTEN [t=438185000]: idx=5, val=127
FLATTEN [t=438195000]: idx=6, val=127
FLATTEN [t=438205000]: idx=7, val=127
FLATTEN [t=438215000]: idx=8, val=127
FLATTEN [t=438225000]: idx=9, val=127
FC2 [t=439005000]: idx=80, val=127
FC2 [t=440235000]: idx=81, val=127
FLATTEN [t=440595000]: idx=246, val=93
FLATTEN [t=440605000]: idx=247, val=93
FLATTEN [t=440615000]: idx=248, val=93
FLATTEN [t=440625000]: idx=249, val=93
FLATTEN [t=440635000]: idx=250, val=93
FLATTEN [t=440645000]: idx=251, val=93
FLATTEN [t=440655000]: idx=252, val=93
FLATTEN [t=440665000]: idx=253, val=93
FLATTEN [t=440675000]: idx=254, val=93
FLATTEN [t=440685000]: idx=255, val=93
FLATTEN [t=440695000]: idx=0, val=127
FLATTEN [t=440705000]: idx=1, val=127
FLATTEN [t=440715000]: idx=2, val=127
FLATTEN [t=440725000]: idx=3, val=127
FLATTEN [t=440735000]: idx=4, val=127
FLATTEN [t=440745000]: idx=5, val=127
FLATTEN [t=440755000]: idx=6, val=127
FLATTEN [t=440765000]: idx=7, val=127
FLATTEN [t=440775000]: idx=8, val=127
FLATTEN [t=440785000]: idx=9, val=127
FC2 [t=441465000]: idx=82, val=127
FC2 [t=442695000]: idx=83, val=127
FLATTEN [t=443155000]: idx=246, val=93
FLATTEN [t=443165000]: idx=247, val=93
FLATTEN [t=443175000]: idx=248, val=93
FLATTEN [t=443185000]: idx=249, val=93
FLATTEN [t=443195000]: idx=250, val=93
FLATTEN [t=443205000]: idx=251, val=93
FLATTEN [t=443215000]: idx=252, val=93
FLATTEN [t=443225000]: idx=253, val=93
FLATTEN [t=443235000]: idx=254, val=93
FLATTEN [t=443245000]: idx=255, val=93
FLATTEN [t=443255000]: idx=0, val=127
FLATTEN [t=443265000]: idx=1, val=127
FLATTEN [t=443275000]: idx=2, val=127
FLATTEN [t=443285000]: idx=3, val=127
FLATTEN [t=443295000]: idx=4, val=127
FLATTEN [t=443305000]: idx=5, val=127
FLATTEN [t=443315000]: idx=6, val=127
FLATTEN [t=443325000]: idx=7, val=127
FLATTEN [t=443335000]: idx=8, val=127
FLATTEN [t=443345000]: idx=9, val=127
FC3 [t=443585000]: idx=0, val=127
FC3 [t=444445000]: idx=1, val=127
FC3 [t=445305000]: idx=2, val=-128
FLATTEN [t=445715000]: idx=246, val=93
FLATTEN [t=445725000]: idx=247, val=93
FLATTEN [t=445735000]: idx=248, val=93
FLATTEN [t=445745000]: idx=249, val=93
FLATTEN [t=445755000]: idx=250, val=93
FLATTEN [t=445765000]: idx=251, val=93
FLATTEN [t=445775000]: idx=252, val=93
FLATTEN [t=445785000]: idx=253, val=93
FLATTEN [t=445795000]: idx=254, val=93
FLATTEN [t=445805000]: idx=255, val=93
FLATTEN [t=445815000]: idx=0, val=127
FLATTEN [t=445825000]: idx=1, val=127
FLATTEN [t=445835000]: idx=2, val=127
FLATTEN [t=445845000]: idx=3, val=127
FLATTEN [t=445855000]: idx=4, val=127
FLATTEN [t=445865000]: idx=5, val=127
FLATTEN [t=445875000]: idx=6, val=127
FLATTEN [t=445885000]: idx=7, val=127
FLATTEN [t=445895000]: idx=8, val=127
FLATTEN [t=445905000]: idx=9, val=127
FC3 [t=446165000]: idx=3, val=-128
FC3 [t=447025000]: idx=4, val=127
FC3 [t=447885000]: idx=5, val=127
FLATTEN [t=448275000]: idx=246, val=93
FLATTEN [t=448285000]: idx=247, val=93
FLATTEN [t=448295000]: idx=248, val=93
FLATTEN [t=448305000]: idx=249, val=93
FLATTEN [t=448315000]: idx=250, val=93
FLATTEN [t=448325000]: idx=251, val=93
FLATTEN [t=448335000]: idx=252, val=93
FLATTEN [t=448345000]: idx=253, val=93
FLATTEN [t=448355000]: idx=254, val=93
FLATTEN [t=448365000]: idx=255, val=93
FLATTEN [t=448375000]: idx=0, val=127
FLATTEN [t=448385000]: idx=1, val=127
FLATTEN [t=448395000]: idx=2, val=127
FLATTEN [t=448405000]: idx=3, val=127
FLATTEN [t=448415000]: idx=4, val=127
FLATTEN [t=448425000]: idx=5, val=127
FLATTEN [t=448435000]: idx=6, val=127
FLATTEN [t=448445000]: idx=7, val=127
FLATTEN [t=448455000]: idx=8, val=127
FLATTEN [t=448465000]: idx=9, val=127
FC3 [t=448745000]: idx=6, val=-128
FC3 [t=449605000]: idx=7, val=127
FC3 [t=450465000]: idx=8, val=-128
FLATTEN [t=450835000]: idx=246, val=93
FLATTEN [t=450845000]: idx=247, val=93
FLATTEN [t=450855000]: idx=248, val=93
FLATTEN [t=450865000]: idx=249, val=93
FLATTEN [t=450875000]: idx=250, val=93
FLATTEN [t=450885000]: idx=251, val=93
FLATTEN [t=450895000]: idx=252, val=93
FLATTEN [t=450905000]: idx=253, val=93
FLATTEN [t=450915000]: idx=254, val=93
FLATTEN [t=450925000]: idx=255, val=93
FLATTEN [t=450935000]: idx=0, val=127
FLATTEN [t=450945000]: idx=1, val=127
FLATTEN [t=450955000]: idx=2, val=127
FLATTEN [t=450965000]: idx=3, val=127
FLATTEN [t=450975000]: idx=4, val=127
FLATTEN [t=450985000]: idx=5, val=127
FLATTEN [t=450995000]: idx=6, val=127
FLATTEN [t=451005000]: idx=7, val=127
FLATTEN [t=451015000]: idx=8, val=127
FLATTEN [t=451025000]: idx=9, val=127
FC3 [t=451325000]: idx=9, val=127
FC_DEBUG [t=451355000]: fc_state=            DONE, fc_valid_out=0, fc_digit_idx=9, fc_data_out=127
FC1_INTERNAL [t=451355000]: fc1_valid_out=0, fc1_neuron_idx=119, fc1_data_out=32, fc1_done_out=1
FC2_INTERNAL [t=451355000]: fc2_valid_in=0, fc2_valid_out=0, fc2_neuron_idx=83, fc2_data_out=127, fc2_done_out=1
FC3_INTERNAL [t=451355000]: fc3_valid_in=0, fc3_valid_out=0, fc3_neuron_idx=9, fc3_data_out=127, fc3_done_out=1
