FILTER 0 window @(11,10) conv_valid=111111
  WINDOW ch0 data:
     47  31  15   0   0
     47  31   0   0   0
     47  31   0   0   0
     47  15   0   0   0
     31  31   0   0   0
  WEIGHTS f0_ch0:
    -12 -12  37 -31   8
      8  28   2 -19 -36
      9 -18  23  12 -25
     44 -16 -26 -48 -34
     26  15 -10 -21 -24
    ch0 = 47
    ch1 = 15
    ch2 = 63
    ch3 = 31
    ch4 = 31
    ch5 = 31
    bias = 46
    final_acc = 264
FILTER 1 window @(11,10) conv_valid=111111
    ch0 = 15
    ch1 = 31
    ch2 = 31
    ch3 = 47
    ch4 = 15
    ch5 = 47
    bias = -113
    final_acc = 73
FILTER 2 window @(11,10) conv_valid=111111
    ch0 = 15
    ch1 = 31
    ch2 = 31
    ch3 = 15
    ch4 = 63
    ch5 = 31
    bias = -9
    final_acc = 177
FILTER 3 window @(11,10) conv_valid=111111
    ch0 = 63
    ch1 = 31
    ch2 = 31
    ch3 = 31
    ch4 = -1
    ch5 = 31
    bias = -127
    final_acc = 59
FILTER 4 window @(11,10) conv_valid=111111
    ch0 = 15
    ch1 = 47
    ch2 = -1
    ch3 = 31
    ch4 = 31
    ch5 = 79
    bias = -112
    final_acc = 90
FILTER 5 window @(11,10) conv_valid=111111
    ch0 = 47
    ch1 = 63
    ch2 = 15
    ch3 = 15
    ch4 = 63
    ch5 = 15
    bias = -98
    final_acc = 120
FILTER 6 window @(11,10) conv_valid=111111
    ch0 = 47
    ch1 = 63
    ch2 = 31
    ch3 = 63
    ch4 = 15
    ch5 = 79
    bias = -97
    final_acc = 201
FILTER 7 window @(11,10) conv_valid=111111
    ch0 = 15
    ch1 = 47
    ch2 = 47
    ch3 = 47
    ch4 = 47
    ch5 = 63
    bias = 41
    final_acc = 307
FILTER 8 window @(11,10) conv_valid=111111
    ch0 = 63
    ch1 = 47
    ch2 = 63
    ch3 = 79
    ch4 = 47
    ch5 = 79
    bias = 50
    final_acc = 428
FILTER 9 window @(11,10) conv_valid=111111
    ch0 = 47
    ch1 = 15
    ch2 = 31
    ch3 = 31
    ch4 = 31
    ch5 = 15
    bias = -43
    final_acc = 127
FILTER 10 window @(11,10) conv_valid=111111
    ch0 = -1
    ch1 = 47
    ch2 = 47
    ch3 = 31
    ch4 = 47
    ch5 = 79
    bias = -17
    final_acc = 233
FILTER 11 window @(11,10) conv_valid=111111
    ch0 = 63
    ch1 = 47
    ch2 = -1
    ch3 = -1
    ch4 = 31
    ch5 = 31
    bias = -21
    final_acc = 149
FILTER 12 window @(11,10) conv_valid=111111
    ch0 = 63
    ch1 = 63
    ch2 = 31
    ch3 = 47
    ch4 = -1
    ch5 = 15
    bias = -57
    final_acc = 161
FILTER 13 window @(11,10) conv_valid=111111
    ch0 = 47
    ch1 = 31
    ch2 = 63
    ch3 = 47
    ch4 = 47
    ch5 = 15
    bias = -47
    final_acc = 203
FILTER 14 window @(11,10) conv_valid=111111
    ch0 = 47
    ch1 = 31
    ch2 = 15
    ch3 = 31
    ch4 = 15
    ch5 = 31
    bias = -54
    final_acc = 116
FILTER 15 window @(11,10) conv_valid=111111
    ch0 = 15
    ch1 = 47
    ch2 = 15
    ch3 = 63
    ch4 = -1
    ch5 = 47
    bias = -13
    final_acc = 173
FILTER 0 window @(0,10) conv_valid=111111
  WINDOW ch0 data:
     47  31  15   0   0
     47  31   0   0   0
     47  31   0   0   0
     47  15   0   0   0
     31  31   0   0   0
  WEIGHTS f0_ch0:
    -12 -12  37 -31   8
      8  28   2 -19 -36
      9 -18  23  12 -25
     44 -16 -26 -48 -34
     26  15 -10 -21 -24
    ch0 = 15
    ch1 = 31
    ch2 = 31
    ch3 = 15
    ch4 = 15
    ch5 = 31
    bias = 46
    final_acc = 184
FILTER 1 window @(0,10) conv_valid=111111
    ch0 = 31
    ch1 = 31
    ch2 = 31
    ch3 = 31
    ch4 = -1
    ch5 = 31
    bias = -113
    final_acc = 41
FILTER 2 window @(0,10) conv_valid=111111
    ch0 = 15
    ch1 = 31
    ch2 = 31
    ch3 = 15
    ch4 = 47
    ch5 = 15
    bias = -9
    final_acc = 145
FILTER 3 window @(0,10) conv_valid=111111
    ch0 = 31
    ch1 = 31
    ch2 = -1
    ch3 = 15
    ch4 = -1
    ch5 = 31
    bias = -127
    final_acc = -21
FILTER 4 window @(0,10) conv_valid=111111
    ch0 = 15
    ch1 = 31
    ch2 = 15
    ch3 = 31
    ch4 = 31
    ch5 = 47
    bias = -112
    final_acc = 58
FILTER 5 window @(0,10) conv_valid=111111
    ch0 = 15
    ch1 = 31
    ch2 = 15
    ch3 = -1
    ch4 = 47
    ch5 = 15
    bias = -98
    final_acc = 24
FILTER 6 window @(0,10) conv_valid=111111
    ch0 = 15
    ch1 = 31
    ch2 = -1
    ch3 = 31
    ch4 = -1
    ch5 = 47
    bias = -97
    final_acc = 25
FILTER 7 window @(0,10) conv_valid=111111
    ch0 = -1
    ch1 = 31
    ch2 = 15
    ch3 = 15
    ch4 = 15
    ch5 = 31
    bias = 41
    final_acc = 147
FILTER 8 window @(0,10) conv_valid=111111
    ch0 = 47
    ch1 = 31
    ch2 = 31
    ch3 = 47
    ch4 = 31
    ch5 = 47
    bias = 50
    final_acc = 284
FILTER 9 window @(0,10) conv_valid=111111
    ch0 = 47
    ch1 = 31
    ch2 = 15
    ch3 = 15
    ch4 = 15
    ch5 = 15
    bias = -43
    final_acc = 95
FILTER 10 window @(0,10) conv_valid=111111
    ch0 = 15
    ch1 = 31
    ch2 = 31
    ch3 = 31
    ch4 = 15
    ch5 = 47
    bias = -17
    final_acc = 153
FILTER 11 window @(0,10) conv_valid=111111
    ch0 = 47
    ch1 = 31
    ch2 = 15
    ch3 = -1
    ch4 = 15
    ch5 = -1
    bias = -21
    final_acc = 85
FILTER 12 window @(0,10) conv_valid=111111
    ch0 = 47
    ch1 = 31
    ch2 = -1
    ch3 = 15
    ch4 = 15
    ch5 = -1
    bias = -57
    final_acc = 49
FILTER 13 window @(0,10) conv_valid=111111
    ch0 = 31
    ch1 = 15
    ch2 = 15
    ch3 = 15
    ch4 = 47
    ch5 = -1
    bias = -47
    final_acc = 75
FILTER 14 window @(0,10) conv_valid=111111
    ch0 = 47
    ch1 = 15
    ch2 = 15
    ch3 = 15
    ch4 = -1
    ch5 = 15
    bias = -54
    final_acc = 52
FILTER 15 window @(0,10) conv_valid=111111
    ch0 = 31
    ch1 = 31
    ch2 = 15
    ch3 = 31
    ch4 = 15
    ch5 = 15
    bias = -13
    final_acc = 125
CONV2 OUTPUT @(0,0)
    out0 = 0
    out1 = 0
    out2 = 0
    out3 = 0
    out4 = 0
    out5 = 0
    out6 = 0
    out7 = 0
    out8 = 0
    out9 = 0
    out10 = 0
    out11 = 0
    out12 = 0
    out13 = 0
    out14 = 0
    out15 = 0
    packed data_out = 00000000000000000000000000000000
FILTER 0 window @(1,10) conv_valid=111111
  WINDOW ch0 data:
     47  31  15   0   0
     47  31   0   0   0
     47  31   0   0   0
     47  15   0   0   0
     31  31   0   0   0
  WEIGHTS f0_ch0:
    -12 -12  37 -31   8
      8  28   2 -19 -36
      9 -18  23  12 -25
     44 -16 -26 -48 -34
     26  15 -10 -21 -24
    ch0 = -1
    ch1 = 31
    ch2 = 31
    ch3 = 15
    ch4 = 15
    ch5 = 15
    bias = 46
    final_acc = 152
FILTER 1 window @(1,10) conv_valid=111111
    ch0 = 31
    ch1 = 31
    ch2 = 15
    ch3 = 15
    ch4 = -1
    ch5 = 15
    bias = -113
    final_acc = -7
FILTER 2 window @(1,10) conv_valid=111111
    ch0 = -1
    ch1 = 15
    ch2 = 31
    ch3 = 15
    ch4 = 31
    ch5 = 15
    bias = -9
    final_acc = 97
FILTER 3 window @(1,10) conv_valid=111111
    ch0 = 15
    ch1 = 15
    ch2 = 15
    ch3 = 15
    ch4 = -1
    ch5 = 15
    bias = -127
    final_acc = -53
FILTER 4 window @(1,10) conv_valid=111111
    ch0 = 15
    ch1 = 31
    ch2 = 15
    ch3 = 31
    ch4 = 15
    ch5 = 31
    bias = -112
    final_acc = 26
FILTER 5 window @(1,10) conv_valid=111111
    ch0 = -1
    ch1 = 15
    ch2 = 31
    ch3 = -1
    ch4 = 31
    ch5 = -1
    bias = -98
    final_acc = -24
FILTER 6 window @(1,10) conv_valid=111111
    ch0 = -1
    ch1 = 15
    ch2 = 15
    ch3 = 15
    ch4 = -1
    ch5 = 31
    bias = -97
    final_acc = -23
FILTER 7 window @(1,10) conv_valid=111111
    ch0 = -1
    ch1 = 15
    ch2 = -1
    ch3 = -1
    ch4 = -1
    ch5 = 15
    bias = 41
    final_acc = 67
FILTER 8 window @(1,10) conv_valid=111111
    ch0 = 31
    ch1 = 15
    ch2 = 31
    ch3 = 31
    ch4 = 15
    ch5 = 31
    bias = 50
    final_acc = 204
FILTER 9 window @(1,10) conv_valid=111111
    ch0 = 31
    ch1 = 15
    ch2 = 15
    ch3 = 15
    ch4 = 15
    ch5 = 15
    bias = -43
    final_acc = 63
FILTER 10 window @(1,10) conv_valid=111111
    ch0 = 15
    ch1 = 31
    ch2 = 31
    ch3 = 31
    ch4 = -1
    ch5 = 31
    bias = -17
    final_acc = 121
FILTER 11 window @(1,10) conv_valid=111111
    ch0 = 31
    ch1 = 31
    ch2 = 15
    ch3 = -1
    ch4 = -1
    ch5 = -1
    bias = -21
    final_acc = 53
FILTER 12 window @(1,10) conv_valid=111111
    ch0 = 31
    ch1 = 15
    ch2 = 15
    ch3 = 15
    ch4 = 15
    ch5 = -1
    bias = -57
    final_acc = 33
FILTER 13 window @(1,10) conv_valid=111111
    ch0 = 15
    ch1 = 15
    ch2 = 15
    ch3 = -1
    ch4 = 31
    ch5 = -1
    bias = -47
    final_acc = 27
FILTER 14 window @(1,10) conv_valid=111111
    ch0 = 31
    ch1 = -1
    ch2 = 15
    ch3 = 15
    ch4 = -1
    ch5 = -1
    bias = -54
    final_acc = 4
FILTER 15 window @(1,10) conv_valid=111111
    ch0 = 31
    ch1 = 31
    ch2 = -1
    ch3 = 15
    ch4 = 15
    ch5 = 15
    bias = -13
    final_acc = 93
CONV2 OUTPUT @(1,0)
    out0 = 127
    out1 = 73
    out2 = 127
    out3 = 59
    out4 = 90
    out5 = 120
    out6 = 127
    out7 = 127
    out8 = 127
    out9 = 127
    out10 = 127
    out11 = 127
    out12 = 127
    out13 = 127
    out14 = 116
    out15 = 127
    packed data_out = 00000000000000000000000000000000
FILTER 0 window @(2,10) conv_valid=111111
  WINDOW ch0 data:
     47  31  15   0   0
     47  31   0   0   0
     47  31   0   0   0
     47  15   0   0   0
     31  31   0   0   0
  WEIGHTS f0_ch0:
    -12 -12  37 -31   8
      8  28   2 -19 -36
      9 -18  23  12 -25
     44 -16 -26 -48 -34
     26  15 -10 -21 -24
    ch0 = -1
    ch1 = 31
    ch2 = 31
    ch3 = 15
    ch4 = 15
    ch5 = 15
    bias = 46
    final_acc = 152
FILTER 1 window @(2,10) conv_valid=111111
    ch0 = 31
    ch1 = 31
    ch2 = 15
    ch3 = 15
    ch4 = -1
    ch5 = 15
    bias = -113
    final_acc = -7
FILTER 2 window @(2,10) conv_valid=111111
    ch0 = -1
    ch1 = 15
    ch2 = 31
    ch3 = 15
    ch4 = 31
    ch5 = 15
    bias = -9
    final_acc = 97
FILTER 3 window @(2,10) conv_valid=111111
    ch0 = 15
    ch1 = 15
    ch2 = 15
    ch3 = 15
    ch4 = -1
    ch5 = 15
    bias = -127
    final_acc = -53
FILTER 4 window @(2,10) conv_valid=111111
    ch0 = 15
    ch1 = 31
    ch2 = 15
    ch3 = 31
    ch4 = 15
    ch5 = 31
    bias = -112
    final_acc = 26
FILTER 5 window @(2,10) conv_valid=111111
    ch0 = -1
    ch1 = 15
    ch2 = 31
    ch3 = -1
    ch4 = 31
    ch5 = -1
    bias = -98
    final_acc = -24
FILTER 6 window @(2,10) conv_valid=111111
    ch0 = -1
    ch1 = 15
    ch2 = 15
    ch3 = 15
    ch4 = -1
    ch5 = 31
    bias = -97
    final_acc = -23
FILTER 7 window @(2,10) conv_valid=111111
    ch0 = -1
    ch1 = 15
    ch2 = -1
    ch3 = -1
    ch4 = -1
    ch5 = 15
    bias = 41
    final_acc = 67
FILTER 8 window @(2,10) conv_valid=111111
    ch0 = 31
    ch1 = 15
    ch2 = 31
    ch3 = 31
    ch4 = 15
    ch5 = 31
    bias = 50
    final_acc = 204
FILTER 9 window @(2,10) conv_valid=111111
    ch0 = 31
    ch1 = 15
    ch2 = 15
    ch3 = 15
    ch4 = 15
    ch5 = 15
    bias = -43
    final_acc = 63
FILTER 10 window @(2,10) conv_valid=111111
    ch0 = 15
    ch1 = 31
    ch2 = 31
    ch3 = 31
    ch4 = -1
    ch5 = 31
    bias = -17
    final_acc = 121
FILTER 11 window @(2,10) conv_valid=111111
    ch0 = 31
    ch1 = 31
    ch2 = 15
    ch3 = -1
    ch4 = -1
    ch5 = -1
    bias = -21
    final_acc = 53
FILTER 12 window @(2,10) conv_valid=111111
    ch0 = 31
    ch1 = 15
    ch2 = 15
    ch3 = 15
    ch4 = 15
    ch5 = -1
    bias = -57
    final_acc = 33
FILTER 13 window @(2,10) conv_valid=111111
    ch0 = 15
    ch1 = 15
    ch2 = 15
    ch3 = -1
    ch4 = 31
    ch5 = -1
    bias = -47
    final_acc = 27
FILTER 14 window @(2,10) conv_valid=111111
    ch0 = 31
    ch1 = -1
    ch2 = 15
    ch3 = 15
    ch4 = -1
    ch5 = -1
    bias = -54
    final_acc = 4
FILTER 15 window @(2,10) conv_valid=111111
    ch0 = 31
    ch1 = 31
    ch2 = -1
    ch3 = 15
    ch4 = 15
    ch5 = 15
    bias = -13
    final_acc = 93
CONV2 OUTPUT @(2,0)
    out0 = 127
    out1 = 41
    out2 = 127
    out3 = 0
    out4 = 58
    out5 = 24
    out6 = 25
    out7 = 127
    out8 = 127
    out9 = 95
    out10 = 127
    out11 = 85
    out12 = 49
    out13 = 75
    out14 = 52
    out15 = 125
    packed data_out = 7f747f7f7f7f7f7f7f7f785a3b7f497f
FILTER 0 window @(3,10) conv_valid=111111
  WINDOW ch0 data:
     47  31  15   0   0
     47  31   0   0   0
     47  31   0   0   0
     47  15   0   0   0
     31  31   0   0   0
  WEIGHTS f0_ch0:
    -12 -12  37 -31   8
      8  28   2 -19 -36
      9 -18  23  12 -25
     44 -16 -26 -48 -34
     26  15 -10 -21 -24
    ch0 = -1
    ch1 = 31
    ch2 = 31
    ch3 = 15
    ch4 = 15
    ch5 = 15
    bias = 46
    final_acc = 152
FILTER 1 window @(3,10) conv_valid=111111
    ch0 = 31
    ch1 = 31
    ch2 = 15
    ch3 = 15
    ch4 = -1
    ch5 = 15
    bias = -113
    final_acc = -7
FILTER 2 window @(3,10) conv_valid=111111
    ch0 = -1
    ch1 = 15
    ch2 = 31
    ch3 = 15
    ch4 = 31
    ch5 = 15
    bias = -9
    final_acc = 97
FILTER 3 window @(3,10) conv_valid=111111
    ch0 = 15
    ch1 = 15
    ch2 = 15
    ch3 = 15
    ch4 = -1
    ch5 = 15
    bias = -127
    final_acc = -53
FILTER 4 window @(3,10) conv_valid=111111
    ch0 = 15
    ch1 = 31
    ch2 = 15
    ch3 = 31
    ch4 = 15
    ch5 = 31
    bias = -112
    final_acc = 26
FILTER 5 window @(3,10) conv_valid=111111
    ch0 = -1
    ch1 = 15
    ch2 = 31
    ch3 = -1
    ch4 = 31
    ch5 = -1
    bias = -98
    final_acc = -24
FILTER 6 window @(3,10) conv_valid=111111
    ch0 = -1
    ch1 = 15
    ch2 = 15
    ch3 = 15
    ch4 = -1
    ch5 = 31
    bias = -97
    final_acc = -23
FILTER 7 window @(3,10) conv_valid=111111
    ch0 = -1
    ch1 = 15
    ch2 = -1
    ch3 = -1
    ch4 = -1
    ch5 = 15
    bias = 41
    final_acc = 67
FILTER 8 window @(3,10) conv_valid=111111
    ch0 = 31
    ch1 = 15
    ch2 = 31
    ch3 = 31
    ch4 = 15
    ch5 = 31
    bias = 50
    final_acc = 204
FILTER 9 window @(3,10) conv_valid=111111
    ch0 = 31
    ch1 = 15
    ch2 = 15
    ch3 = 15
    ch4 = 15
    ch5 = 15
    bias = -43
    final_acc = 63
FILTER 10 window @(3,10) conv_valid=111111
    ch0 = 15
    ch1 = 31
    ch2 = 31
    ch3 = 31
    ch4 = -1
    ch5 = 31
    bias = -17
    final_acc = 121
FILTER 11 window @(3,10) conv_valid=111111
    ch0 = 31
    ch1 = 31
    ch2 = 15
    ch3 = -1
    ch4 = -1
    ch5 = -1
    bias = -21
    final_acc = 53
FILTER 12 window @(3,10) conv_valid=111111
    ch0 = 31
    ch1 = 15
    ch2 = 15
    ch3 = 15
    ch4 = 15
    ch5 = -1
    bias = -57
    final_acc = 33
FILTER 13 window @(3,10) conv_valid=111111
    ch0 = 15
    ch1 = 15
    ch2 = 15
    ch3 = -1
    ch4 = 31
    ch5 = -1
    bias = -47
    final_acc = 27
FILTER 14 window @(3,10) conv_valid=111111
    ch0 = 31
    ch1 = -1
    ch2 = 15
    ch3 = 15
    ch4 = -1
    ch5 = -1
    bias = -54
    final_acc = 4
FILTER 15 window @(3,10) conv_valid=111111
    ch0 = 31
    ch1 = 31
    ch2 = -1
    ch3 = 15
    ch4 = 15
    ch5 = 15
    bias = -13
    final_acc = 93
CONV2 OUTPUT @(3,0)
    out0 = 127
    out1 = 0
    out2 = 97
    out3 = 0
    out4 = 26
    out5 = 0
    out6 = 0
    out7 = 67
    out8 = 127
    out9 = 63
    out10 = 121
    out11 = 53
    out12 = 33
    out13 = 27
    out14 = 4
    out15 = 93
    packed data_out = 7d344b31557f5f7f7f19183a007f297f
FILTER 0 window @(4,10) conv_valid=111111
  WINDOW ch0 data:
      0  15  31  31  47
      0  15   0  31  31
      0  15   0   0   0
      0   0   0   0   0
      0   0   0   0   0
  WEIGHTS f0_ch0:
    -12 -12  37 -31   8
      8  28   2 -19 -36
      9 -18  23  12 -25
     44 -16 -26 -48 -34
     26  15 -10 -21 -24
    ch0 = -1
    ch1 = 31
    ch2 = 31
    ch3 = 15
    ch4 = 15
    ch5 = 15
    bias = 46
    final_acc = 152
FILTER 1 window @(4,10) conv_valid=111111
    ch0 = 31
    ch1 = 31
    ch2 = 15
    ch3 = 15
    ch4 = -1
    ch5 = 15
    bias = -113
    final_acc = -7
FILTER 2 window @(4,10) conv_valid=111111
    ch0 = -1
    ch1 = 15
    ch2 = 31
    ch3 = 15
    ch4 = 31
    ch5 = 15
    bias = -9
    final_acc = 97
FILTER 3 window @(4,10) conv_valid=111111
    ch0 = 15
    ch1 = 15
    ch2 = 15
    ch3 = 15
    ch4 = -1
    ch5 = 15
    bias = -127
    final_acc = -53
FILTER 4 window @(4,10) conv_valid=111111
    ch0 = 15
    ch1 = 31
    ch2 = 15
    ch3 = 31
    ch4 = 15
    ch5 = 31
    bias = -112
    final_acc = 26
FILTER 5 window @(4,10) conv_valid=111111
    ch0 = -1
    ch1 = 15
    ch2 = 31
    ch3 = -1
    ch4 = 31
    ch5 = -1
    bias = -98
    final_acc = -24
FILTER 6 window @(4,10) conv_valid=111111
    ch0 = -1
    ch1 = 15
    ch2 = 15
    ch3 = 15
    ch4 = -1
    ch5 = 31
    bias = -97
    final_acc = -23
FILTER 7 window @(4,10) conv_valid=111111
    ch0 = -1
    ch1 = 15
    ch2 = -1
    ch3 = -1
    ch4 = -1
    ch5 = 15
    bias = 41
    final_acc = 67
FILTER 8 window @(4,10) conv_valid=111111
    ch0 = 31
    ch1 = 15
    ch2 = 31
    ch3 = 31
    ch4 = 15
    ch5 = 31
    bias = 50
    final_acc = 204
FILTER 9 window @(4,10) conv_valid=111111
    ch0 = 31
    ch1 = 15
    ch2 = 15
    ch3 = 15
    ch4 = 15
    ch5 = 15
    bias = -43
    final_acc = 63
FILTER 10 window @(4,10) conv_valid=111111
    ch0 = 15
    ch1 = 31
    ch2 = 31
    ch3 = 31
    ch4 = -1
    ch5 = 31
    bias = -17
    final_acc = 121
FILTER 11 window @(4,10) conv_valid=111111
    ch0 = 31
    ch1 = 31
    ch2 = 15
    ch3 = -1
    ch4 = -1
    ch5 = -1
    bias = -21
    final_acc = 53
FILTER 12 window @(4,10) conv_valid=111111
    ch0 = 31
    ch1 = 15
    ch2 = 15
    ch3 = 15
    ch4 = 15
    ch5 = -1
    bias = -57
    final_acc = 33
FILTER 13 window @(4,10) conv_valid=111111
    ch0 = 15
    ch1 = 15
    ch2 = 15
    ch3 = -1
    ch4 = 31
    ch5 = -1
    bias = -47
    final_acc = 27
FILTER 14 window @(4,10) conv_valid=111111
    ch0 = 31
    ch1 = -1
    ch2 = 15
    ch3 = 15
    ch4 = -1
    ch5 = -1
    bias = -54
    final_acc = 4
FILTER 15 window @(4,10) conv_valid=111111
    ch0 = 31
    ch1 = 31
    ch2 = -1
    ch3 = 15
    ch4 = 15
    ch5 = 15
    bias = -13
    final_acc = 93
CONV2 OUTPUT @(4,0)
    out0 = 127
    out1 = 0
    out2 = 97
    out3 = 0
    out4 = 26
    out5 = 0
    out6 = 0
    out7 = 67
    out8 = 127
    out9 = 63
    out10 = 121
    out11 = 53
    out12 = 33
    out13 = 27
    out14 = 4
    out15 = 93
    packed data_out = 5d041b2135793f7f4300001a0061007f
FILTER 0 window @(5,10) conv_valid=111111
  WINDOW ch0 data:
     15  31  31  47  47
     15   0  31  31  31
     15   0   0   0   0
      0   0   0   0   0
      0   0   0   0   0
  WEIGHTS f0_ch0:
    -12 -12  37 -31   8
      8  28   2 -19 -36
      9 -18  23  12 -25
     44 -16 -26 -48 -34
     26  15 -10 -21 -24
    ch0 = -1
    ch1 = 31
    ch2 = 31
    ch3 = 15
    ch4 = 15
    ch5 = 15
    bias = 46
    final_acc = 152
FILTER 1 window @(5,10) conv_valid=111111
    ch0 = 31
    ch1 = 31
    ch2 = 15
    ch3 = 15
    ch4 = -1
    ch5 = 15
    bias = -113
    final_acc = -7
FILTER 2 window @(5,10) conv_valid=111111
    ch0 = -1
    ch1 = 15
    ch2 = 31
    ch3 = 15
    ch4 = 31
    ch5 = 15
    bias = -9
    final_acc = 97
FILTER 3 window @(5,10) conv_valid=111111
    ch0 = 15
    ch1 = 15
    ch2 = 15
    ch3 = 15
    ch4 = -1
    ch5 = 15
    bias = -127
    final_acc = -53
FILTER 4 window @(5,10) conv_valid=111111
    ch0 = 15
    ch1 = 31
    ch2 = 15
    ch3 = 31
    ch4 = 15
    ch5 = 31
    bias = -112
    final_acc = 26
FILTER 5 window @(5,10) conv_valid=111111
    ch0 = -1
    ch1 = 15
    ch2 = 31
    ch3 = -1
    ch4 = 31
    ch5 = -1
    bias = -98
    final_acc = -24
FILTER 6 window @(5,10) conv_valid=111111
    ch0 = -1
    ch1 = 15
    ch2 = 15
    ch3 = 15
    ch4 = -1
    ch5 = 31
    bias = -97
    final_acc = -23
FILTER 7 window @(5,10) conv_valid=111111
    ch0 = -1
    ch1 = 15
    ch2 = -1
    ch3 = -1
    ch4 = -1
    ch5 = 15
    bias = 41
    final_acc = 67
FILTER 8 window @(5,10) conv_valid=111111
    ch0 = 31
    ch1 = 15
    ch2 = 31
    ch3 = 31
    ch4 = 15
    ch5 = 31
    bias = 50
    final_acc = 204
FILTER 9 window @(5,10) conv_valid=111111
    ch0 = 31
    ch1 = 15
    ch2 = 15
    ch3 = 15
    ch4 = 15
    ch5 = 15
    bias = -43
    final_acc = 63
FILTER 10 window @(5,10) conv_valid=111111
    ch0 = 15
    ch1 = 31
    ch2 = 31
    ch3 = 31
    ch4 = -1
    ch5 = 31
    bias = -17
    final_acc = 121
FILTER 11 window @(5,10) conv_valid=111111
    ch0 = 31
    ch1 = 31
    ch2 = 15
    ch3 = -1
    ch4 = -1
    ch5 = -1
    bias = -21
    final_acc = 53
FILTER 12 window @(5,10) conv_valid=111111
    ch0 = 31
    ch1 = 15
    ch2 = 15
    ch3 = 15
    ch4 = 15
    ch5 = -1
    bias = -57
    final_acc = 33
FILTER 13 window @(5,10) conv_valid=111111
    ch0 = 15
    ch1 = 15
    ch2 = 15
    ch3 = -1
    ch4 = 31
    ch5 = -1
    bias = -47
    final_acc = 27
FILTER 14 window @(5,10) conv_valid=111111
    ch0 = 31
    ch1 = -1
    ch2 = 15
    ch3 = 15
    ch4 = -1
    ch5 = -1
    bias = -54
    final_acc = 4
FILTER 15 window @(5,10) conv_valid=111111
    ch0 = 31
    ch1 = 31
    ch2 = -1
    ch3 = 15
    ch4 = 15
    ch5 = 15
    bias = -13
    final_acc = 93
CONV2 OUTPUT @(5,0)
    out0 = 127
    out1 = 0
    out2 = 97
    out3 = 0
    out4 = 26
    out5 = 0
    out6 = 0
    out7 = 67
    out8 = 127
    out9 = 63
    out10 = 121
    out11 = 53
    out12 = 33
    out13 = 27
    out14 = 4
    out15 = 93
    packed data_out = 5d041b2135793f7f4300001a0061007f
CONV2 OUTPUT @(6,0)
    out0 = 127
    out1 = 0
    out2 = 97
    out3 = 0
    out4 = 26
    out5 = 0
    out6 = 0
    out7 = 67
    out8 = 127
    out9 = 63
    out10 = 121
    out11 = 53
    out12 = 33
    out13 = 27
    out14 = 4
    out15 = 93
    packed data_out = 5d041b2135793f7f4300001a0061007f
FILTER 0 window @(10,10) conv_valid=111111
  WINDOW ch0 data:
     47  47  31   0   0
     47  47  31   0   0
     47  47  15   0   0
     31  31  31   0   0
     31  31   0   0   0
  WEIGHTS f0_ch0:
    -12 -12  37 -31   8
      8  28   2 -19 -36
      9 -18  23  12 -25
     44 -16 -26 -48 -34
     26  15 -10 -21 -24
    ch0 = 47
    ch1 = -1
    ch2 = 63
    ch3 = 31
    ch4 = 15
    ch5 = 31
    bias = 46
    final_acc = 232
FILTER 1 window @(10,10) conv_valid=111111
    ch0 = -1
    ch1 = 15
    ch2 = 47
    ch3 = 47
    ch4 = 15
    ch5 = 31
    bias = -113
    final_acc = 41
FILTER 2 window @(10,10) conv_valid=111111
    ch0 = 15
    ch1 = 15
    ch2 = 31
    ch3 = 15
    ch4 = 47
    ch5 = 15
    bias = -9
    final_acc = 129
FILTER 3 window @(10,10) conv_valid=111111
    ch0 = 47
    ch1 = 15
    ch2 = 15
    ch3 = 15
    ch4 = -1
    ch5 = 31
    bias = -127
    final_acc = -5
FILTER 4 window @(10,10) conv_valid=111111
    ch0 = 15
    ch1 = 31
    ch2 = 15
    ch3 = 15
    ch4 = 31
    ch5 = 63
    bias = -112
    final_acc = 58
FILTER 5 window @(10,10) conv_valid=111111
    ch0 = 47
    ch1 = 47
    ch2 = 15
    ch3 = 15
    ch4 = 47
    ch5 = 15
    bias = -98
    final_acc = 88
FILTER 6 window @(10,10) conv_valid=111111
    ch0 = 47
    ch1 = 47
    ch2 = 15
    ch3 = 47
    ch4 = 15
    ch5 = 63
    bias = -97
    final_acc = 137
FILTER 7 window @(10,10) conv_valid=111111
    ch0 = 15
    ch1 = 47
    ch2 = 47
    ch3 = 47
    ch4 = 47
    ch5 = 63
    bias = 41
    final_acc = 307
FILTER 8 window @(10,10) conv_valid=111111
    ch0 = 47
    ch1 = 47
    ch2 = 63
    ch3 = 63
    ch4 = 47
    ch5 = 63
    bias = 50
    final_acc = 380
FILTER 9 window @(10,10) conv_valid=111111
    ch0 = 31
    ch1 = 15
    ch2 = 47
    ch3 = 31
    ch4 = 15
    ch5 = -1
    bias = -43
    final_acc = 95
FILTER 10 window @(10,10) conv_valid=111111
    ch0 = -1
    ch1 = 31
    ch2 = 47
    ch3 = 15
    ch4 = 47
    ch5 = 63
    bias = -17
    final_acc = 185
FILTER 11 window @(10,10) conv_valid=111111
    ch0 = 47
    ch1 = 31
    ch2 = 15
    ch3 = -1
    ch4 = 31
    ch5 = 31
    bias = -21
    final_acc = 133
FILTER 12 window @(10,10) conv_valid=111111
    ch0 = 47
    ch1 = 47
    ch2 = 15
    ch3 = 31
    ch4 = -1
    ch5 = 15
    bias = -57
    final_acc = 97
FILTER 13 window @(10,10) conv_valid=111111
    ch0 = 31
    ch1 = 15
    ch2 = 47
    ch3 = 47
    ch4 = 31
    ch5 = 15
    bias = -47
    final_acc = 139
FILTER 14 window @(10,10) conv_valid=111111
    ch0 = 31
    ch1 = 31
    ch2 = 31
    ch3 = 15
    ch4 = 15
    ch5 = 31
    bias = -54
    final_acc = 100
FILTER 15 window @(10,10) conv_valid=111111
    ch0 = -1
    ch1 = 31
    ch2 = 15
    ch3 = 47
    ch4 = -1
    ch5 = 31
    bias = -13
    final_acc = 109
FILTER 0 window @(11,11) conv_valid=111111
  WINDOW ch0 data:
     47  31   0   0   0
     47  31   0   0   0
     47  15   0   0   0
     31  31   0   0   0
     31   0   0   0   0
  WEIGHTS f0_ch0:
    -12 -12  37 -31   8
      8  28   2 -19 -36
      9 -18  23  12 -25
     44 -16 -26 -48 -34
     26  15 -10 -21 -24
    ch0 = 31
    ch1 = 15
    ch2 = 63
    ch3 = 31
    ch4 = 31
    ch5 = 31
    bias = 46
    final_acc = 248
FILTER 1 window @(11,11) conv_valid=111111
    ch0 = 15
    ch1 = 31
    ch2 = 31
    ch3 = 31
    ch4 = 15
    ch5 = 47
    bias = -113
    final_acc = 57
FILTER 2 window @(11,11) conv_valid=111111
    ch0 = 15
    ch1 = 31
    ch2 = 47
    ch3 = 15
    ch4 = 63
    ch5 = 31
    bias = -9
    final_acc = 193
FILTER 3 window @(11,11) conv_valid=111111
    ch0 = 47
    ch1 = 31
    ch2 = 15
    ch3 = 31
    ch4 = -1
    ch5 = 31
    bias = -127
    final_acc = 27
FILTER 4 window @(11,11) conv_valid=111111
    ch0 = -1
    ch1 = 47
    ch2 = 15
    ch3 = 31
    ch4 = 31
    ch5 = 79
    bias = -112
    final_acc = 90
FILTER 5 window @(11,11) conv_valid=111111
    ch0 = 31
    ch1 = 63
    ch2 = 31
    ch3 = 15
    ch4 = 63
    ch5 = 15
    bias = -98
    final_acc = 120
FILTER 6 window @(11,11) conv_valid=111111
    ch0 = 31
    ch1 = 63
    ch2 = 15
    ch3 = 47
    ch4 = 15
    ch5 = 79
    bias = -97
    final_acc = 153
FILTER 7 window @(11,11) conv_valid=111111
    ch0 = 15
    ch1 = 47
    ch2 = 31
    ch3 = 31
    ch4 = 47
    ch5 = 63
    bias = 41
    final_acc = 275
FILTER 8 window @(11,11) conv_valid=111111
    ch0 = 47
    ch1 = 47
    ch2 = 63
    ch3 = 63
    ch4 = 47
    ch5 = 79
    bias = 50
    final_acc = 396
FILTER 9 window @(11,11) conv_valid=111111
    ch0 = 31
    ch1 = 15
    ch2 = 31
    ch3 = 31
    ch4 = 31
    ch5 = 15
    bias = -43
    final_acc = 111
FILTER 10 window @(11,11) conv_valid=111111
    ch0 = -1
    ch1 = 47
    ch2 = 47
    ch3 = 31
    ch4 = 47
    ch5 = 79
    bias = -17
    final_acc = 233
FILTER 11 window @(11,11) conv_valid=111111
    ch0 = 47
    ch1 = 47
    ch2 = 15
    ch3 = -1
    ch4 = 31
    ch5 = 31
    bias = -21
    final_acc = 149
FILTER 12 window @(11,11) conv_valid=111111
    ch0 = 47
    ch1 = 63
    ch2 = 31
    ch3 = 31
    ch4 = -1
    ch5 = 15
    bias = -57
    final_acc = 129
FILTER 13 window @(11,11) conv_valid=111111
    ch0 = 31
    ch1 = 31
    ch2 = 47
    ch3 = 31
    ch4 = 47
    ch5 = 15
    bias = -47
    final_acc = 155
FILTER 14 window @(11,11) conv_valid=111111
    ch0 = 47
    ch1 = 31
    ch2 = 31
    ch3 = 31
    ch4 = 15
    ch5 = 31
    bias = -54
    final_acc = 132
FILTER 15 window @(11,11) conv_valid=111111
    ch0 = 15
    ch1 = 47
    ch2 = 15
    ch3 = 47
    ch4 = -1
    ch5 = 47
    bias = -13
    final_acc = 157
CONV2 OUTPUT @(7,0)
    out0 = 127
    out1 = 0
    out2 = 97
    out3 = 0
    out4 = 26
    out5 = 0
    out6 = 0
    out7 = 67
    out8 = 127
    out9 = 63
    out10 = 121
    out11 = 53
    out12 = 33
    out13 = 27
    out14 = 4
    out15 = 93
    packed data_out = 5d041b2135793f7f4300001a0061007f
FILTER 0 window @(0,11) conv_valid=111111
  WINDOW ch0 data:
     47  31   0   0   0
     47  31   0   0   0
     47  15   0   0   0
     31  31   0   0   0
     31   0   0   0   0
  WEIGHTS f0_ch0:
    -12 -12  37 -31   8
      8  28   2 -19 -36
      9 -18  23  12 -25
     44 -16 -26 -48 -34
     26  15 -10 -21 -24
    ch0 = -1
    ch1 = 31
    ch2 = 31
    ch3 = 15
    ch4 = 15
    ch5 = 31
    bias = 46
    final_acc = 168
FILTER 1 window @(0,11) conv_valid=111111
    ch0 = 31
    ch1 = 31
    ch2 = 15
    ch3 = 15
    ch4 = -1
    ch5 = 31
    bias = -113
    final_acc = 9
FILTER 2 window @(0,11) conv_valid=111111
    ch0 = -1
    ch1 = 31
    ch2 = 31
    ch3 = 15
    ch4 = 47
    ch5 = 15
    bias = -9
    final_acc = 129
FILTER 3 window @(0,11) conv_valid=111111
    ch0 = 15
    ch1 = 31
    ch2 = 15
    ch3 = 15
    ch4 = -1
    ch5 = 31
    bias = -127
    final_acc = -21
FILTER 4 window @(0,11) conv_valid=111111
    ch0 = 15
    ch1 = 31
    ch2 = 15
    ch3 = 31
    ch4 = 31
    ch5 = 47
    bias = -112
    final_acc = 58
FILTER 5 window @(0,11) conv_valid=111111
    ch0 = -1
    ch1 = 31
    ch2 = 31
    ch3 = -1
    ch4 = 47
    ch5 = 15
    bias = -98
    final_acc = 24
FILTER 6 window @(0,11) conv_valid=111111
    ch0 = -1
    ch1 = 31
    ch2 = 15
    ch3 = 15
    ch4 = -1
    ch5 = 47
    bias = -97
    final_acc = 9
FILTER 7 window @(0,11) conv_valid=111111
    ch0 = -1
    ch1 = 31
    ch2 = -1
    ch3 = -1
    ch4 = 15
    ch5 = 31
    bias = 41
    final_acc = 115
FILTER 8 window @(0,11) conv_valid=111111
    ch0 = 31
    ch1 = 31
    ch2 = 31
    ch3 = 31
    ch4 = 31
    ch5 = 47
    bias = 50
    final_acc = 252
FILTER 9 window @(0,11) conv_valid=111111
    ch0 = 31
    ch1 = 31
    ch2 = 15
    ch3 = 15
    ch4 = 15
    ch5 = 15
    bias = -43
    final_acc = 79
FILTER 10 window @(0,11) conv_valid=111111
    ch0 = 15
    ch1 = 31
    ch2 = 31
    ch3 = 31
    ch4 = 15
    ch5 = 47
    bias = -17
    final_acc = 153
FILTER 11 window @(0,11) conv_valid=111111
    ch0 = 31
    ch1 = 31
    ch2 = 15
    ch3 = -1
    ch4 = 15
    ch5 = -1
    bias = -21
    final_acc = 69
FILTER 12 window @(0,11) conv_valid=111111
    ch0 = 31
    ch1 = 31
    ch2 = 15
    ch3 = 15
    ch4 = 15
    ch5 = -1
    bias = -57
    final_acc = 49
FILTER 13 window @(0,11) conv_valid=111111
    ch0 = 15
    ch1 = 15
    ch2 = 15
    ch3 = -1
    ch4 = 47
    ch5 = -1
    bias = -47
    final_acc = 43
FILTER 14 window @(0,11) conv_valid=111111
    ch0 = 31
    ch1 = 15
    ch2 = 15
    ch3 = 15
    ch4 = -1
    ch5 = 15
    bias = -54
    final_acc = 36
FILTER 15 window @(0,11) conv_valid=111111
    ch0 = 31
    ch1 = 31
    ch2 = -1
    ch3 = 15
    ch4 = 15
    ch5 = 15
    bias = -13
    final_acc = 93
CONV2 OUTPUT @(0,1)
    out0 = 127
    out1 = 41
    out2 = 127
    out3 = 0
    out4 = 58
    out5 = 88
    out6 = 127
    out7 = 127
    out8 = 127
    out9 = 95
    out10 = 127
    out11 = 127
    out12 = 97
    out13 = 127
    out14 = 100
    out15 = 109
    packed data_out = 5d041b2135793f7f4300001a0061007f
FILTER 0 window @(1,11) conv_valid=111111
  WINDOW ch0 data:
     47  31   0   0   0
     47  31   0   0   0
     47  15   0   0   0
     31  31   0   0   0
     31   0   0   0   0
  WEIGHTS f0_ch0:
    -12 -12  37 -31   8
      8  28   2 -19 -36
      9 -18  23  12 -25
     44 -16 -26 -48 -34
     26  15 -10 -21 -24
    ch0 = -1
    ch1 = 31
    ch2 = 15
    ch3 = -1
    ch4 = 15
    ch5 = 15
    bias = 46
    final_acc = 120
FILTER 1 window @(1,11) conv_valid=111111
    ch0 = 15
    ch1 = 31
    ch2 = -1
    ch3 = -1
    ch4 = -1
    ch5 = 15
    bias = -113
    final_acc = -55
FILTER 2 window @(1,11) conv_valid=111111
    ch0 = -1
    ch1 = 15
    ch2 = 15
    ch3 = -1
    ch4 = 31
    ch5 = 15
    bias = -9
    final_acc = 65
FILTER 3 window @(1,11) conv_valid=111111
    ch0 = -1
    ch1 = 15
    ch2 = 15
    ch3 = 15
    ch4 = -1
    ch5 = 15
    bias = -127
    final_acc = -69
FILTER 4 window @(1,11) conv_valid=111111
    ch0 = 15
    ch1 = 31
    ch2 = -1
    ch3 = 15
    ch4 = 15
    ch5 = 31
    bias = -112
    final_acc = -6
FILTER 5 window @(1,11) conv_valid=111111
    ch0 = -1
    ch1 = 15
    ch2 = 15
    ch3 = -1
    ch4 = 31
    ch5 = -1
    bias = -98
    final_acc = -40
FILTER 6 window @(1,11) conv_valid=111111
    ch0 = -1
    ch1 = 15
    ch2 = 15
    ch3 = 15
    ch4 = -1
    ch5 = 31
    bias = -97
    final_acc = -23
FILTER 7 window @(1,11) conv_valid=111111
    ch0 = -1
    ch1 = 15
    ch2 = -1
    ch3 = -1
    ch4 = -1
    ch5 = 15
    bias = 41
    final_acc = 67
FILTER 8 window @(1,11) conv_valid=111111
    ch0 = 15
    ch1 = 15
    ch2 = 15
    ch3 = 15
    ch4 = 15
    ch5 = 31
    bias = 50
    final_acc = 156
FILTER 9 window @(1,11) conv_valid=111111
    ch0 = 15
    ch1 = 15
    ch2 = -1
    ch3 = -1
    ch4 = 15
    ch5 = 15
    bias = -43
    final_acc = 15
FILTER 10 window @(1,11) conv_valid=111111
    ch0 = 15
    ch1 = 31
    ch2 = 15
    ch3 = 15
    ch4 = -1
    ch5 = 31
    bias = -17
    final_acc = 89
FILTER 11 window @(1,11) conv_valid=111111
    ch0 = 15
    ch1 = 31
    ch2 = -1
    ch3 = -1
    ch4 = -1
    ch5 = -1
    bias = -21
    final_acc = 21
FILTER 12 window @(1,11) conv_valid=111111
    ch0 = 15
    ch1 = 15
    ch2 = 15
    ch3 = 15
    ch4 = 15
    ch5 = -1
    bias = -57
    final_acc = 17
FILTER 13 window @(1,11) conv_valid=111111
    ch0 = -1
    ch1 = 15
    ch2 = 15
    ch3 = -1
    ch4 = 31
    ch5 = -1
    bias = -47
    final_acc = 11
FILTER 14 window @(1,11) conv_valid=111111
    ch0 = 15
    ch1 = -1
    ch2 = -1
    ch3 = 15
    ch4 = -1
    ch5 = -1
    bias = -54
    final_acc = -28
FILTER 15 window @(1,11) conv_valid=111111
    ch0 = 15
    ch1 = 31
    ch2 = -1
    ch3 = 15
    ch4 = 15
    ch5 = 15
    bias = -13
    final_acc = 77
CONV2 OUTPUT @(1,1)
    out0 = 127
    out1 = 57
    out2 = 127
    out3 = 27
    out4 = 90
    out5 = 120
    out6 = 127
    out7 = 127
    out8 = 127
    out9 = 111
    out10 = 127
    out11 = 127
    out12 = 127
    out13 = 127
    out14 = 127
    out15 = 127
    packed data_out = 6d647f617f7f5f7f7f7f583a007f297f
FILTER 0 window @(2,11) conv_valid=111111
  WINDOW ch0 data:
     47  31   0   0   0
     47  31   0   0   0
     47  15   0   0   0
     31  31   0   0   0
     31   0   0   0   0
  WEIGHTS f0_ch0:
    -12 -12  37 -31   8
      8  28   2 -19 -36
      9 -18  23  12 -25
     44 -16 -26 -48 -34
     26  15 -10 -21 -24
    ch0 = -1
    ch1 = 31
    ch2 = 15
    ch3 = -1
    ch4 = 15
    ch5 = 15
    bias = 46
    final_acc = 120
FILTER 1 window @(2,11) conv_valid=111111
    ch0 = 15
    ch1 = 31
    ch2 = -1
    ch3 = -1
    ch4 = -1
    ch5 = 15
    bias = -113
    final_acc = -55
FILTER 2 window @(2,11) conv_valid=111111
    ch0 = -1
    ch1 = 15
    ch2 = 15
    ch3 = -1
    ch4 = 31
    ch5 = 15
    bias = -9
    final_acc = 65
FILTER 3 window @(2,11) conv_valid=111111
    ch0 = -1
    ch1 = 15
    ch2 = 15
    ch3 = 15
    ch4 = -1
    ch5 = 15
    bias = -127
    final_acc = -69
FILTER 4 window @(2,11) conv_valid=111111
    ch0 = 15
    ch1 = 31
    ch2 = -1
    ch3 = 15
    ch4 = 15
    ch5 = 31
    bias = -112
    final_acc = -6
FILTER 5 window @(2,11) conv_valid=111111
    ch0 = -1
    ch1 = 15
    ch2 = 15
    ch3 = -1
    ch4 = 31
    ch5 = -1
    bias = -98
    final_acc = -40
FILTER 6 window @(2,11) conv_valid=111111
    ch0 = -1
    ch1 = 15
    ch2 = 15
    ch3 = 15
    ch4 = -1
    ch5 = 31
    bias = -97
    final_acc = -23
FILTER 7 window @(2,11) conv_valid=111111
    ch0 = -1
    ch1 = 15
    ch2 = -1
    ch3 = -1
    ch4 = -1
    ch5 = 15
    bias = 41
    final_acc = 67
FILTER 8 window @(2,11) conv_valid=111111
    ch0 = 15
    ch1 = 15
    ch2 = 15
    ch3 = 15
    ch4 = 15
    ch5 = 31
    bias = 50
    final_acc = 156
FILTER 9 window @(2,11) conv_valid=111111
    ch0 = 15
    ch1 = 15
    ch2 = -1
    ch3 = -1
    ch4 = 15
    ch5 = 15
    bias = -43
    final_acc = 15
FILTER 10 window @(2,11) conv_valid=111111
    ch0 = 15
    ch1 = 31
    ch2 = 15
    ch3 = 15
    ch4 = -1
    ch5 = 31
    bias = -17
    final_acc = 89
FILTER 11 window @(2,11) conv_valid=111111
    ch0 = 15
    ch1 = 31
    ch2 = -1
    ch3 = -1
    ch4 = -1
    ch5 = -1
    bias = -21
    final_acc = 21
FILTER 12 window @(2,11) conv_valid=111111
    ch0 = 15
    ch1 = 15
    ch2 = 15
    ch3 = 15
    ch4 = 15
    ch5 = -1
    bias = -57
    final_acc = 17
FILTER 13 window @(2,11) conv_valid=111111
    ch0 = -1
    ch1 = 15
    ch2 = 15
    ch3 = -1
    ch4 = 31
    ch5 = -1
    bias = -47
    final_acc = 11
FILTER 14 window @(2,11) conv_valid=111111
    ch0 = 15
    ch1 = -1
    ch2 = -1
    ch3 = 15
    ch4 = -1
    ch5 = -1
    bias = -54
    final_acc = -28
FILTER 15 window @(2,11) conv_valid=111111
    ch0 = 15
    ch1 = 31
    ch2 = -1
    ch3 = 15
    ch4 = 15
    ch5 = 15
    bias = -13
    final_acc = 77
CONV2 OUTPUT @(2,1)
    out0 = 127
    out1 = 9
    out2 = 127
    out3 = 0
    out4 = 58
    out5 = 24
    out6 = 9
    out7 = 115
    out8 = 127
    out9 = 79
    out10 = 127
    out11 = 69
    out12 = 49
    out13 = 43
    out14 = 36
    out15 = 93
    packed data_out = 7f7f7f7f7f7f6f7f7f7f785a1b7f397f
FILTER 0 window @(3,11) conv_valid=111111
  WINDOW ch0 data:
     47  31   0   0   0
     47  31   0   0   0
     47  15   0   0   0
     31  31   0   0   0
     31   0   0   0   0
  WEIGHTS f0_ch0:
    -12 -12  37 -31   8
      8  28   2 -19 -36
      9 -18  23  12 -25
     44 -16 -26 -48 -34
     26  15 -10 -21 -24
    ch0 = -1
    ch1 = 31
    ch2 = 15
    ch3 = -1
    ch4 = 15
    ch5 = 15
    bias = 46
    final_acc = 120
FILTER 1 window @(3,11) conv_valid=111111
    ch0 = 15
    ch1 = 31
    ch2 = -1
    ch3 = -1
    ch4 = -1
    ch5 = 15
    bias = -113
    final_acc = -55
FILTER 2 window @(3,11) conv_valid=111111
    ch0 = -1
    ch1 = 15
    ch2 = 15
    ch3 = -1
    ch4 = 31
    ch5 = 15
    bias = -9
    final_acc = 65
FILTER 3 window @(3,11) conv_valid=111111
    ch0 = -1
    ch1 = 15
    ch2 = 15
    ch3 = 15
    ch4 = -1
    ch5 = 15
    bias = -127
    final_acc = -69
FILTER 4 window @(3,11) conv_valid=111111
    ch0 = 15
    ch1 = 31
    ch2 = -1
    ch3 = 15
    ch4 = 15
    ch5 = 31
    bias = -112
    final_acc = -6
FILTER 5 window @(3,11) conv_valid=111111
    ch0 = -1
    ch1 = 15
    ch2 = 15
    ch3 = -1
    ch4 = 31
    ch5 = -1
    bias = -98
    final_acc = -40
FILTER 6 window @(3,11) conv_valid=111111
    ch0 = -1
    ch1 = 15
    ch2 = 15
    ch3 = 15
    ch4 = -1
    ch5 = 31
    bias = -97
    final_acc = -23
FILTER 7 window @(3,11) conv_valid=111111
    ch0 = -1
    ch1 = 15
    ch2 = -1
    ch3 = -1
    ch4 = -1
    ch5 = 15
    bias = 41
    final_acc = 67
FILTER 8 window @(3,11) conv_valid=111111
    ch0 = 15
    ch1 = 15
    ch2 = 15
    ch3 = 15
    ch4 = 15
    ch5 = 31
    bias = 50
    final_acc = 156
FILTER 9 window @(3,11) conv_valid=111111
    ch0 = 15
    ch1 = 15
    ch2 = -1
    ch3 = -1
    ch4 = 15
    ch5 = 15
    bias = -43
    final_acc = 15
FILTER 10 window @(3,11) conv_valid=111111
    ch0 = 15
    ch1 = 31
    ch2 = 15
    ch3 = 15
    ch4 = -1
    ch5 = 31
    bias = -17
    final_acc = 89
FILTER 11 window @(3,11) conv_valid=111111
    ch0 = 15
    ch1 = 31
    ch2 = -1
    ch3 = -1
    ch4 = -1
    ch5 = -1
    bias = -21
    final_acc = 21
FILTER 12 window @(3,11) conv_valid=111111
    ch0 = 15
    ch1 = 15
    ch2 = 15
    ch3 = 15
    ch4 = 15
    ch5 = -1
    bias = -57
    final_acc = 17
FILTER 13 window @(3,11) conv_valid=111111
    ch0 = -1
    ch1 = 15
    ch2 = 15
    ch3 = -1
    ch4 = 31
    ch5 = -1
    bias = -47
    final_acc = 11
FILTER 14 window @(3,11) conv_valid=111111
    ch0 = 15
    ch1 = -1
    ch2 = -1
    ch3 = 15
    ch4 = -1
    ch5 = -1
    bias = -54
    final_acc = -28
FILTER 15 window @(3,11) conv_valid=111111
    ch0 = 15
    ch1 = 31
    ch2 = -1
    ch3 = 15
    ch4 = 15
    ch5 = 15
    bias = -13
    final_acc = 77
CONV2 OUTPUT @(3,1)
    out0 = 120
    out1 = 0
    out2 = 65
    out3 = 0
    out4 = 0
    out5 = 0
    out6 = 0
    out7 = 67
    out8 = 127
    out9 = 15
    out10 = 89
    out11 = 21
    out12 = 17
    out13 = 11
    out14 = 0
    out15 = 77
    packed data_out = 5d242b31457f4f7f7309183a007f097f
FILTER 0 window @(4,11) conv_valid=111111
  WINDOW ch0 data:
      0  15   0  31  31
      0  15   0   0   0
      0   0   0   0   0
      0   0   0   0   0
      0   0   0   0  47
  WEIGHTS f0_ch0:
    -12 -12  37 -31   8
      8  28   2 -19 -36
      9 -18  23  12 -25
     44 -16 -26 -48 -34
     26  15 -10 -21 -24
    ch0 = -1
    ch1 = 31
    ch2 = 15
    ch3 = -1
    ch4 = 15
    ch5 = 15
    bias = 46
    final_acc = 120
FILTER 1 window @(4,11) conv_valid=111111
    ch0 = 15
    ch1 = 31
    ch2 = -1
    ch3 = -1
    ch4 = -1
    ch5 = 15
    bias = -113
    final_acc = -55
FILTER 2 window @(4,11) conv_valid=111111
    ch0 = -1
    ch1 = 15
    ch2 = 15
    ch3 = -1
    ch4 = 31
    ch5 = 15
    bias = -9
    final_acc = 65
FILTER 3 window @(4,11) conv_valid=111111
    ch0 = -1
    ch1 = 15
    ch2 = 15
    ch3 = 15
    ch4 = -1
    ch5 = 15
    bias = -127
    final_acc = -69
FILTER 4 window @(4,11) conv_valid=111111
    ch0 = 15
    ch1 = 31
    ch2 = -1
    ch3 = 15
    ch4 = 15
    ch5 = 31
    bias = -112
    final_acc = -6
FILTER 5 window @(4,11) conv_valid=111111
    ch0 = -1
    ch1 = 15
    ch2 = 15
    ch3 = -1
    ch4 = 31
    ch5 = -1
    bias = -98
    final_acc = -40
FILTER 6 window @(4,11) conv_valid=111111
    ch0 = -1
    ch1 = 15
    ch2 = 15
    ch3 = 15
    ch4 = -1
    ch5 = 31
    bias = -97
    final_acc = -23
FILTER 7 window @(4,11) conv_valid=111111
    ch0 = -1
    ch1 = 15
    ch2 = -1
    ch3 = -1
    ch4 = -1
    ch5 = 15
    bias = 41
    final_acc = 67
FILTER 8 window @(4,11) conv_valid=111111
    ch0 = 15
    ch1 = 15
    ch2 = 15
    ch3 = 15
    ch4 = 15
    ch5 = 31
    bias = 50
    final_acc = 156
FILTER 9 window @(4,11) conv_valid=111111
    ch0 = 15
    ch1 = 15
    ch2 = -1
    ch3 = -1
    ch4 = 15
    ch5 = 15
    bias = -43
    final_acc = 15
FILTER 10 window @(4,11) conv_valid=111111
    ch0 = 15
    ch1 = 31
    ch2 = 15
    ch3 = 15
    ch4 = -1
    ch5 = 31
    bias = -17
    final_acc = 89
FILTER 11 window @(4,11) conv_valid=111111
    ch0 = 15
    ch1 = 31
    ch2 = -1
    ch3 = -1
    ch4 = -1
    ch5 = -1
    bias = -21
    final_acc = 21
FILTER 12 window @(4,11) conv_valid=111111
    ch0 = 15
    ch1 = 15
    ch2 = 15
    ch3 = 15
    ch4 = 15
    ch5 = -1
    bias = -57
    final_acc = 17
FILTER 13 window @(4,11) conv_valid=111111
    ch0 = -1
    ch1 = 15
    ch2 = 15
    ch3 = -1
    ch4 = 31
    ch5 = -1
    bias = -47
    final_acc = 11
FILTER 14 window @(4,11) conv_valid=111111
    ch0 = 15
    ch1 = -1
    ch2 = -1
    ch3 = 15
    ch4 = -1
    ch5 = -1
    bias = -54
    final_acc = -28
FILTER 15 window @(4,11) conv_valid=111111
    ch0 = 15
    ch1 = 31
    ch2 = -1
    ch3 = 15
    ch4 = 15
    ch5 = 15
    bias = -13
    final_acc = 77
CONV2 OUTPUT @(4,1)
    out0 = 120
    out1 = 0
    out2 = 65
    out3 = 0
    out4 = 0
    out5 = 0
    out6 = 0
    out7 = 67
    out8 = 127
    out9 = 15
    out10 = 89
    out11 = 21
    out12 = 17
    out13 = 11
    out14 = 0
    out15 = 77
    packed data_out = 4d000b1115590f7f4300000000410078
FILTER 0 window @(5,11) conv_valid=111111
  WINDOW ch0 data:
     15   0  31  31  31
     15   0   0   0   0
      0   0   0   0   0
      0   0   0   0   0
      0   0   0   0  47
  WEIGHTS f0_ch0:
    -12 -12  37 -31   8
      8  28   2 -19 -36
      9 -18  23  12 -25
     44 -16 -26 -48 -34
     26  15 -10 -21 -24
    ch0 = -1
    ch1 = 31
    ch2 = 15
    ch3 = -1
    ch4 = 15
    ch5 = 15
    bias = 46
    final_acc = 120
FILTER 1 window @(5,11) conv_valid=111111
    ch0 = 15
    ch1 = 31
    ch2 = -1
    ch3 = -1
    ch4 = -1
    ch5 = 15
    bias = -113
    final_acc = -55
FILTER 2 window @(5,11) conv_valid=111111
    ch0 = -1
    ch1 = 15
    ch2 = 15
    ch3 = -1
    ch4 = 31
    ch5 = 15
    bias = -9
    final_acc = 65
FILTER 3 window @(5,11) conv_valid=111111
    ch0 = -1
    ch1 = 15
    ch2 = 15
    ch3 = 15
    ch4 = -1
    ch5 = 15
    bias = -127
    final_acc = -69
FILTER 4 window @(5,11) conv_valid=111111
    ch0 = 15
    ch1 = 31
    ch2 = -1
    ch3 = 15
    ch4 = 15
    ch5 = 31
    bias = -112
    final_acc = -6
FILTER 5 window @(5,11) conv_valid=111111
    ch0 = -1
    ch1 = 15
    ch2 = 15
    ch3 = -1
    ch4 = 31
    ch5 = -1
    bias = -98
    final_acc = -40
FILTER 6 window @(5,11) conv_valid=111111
    ch0 = -1
    ch1 = 15
    ch2 = 15
    ch3 = 15
    ch4 = -1
    ch5 = 31
    bias = -97
    final_acc = -23
FILTER 7 window @(5,11) conv_valid=111111
    ch0 = -1
    ch1 = 15
    ch2 = -1
    ch3 = -1
    ch4 = -1
    ch5 = 15
    bias = 41
    final_acc = 67
FILTER 8 window @(5,11) conv_valid=111111
    ch0 = 15
    ch1 = 15
    ch2 = 15
    ch3 = 15
    ch4 = 15
    ch5 = 31
    bias = 50
    final_acc = 156
FILTER 9 window @(5,11) conv_valid=111111
    ch0 = 15
    ch1 = 15
    ch2 = -1
    ch3 = -1
    ch4 = 15
    ch5 = 15
    bias = -43
    final_acc = 15
FILTER 10 window @(5,11) conv_valid=111111
    ch0 = 15
    ch1 = 31
    ch2 = 15
    ch3 = 15
    ch4 = -1
    ch5 = 31
    bias = -17
    final_acc = 89
FILTER 11 window @(5,11) conv_valid=111111
    ch0 = 15
    ch1 = 31
    ch2 = -1
    ch3 = -1
    ch4 = -1
    ch5 = -1
    bias = -21
    final_acc = 21
FILTER 12 window @(5,11) conv_valid=111111
    ch0 = 15
    ch1 = 15
    ch2 = 15
    ch3 = 15
    ch4 = 15
    ch5 = -1
    bias = -57
    final_acc = 17
FILTER 13 window @(5,11) conv_valid=111111
    ch0 = -1
    ch1 = 15
    ch2 = 15
    ch3 = -1
    ch4 = 31
    ch5 = -1
    bias = -47
    final_acc = 11
FILTER 14 window @(5,11) conv_valid=111111
    ch0 = 15
    ch1 = -1
    ch2 = 0
    ch3 = 15
    ch4 = -1
    ch5 = -1
    bias = -54
    final_acc = -27
FILTER 15 window @(5,11) conv_valid=111111
    ch0 = 15
    ch1 = 31
    ch2 = -1
    ch3 = 15
    ch4 = 15
    ch5 = 15
    bias = -13
    final_acc = 77
CONV2 OUTPUT @(5,1)
    out0 = 120
    out1 = 0
    out2 = 65
    out3 = 0
    out4 = 0
    out5 = 0
    out6 = 0
    out7 = 67
    out8 = 127
    out9 = 15
    out10 = 89
    out11 = 21
    out12 = 17
    out13 = 11
    out14 = 0
    out15 = 77
    packed data_out = 4d000b1115590f7f4300000000410078
CONV2 OUTPUT @(6,1)
    out0 = 120
    out1 = 0
    out2 = 65
    out3 = 0
    out4 = 0
    out5 = 0
    out6 = 0
    out7 = 67
    out8 = 127
    out9 = 15
    out10 = 89
    out11 = 21
    out12 = 17
    out13 = 11
    out14 = 0
    out15 = 77
    packed data_out = 4d000b1115590f7f4300000000410078
FILTER 0 window @(10,11) conv_valid=111111
  WINDOW ch0 data:
     47  47  31   0   0
     47  47  15   0   0
     31  31  31   0   0
     31  31   0   0   0
     15   0   0   0   0
  WEIGHTS f0_ch0:
    -12 -12  37 -31   8
      8  28   2 -19 -36
      9 -18  23  12 -25
     44 -16 -26 -48 -34
     26  15 -10 -21 -24
    ch0 = 31
    ch1 = 15
    ch2 = 63
    ch3 = 31
    ch4 = 15
    ch5 = 31
    bias = 46
    final_acc = 232
FILTER 1 window @(10,11) conv_valid=111111
    ch0 = 15
    ch1 = 31
    ch2 = 47
    ch3 = 47
    ch4 = 15
    ch5 = 31
    bias = -113
    final_acc = 73
FILTER 2 window @(10,11) conv_valid=111111
    ch0 = 15
    ch1 = 31
    ch2 = 31
    ch3 = 15
    ch4 = 47
    ch5 = 15
    bias = -9
    final_acc = 145
FILTER 3 window @(10,11) conv_valid=111111
    ch0 = 47
    ch1 = 31
    ch2 = 15
    ch3 = 15
    ch4 = -1
    ch5 = 31
    bias = -127
    final_acc = 11
FILTER 4 window @(10,11) conv_valid=111111
    ch0 = -1
    ch1 = 31
    ch2 = 15
    ch3 = 15
    ch4 = 31
    ch5 = 63
    bias = -112
    final_acc = 42
FILTER 5 window @(10,11) conv_valid=111111
    ch0 = 31
    ch1 = 47
    ch2 = 15
    ch3 = 15
    ch4 = 47
    ch5 = 15
    bias = -98
    final_acc = 72
FILTER 6 window @(10,11) conv_valid=111111
    ch0 = 31
    ch1 = 47
    ch2 = 15
    ch3 = 47
    ch4 = -1
    ch5 = 63
    bias = -97
    final_acc = 105
FILTER 7 window @(10,11) conv_valid=111111
    ch0 = 15
    ch1 = 31
    ch2 = 47
    ch3 = 47
    ch4 = 31
    ch5 = 63
    bias = 41
    final_acc = 275
FILTER 8 window @(10,11) conv_valid=111111
    ch0 = 47
    ch1 = 31
    ch2 = 63
    ch3 = 63
    ch4 = 31
    ch5 = 63
    bias = 50
    final_acc = 348
FILTER 9 window @(10,11) conv_valid=111111
    ch0 = 31
    ch1 = 15
    ch2 = 47
    ch3 = 31
    ch4 = 31
    ch5 = -1
    bias = -43
    final_acc = 111
FILTER 10 window @(10,11) conv_valid=111111
    ch0 = -1
    ch1 = 31
    ch2 = 47
    ch3 = 15
    ch4 = 31
    ch5 = 63
    bias = -17
    final_acc = 169
FILTER 11 window @(10,11) conv_valid=111111
    ch0 = 47
    ch1 = 31
    ch2 = 15
    ch3 = -1
    ch4 = 31
    ch5 = 31
    bias = -21
    final_acc = 133
FILTER 12 window @(10,11) conv_valid=111111
    ch0 = 47
    ch1 = 47
    ch2 = 15
    ch3 = 31
    ch4 = -1
    ch5 = 15
    bias = -57
    final_acc = 97
FILTER 13 window @(10,11) conv_valid=111111
    ch0 = 31
    ch1 = 31
    ch2 = 47
    ch3 = 47
    ch4 = 47
    ch5 = 15
    bias = -47
    final_acc = 171
FILTER 14 window @(10,11) conv_valid=111111
    ch0 = 47
    ch1 = 31
    ch2 = 31
    ch3 = 15
    ch4 = -1
    ch5 = 31
    bias = -54
    final_acc = 100
FILTER 15 window @(10,11) conv_valid=111111
    ch0 = 15
    ch1 = 31
    ch2 = 15
    ch3 = 47
    ch4 = -1
    ch5 = 31
    bias = -13
    final_acc = 125
FILTER 0 window @(11,12) conv_valid=111111
  WINDOW ch0 data:
     47  31   0   0   0
     47  15   0   0   0
     31  31   0   0   0
     31   0   0   0   0
      0   0   0   0   0
  WEIGHTS f0_ch0:
    -12 -12  37 -31   8
      8  28   2 -19 -36
      9 -18  23  12 -25
     44 -16 -26 -48 -34
     26  15 -10 -21 -24
    ch0 = -1
    ch1 = 31
    ch2 = 47
    ch3 = 15
    ch4 = 15
    ch5 = 31
    bias = 46
    final_acc = 184
FILTER 1 window @(11,12) conv_valid=111111
    ch0 = 31
    ch1 = 47
    ch2 = 31
    ch3 = 31
    ch4 = 15
    ch5 = 47
    bias = -113
    final_acc = 89
FILTER 2 window @(11,12) conv_valid=111111
    ch0 = -1
    ch1 = 15
    ch2 = 47
    ch3 = 15
    ch4 = 47
    ch5 = 31
    bias = -9
    final_acc = 145
FILTER 3 window @(11,12) conv_valid=111111
    ch0 = 15
    ch1 = 15
    ch2 = 15
    ch3 = 15
    ch4 = -1
    ch5 = 31
    bias = -127
    final_acc = -37
FILTER 4 window @(11,12) conv_valid=111111
    ch0 = 15
    ch1 = 47
    ch2 = 15
    ch3 = 31
    ch4 = 31
    ch5 = 63
    bias = -112
    final_acc = 90
FILTER 5 window @(11,12) conv_valid=111111
    ch0 = -1
    ch1 = 31
    ch2 = 31
    ch3 = -1
    ch4 = 47
    ch5 = 15
    bias = -98
    final_acc = 24
FILTER 6 window @(11,12) conv_valid=111111
    ch0 = -1
    ch1 = 31
    ch2 = 15
    ch3 = 31
    ch4 = -1
    ch5 = 63
    bias = -97
    final_acc = 41
FILTER 7 window @(11,12) conv_valid=111111
    ch0 = -1
    ch1 = 31
    ch2 = 15
    ch3 = 15
    ch4 = 15
    ch5 = 47
    bias = 41
    final_acc = 163
FILTER 8 window @(11,12) conv_valid=111111
    ch0 = 31
    ch1 = 31
    ch2 = 47
    ch3 = 47
    ch4 = 31
    ch5 = 63
    bias = 50
    final_acc = 300
FILTER 9 window @(11,12) conv_valid=111111
    ch0 = 31
    ch1 = 15
    ch2 = 15
    ch3 = 15
    ch4 = 31
    ch5 = 15
    bias = -43
    final_acc = 79
FILTER 10 window @(11,12) conv_valid=111111
    ch0 = 15
    ch1 = 47
    ch2 = 47
    ch3 = 31
    ch4 = 15
    ch5 = 63
    bias = -17
    final_acc = 201
FILTER 11 window @(11,12) conv_valid=111111
    ch0 = 31
    ch1 = 47
    ch2 = 15
    ch3 = -1
    ch4 = 15
    ch5 = 15
    bias = -21
    final_acc = 101
FILTER 12 window @(11,12) conv_valid=111111
    ch0 = 31
    ch1 = 31
    ch2 = 15
    ch3 = 15
    ch4 = 15
    ch5 = 15
    bias = -57
    final_acc = 65
FILTER 13 window @(11,12) conv_valid=111111
    ch0 = 15
    ch1 = 31
    ch2 = 31
    ch3 = 15
    ch4 = 47
    ch5 = 15
    bias = -47
    final_acc = 107
FILTER 14 window @(11,12) conv_valid=111111
    ch0 = 31
    ch1 = 15
    ch2 = 15
    ch3 = 15
    ch4 = -1
    ch5 = 15
    bias = -54
    final_acc = 36
FILTER 15 window @(11,12) conv_valid=111111
    ch0 = 31
    ch1 = 47
    ch2 = 15
    ch3 = 31
    ch4 = 15
    ch5 = 31
    bias = -13
    final_acc = 157
CONV2 OUTPUT @(7,1)
    out0 = 120
    out1 = 0
    out2 = 65
    out3 = 0
    out4 = 0
    out5 = 0
    out6 = 0
    out7 = 67
    out8 = 127
    out9 = 15
    out10 = 89
    out11 = 21
    out12 = 17
    out13 = 11
    out14 = 0
    out15 = 77
    packed data_out = 4d000b1115590f7f4300000000410078
FILTER 0 window @(0,0) conv_valid=111111
  WINDOW ch0 data:
     47  31   0   0   0
     47  15   0   0   0
     31  31   0   0   0
     31   0   0   0   0
      0   0   0   0   0
  WEIGHTS f0_ch0:
    -12 -12  37 -31   8
      8  28   2 -19 -36
      9 -18  23  12 -25
     44 -16 -26 -48 -34
     26  15 -10 -21 -24
    ch0 = -1
    ch1 = 15
    ch2 = 31
    ch3 = 15
    ch4 = -1
    ch5 = 15
    bias = 46
    final_acc = 120
FILTER 1 window @(0,0) conv_valid=111111
    ch0 = 15
    ch1 = 15
    ch2 = 15
    ch3 = 15
    ch4 = -1
    ch5 = 15
    bias = -113
    final_acc = -39
FILTER 2 window @(0,0) conv_valid=111111
    ch0 = -1
    ch1 = -1
    ch2 = 31
    ch3 = 15
    ch4 = 15
    ch5 = 15
    bias = -9
    final_acc = 65
FILTER 3 window @(0,0) conv_valid=111111
    ch0 = -1
    ch1 = -1
    ch2 = 15
    ch3 = 15
    ch4 = -1
    ch5 = 15
    bias = -127
    final_acc = -85
FILTER 4 window @(0,0) conv_valid=111111
    ch0 = 15
    ch1 = 15
    ch2 = 15
    ch3 = 31
    ch4 = 15
    ch5 = 31
    bias = -112
    final_acc = 10
FILTER 5 window @(0,0) conv_valid=111111
    ch0 = -1
    ch1 = -1
    ch2 = 31
    ch3 = -1
    ch4 = 15
    ch5 = -1
    bias = -98
    final_acc = -56
FILTER 6 window @(0,0) conv_valid=111111
    ch0 = -1
    ch1 = -1
    ch2 = 15
    ch3 = 15
    ch4 = -1
    ch5 = 31
    bias = -97
    final_acc = -39
FILTER 7 window @(0,0) conv_valid=111111
    ch0 = -1
    ch1 = 15
    ch2 = -1
    ch3 = -1
    ch4 = -1
    ch5 = 15
    bias = 41
    final_acc = 67
FILTER 8 window @(0,0) conv_valid=111111
    ch0 = 15
    ch1 = 15
    ch2 = 31
    ch3 = 31
    ch4 = 15
    ch5 = 31
    bias = 50
    final_acc = 188
FILTER 9 window @(0,0) conv_valid=111111
    ch0 = 15
    ch1 = 15
    ch2 = 15
    ch3 = 15
    ch4 = -1
    ch5 = 15
    bias = -43
    final_acc = 31
FILTER 10 window @(0,0) conv_valid=111111
    ch0 = 15
    ch1 = 15
    ch2 = 31
    ch3 = 31
    ch4 = -1
    ch5 = 31
    bias = -17
    final_acc = 105
FILTER 11 window @(0,0) conv_valid=111111
    ch0 = 15
    ch1 = 15
    ch2 = 15
    ch3 = -1
    ch4 = -1
    ch5 = -1
    bias = -21
    final_acc = 21
FILTER 12 window @(0,0) conv_valid=111111
    ch0 = 15
    ch1 = -1
    ch2 = 15
    ch3 = 15
    ch4 = 15
    ch5 = -1
    bias = -57
    final_acc = 1
FILTER 13 window @(0,0) conv_valid=111111
    ch0 = -1
    ch1 = -1
    ch2 = 15
    ch3 = -1
    ch4 = 15
    ch5 = -1
    bias = -47
    final_acc = -21
FILTER 14 window @(0,0) conv_valid=111111
    ch0 = 15
    ch1 = -1
    ch2 = 15
    ch3 = 15
    ch4 = -1
    ch5 = -1
    bias = -54
    final_acc = -12
FILTER 15 window @(0,0) conv_valid=111111
    ch0 = 15
    ch1 = 15
    ch2 = -1
    ch3 = 15
    ch4 = 15
    ch5 = 15
    bias = -13
    final_acc = 61
CONV2 OUTPUT @(0,2)
    out0 = 127
    out1 = 73
    out2 = 127
    out3 = 11
    out4 = 42
    out5 = 72
    out6 = 105
    out7 = 127
    out8 = 127
    out9 = 111
    out10 = 127
    out11 = 127
    out12 = 97
    out13 = 127
    out14 = 100
    out15 = 125
    packed data_out = 4d000b1115590f7f4300000000410078
FILTER 0 window @(1,0) conv_valid=111111
  WINDOW ch0 data:
     47  31   0   0   0
     47  15   0   0   0
     31  31   0   0   0
     31   0   0   0   0
      0   0   0   0   0
  WEIGHTS f0_ch0:
    -12 -12  37 -31   8
      8  28   2 -19 -36
      9 -18  23  12 -25
     44 -16 -26 -48 -34
     26  15 -10 -21 -24
    ch0 = -1
    ch1 = -1
    ch2 = 15
    ch3 = -1
    ch4 = -1
    ch5 = -1
    bias = 46
    final_acc = 56
FILTER 1 window @(1,0) conv_valid=111111
    ch0 = -1
    ch1 = -1
    ch2 = -1
    ch3 = -1
    ch4 = -1
    ch5 = 15
    bias = -113
    final_acc = -103
FILTER 2 window @(1,0) conv_valid=111111
    ch0 = -1
    ch1 = -1
    ch2 = 15
    ch3 = -1
    ch4 = -1
    ch5 = 15
    bias = -9
    final_acc = 17
FILTER 3 window @(1,0) conv_valid=111111
    ch0 = -1
    ch1 = -1
    ch2 = 15
    ch3 = 15
    ch4 = -1
    ch5 = -1
    bias = -127
    final_acc = -101
FILTER 4 window @(1,0) conv_valid=111111
    ch0 = -1
    ch1 = -1
    ch2 = -1
    ch3 = 15
    ch4 = -1
    ch5 = 15
    bias = -112
    final_acc = -86
FILTER 5 window @(1,0) conv_valid=111111
    ch0 = -1
    ch1 = -1
    ch2 = 15
    ch3 = -1
    ch4 = -1
    ch5 = -1
    bias = -98
    final_acc = -88
FILTER 6 window @(1,0) conv_valid=111111
    ch0 = -1
    ch1 = -1
    ch2 = 15
    ch3 = 15
    ch4 = -1
    ch5 = 15
    bias = -97
    final_acc = -55
FILTER 7 window @(1,0) conv_valid=111111
    ch0 = -1
    ch1 = -1
    ch2 = -1
    ch3 = -1
    ch4 = -1
    ch5 = -1
    bias = 41
    final_acc = 35
FILTER 8 window @(1,0) conv_valid=111111
    ch0 = -1
    ch1 = -1
    ch2 = 15
    ch3 = 15
    ch4 = -1
    ch5 = 15
    bias = 50
    final_acc = 92
FILTER 9 window @(1,0) conv_valid=111111
    ch0 = -1
    ch1 = -1
    ch2 = -1
    ch3 = -1
    ch4 = -1
    ch5 = 15
    bias = -43
    final_acc = -33
FILTER 10 window @(1,0) conv_valid=111111
    ch0 = -1
    ch1 = -1
    ch2 = 15
    ch3 = 15
    ch4 = -1
    ch5 = 15
    bias = -17
    final_acc = 25
FILTER 11 window @(1,0) conv_valid=111111
    ch0 = -1
    ch1 = -1
    ch2 = -1
    ch3 = -1
    ch4 = -1
    ch5 = -1
    bias = -21
    final_acc = -27
FILTER 12 window @(1,0) conv_valid=111111
    ch0 = -1
    ch1 = -1
    ch2 = 15
    ch3 = 15
    ch4 = -1
    ch5 = -1
    bias = -57
    final_acc = -31
FILTER 13 window @(1,0) conv_valid=111111
    ch0 = -1
    ch1 = -1
    ch2 = 15
    ch3 = -1
    ch4 = -1
    ch5 = -1
    bias = -47
    final_acc = -37
FILTER 14 window @(1,0) conv_valid=111111
    ch0 = -1
    ch1 = -1
    ch2 = -1
    ch3 = 15
    ch4 = -1
    ch5 = -1
    bias = -54
    final_acc = -44
FILTER 15 window @(1,0) conv_valid=111111
    ch0 = -1
    ch1 = -1
    ch2 = -1
    ch3 = 15
    ch4 = -1
    ch5 = 15
    bias = -13
    final_acc = 13
CONV2 OUTPUT @(1,2)
    out0 = 127
    out1 = 89
    out2 = 127
    out3 = 0
    out4 = 90
    out5 = 24
    out6 = 41
    out7 = 127
    out8 = 127
    out9 = 79
    out10 = 127
    out11 = 101
    out12 = 65
    out13 = 107
    out14 = 36
    out15 = 127
    packed data_out = 7d647f617f7f6f7f7f69482a0b7f497f
FILTER 0 window @(2,0) conv_valid=111111
  WINDOW ch0 data:
     47  31   0   0   0
     47  15   0   0   0
     31  31   0   0   0
     31   0   0   0   0
      0   0   0   0   0
  WEIGHTS f0_ch0:
    -12 -12  37 -31   8
      8  28   2 -19 -36
      9 -18  23  12 -25
     44 -16 -26 -48 -34
     26  15 -10 -21 -24
    ch0 = -1
    ch1 = -1
    ch2 = 15
    ch3 = -1
    ch4 = -1
    ch5 = -1
    bias = 46
    final_acc = 56
FILTER 1 window @(2,0) conv_valid=111111
    ch0 = -1
    ch1 = -1
    ch2 = -1
    ch3 = -1
    ch4 = -1
    ch5 = 15
    bias = -113
    final_acc = -103
FILTER 2 window @(2,0) conv_valid=111111
    ch0 = -1
    ch1 = -1
    ch2 = 15
    ch3 = -1
    ch4 = -1
    ch5 = 15
    bias = -9
    final_acc = 17
FILTER 3 window @(2,0) conv_valid=111111
    ch0 = -1
    ch1 = -1
    ch2 = 15
    ch3 = 15
    ch4 = -1
    ch5 = -1
    bias = -127
    final_acc = -101
FILTER 4 window @(2,0) conv_valid=111111
    ch0 = -1
    ch1 = -1
    ch2 = -1
    ch3 = 15
    ch4 = -1
    ch5 = 15
    bias = -112
    final_acc = -86
FILTER 5 window @(2,0) conv_valid=111111
    ch0 = -1
    ch1 = -1
    ch2 = 15
    ch3 = -1
    ch4 = -1
    ch5 = -1
    bias = -98
    final_acc = -88
FILTER 6 window @(2,0) conv_valid=111111
    ch0 = -1
    ch1 = -1
    ch2 = 15
    ch3 = 15
    ch4 = -1
    ch5 = 15
    bias = -97
    final_acc = -55
FILTER 7 window @(2,0) conv_valid=111111
    ch0 = -1
    ch1 = -1
    ch2 = -1
    ch3 = -1
    ch4 = -1
    ch5 = -1
    bias = 41
    final_acc = 35
FILTER 8 window @(2,0) conv_valid=111111
    ch0 = -1
    ch1 = -1
    ch2 = 15
    ch3 = 15
    ch4 = -1
    ch5 = 15
    bias = 50
    final_acc = 92
FILTER 9 window @(2,0) conv_valid=111111
    ch0 = -1
    ch1 = -1
    ch2 = -1
    ch3 = -1
    ch4 = -1
    ch5 = 15
    bias = -43
    final_acc = -33
FILTER 10 window @(2,0) conv_valid=111111
    ch0 = -1
    ch1 = -1
    ch2 = 15
    ch3 = 15
    ch4 = -1
    ch5 = 15
    bias = -17
    final_acc = 25
FILTER 11 window @(2,0) conv_valid=111111
    ch0 = -1
    ch1 = -1
    ch2 = -1
    ch3 = -1
    ch4 = -1
    ch5 = -1
    bias = -21
    final_acc = -27
FILTER 12 window @(2,0) conv_valid=111111
    ch0 = -1
    ch1 = -1
    ch2 = 15
    ch3 = 15
    ch4 = -1
    ch5 = -1
    bias = -57
    final_acc = -31
FILTER 13 window @(2,0) conv_valid=111111
    ch0 = -1
    ch1 = -1
    ch2 = 15
    ch3 = -1
    ch4 = -1
    ch5 = -1
    bias = -47
    final_acc = -37
FILTER 14 window @(2,0) conv_valid=111111
    ch0 = -1
    ch1 = -1
    ch2 = -1
    ch3 = 15
    ch4 = -1
    ch5 = -1
    bias = -54
    final_acc = -44
FILTER 15 window @(2,0) conv_valid=111111
    ch0 = -1
    ch1 = -1
    ch2 = -1
    ch3 = 15
    ch4 = -1
    ch5 = 15
    bias = -13
    final_acc = 13
CONV2 OUTPUT @(2,2)
    out0 = 120
    out1 = 0
    out2 = 65
    out3 = 0
    out4 = 10
    out5 = 0
    out6 = 0
    out7 = 67
    out8 = 127
    out9 = 31
    out10 = 105
    out11 = 21
    out12 = 1
    out13 = 0
    out14 = 0
    out15 = 61
    packed data_out = 7f246b41657f4f7f7f29185a007f597f
FILTER 0 window @(3,0) conv_valid=111111
  WINDOW ch0 data:
     47  31   0   0   0
     47  15   0   0   0
     31  31   0   0   0
     31   0   0   0   0
      0   0   0   0   0
  WEIGHTS f0_ch0:
    -12 -12  37 -31   8
      8  28   2 -19 -36
      9 -18  23  12 -25
     44 -16 -26 -48 -34
     26  15 -10 -21 -24
    ch0 = -1
    ch1 = -1
    ch2 = 15
    ch3 = -1
    ch4 = -1
    ch5 = -1
    bias = 46
    final_acc = 56
FILTER 1 window @(3,0) conv_valid=111111
    ch0 = -1
    ch1 = -1
    ch2 = -1
    ch3 = -1
    ch4 = -1
    ch5 = 15
    bias = -113
    final_acc = -103
FILTER 2 window @(3,0) conv_valid=111111
    ch0 = -1
    ch1 = -1
    ch2 = 15
    ch3 = -1
    ch4 = -1
    ch5 = 15
    bias = -9
    final_acc = 17
FILTER 3 window @(3,0) conv_valid=111111
    ch0 = -1
    ch1 = -1
    ch2 = 15
    ch3 = 15
    ch4 = -1
    ch5 = -1
    bias = -127
    final_acc = -101
FILTER 4 window @(3,0) conv_valid=111111
    ch0 = -1
    ch1 = -1
    ch2 = -1
    ch3 = 15
    ch4 = -1
    ch5 = 15
    bias = -112
    final_acc = -86
FILTER 5 window @(3,0) conv_valid=111111
    ch0 = -1
    ch1 = -1
    ch2 = 15
    ch3 = -1
    ch4 = -1
    ch5 = -1
    bias = -98
    final_acc = -88
FILTER 6 window @(3,0) conv_valid=111111
    ch0 = -1
    ch1 = -1
    ch2 = 15
    ch3 = 15
    ch4 = -1
    ch5 = 15
    bias = -97
    final_acc = -55
FILTER 7 window @(3,0) conv_valid=111111
    ch0 = -1
    ch1 = -1
    ch2 = -1
    ch3 = -1
    ch4 = -1
    ch5 = -1
    bias = 41
    final_acc = 35
FILTER 8 window @(3,0) conv_valid=111111
    ch0 = -1
    ch1 = -1
    ch2 = 15
    ch3 = 15
    ch4 = -1
    ch5 = 15
    bias = 50
    final_acc = 92
FILTER 9 window @(3,0) conv_valid=111111
    ch0 = -1
    ch1 = -1
    ch2 = -1
    ch3 = -1
    ch4 = -1
    ch5 = 15
    bias = -43
    final_acc = -33
FILTER 10 window @(3,0) conv_valid=111111
    ch0 = -1
    ch1 = -1
    ch2 = 15
    ch3 = 15
    ch4 = -1
    ch5 = 15
    bias = -17
    final_acc = 25
FILTER 11 window @(3,0) conv_valid=111111
    ch0 = -1
    ch1 = -1
    ch2 = -1
    ch3 = -1
    ch4 = -1
    ch5 = -1
    bias = -21
    final_acc = -27
FILTER 12 window @(3,0) conv_valid=111111
    ch0 = -1
    ch1 = -1
    ch2 = 15
    ch3 = 15
    ch4 = -1
    ch5 = -1
    bias = -57
    final_acc = -31
FILTER 13 window @(3,0) conv_valid=111111
    ch0 = -1
    ch1 = -1
    ch2 = 15
    ch3 = -1
    ch4 = -1
    ch5 = -1
    bias = -47
    final_acc = -37
FILTER 14 window @(3,0) conv_valid=111111
    ch0 = -1
    ch1 = -1
    ch2 = -1
    ch3 = 15
    ch4 = -1
    ch5 = -1
    bias = -54
    final_acc = -44
FILTER 15 window @(3,0) conv_valid=111111
    ch0 = -1
    ch1 = -1
    ch2 = -1
    ch3 = 15
    ch4 = -1
    ch5 = 15
    bias = -13
    final_acc = 13
CONV2 OUTPUT @(3,2)
    out0 = 56
    out1 = 0
    out2 = 17
    out3 = 0
    out4 = 0
    out5 = 0
    out6 = 0
    out7 = 35
    out8 = 92
    out9 = 0
    out10 = 25
    out11 = 0
    out12 = 0
    out13 = 0
    out14 = 0
    out15 = 13
    packed data_out = 3d00000115691f7f4300000a00410078
FILTER 0 window @(4,0) conv_valid=111111
  WINDOW ch0 data:
     47  31   0   0   0
     47  15   0   0   0
     31  31   0   0   0
     31   0   0   0   0
      0   0   0   0   0
  WEIGHTS f0_ch0:
    -12 -12  37 -31   8
      8  28   2 -19 -36
      9 -18  23  12 -25
     44 -16 -26 -48 -34
     26  15 -10 -21 -24
    ch0 = -1
    ch1 = -1
    ch2 = 15
    ch3 = -1
    ch4 = -1
    ch5 = -1
    bias = 46
    final_acc = 56
FILTER 1 window @(4,0) conv_valid=111111
    ch0 = -1
    ch1 = -1
    ch2 = -1
    ch3 = -1
    ch4 = -1
    ch5 = 15
    bias = -113
    final_acc = -103
FILTER 2 window @(4,0) conv_valid=111111
    ch0 = -1
    ch1 = -1
    ch2 = 15
    ch3 = -1
    ch4 = -1
    ch5 = 15
    bias = -9
    final_acc = 17
FILTER 3 window @(4,0) conv_valid=111111
    ch0 = -1
    ch1 = -1
    ch2 = 15
    ch3 = 15
    ch4 = -1
    ch5 = -1
    bias = -127
    final_acc = -101
FILTER 4 window @(4,0) conv_valid=111111
    ch0 = -1
    ch1 = -1
    ch2 = -1
    ch3 = 15
    ch4 = -1
    ch5 = 15
    bias = -112
    final_acc = -86
FILTER 5 window @(4,0) conv_valid=111111
    ch0 = -1
    ch1 = -1
    ch2 = 15
    ch3 = -1
    ch4 = -1
    ch5 = -1
    bias = -98
    final_acc = -88
FILTER 6 window @(4,0) conv_valid=111111
    ch0 = -1
    ch1 = -1
    ch2 = 15
    ch3 = 15
    ch4 = -1
    ch5 = 15
    bias = -97
    final_acc = -55
FILTER 7 window @(4,0) conv_valid=111111
    ch0 = -1
    ch1 = -1
    ch2 = -1
    ch3 = -1
    ch4 = -1
    ch5 = -1
    bias = 41
    final_acc = 35
FILTER 8 window @(4,0) conv_valid=111111
    ch0 = -1
    ch1 = -1
    ch2 = 15
    ch3 = 15
    ch4 = -1
    ch5 = 15
    bias = 50
    final_acc = 92
FILTER 9 window @(4,0) conv_valid=111111
    ch0 = -1
    ch1 = -1
    ch2 = -1
    ch3 = -1
    ch4 = -1
    ch5 = 15
    bias = -43
    final_acc = -33
FILTER 10 window @(4,0) conv_valid=111111
    ch0 = -1
    ch1 = -1
    ch2 = 15
    ch3 = 15
    ch4 = -1
    ch5 = 15
    bias = -17
    final_acc = 25
FILTER 11 window @(4,0) conv_valid=111111
    ch0 = -1
    ch1 = -1
    ch2 = -1
    ch3 = -1
    ch4 = -1
    ch5 = -1
    bias = -21
    final_acc = -27
FILTER 12 window @(4,0) conv_valid=111111
    ch0 = -1
    ch1 = -1
    ch2 = 15
    ch3 = 15
    ch4 = -1
    ch5 = -1
    bias = -57
    final_acc = -31
FILTER 13 window @(4,0) conv_valid=111111
    ch0 = -1
    ch1 = -1
    ch2 = 15
    ch3 = -1
    ch4 = -1
    ch5 = -1
    bias = -47
    final_acc = -37
FILTER 14 window @(4,0) conv_valid=111111
    ch0 = -1
    ch1 = -1
    ch2 = -1
    ch3 = 15
    ch4 = -1
    ch5 = -1
    bias = -54
    final_acc = -44
FILTER 15 window @(4,0) conv_valid=111111
    ch0 = -1
    ch1 = -1
    ch2 = -1
    ch3 = 15
    ch4 = -1
    ch5 = 15
    bias = -13
    final_acc = 13
CONV2 OUTPUT @(4,2)
    out0 = 56
    out1 = 0
    out2 = 17
    out3 = 0
    out4 = 0
    out5 = 0
    out6 = 0
    out7 = 35
    out8 = 92
    out9 = 0
    out10 = 25
    out11 = 0
    out12 = 0
    out13 = 0
    out14 = 0
    out15 = 13
    packed data_out = 0d0000000019005c2300000000110038
FILTER 0 window @(5,0) conv_valid=111111
  WINDOW ch0 data:
     47  31   0   0   0
     47  15   0   0   0
     31  31   0   0   0
     31   0   0   0   0
      0   0   0   0   0
  WEIGHTS f0_ch0:
    -12 -12  37 -31   8
      8  28   2 -19 -36
      9 -18  23  12 -25
     44 -16 -26 -48 -34
     26  15 -10 -21 -24
    ch0 = -1
    ch1 = -1
    ch2 = 15
    ch3 = -1
    ch4 = -1
    ch5 = -1
    bias = 46
    final_acc = 56
FILTER 1 window @(5,0) conv_valid=111111
    ch0 = -1
    ch1 = -1
    ch2 = -1
    ch3 = -1
    ch4 = -1
    ch5 = 15
    bias = -113
    final_acc = -103
FILTER 2 window @(5,0) conv_valid=111111
    ch0 = -1
    ch1 = -1
    ch2 = 15
    ch3 = -1
    ch4 = -1
    ch5 = 15
    bias = -9
    final_acc = 17
FILTER 3 window @(5,0) conv_valid=111111
    ch0 = -1
    ch1 = -1
    ch2 = 15
    ch3 = 15
    ch4 = -1
    ch5 = -1
    bias = -127
    final_acc = -101
FILTER 4 window @(5,0) conv_valid=111111
    ch0 = -1
    ch1 = -1
    ch2 = -1
    ch3 = 15
    ch4 = -1
    ch5 = 15
    bias = -112
    final_acc = -86
FILTER 5 window @(5,0) conv_valid=111111
    ch0 = -1
    ch1 = -1
    ch2 = 15
    ch3 = -1
    ch4 = -1
    ch5 = -1
    bias = -98
    final_acc = -88
FILTER 6 window @(5,0) conv_valid=111111
    ch0 = -1
    ch1 = -1
    ch2 = 15
    ch3 = 15
    ch4 = -1
    ch5 = 15
    bias = -97
    final_acc = -55
FILTER 7 window @(5,0) conv_valid=111111
    ch0 = -1
    ch1 = -1
    ch2 = -1
    ch3 = -1
    ch4 = -1
    ch5 = -1
    bias = 41
    final_acc = 35
FILTER 8 window @(5,0) conv_valid=111111
    ch0 = -1
    ch1 = -1
    ch2 = 15
    ch3 = 15
    ch4 = -1
    ch5 = 15
    bias = 50
    final_acc = 92
FILTER 9 window @(5,0) conv_valid=111111
    ch0 = -1
    ch1 = -1
    ch2 = -1
    ch3 = -1
    ch4 = 0
    ch5 = 15
    bias = -43
    final_acc = -32
FILTER 10 window @(5,0) conv_valid=111111
    ch0 = -1
    ch1 = -1
    ch2 = 15
    ch3 = 15
    ch4 = -1
    ch5 = 15
    bias = -17
    final_acc = 25
FILTER 11 window @(5,0) conv_valid=111111
    ch0 = -1
    ch1 = -1
    ch2 = -1
    ch3 = -1
    ch4 = -1
    ch5 = -1
    bias = -21
    final_acc = -27
FILTER 12 window @(5,0) conv_valid=111111
    ch0 = -1
    ch1 = -1
    ch2 = 15
    ch3 = 15
    ch4 = -1
    ch5 = -1
    bias = -57
    final_acc = -31
FILTER 13 window @(5,0) conv_valid=111111
    ch0 = -1
    ch1 = -1
    ch2 = 15
    ch3 = -1
    ch4 = -1
    ch5 = -1
    bias = -47
    final_acc = -37
FILTER 14 window @(5,0) conv_valid=111111
    ch0 = -1
    ch1 = -1
    ch2 = 0
    ch3 = 15
    ch4 = -1
    ch5 = -1
    bias = -54
    final_acc = -43
FILTER 15 window @(5,0) conv_valid=111111
    ch0 = -1
    ch1 = -1
    ch2 = -1
    ch3 = 15
    ch4 = -1
    ch5 = 15
    bias = -13
    final_acc = 13
CONV2 OUTPUT @(5,2)
    out0 = 56
    out1 = 0
    out2 = 17
    out3 = 0
    out4 = 0
    out5 = 0
    out6 = 0
    out7 = 35
    out8 = 92
    out9 = 0
    out10 = 25
    out11 = 0
    out12 = 0
    out13 = 0
    out14 = 0
    out15 = 13
    packed data_out = 0d0000000019005c2300000000110038
CONV2 OUTPUT @(6,2)
    out0 = 56
    out1 = 0
    out2 = 17
    out3 = 0
    out4 = 0
    out5 = 0
    out6 = 0
    out7 = 35
    out8 = 92
    out9 = 0
    out10 = 25
    out11 = 0
    out12 = 0
    out13 = 0
    out14 = 0
    out15 = 13
    packed data_out = 0d0000000019005c2300000000110038
FILTER 0 window @(10,4) conv_valid=111111
  WINDOW ch0 data:
      0   0  31  15   0
      0  15  31  31   0
      0  15  31  31   0
      0  31  31  31   0
     15  47  31  31   0
  WEIGHTS f0_ch0:
    -12 -12  37 -31   8
      8  28   2 -19 -36
      9 -18  23  12 -25
     44 -16 -26 -48 -34
     26  15 -10 -21 -24
    ch0 = 47
    ch1 = 15
    ch2 = 47
    ch3 = 15
    ch4 = 15
    ch5 = 15
    bias = 46
    final_acc = 200
FILTER 1 window @(10,4) conv_valid=111111
    ch0 = -1
    ch1 = 31
    ch2 = 31
    ch3 = 31
    ch4 = 15
    ch5 = 47
    bias = -113
    final_acc = 41
FILTER 2 window @(10,4) conv_valid=111111
    ch0 = 15
    ch1 = 15
    ch2 = 15
    ch3 = -1
    ch4 = 63
    ch5 = 31
    bias = -9
    final_acc = 129
FILTER 3 window @(10,4) conv_valid=111111
    ch0 = 47
    ch1 = 15
    ch2 = 15
    ch3 = 15
    ch4 = -1
    ch5 = 15
    bias = -127
    final_acc = -21
FILTER 4 window @(10,4) conv_valid=111111
    ch0 = 15
    ch1 = 47
    ch2 = -1
    ch3 = -1
    ch4 = 47
    ch5 = 63
    bias = -112
    final_acc = 58
FILTER 5 window @(10,4) conv_valid=111111
    ch0 = 47
    ch1 = 47
    ch2 = -1
    ch3 = 15
    ch4 = 63
    ch5 = 15
    bias = -98
    final_acc = 88
FILTER 6 window @(10,4) conv_valid=111111
    ch0 = 47
    ch1 = 47
    ch2 = 15
    ch3 = 47
    ch4 = 15
    ch5 = 63
    bias = -97
    final_acc = 137
FILTER 7 window @(10,4) conv_valid=111111
    ch0 = 15
    ch1 = 63
    ch2 = 47
    ch3 = 47
    ch4 = 47
    ch5 = 47
    bias = 41
    final_acc = 307
FILTER 8 window @(10,4) conv_valid=111111
    ch0 = 47
    ch1 = 63
    ch2 = 47
    ch3 = 47
    ch4 = 63
    ch5 = 63
    bias = 50
    final_acc = 380
FILTER 9 window @(10,4) conv_valid=111111
    ch0 = 31
    ch1 = 31
    ch2 = 31
    ch3 = 15
    ch4 = 15
    ch5 = 15
    bias = -43
    final_acc = 95
FILTER 10 window @(10,4) conv_valid=111111
    ch0 = -1
    ch1 = 47
    ch2 = 31
    ch3 = -1
    ch4 = 47
    ch5 = 63
    bias = -17
    final_acc = 169
FILTER 11 window @(10,4) conv_valid=111111
    ch0 = 47
    ch1 = 47
    ch2 = -1
    ch3 = -1
    ch4 = 31
    ch5 = 31
    bias = -21
    final_acc = 133
FILTER 12 window @(10,4) conv_valid=111111
    ch0 = 47
    ch1 = 47
    ch2 = 15
    ch3 = 31
    ch4 = 15
    ch5 = 15
    bias = -57
    final_acc = 113
FILTER 13 window @(10,4) conv_valid=111111
    ch0 = 31
    ch1 = 15
    ch2 = 47
    ch3 = 47
    ch4 = 47
    ch5 = 15
    bias = -47
    final_acc = 155
FILTER 14 window @(10,4) conv_valid=111111
    ch0 = 31
    ch1 = 31
    ch2 = 15
    ch3 = 15
    ch4 = 15
    ch5 = 31
    bias = -54
    final_acc = 84
FILTER 15 window @(10,4) conv_valid=111111
    ch0 = -1
    ch1 = 47
    ch2 = 15
    ch3 = 47
    ch4 = 15
    ch5 = 47
    bias = -13
    final_acc = 157
FILTER 0 window @(11,5) conv_valid=111111
  WINDOW ch0 data:
      0  31  15   0   0
     15  31  31   0   0
     15  31  31   0   0
     31  31  31   0   0
     47  31  31   0   0
  WEIGHTS f0_ch0:
    -12 -12  37 -31   8
      8  28   2 -19 -36
      9 -18  23  12 -25
     44 -16 -26 -48 -34
     26  15 -10 -21 -24
    ch0 = 31
    ch1 = 15
    ch2 = 47
    ch3 = 15
    ch4 = 31
    ch5 = 31
    bias = 46
    final_acc = 216
FILTER 1 window @(11,5) conv_valid=111111
    ch0 = 15
    ch1 = 15
    ch2 = 47
    ch3 = 47
    ch4 = -1
    ch5 = 15
    bias = -113
    final_acc = 25
FILTER 2 window @(11,5) conv_valid=111111
    ch0 = 15
    ch1 = 31
    ch2 = 31
    ch3 = 15
    ch4 = 47
    ch5 = -1
    bias = -9
    final_acc = 129
FILTER 3 window @(11,5) conv_valid=111111
    ch0 = 47
    ch1 = 31
    ch2 = 15
    ch3 = -1
    ch4 = -1
    ch5 = 31
    bias = -127
    final_acc = -5
FILTER 4 window @(11,5) conv_valid=111111
    ch0 = 15
    ch1 = 31
    ch2 = 15
    ch3 = 15
    ch4 = 15
    ch5 = 47
    bias = -112
    final_acc = 26
FILTER 5 window @(11,5) conv_valid=111111
    ch0 = 31
    ch1 = 47
    ch2 = 15
    ch3 = -1
    ch4 = 47
    ch5 = 15
    bias = -98
    final_acc = 56
FILTER 6 window @(11,5) conv_valid=111111
    ch0 = 31
    ch1 = 47
    ch2 = 15
    ch3 = 31
    ch4 = 15
    ch5 = 47
    bias = -97
    final_acc = 89
FILTER 7 window @(11,5) conv_valid=111111
    ch0 = -1
    ch1 = 31
    ch2 = 31
    ch3 = 31
    ch4 = 31
    ch5 = 47
    bias = 41
    final_acc = 211
FILTER 8 window @(11,5) conv_valid=111111
    ch0 = 47
    ch1 = 31
    ch2 = 47
    ch3 = 47
    ch4 = 31
    ch5 = 47
    bias = 50
    final_acc = 300
FILTER 9 window @(11,5) conv_valid=111111
    ch0 = 47
    ch1 = 15
    ch2 = 31
    ch3 = 15
    ch4 = 15
    ch5 = -1
    bias = -43
    final_acc = 79
FILTER 10 window @(11,5) conv_valid=111111
    ch0 = -1
    ch1 = 31
    ch2 = 47
    ch3 = 15
    ch4 = 31
    ch5 = 47
    bias = -17
    final_acc = 153
FILTER 11 window @(11,5) conv_valid=111111
    ch0 = 47
    ch1 = 31
    ch2 = 15
    ch3 = -1
    ch4 = 15
    ch5 = 15
    bias = -21
    final_acc = 101
FILTER 12 window @(11,5) conv_valid=111111
    ch0 = 47
    ch1 = 47
    ch2 = -1
    ch3 = 15
    ch4 = -1
    ch5 = -1
    bias = -57
    final_acc = 49
FILTER 13 window @(11,5) conv_valid=111111
    ch0 = 47
    ch1 = 15
    ch2 = 31
    ch3 = 31
    ch4 = 31
    ch5 = -1
    bias = -47
    final_acc = 107
FILTER 14 window @(11,5) conv_valid=111111
    ch0 = 31
    ch1 = 15
    ch2 = 15
    ch3 = -1
    ch4 = 15
    ch5 = 31
    bias = -54
    final_acc = 52
FILTER 15 window @(11,5) conv_valid=111111
    ch0 = 15
    ch1 = 31
    ch2 = 15
    ch3 = 31
    ch4 = -1
    ch5 = 15
    bias = -13
    final_acc = 93
CONV2 OUTPUT @(7,2)
    out0 = 56
    out1 = 0
    out2 = 17
    out3 = 0
    out4 = 0
    out5 = 0
    out6 = 0
    out7 = 35
    out8 = 92
    out9 = 0
    out10 = 25
    out11 = 0
    out12 = 0
    out13 = 0
    out14 = 0
    out15 = 13
    packed data_out = 0d0000000019005c2300000000110038
FILTER 0 window @(0,5) conv_valid=111111
  WINDOW ch0 data:
      0  31  15   0   0
     15  31  31   0   0
     15  31  31   0   0
     31  31  31   0   0
     47  31  31   0   0
  WEIGHTS f0_ch0:
    -12 -12  37 -31   8
      8  28   2 -19 -36
      9 -18  23  12 -25
     44 -16 -26 -48 -34
     26  15 -10 -21 -24
    ch0 = 31
    ch1 = 31
    ch2 = 63
    ch3 = 15
    ch4 = 31
    ch5 = 31
    bias = 46
    final_acc = 248
FILTER 1 window @(0,5) conv_valid=111111
    ch0 = 31
    ch1 = 31
    ch2 = 47
    ch3 = 47
    ch4 = -1
    ch5 = 31
    bias = -113
    final_acc = 73
FILTER 2 window @(0,5) conv_valid=111111
    ch0 = 15
    ch1 = 31
    ch2 = 47
    ch3 = 15
    ch4 = 63
    ch5 = 15
    bias = -9
    final_acc = 177
FILTER 3 window @(0,5) conv_valid=111111
    ch0 = 47
    ch1 = 31
    ch2 = 31
    ch3 = 15
    ch4 = -1
    ch5 = 31
    bias = -127
    final_acc = 27
FILTER 4 window @(0,5) conv_valid=111111
    ch0 = 31
    ch1 = 47
    ch2 = 15
    ch3 = 31
    ch4 = 31
    ch5 = 63
    bias = -112
    final_acc = 106
FILTER 5 window @(0,5) conv_valid=111111
    ch0 = 31
    ch1 = 47
    ch2 = 31
    ch3 = -1
    ch4 = 63
    ch5 = 15
    bias = -98
    final_acc = 88
FILTER 6 window @(0,5) conv_valid=111111
    ch0 = 31
    ch1 = 47
    ch2 = 31
    ch3 = 47
    ch4 = 15
    ch5 = 63
    bias = -97
    final_acc = 137
FILTER 7 window @(0,5) conv_valid=111111
    ch0 = -1
    ch1 = 47
    ch2 = 31
    ch3 = 31
    ch4 = 31
    ch5 = 47
    bias = 41
    final_acc = 227
FILTER 8 window @(0,5) conv_valid=111111
    ch0 = 63
    ch1 = 47
    ch2 = 63
    ch3 = 63
    ch4 = 47
    ch5 = 63
    bias = 50
    final_acc = 396
FILTER 9 window @(0,5) conv_valid=111111
    ch0 = 63
    ch1 = 31
    ch2 = 31
    ch3 = 15
    ch4 = 15
    ch5 = 15
    bias = -43
    final_acc = 127
FILTER 10 window @(0,5) conv_valid=111111
    ch0 = 15
    ch1 = 47
    ch2 = 63
    ch3 = 31
    ch4 = 31
    ch5 = 63
    bias = -17
    final_acc = 233
FILTER 11 window @(0,5) conv_valid=111111
    ch0 = 63
    ch1 = 47
    ch2 = 15
    ch3 = -1
    ch4 = 15
    ch5 = 15
    bias = -21
    final_acc = 133
FILTER 12 window @(0,5) conv_valid=111111
    ch0 = 63
    ch1 = 47
    ch2 = 15
    ch3 = 31
    ch4 = 15
    ch5 = -1
    bias = -57
    final_acc = 113
FILTER 13 window @(0,5) conv_valid=111111
    ch0 = 47
    ch1 = 15
    ch2 = 47
    ch3 = 31
    ch4 = 47
    ch5 = -1
    bias = -47
    final_acc = 139
FILTER 14 window @(0,5) conv_valid=111111
    ch0 = 47
    ch1 = 15
    ch2 = 15
    ch3 = 15
    ch4 = 15
    ch5 = 31
    bias = -54
    final_acc = 84
FILTER 15 window @(0,5) conv_valid=111111
    ch0 = 31
    ch1 = 47
    ch2 = 15
    ch3 = 47
    ch4 = 15
    ch5 = 31
    bias = -13
    final_acc = 173
CONV2 OUTPUT @(0,3)
    out0 = 127
    out1 = 41
    out2 = 127
    out3 = 0
    out4 = 58
    out5 = 88
    out6 = 127
    out7 = 127
    out8 = 127
    out9 = 95
    out10 = 127
    out11 = 127
    out12 = 113
    out13 = 127
    out14 = 84
    out15 = 127
    packed data_out = 0d0000000019005c2300000000110038
FILTER 0 window @(1,5) conv_valid=111111
  WINDOW ch0 data:
      0  31  15   0   0
     15  31  31   0   0
     15  31  31   0   0
     31  31  31   0   0
     47  31  31   0   0
  WEIGHTS f0_ch0:
    -12 -12  37 -31   8
      8  28   2 -19 -36
      9 -18  23  12 -25
     44 -16 -26 -48 -34
     26  15 -10 -21 -24
    ch0 = 15
    ch1 = 31
    ch2 = 47
    ch3 = 15
    ch4 = 15
    ch5 = 31
    bias = 46
    final_acc = 200
FILTER 1 window @(1,5) conv_valid=111111
    ch0 = 31
    ch1 = 31
    ch2 = 31
    ch3 = 31
    ch4 = -1
    ch5 = 31
    bias = -113
    final_acc = 41
FILTER 2 window @(1,5) conv_valid=111111
    ch0 = 15
    ch1 = 31
    ch2 = 47
    ch3 = 15
    ch4 = 47
    ch5 = 15
    bias = -9
    final_acc = 161
FILTER 3 window @(1,5) conv_valid=111111
    ch0 = 31
    ch1 = 31
    ch2 = 15
    ch3 = 15
    ch4 = -1
    ch5 = 31
    bias = -127
    final_acc = -5
FILTER 4 window @(1,5) conv_valid=111111
    ch0 = 15
    ch1 = 31
    ch2 = 15
    ch3 = 31
    ch4 = 31
    ch5 = 47
    bias = -112
    final_acc = 58
FILTER 5 window @(1,5) conv_valid=111111
    ch0 = 15
    ch1 = 31
    ch2 = 31
    ch3 = -1
    ch4 = 47
    ch5 = 15
    bias = -98
    final_acc = 40
FILTER 6 window @(1,5) conv_valid=111111
    ch0 = 15
    ch1 = 31
    ch2 = 15
    ch3 = 31
    ch4 = -1
    ch5 = 47
    bias = -97
    final_acc = 41
FILTER 7 window @(1,5) conv_valid=111111
    ch0 = -1
    ch1 = 31
    ch2 = 15
    ch3 = 15
    ch4 = 15
    ch5 = 31
    bias = 41
    final_acc = 147
FILTER 8 window @(1,5) conv_valid=111111
    ch0 = 47
    ch1 = 31
    ch2 = 47
    ch3 = 47
    ch4 = 31
    ch5 = 47
    bias = 50
    final_acc = 300
FILTER 9 window @(1,5) conv_valid=111111
    ch0 = 47
    ch1 = 31
    ch2 = 15
    ch3 = 15
    ch4 = 15
    ch5 = 15
    bias = -43
    final_acc = 95
FILTER 10 window @(1,5) conv_valid=111111
    ch0 = 15
    ch1 = 31
    ch2 = 47
    ch3 = 31
    ch4 = 15
    ch5 = 47
    bias = -17
    final_acc = 169
FILTER 11 window @(1,5) conv_valid=111111
    ch0 = 47
    ch1 = 31
    ch2 = 15
    ch3 = -1
    ch4 = 15
    ch5 = -1
    bias = -21
    final_acc = 85
FILTER 12 window @(1,5) conv_valid=111111
    ch0 = 47
    ch1 = 31
    ch2 = 15
    ch3 = 15
    ch4 = 15
    ch5 = -1
    bias = -57
    final_acc = 65
FILTER 13 window @(1,5) conv_valid=111111
    ch0 = 31
    ch1 = 15
    ch2 = 31
    ch3 = 15
    ch4 = 47
    ch5 = -1
    bias = -47
    final_acc = 91
FILTER 14 window @(1,5) conv_valid=111111
    ch0 = 47
    ch1 = 15
    ch2 = 15
    ch3 = 15
    ch4 = -1
    ch5 = 15
    bias = -54
    final_acc = 52
FILTER 15 window @(1,5) conv_valid=111111
    ch0 = 31
    ch1 = 31
    ch2 = 15
    ch3 = 31
    ch4 = 15
    ch5 = 15
    bias = -13
    final_acc = 125
CONV2 OUTPUT @(1,3)
    out0 = 127
    out1 = 25
    out2 = 127
    out3 = 0
    out4 = 26
    out5 = 56
    out6 = 89
    out7 = 127
    out8 = 127
    out9 = 79
    out10 = 127
    out11 = 101
    out12 = 49
    out13 = 107
    out14 = 52
    out15 = 93
    packed data_out = 7f547f717f7f5f7f7f7f583a007f297f
FILTER 0 window @(2,5) conv_valid=111111
  WINDOW ch0 data:
      0  31  15   0   0
     15  31  31   0   0
     15  31  31   0   0
     31  31  31   0   0
     47  31  31   0   0
  WEIGHTS f0_ch0:
    -12 -12  37 -31   8
      8  28   2 -19 -36
      9 -18  23  12 -25
     44 -16 -26 -48 -34
     26  15 -10 -21 -24
    ch0 = 15
    ch1 = 31
    ch2 = 47
    ch3 = 15
    ch4 = 15
    ch5 = 31
    bias = 46
    final_acc = 200
FILTER 1 window @(2,5) conv_valid=111111
    ch0 = 31
    ch1 = 31
    ch2 = 31
    ch3 = 31
    ch4 = -1
    ch5 = 31
    bias = -113
    final_acc = 41
FILTER 2 window @(2,5) conv_valid=111111
    ch0 = 15
    ch1 = 31
    ch2 = 47
    ch3 = 15
    ch4 = 47
    ch5 = 15
    bias = -9
    final_acc = 161
FILTER 3 window @(2,5) conv_valid=111111
    ch0 = 31
    ch1 = 31
    ch2 = 15
    ch3 = 15
    ch4 = -1
    ch5 = 31
    bias = -127
    final_acc = -5
FILTER 4 window @(2,5) conv_valid=111111
    ch0 = 15
    ch1 = 31
    ch2 = 15
    ch3 = 31
    ch4 = 31
    ch5 = 47
    bias = -112
    final_acc = 58
FILTER 5 window @(2,5) conv_valid=111111
    ch0 = 15
    ch1 = 31
    ch2 = 31
    ch3 = -1
    ch4 = 47
    ch5 = 15
    bias = -98
    final_acc = 40
FILTER 6 window @(2,5) conv_valid=111111
    ch0 = 15
    ch1 = 31
    ch2 = 15
    ch3 = 31
    ch4 = -1
    ch5 = 47
    bias = -97
    final_acc = 41
FILTER 7 window @(2,5) conv_valid=111111
    ch0 = -1
    ch1 = 31
    ch2 = 15
    ch3 = 15
    ch4 = 15
    ch5 = 31
    bias = 41
    final_acc = 147
FILTER 8 window @(2,5) conv_valid=111111
    ch0 = 47
    ch1 = 31
    ch2 = 47
    ch3 = 47
    ch4 = 31
    ch5 = 47
    bias = 50
    final_acc = 300
FILTER 9 window @(2,5) conv_valid=111111
    ch0 = 47
    ch1 = 31
    ch2 = 15
    ch3 = 15
    ch4 = 15
    ch5 = 15
    bias = -43
    final_acc = 95
FILTER 10 window @(2,5) conv_valid=111111
    ch0 = 15
    ch1 = 31
    ch2 = 47
    ch3 = 31
    ch4 = 15
    ch5 = 47
    bias = -17
    final_acc = 169
FILTER 11 window @(2,5) conv_valid=111111
    ch0 = 47
    ch1 = 31
    ch2 = 15
    ch3 = -1
    ch4 = 15
    ch5 = -1
    bias = -21
    final_acc = 85
FILTER 12 window @(2,5) conv_valid=111111
    ch0 = 47
    ch1 = 31
    ch2 = 15
    ch3 = 15
    ch4 = 15
    ch5 = -1
    bias = -57
    final_acc = 65
FILTER 13 window @(2,5) conv_valid=111111
    ch0 = 31
    ch1 = 15
    ch2 = 31
    ch3 = 15
    ch4 = 47
    ch5 = -1
    bias = -47
    final_acc = 91
FILTER 14 window @(2,5) conv_valid=111111
    ch0 = 47
    ch1 = 15
    ch2 = 15
    ch3 = 15
    ch4 = -1
    ch5 = 15
    bias = -54
    final_acc = 52
FILTER 15 window @(2,5) conv_valid=111111
    ch0 = 31
    ch1 = 31
    ch2 = 15
    ch3 = 31
    ch4 = 15
    ch5 = 15
    bias = -13
    final_acc = 125
CONV2 OUTPUT @(2,3)
    out0 = 127
    out1 = 73
    out2 = 127
    out3 = 27
    out4 = 106
    out5 = 88
    out6 = 127
    out7 = 127
    out8 = 127
    out9 = 127
    out10 = 127
    out11 = 127
    out12 = 113
    out13 = 127
    out14 = 84
    out15 = 127
    packed data_out = 5d346b31657f4f7f7f59381a007f197f
FILTER 0 window @(3,5) conv_valid=111111
  WINDOW ch0 data:
      0  31  15   0   0
     15  31  31   0   0
     15  31  31   0   0
     31  31  31   0   0
     47  31  31   0   0
  WEIGHTS f0_ch0:
    -12 -12  37 -31   8
      8  28   2 -19 -36
      9 -18  23  12 -25
     44 -16 -26 -48 -34
     26  15 -10 -21 -24
    ch0 = 15
    ch1 = 31
    ch2 = 47
    ch3 = 15
    ch4 = 15
    ch5 = 31
    bias = 46
    final_acc = 200
FILTER 1 window @(3,5) conv_valid=111111
    ch0 = 31
    ch1 = 31
    ch2 = 31
    ch3 = 31
    ch4 = -1
    ch5 = 31
    bias = -113
    final_acc = 41
FILTER 2 window @(3,5) conv_valid=111111
    ch0 = 15
    ch1 = 31
    ch2 = 47
    ch3 = 15
    ch4 = 47
    ch5 = 15
    bias = -9
    final_acc = 161
FILTER 3 window @(3,5) conv_valid=111111
    ch0 = 31
    ch1 = 31
    ch2 = 15
    ch3 = 15
    ch4 = -1
    ch5 = 31
    bias = -127
    final_acc = -5
FILTER 4 window @(3,5) conv_valid=111111
    ch0 = 15
    ch1 = 31
    ch2 = 15
    ch3 = 31
    ch4 = 31
    ch5 = 47
    bias = -112
    final_acc = 58
FILTER 5 window @(3,5) conv_valid=111111
    ch0 = 15
    ch1 = 31
    ch2 = 31
    ch3 = -1
    ch4 = 47
    ch5 = 15
    bias = -98
    final_acc = 40
FILTER 6 window @(3,5) conv_valid=111111
    ch0 = 15
    ch1 = 31
    ch2 = 15
    ch3 = 31
    ch4 = -1
    ch5 = 47
    bias = -97
    final_acc = 41
FILTER 7 window @(3,5) conv_valid=111111
    ch0 = -1
    ch1 = 31
    ch2 = 15
    ch3 = 15
    ch4 = 15
    ch5 = 31
    bias = 41
    final_acc = 147
FILTER 8 window @(3,5) conv_valid=111111
    ch0 = 47
    ch1 = 31
    ch2 = 47
    ch3 = 47
    ch4 = 31
    ch5 = 47
    bias = 50
    final_acc = 300
FILTER 9 window @(3,5) conv_valid=111111
    ch0 = 47
    ch1 = 31
    ch2 = 15
    ch3 = 15
    ch4 = 15
    ch5 = 15
    bias = -43
    final_acc = 95
FILTER 10 window @(3,5) conv_valid=111111
    ch0 = 15
    ch1 = 31
    ch2 = 47
    ch3 = 31
    ch4 = 15
    ch5 = 47
    bias = -17
    final_acc = 169
FILTER 11 window @(3,5) conv_valid=111111
    ch0 = 47
    ch1 = 31
    ch2 = 15
    ch3 = -1
    ch4 = 15
    ch5 = -1
    bias = -21
    final_acc = 85
FILTER 12 window @(3,5) conv_valid=111111
    ch0 = 47
    ch1 = 31
    ch2 = 15
    ch3 = 15
    ch4 = 15
    ch5 = -1
    bias = -57
    final_acc = 65
FILTER 13 window @(3,5) conv_valid=111111
    ch0 = 31
    ch1 = 15
    ch2 = 31
    ch3 = 15
    ch4 = 47
    ch5 = -1
    bias = -47
    final_acc = 91
FILTER 14 window @(3,5) conv_valid=111111
    ch0 = 47
    ch1 = 15
    ch2 = 15
    ch3 = 15
    ch4 = -1
    ch5 = 15
    bias = -54
    final_acc = 52
FILTER 15 window @(3,5) conv_valid=111111
    ch0 = 31
    ch1 = 31
    ch2 = 15
    ch3 = 31
    ch4 = 15
    ch5 = 15
    bias = -13
    final_acc = 125
CONV2 OUTPUT @(3,3)
    out0 = 127
    out1 = 41
    out2 = 127
    out3 = 0
    out4 = 58
    out5 = 40
    out6 = 41
    out7 = 127
    out8 = 127
    out9 = 95
    out10 = 127
    out11 = 85
    out12 = 65
    out13 = 91
    out14 = 52
    out15 = 125
    packed data_out = 7f547f717f7f7f7f7f7f586a1b7f497f
FILTER 0 window @(4,5) conv_valid=111111
  WINDOW ch0 data:
      0   0   0  31  15
      0   0  31  31  31
      0   0  31  31  31
      0  31  47  31   0
      0  31  47  31  15
  WEIGHTS f0_ch0:
    -12 -12  37 -31   8
      8  28   2 -19 -36
      9 -18  23  12 -25
     44 -16 -26 -48 -34
     26  15 -10 -21 -24
    ch0 = 15
    ch1 = 31
    ch2 = 47
    ch3 = 15
    ch4 = 15
    ch5 = 31
    bias = 46
    final_acc = 200
FILTER 1 window @(4,5) conv_valid=111111
    ch0 = 31
    ch1 = 31
    ch2 = 31
    ch3 = 31
    ch4 = -1
    ch5 = 31
    bias = -113
    final_acc = 41
FILTER 2 window @(4,5) conv_valid=111111
    ch0 = 15
    ch1 = 31
    ch2 = 47
    ch3 = 15
    ch4 = 47
    ch5 = 15
    bias = -9
    final_acc = 161
FILTER 3 window @(4,5) conv_valid=111111
    ch0 = 31
    ch1 = 31
    ch2 = 15
    ch3 = 15
    ch4 = -1
    ch5 = 31
    bias = -127
    final_acc = -5
FILTER 4 window @(4,5) conv_valid=111111
    ch0 = 15
    ch1 = 31
    ch2 = 15
    ch3 = 31
    ch4 = 31
    ch5 = 47
    bias = -112
    final_acc = 58
FILTER 5 window @(4,5) conv_valid=111111
    ch0 = 15
    ch1 = 31
    ch2 = 31
    ch3 = -1
    ch4 = 47
    ch5 = 15
    bias = -98
    final_acc = 40
FILTER 6 window @(4,5) conv_valid=111111
    ch0 = 15
    ch1 = 31
    ch2 = 15
    ch3 = 31
    ch4 = -1
    ch5 = 47
    bias = -97
    final_acc = 41
FILTER 7 window @(4,5) conv_valid=111111
    ch0 = -1
    ch1 = 31
    ch2 = 15
    ch3 = 15
    ch4 = 15
    ch5 = 31
    bias = 41
    final_acc = 147
FILTER 8 window @(4,5) conv_valid=111111
    ch0 = 47
    ch1 = 31
    ch2 = 47
    ch3 = 47
    ch4 = 31
    ch5 = 47
    bias = 50
    final_acc = 300
FILTER 9 window @(4,5) conv_valid=111111
    ch0 = 47
    ch1 = 31
    ch2 = 15
    ch3 = 15
    ch4 = 15
    ch5 = 15
    bias = -43
    final_acc = 95
FILTER 10 window @(4,5) conv_valid=111111
    ch0 = 15
    ch1 = 31
    ch2 = 47
    ch3 = 31
    ch4 = 15
    ch5 = 47
    bias = -17
    final_acc = 169
FILTER 11 window @(4,5) conv_valid=111111
    ch0 = 47
    ch1 = 31
    ch2 = 15
    ch3 = -1
    ch4 = 15
    ch5 = -1
    bias = -21
    final_acc = 85
FILTER 12 window @(4,5) conv_valid=111111
    ch0 = 47
    ch1 = 31
    ch2 = 15
    ch3 = 15
    ch4 = 15
    ch5 = -1
    bias = -57
    final_acc = 65
FILTER 13 window @(4,5) conv_valid=111111
    ch0 = 31
    ch1 = 15
    ch2 = 31
    ch3 = 15
    ch4 = 47
    ch5 = -1
    bias = -47
    final_acc = 91
FILTER 14 window @(4,5) conv_valid=111111
    ch0 = 47
    ch1 = 15
    ch2 = 15
    ch3 = 15
    ch4 = -1
    ch5 = 15
    bias = -54
    final_acc = 52
FILTER 15 window @(4,5) conv_valid=111111
    ch0 = 31
    ch1 = 31
    ch2 = 15
    ch3 = 31
    ch4 = 15
    ch5 = 15
    bias = -13
    final_acc = 125
CONV2 OUTPUT @(4,3)
    out0 = 127
    out1 = 41
    out2 = 127
    out3 = 0
    out4 = 58
    out5 = 40
    out6 = 41
    out7 = 127
    out8 = 127
    out9 = 95
    out10 = 127
    out11 = 85
    out12 = 65
    out13 = 91
    out14 = 52
    out15 = 125
    packed data_out = 7d345b41557f5f7f7f29283a007f297f
FILTER 0 window @(5,5) conv_valid=111111
  WINDOW ch0 data:
      0   0  31  15  15
      0  31  31  31  15
      0  31  31  31   0
     31  47  31   0   0
     31  47  31   0  15
  WEIGHTS f0_ch0:
    -12 -12  37 -31   8
      8  28   2 -19 -36
      9 -18  23  12 -25
     44 -16 -26 -48 -34
     26  15 -10 -21 -24
    ch0 = 15
    ch1 = 31
    ch2 = 47
    ch3 = 15
    ch4 = 15
    ch5 = 31
    bias = 46
    final_acc = 200
FILTER 1 window @(5,5) conv_valid=111111
    ch0 = 31
    ch1 = 31
    ch2 = 31
    ch3 = 31
    ch4 = -1
    ch5 = 31
    bias = -113
    final_acc = 41
FILTER 2 window @(5,5) conv_valid=111111
    ch0 = 15
    ch1 = 31
    ch2 = 47
    ch3 = 15
    ch4 = 47
    ch5 = 15
    bias = -9
    final_acc = 161
FILTER 3 window @(5,5) conv_valid=111111
    ch0 = 31
    ch1 = 31
    ch2 = 15
    ch3 = 15
    ch4 = -1
    ch5 = 31
    bias = -127
    final_acc = -5
FILTER 4 window @(5,5) conv_valid=111111
    ch0 = 15
    ch1 = 31
    ch2 = 15
    ch3 = 31
    ch4 = 31
    ch5 = 47
    bias = -112
    final_acc = 58
FILTER 5 window @(5,5) conv_valid=111111
    ch0 = 15
    ch1 = 31
    ch2 = 31
    ch3 = -1
    ch4 = 47
    ch5 = 15
    bias = -98
    final_acc = 40
FILTER 6 window @(5,5) conv_valid=111111
    ch0 = 15
    ch1 = 31
    ch2 = 15
    ch3 = 31
    ch4 = -1
    ch5 = 47
    bias = -97
    final_acc = 41
FILTER 7 window @(5,5) conv_valid=111111
    ch0 = -1
    ch1 = 31
    ch2 = 15
    ch3 = 15
    ch4 = 15
    ch5 = 31
    bias = 41
    final_acc = 147
FILTER 8 window @(5,5) conv_valid=111111
    ch0 = 47
    ch1 = 31
    ch2 = 47
    ch3 = 47
    ch4 = 31
    ch5 = 47
    bias = 50
    final_acc = 300
FILTER 9 window @(5,5) conv_valid=111111
    ch0 = 47
    ch1 = 31
    ch2 = 15
    ch3 = 15
    ch4 = 15
    ch5 = 15
    bias = -43
    final_acc = 95
FILTER 10 window @(5,5) conv_valid=111111
    ch0 = 15
    ch1 = 31
    ch2 = 47
    ch3 = 31
    ch4 = 15
    ch5 = 47
    bias = -17
    final_acc = 169
FILTER 11 window @(5,5) conv_valid=111111
    ch0 = 47
    ch1 = 31
    ch2 = 15
    ch3 = -1
    ch4 = 15
    ch5 = -1
    bias = -21
    final_acc = 85
FILTER 12 window @(5,5) conv_valid=111111
    ch0 = 47
    ch1 = 31
    ch2 = 15
    ch3 = 15
    ch4 = 15
    ch5 = -1
    bias = -57
    final_acc = 65
FILTER 13 window @(5,5) conv_valid=111111
    ch0 = 31
    ch1 = 15
    ch2 = 31
    ch3 = 15
    ch4 = 47
    ch5 = -1
    bias = -47
    final_acc = 91
FILTER 14 window @(5,5) conv_valid=111111
    ch0 = 47
    ch1 = 15
    ch2 = 15
    ch3 = 15
    ch4 = -1
    ch5 = 15
    bias = -54
    final_acc = 52
FILTER 15 window @(5,5) conv_valid=111111
    ch0 = 31
    ch1 = 31
    ch2 = 15
    ch3 = 31
    ch4 = 15
    ch5 = 15
    bias = -13
    final_acc = 125
CONV2 OUTPUT @(5,3)
    out0 = 127
    out1 = 41
    out2 = 127
    out3 = 0
    out4 = 58
    out5 = 40
    out6 = 41
    out7 = 127
    out8 = 127
    out9 = 95
    out10 = 127
    out11 = 85
    out12 = 65
    out13 = 91
    out14 = 52
    out15 = 125
    packed data_out = 7d345b41557f5f7f7f29283a007f297f
CONV2 OUTPUT @(6,3)
    out0 = 127
    out1 = 41
    out2 = 127
    out3 = 0
    out4 = 58
    out5 = 40
    out6 = 41
    out7 = 127
    out8 = 127
    out9 = 95
    out10 = 127
    out11 = 85
    out12 = 65
    out13 = 91
    out14 = 52
    out15 = 125
    packed data_out = 7d345b41557f5f7f7f29283a007f297f
FILTER 0 window @(10,5) conv_valid=111111
  WINDOW ch0 data:
      0  15  31  31   0
      0  15  31  31   0
      0  31  31  31   0
     15  47  31  31   0
     31  47  31  15   0
  WEIGHTS f0_ch0:
    -12 -12  37 -31   8
      8  28   2 -19 -36
      9 -18  23  12 -25
     44 -16 -26 -48 -34
     26  15 -10 -21 -24
    ch0 = 47
    ch1 = 15
    ch2 = 47
    ch3 = 15
    ch4 = 15
    ch5 = 15
    bias = 46
    final_acc = 200
FILTER 1 window @(10,5) conv_valid=111111
    ch0 = -1
    ch1 = 15
    ch2 = 31
    ch3 = 31
    ch4 = 15
    ch5 = 47
    bias = -113
    final_acc = 25
FILTER 2 window @(10,5) conv_valid=111111
    ch0 = 15
    ch1 = 15
    ch2 = 15
    ch3 = -1
    ch4 = 63
    ch5 = 31
    bias = -9
    final_acc = 129
FILTER 3 window @(10,5) conv_valid=111111
    ch0 = 47
    ch1 = 15
    ch2 = 15
    ch3 = 15
    ch4 = -1
    ch5 = 15
    bias = -127
    final_acc = -21
FILTER 4 window @(10,5) conv_valid=111111
    ch0 = 15
    ch1 = 31
    ch2 = -1
    ch3 = -1
    ch4 = 47
    ch5 = 63
    bias = -112
    final_acc = 42
FILTER 5 window @(10,5) conv_valid=111111
    ch0 = 47
    ch1 = 31
    ch2 = -1
    ch3 = 15
    ch4 = 63
    ch5 = 15
    bias = -98
    final_acc = 72
FILTER 6 window @(10,5) conv_valid=111111
    ch0 = 47
    ch1 = 31
    ch2 = 15
    ch3 = 47
    ch4 = 15
    ch5 = 63
    bias = -97
    final_acc = 121
FILTER 7 window @(10,5) conv_valid=111111
    ch0 = 15
    ch1 = 47
    ch2 = 47
    ch3 = 47
    ch4 = 47
    ch5 = 47
    bias = 41
    final_acc = 291
FILTER 8 window @(10,5) conv_valid=111111
    ch0 = 47
    ch1 = 47
    ch2 = 47
    ch3 = 47
    ch4 = 63
    ch5 = 63
    bias = 50
    final_acc = 364
FILTER 9 window @(10,5) conv_valid=111111
    ch0 = 31
    ch1 = 31
    ch2 = 31
    ch3 = 15
    ch4 = 15
    ch5 = 15
    bias = -43
    final_acc = 95
FILTER 10 window @(10,5) conv_valid=111111
    ch0 = -1
    ch1 = 31
    ch2 = 31
    ch3 = -1
    ch4 = 47
    ch5 = 63
    bias = -17
    final_acc = 153
FILTER 11 window @(10,5) conv_valid=111111
    ch0 = 47
    ch1 = 31
    ch2 = -1
    ch3 = -1
    ch4 = 31
    ch5 = 31
    bias = -21
    final_acc = 117
FILTER 12 window @(10,5) conv_valid=111111
    ch0 = 47
    ch1 = 31
    ch2 = 15
    ch3 = 31
    ch4 = 15
    ch5 = 15
    bias = -57
    final_acc = 97
FILTER 13 window @(10,5) conv_valid=111111
    ch0 = 31
    ch1 = -1
    ch2 = 47
    ch3 = 47
    ch4 = 47
    ch5 = 15
    bias = -47
    final_acc = 139
FILTER 14 window @(10,5) conv_valid=111111
    ch0 = 31
    ch1 = 15
    ch2 = 15
    ch3 = 15
    ch4 = 15
    ch5 = 31
    bias = -54
    final_acc = 68
FILTER 15 window @(10,5) conv_valid=111111
    ch0 = -1
    ch1 = 31
    ch2 = 15
    ch3 = 47
    ch4 = 15
    ch5 = 47
    bias = -13
    final_acc = 141
FILTER 0 window @(11,6) conv_valid=111111
  WINDOW ch0 data:
     15  31  31   0   0
     15  31  31   0   0
     31  31  31   0   0
     47  31  31   0   0
     47  31  15   0   0
  WEIGHTS f0_ch0:
    -12 -12  37 -31   8
      8  28   2 -19 -36
      9 -18  23  12 -25
     44 -16 -26 -48 -34
     26  15 -10 -21 -24
    ch0 = 47
    ch1 = 15
    ch2 = 63
    ch3 = 31
    ch4 = 31
    ch5 = 31
    bias = 46
    final_acc = 264
FILTER 1 window @(11,6) conv_valid=111111
    ch0 = 15
    ch1 = 31
    ch2 = 47
    ch3 = 47
    ch4 = 15
    ch5 = 31
    bias = -113
    final_acc = 73
FILTER 2 window @(11,6) conv_valid=111111
    ch0 = 15
    ch1 = 31
    ch2 = 31
    ch3 = 15
    ch4 = 63
    ch5 = 15
    bias = -9
    final_acc = 161
FILTER 3 window @(11,6) conv_valid=111111
    ch0 = 63
    ch1 = 31
    ch2 = 15
    ch3 = 15
    ch4 = -1
    ch5 = 31
    bias = -127
    final_acc = 27
FILTER 4 window @(11,6) conv_valid=111111
    ch0 = 15
    ch1 = 47
    ch2 = 15
    ch3 = 15
    ch4 = 31
    ch5 = 63
    bias = -112
    final_acc = 74
FILTER 5 window @(11,6) conv_valid=111111
    ch0 = 47
    ch1 = 63
    ch2 = 15
    ch3 = 15
    ch4 = 63
    ch5 = 15
    bias = -98
    final_acc = 120
FILTER 6 window @(11,6) conv_valid=111111
    ch0 = 47
    ch1 = 63
    ch2 = 15
    ch3 = 47
    ch4 = 15
    ch5 = 63
    bias = -97
    final_acc = 153
FILTER 7 window @(11,6) conv_valid=111111
    ch0 = 15
    ch1 = 47
    ch2 = 47
    ch3 = 47
    ch4 = 47
    ch5 = 63
    bias = 41
    final_acc = 307
FILTER 8 window @(11,6) conv_valid=111111
    ch0 = 63
    ch1 = 47
    ch2 = 63
    ch3 = 63
    ch4 = 47
    ch5 = 63
    bias = 50
    final_acc = 396
FILTER 9 window @(11,6) conv_valid=111111
    ch0 = 47
    ch1 = 15
    ch2 = 47
    ch3 = 31
    ch4 = 31
    ch5 = -1
    bias = -43
    final_acc = 127
FILTER 10 window @(11,6) conv_valid=111111
    ch0 = -1
    ch1 = 47
    ch2 = 47
    ch3 = 15
    ch4 = 47
    ch5 = 63
    bias = -17
    final_acc = 201
FILTER 11 window @(11,6) conv_valid=111111
    ch0 = 63
    ch1 = 47
    ch2 = 15
    ch3 = -1
    ch4 = 31
    ch5 = 31
    bias = -21
    final_acc = 165
FILTER 12 window @(11,6) conv_valid=111111
    ch0 = 63
    ch1 = 63
    ch2 = 15
    ch3 = 31
    ch4 = -1
    ch5 = 15
    bias = -57
    final_acc = 129
FILTER 13 window @(11,6) conv_valid=111111
    ch0 = 47
    ch1 = 31
    ch2 = 47
    ch3 = 47
    ch4 = 47
    ch5 = 15
    bias = -47
    final_acc = 187
FILTER 14 window @(11,6) conv_valid=111111
    ch0 = 47
    ch1 = 31
    ch2 = 31
    ch3 = 15
    ch4 = 15
    ch5 = 31
    bias = -54
    final_acc = 116
FILTER 15 window @(11,6) conv_valid=111111
    ch0 = 15
    ch1 = 47
    ch2 = 15
    ch3 = 47
    ch4 = -1
    ch5 = 31
    bias = -13
    final_acc = 141
CONV2 OUTPUT @(7,3)
    out0 = 127
    out1 = 41
    out2 = 127
    out3 = 0
    out4 = 58
    out5 = 40
    out6 = 41
    out7 = 127
    out8 = 127
    out9 = 95
    out10 = 127
    out11 = 85
    out12 = 65
    out13 = 91
    out14 = 52
    out15 = 125
    packed data_out = 7d345b41557f5f7f7f29283a007f297f
FILTER 0 window @(0,6) conv_valid=111111
  WINDOW ch0 data:
     15  31  31   0   0
     15  31  31   0   0
     31  31  31   0   0
     47  31  31   0   0
     47  31  15   0   0
  WEIGHTS f0_ch0:
    -12 -12  37 -31   8
      8  28   2 -19 -36
      9 -18  23  12 -25
     44 -16 -26 -48 -34
     26  15 -10 -21 -24
    ch0 = 31
    ch1 = 31
    ch2 = 63
    ch3 = 15
    ch4 = 31
    ch5 = 31
    bias = 46
    final_acc = 248
FILTER 1 window @(0,6) conv_valid=111111
    ch0 = 31
    ch1 = 31
    ch2 = 47
    ch3 = 47
    ch4 = -1
    ch5 = 31
    bias = -113
    final_acc = 73
FILTER 2 window @(0,6) conv_valid=111111
    ch0 = 15
    ch1 = 31
    ch2 = 47
    ch3 = 15
    ch4 = 63
    ch5 = 15
    bias = -9
    final_acc = 177
FILTER 3 window @(0,6) conv_valid=111111
    ch0 = 47
    ch1 = 31
    ch2 = 31
    ch3 = 15
    ch4 = -1
    ch5 = 31
    bias = -127
    final_acc = 27
FILTER 4 window @(0,6) conv_valid=111111
    ch0 = 31
    ch1 = 47
    ch2 = 15
    ch3 = 31
    ch4 = 31
    ch5 = 63
    bias = -112
    final_acc = 106
FILTER 5 window @(0,6) conv_valid=111111
    ch0 = 31
    ch1 = 47
    ch2 = 31
    ch3 = -1
    ch4 = 63
    ch5 = 15
    bias = -98
    final_acc = 88
FILTER 6 window @(0,6) conv_valid=111111
    ch0 = 31
    ch1 = 47
    ch2 = 31
    ch3 = 47
    ch4 = 15
    ch5 = 63
    bias = -97
    final_acc = 137
FILTER 7 window @(0,6) conv_valid=111111
    ch0 = -1
    ch1 = 47
    ch2 = 31
    ch3 = 31
    ch4 = 31
    ch5 = 47
    bias = 41
    final_acc = 227
FILTER 8 window @(0,6) conv_valid=111111
    ch0 = 63
    ch1 = 47
    ch2 = 63
    ch3 = 63
    ch4 = 47
    ch5 = 63
    bias = 50
    final_acc = 396
FILTER 9 window @(0,6) conv_valid=111111
    ch0 = 63
    ch1 = 31
    ch2 = 31
    ch3 = 15
    ch4 = 15
    ch5 = 15
    bias = -43
    final_acc = 127
FILTER 10 window @(0,6) conv_valid=111111
    ch0 = 15
    ch1 = 47
    ch2 = 63
    ch3 = 31
    ch4 = 31
    ch5 = 63
    bias = -17
    final_acc = 233
FILTER 11 window @(0,6) conv_valid=111111
    ch0 = 63
    ch1 = 47
    ch2 = 15
    ch3 = -1
    ch4 = 15
    ch5 = 15
    bias = -21
    final_acc = 133
FILTER 12 window @(0,6) conv_valid=111111
    ch0 = 63
    ch1 = 47
    ch2 = 15
    ch3 = 31
    ch4 = 15
    ch5 = -1
    bias = -57
    final_acc = 113
FILTER 13 window @(0,6) conv_valid=111111
    ch0 = 47
    ch1 = 15
    ch2 = 47
    ch3 = 31
    ch4 = 47
    ch5 = -1
    bias = -47
    final_acc = 139
FILTER 14 window @(0,6) conv_valid=111111
    ch0 = 47
    ch1 = 15
    ch2 = 15
    ch3 = 15
    ch4 = 15
    ch5 = 31
    bias = -54
    final_acc = 84
FILTER 15 window @(0,6) conv_valid=111111
    ch0 = 31
    ch1 = 47
    ch2 = 15
    ch3 = 47
    ch4 = 15
    ch5 = 31
    bias = -13
    final_acc = 173
CONV2 OUTPUT @(0,4)
    out0 = 127
    out1 = 25
    out2 = 127
    out3 = 0
    out4 = 42
    out5 = 72
    out6 = 121
    out7 = 127
    out8 = 127
    out9 = 95
    out10 = 127
    out11 = 117
    out12 = 97
    out13 = 127
    out14 = 68
    out15 = 127
    packed data_out = 7d345b41557f5f7f7f29283a007f297f
FILTER 0 window @(1,6) conv_valid=111111
  WINDOW ch0 data:
     15  31  31   0   0
     15  31  31   0   0
     31  31  31   0   0
     47  31  31   0   0
     47  31  15   0   0
  WEIGHTS f0_ch0:
    -12 -12  37 -31   8
      8  28   2 -19 -36
      9 -18  23  12 -25
     44 -16 -26 -48 -34
     26  15 -10 -21 -24
    ch0 = 15
    ch1 = 31
    ch2 = 47
    ch3 = 15
    ch4 = 15
    ch5 = 31
    bias = 46
    final_acc = 200
FILTER 1 window @(1,6) conv_valid=111111
    ch0 = 31
    ch1 = 31
    ch2 = 31
    ch3 = 31
    ch4 = -1
    ch5 = 31
    bias = -113
    final_acc = 41
FILTER 2 window @(1,6) conv_valid=111111
    ch0 = 15
    ch1 = 31
    ch2 = 47
    ch3 = 15
    ch4 = 47
    ch5 = 15
    bias = -9
    final_acc = 161
FILTER 3 window @(1,6) conv_valid=111111
    ch0 = 31
    ch1 = 31
    ch2 = 15
    ch3 = 15
    ch4 = -1
    ch5 = 31
    bias = -127
    final_acc = -5
FILTER 4 window @(1,6) conv_valid=111111
    ch0 = 15
    ch1 = 31
    ch2 = 15
    ch3 = 31
    ch4 = 31
    ch5 = 47
    bias = -112
    final_acc = 58
FILTER 5 window @(1,6) conv_valid=111111
    ch0 = 15
    ch1 = 31
    ch2 = 31
    ch3 = -1
    ch4 = 47
    ch5 = 15
    bias = -98
    final_acc = 40
FILTER 6 window @(1,6) conv_valid=111111
    ch0 = 15
    ch1 = 31
    ch2 = 15
    ch3 = 31
    ch4 = -1
    ch5 = 47
    bias = -97
    final_acc = 41
FILTER 7 window @(1,6) conv_valid=111111
    ch0 = -1
    ch1 = 31
    ch2 = 15
    ch3 = 15
    ch4 = 15
    ch5 = 31
    bias = 41
    final_acc = 147
FILTER 8 window @(1,6) conv_valid=111111
    ch0 = 47
    ch1 = 31
    ch2 = 47
    ch3 = 47
    ch4 = 31
    ch5 = 47
    bias = 50
    final_acc = 300
FILTER 9 window @(1,6) conv_valid=111111
    ch0 = 47
    ch1 = 31
    ch2 = 15
    ch3 = 15
    ch4 = 15
    ch5 = 15
    bias = -43
    final_acc = 95
FILTER 10 window @(1,6) conv_valid=111111
    ch0 = 15
    ch1 = 31
    ch2 = 47
    ch3 = 31
    ch4 = 15
    ch5 = 47
    bias = -17
    final_acc = 169
FILTER 11 window @(1,6) conv_valid=111111
    ch0 = 47
    ch1 = 31
    ch2 = 15
    ch3 = -1
    ch4 = 15
    ch5 = -1
    bias = -21
    final_acc = 85
FILTER 12 window @(1,6) conv_valid=111111
    ch0 = 47
    ch1 = 31
    ch2 = 15
    ch3 = 15
    ch4 = 15
    ch5 = -1
    bias = -57
    final_acc = 65
FILTER 13 window @(1,6) conv_valid=111111
    ch0 = 31
    ch1 = 15
    ch2 = 31
    ch3 = 15
    ch4 = 47
    ch5 = -1
    bias = -47
    final_acc = 91
FILTER 14 window @(1,6) conv_valid=111111
    ch0 = 47
    ch1 = 15
    ch2 = 15
    ch3 = 15
    ch4 = -1
    ch5 = 15
    bias = -54
    final_acc = 52
FILTER 15 window @(1,6) conv_valid=111111
    ch0 = 31
    ch1 = 31
    ch2 = 15
    ch3 = 31
    ch4 = 15
    ch5 = 15
    bias = -13
    final_acc = 125
CONV2 OUTPUT @(1,4)
    out0 = 127
    out1 = 73
    out2 = 127
    out3 = 27
    out4 = 74
    out5 = 120
    out6 = 127
    out7 = 127
    out8 = 127
    out9 = 127
    out10 = 127
    out11 = 127
    out12 = 127
    out13 = 127
    out14 = 116
    out15 = 127
    packed data_out = 7f447f61757f5f7f7f79482a007f197f
FILTER 0 window @(2,6) conv_valid=111111
  WINDOW ch0 data:
     15  31  31   0   0
     15  31  31   0   0
     31  31  31   0   0
     47  31  31   0   0
     47  31  15   0   0
  WEIGHTS f0_ch0:
    -12 -12  37 -31   8
      8  28   2 -19 -36
      9 -18  23  12 -25
     44 -16 -26 -48 -34
     26  15 -10 -21 -24
    ch0 = 15
    ch1 = 31
    ch2 = 47
    ch3 = 15
    ch4 = 15
    ch5 = 31
    bias = 46
    final_acc = 200
FILTER 1 window @(2,6) conv_valid=111111
    ch0 = 31
    ch1 = 31
    ch2 = 31
    ch3 = 31
    ch4 = -1
    ch5 = 31
    bias = -113
    final_acc = 41
FILTER 2 window @(2,6) conv_valid=111111
    ch0 = 15
    ch1 = 31
    ch2 = 47
    ch3 = 15
    ch4 = 47
    ch5 = 15
    bias = -9
    final_acc = 161
FILTER 3 window @(2,6) conv_valid=111111
    ch0 = 31
    ch1 = 31
    ch2 = 15
    ch3 = 15
    ch4 = -1
    ch5 = 31
    bias = -127
    final_acc = -5
FILTER 4 window @(2,6) conv_valid=111111
    ch0 = 15
    ch1 = 31
    ch2 = 15
    ch3 = 31
    ch4 = 31
    ch5 = 47
    bias = -112
    final_acc = 58
FILTER 5 window @(2,6) conv_valid=111111
    ch0 = 15
    ch1 = 31
    ch2 = 31
    ch3 = -1
    ch4 = 47
    ch5 = 15
    bias = -98
    final_acc = 40
FILTER 6 window @(2,6) conv_valid=111111
    ch0 = 15
    ch1 = 31
    ch2 = 15
    ch3 = 31
    ch4 = -1
    ch5 = 47
    bias = -97
    final_acc = 41
FILTER 7 window @(2,6) conv_valid=111111
    ch0 = -1
    ch1 = 31
    ch2 = 15
    ch3 = 15
    ch4 = 15
    ch5 = 31
    bias = 41
    final_acc = 147
FILTER 8 window @(2,6) conv_valid=111111
    ch0 = 47
    ch1 = 31
    ch2 = 47
    ch3 = 47
    ch4 = 31
    ch5 = 47
    bias = 50
    final_acc = 300
FILTER 9 window @(2,6) conv_valid=111111
    ch0 = 47
    ch1 = 31
    ch2 = 15
    ch3 = 15
    ch4 = 15
    ch5 = 15
    bias = -43
    final_acc = 95
FILTER 10 window @(2,6) conv_valid=111111
    ch0 = 15
    ch1 = 31
    ch2 = 47
    ch3 = 31
    ch4 = 15
    ch5 = 47
    bias = -17
    final_acc = 169
FILTER 11 window @(2,6) conv_valid=111111
    ch0 = 47
    ch1 = 31
    ch2 = 15
    ch3 = -1
    ch4 = 15
    ch5 = -1
    bias = -21
    final_acc = 85
FILTER 12 window @(2,6) conv_valid=111111
    ch0 = 47
    ch1 = 31
    ch2 = 15
    ch3 = 15
    ch4 = 15
    ch5 = -1
    bias = -57
    final_acc = 65
FILTER 13 window @(2,6) conv_valid=111111
    ch0 = 31
    ch1 = 15
    ch2 = 31
    ch3 = 15
    ch4 = 47
    ch5 = -1
    bias = -47
    final_acc = 91
FILTER 14 window @(2,6) conv_valid=111111
    ch0 = 47
    ch1 = 15
    ch2 = 15
    ch3 = 15
    ch4 = -1
    ch5 = 15
    bias = -54
    final_acc = 52
FILTER 15 window @(2,6) conv_valid=111111
    ch0 = 31
    ch1 = 31
    ch2 = 15
    ch3 = 31
    ch4 = 15
    ch5 = 15
    bias = -13
    final_acc = 125
CONV2 OUTPUT @(2,4)
    out0 = 127
    out1 = 73
    out2 = 127
    out3 = 27
    out4 = 106
    out5 = 88
    out6 = 127
    out7 = 127
    out8 = 127
    out9 = 127
    out10 = 127
    out11 = 127
    out12 = 113
    out13 = 127
    out14 = 84
    out15 = 127
    packed data_out = 7f747f7f7f7f7f7f7f7f784a1b7f497f
FILTER 0 window @(3,6) conv_valid=111111
  WINDOW ch0 data:
     15  31  31   0   0
     15  31  31   0   0
     31  31  31   0   0
     47  31  31   0   0
     47  31  15   0   0
  WEIGHTS f0_ch0:
    -12 -12  37 -31   8
      8  28   2 -19 -36
      9 -18  23  12 -25
     44 -16 -26 -48 -34
     26  15 -10 -21 -24
    ch0 = 15
    ch1 = 31
    ch2 = 47
    ch3 = 15
    ch4 = 15
    ch5 = 31
    bias = 46
    final_acc = 200
FILTER 1 window @(3,6) conv_valid=111111
    ch0 = 31
    ch1 = 31
    ch2 = 31
    ch3 = 31
    ch4 = -1
    ch5 = 31
    bias = -113
    final_acc = 41
FILTER 2 window @(3,6) conv_valid=111111
    ch0 = 15
    ch1 = 31
    ch2 = 47
    ch3 = 15
    ch4 = 47
    ch5 = 15
    bias = -9
    final_acc = 161
FILTER 3 window @(3,6) conv_valid=111111
    ch0 = 31
    ch1 = 31
    ch2 = 15
    ch3 = 15
    ch4 = -1
    ch5 = 31
    bias = -127
    final_acc = -5
FILTER 4 window @(3,6) conv_valid=111111
    ch0 = 15
    ch1 = 31
    ch2 = 15
    ch3 = 31
    ch4 = 31
    ch5 = 47
    bias = -112
    final_acc = 58
FILTER 5 window @(3,6) conv_valid=111111
    ch0 = 15
    ch1 = 31
    ch2 = 31
    ch3 = -1
    ch4 = 47
    ch5 = 15
    bias = -98
    final_acc = 40
FILTER 6 window @(3,6) conv_valid=111111
    ch0 = 15
    ch1 = 31
    ch2 = 15
    ch3 = 31
    ch4 = -1
    ch5 = 47
    bias = -97
    final_acc = 41
FILTER 7 window @(3,6) conv_valid=111111
    ch0 = -1
    ch1 = 31
    ch2 = 15
    ch3 = 15
    ch4 = 15
    ch5 = 31
    bias = 41
    final_acc = 147
FILTER 8 window @(3,6) conv_valid=111111
    ch0 = 47
    ch1 = 31
    ch2 = 47
    ch3 = 47
    ch4 = 31
    ch5 = 47
    bias = 50
    final_acc = 300
FILTER 9 window @(3,6) conv_valid=111111
    ch0 = 47
    ch1 = 31
    ch2 = 15
    ch3 = 15
    ch4 = 15
    ch5 = 15
    bias = -43
    final_acc = 95
FILTER 10 window @(3,6) conv_valid=111111
    ch0 = 15
    ch1 = 31
    ch2 = 47
    ch3 = 31
    ch4 = 15
    ch5 = 47
    bias = -17
    final_acc = 169
FILTER 11 window @(3,6) conv_valid=111111
    ch0 = 47
    ch1 = 31
    ch2 = 15
    ch3 = -1
    ch4 = 15
    ch5 = -1
    bias = -21
    final_acc = 85
FILTER 12 window @(3,6) conv_valid=111111
    ch0 = 47
    ch1 = 31
    ch2 = 15
    ch3 = 15
    ch4 = 15
    ch5 = -1
    bias = -57
    final_acc = 65
FILTER 13 window @(3,6) conv_valid=111111
    ch0 = 31
    ch1 = 15
    ch2 = 31
    ch3 = 15
    ch4 = 47
    ch5 = -1
    bias = -47
    final_acc = 91
FILTER 14 window @(3,6) conv_valid=111111
    ch0 = 47
    ch1 = 15
    ch2 = 15
    ch3 = 15
    ch4 = -1
    ch5 = 15
    bias = -54
    final_acc = 52
FILTER 15 window @(3,6) conv_valid=111111
    ch0 = 31
    ch1 = 31
    ch2 = 15
    ch3 = 31
    ch4 = 15
    ch5 = 15
    bias = -13
    final_acc = 125
CONV2 OUTPUT @(3,4)
    out0 = 127
    out1 = 41
    out2 = 127
    out3 = 0
    out4 = 58
    out5 = 40
    out6 = 41
    out7 = 127
    out8 = 127
    out9 = 95
    out10 = 127
    out11 = 85
    out12 = 65
    out13 = 91
    out14 = 52
    out15 = 125
    packed data_out = 7f547f717f7f7f7f7f7f586a1b7f497f
FILTER 0 window @(4,6) conv_valid=111111
  WINDOW ch0 data:
      0   0  31  31  31
      0   0  31  31  31
      0  31  47  31   0
      0  31  47  31   0
      0  15  31  31  15
  WEIGHTS f0_ch0:
    -12 -12  37 -31   8
      8  28   2 -19 -36
      9 -18  23  12 -25
     44 -16 -26 -48 -34
     26  15 -10 -21 -24
    ch0 = 15
    ch1 = 31
    ch2 = 47
    ch3 = 15
    ch4 = 15
    ch5 = 31
    bias = 46
    final_acc = 200
FILTER 1 window @(4,6) conv_valid=111111
    ch0 = 31
    ch1 = 31
    ch2 = 31
    ch3 = 31
    ch4 = -1
    ch5 = 31
    bias = -113
    final_acc = 41
FILTER 2 window @(4,6) conv_valid=111111
    ch0 = 15
    ch1 = 31
    ch2 = 47
    ch3 = 15
    ch4 = 47
    ch5 = 15
    bias = -9
    final_acc = 161
FILTER 3 window @(4,6) conv_valid=111111
    ch0 = 31
    ch1 = 31
    ch2 = 15
    ch3 = 15
    ch4 = -1
    ch5 = 31
    bias = -127
    final_acc = -5
FILTER 4 window @(4,6) conv_valid=111111
    ch0 = 15
    ch1 = 31
    ch2 = 15
    ch3 = 31
    ch4 = 31
    ch5 = 47
    bias = -112
    final_acc = 58
FILTER 5 window @(4,6) conv_valid=111111
    ch0 = 15
    ch1 = 31
    ch2 = 31
    ch3 = -1
    ch4 = 47
    ch5 = 15
    bias = -98
    final_acc = 40
FILTER 6 window @(4,6) conv_valid=111111
    ch0 = 15
    ch1 = 31
    ch2 = 15
    ch3 = 31
    ch4 = -1
    ch5 = 47
    bias = -97
    final_acc = 41
FILTER 7 window @(4,6) conv_valid=111111
    ch0 = -1
    ch1 = 31
    ch2 = 15
    ch3 = 15
    ch4 = 15
    ch5 = 31
    bias = 41
    final_acc = 147
FILTER 8 window @(4,6) conv_valid=111111
    ch0 = 47
    ch1 = 31
    ch2 = 47
    ch3 = 47
    ch4 = 31
    ch5 = 47
    bias = 50
    final_acc = 300
FILTER 9 window @(4,6) conv_valid=111111
    ch0 = 47
    ch1 = 31
    ch2 = 15
    ch3 = 15
    ch4 = 15
    ch5 = 15
    bias = -43
    final_acc = 95
FILTER 10 window @(4,6) conv_valid=111111
    ch0 = 15
    ch1 = 31
    ch2 = 47
    ch3 = 31
    ch4 = 15
    ch5 = 47
    bias = -17
    final_acc = 169
FILTER 11 window @(4,6) conv_valid=111111
    ch0 = 47
    ch1 = 31
    ch2 = 15
    ch3 = -1
    ch4 = 15
    ch5 = -1
    bias = -21
    final_acc = 85
FILTER 12 window @(4,6) conv_valid=111111
    ch0 = 47
    ch1 = 31
    ch2 = 15
    ch3 = 15
    ch4 = 15
    ch5 = -1
    bias = -57
    final_acc = 65
FILTER 13 window @(4,6) conv_valid=111111
    ch0 = 31
    ch1 = 15
    ch2 = 31
    ch3 = 15
    ch4 = 47
    ch5 = -1
    bias = -47
    final_acc = 91
FILTER 14 window @(4,6) conv_valid=111111
    ch0 = 47
    ch1 = 15
    ch2 = 15
    ch3 = 15
    ch4 = -1
    ch5 = 15
    bias = -54
    final_acc = 52
FILTER 15 window @(4,6) conv_valid=111111
    ch0 = 31
    ch1 = 31
    ch2 = 15
    ch3 = 31
    ch4 = 15
    ch5 = 15
    bias = -13
    final_acc = 125
CONV2 OUTPUT @(4,4)
    out0 = 127
    out1 = 41
    out2 = 127
    out3 = 0
    out4 = 58
    out5 = 40
    out6 = 41
    out7 = 127
    out8 = 127
    out9 = 95
    out10 = 127
    out11 = 85
    out12 = 65
    out13 = 91
    out14 = 52
    out15 = 125
    packed data_out = 7d345b41557f5f7f7f29283a007f297f
FILTER 0 window @(5,6) conv_valid=111111
  WINDOW ch0 data:
      0  31  31  31  15
      0  31  31  31   0
     31  47  31   0   0
     31  47  31   0   0
     15  31  31  47  15
  WEIGHTS f0_ch0:
    -12 -12  37 -31   8
      8  28   2 -19 -36
      9 -18  23  12 -25
     44 -16 -26 -48 -34
     26  15 -10 -21 -24
    ch0 = 15
    ch1 = 31
    ch2 = 47
    ch3 = 15
    ch4 = 15
    ch5 = 31
    bias = 46
    final_acc = 200
FILTER 1 window @(5,6) conv_valid=111111
    ch0 = 31
    ch1 = 31
    ch2 = 31
    ch3 = 31
    ch4 = -1
    ch5 = 31
    bias = -113
    final_acc = 41
FILTER 2 window @(5,6) conv_valid=111111
    ch0 = 15
    ch1 = 31
    ch2 = 47
    ch3 = 15
    ch4 = 47
    ch5 = 15
    bias = -9
    final_acc = 161
FILTER 3 window @(5,6) conv_valid=111111
    ch0 = 31
    ch1 = 31
    ch2 = 15
    ch3 = 15
    ch4 = -1
    ch5 = 31
    bias = -127
    final_acc = -5
FILTER 4 window @(5,6) conv_valid=111111
    ch0 = 15
    ch1 = 31
    ch2 = 15
    ch3 = 31
    ch4 = 31
    ch5 = 47
    bias = -112
    final_acc = 58
FILTER 5 window @(5,6) conv_valid=111111
    ch0 = 15
    ch1 = 31
    ch2 = 31
    ch3 = -1
    ch4 = 47
    ch5 = 15
    bias = -98
    final_acc = 40
FILTER 6 window @(5,6) conv_valid=111111
    ch0 = 15
    ch1 = 31
    ch2 = 15
    ch3 = 31
    ch4 = -1
    ch5 = 47
    bias = -97
    final_acc = 41
FILTER 7 window @(5,6) conv_valid=111111
    ch0 = -1
    ch1 = 31
    ch2 = 15
    ch3 = 15
    ch4 = 15
    ch5 = 31
    bias = 41
    final_acc = 147
FILTER 8 window @(5,6) conv_valid=111111
    ch0 = 47
    ch1 = 31
    ch2 = 47
    ch3 = 47
    ch4 = 31
    ch5 = 47
    bias = 50
    final_acc = 300
FILTER 9 window @(5,6) conv_valid=111111
    ch0 = 47
    ch1 = 31
    ch2 = 15
    ch3 = 15
    ch4 = 15
    ch5 = 15
    bias = -43
    final_acc = 95
FILTER 10 window @(5,6) conv_valid=111111
    ch0 = 15
    ch1 = 31
    ch2 = 47
    ch3 = 31
    ch4 = 15
    ch5 = 47
    bias = -17
    final_acc = 169
FILTER 11 window @(5,6) conv_valid=111111
    ch0 = 47
    ch1 = 31
    ch2 = 15
    ch3 = -1
    ch4 = 15
    ch5 = -1
    bias = -21
    final_acc = 85
FILTER 12 window @(5,6) conv_valid=111111
    ch0 = 47
    ch1 = 31
    ch2 = 15
    ch3 = 15
    ch4 = 15
    ch5 = -1
    bias = -57
    final_acc = 65
FILTER 13 window @(5,6) conv_valid=111111
    ch0 = 31
    ch1 = 15
    ch2 = 31
    ch3 = 15
    ch4 = 47
    ch5 = -1
    bias = -47
    final_acc = 91
FILTER 14 window @(5,6) conv_valid=111111
    ch0 = 47
    ch1 = 15
    ch2 = 15
    ch3 = 15
    ch4 = -1
    ch5 = 15
    bias = -54
    final_acc = 52
FILTER 15 window @(5,6) conv_valid=111111
    ch0 = 31
    ch1 = 31
    ch2 = 15
    ch3 = 31
    ch4 = 15
    ch5 = 15
    bias = -13
    final_acc = 125
CONV2 OUTPUT @(5,4)
    out0 = 127
    out1 = 41
    out2 = 127
    out3 = 0
    out4 = 58
    out5 = 40
    out6 = 41
    out7 = 127
    out8 = 127
    out9 = 95
    out10 = 127
    out11 = 85
    out12 = 65
    out13 = 91
    out14 = 52
    out15 = 125
    packed data_out = 7d345b41557f5f7f7f29283a007f297f
CONV2 OUTPUT @(6,4)
    out0 = 127
    out1 = 41
    out2 = 127
    out3 = 0
    out4 = 58
    out5 = 40
    out6 = 41
    out7 = 127
    out8 = 127
    out9 = 95
    out10 = 127
    out11 = 85
    out12 = 65
    out13 = 91
    out14 = 52
    out15 = 125
    packed data_out = 7d345b41557f5f7f7f29283a007f297f
FILTER 0 window @(10,6) conv_valid=111111
  WINDOW ch0 data:
      0  15  31  31   0
      0  31  31  31   0
     15  47  31  31   0
     31  47  31  15   0
     47  47  31   0   0
  WEIGHTS f0_ch0:
    -12 -12  37 -31   8
      8  28   2 -19 -36
      9 -18  23  12 -25
     44 -16 -26 -48 -34
     26  15 -10 -21 -24
    ch0 = 47
    ch1 = 31
    ch2 = 79
    ch3 = 31
    ch4 = 31
    ch5 = 31
    bias = 46
    final_acc = 296
FILTER 1 window @(10,6) conv_valid=111111
    ch0 = 31
    ch1 = 47
    ch2 = 47
    ch3 = 47
    ch4 = 15
    ch5 = 47
    bias = -113
    final_acc = 121
FILTER 2 window @(10,6) conv_valid=111111
    ch0 = 15
    ch1 = 31
    ch2 = 47
    ch3 = 15
    ch4 = 79
    ch5 = 31
    bias = -9
    final_acc = 209
FILTER 3 window @(10,6) conv_valid=111111
    ch0 = 63
    ch1 = 31
    ch2 = 31
    ch3 = 31
    ch4 = -1
    ch5 = 31
    bias = -127
    final_acc = 59
FILTER 4 window @(10,6) conv_valid=111111
    ch0 = 31
    ch1 = 63
    ch2 = 15
    ch3 = 31
    ch4 = 47
    ch5 = 79
    bias = -112
    final_acc = 154
FILTER 5 window @(10,6) conv_valid=111111
    ch0 = 47
    ch1 = 63
    ch2 = 31
    ch3 = 15
    ch4 = 79
    ch5 = 15
    bias = -98
    final_acc = 152
FILTER 6 window @(10,6) conv_valid=111111
    ch0 = 47
    ch1 = 63
    ch2 = 31
    ch3 = 63
    ch4 = 15
    ch5 = 79
    bias = -97
    final_acc = 201
FILTER 7 window @(10,6) conv_valid=111111
    ch0 = 15
    ch1 = 63
    ch2 = 47
    ch3 = 47
    ch4 = 47
    ch5 = 63
    bias = 41
    final_acc = 323
FILTER 8 window @(10,6) conv_valid=111111
    ch0 = 79
    ch1 = 63
    ch2 = 79
    ch3 = 79
    ch4 = 63
    ch5 = 79
    bias = 50
    final_acc = 492
FILTER 9 window @(10,6) conv_valid=111111
    ch0 = 63
    ch1 = 31
    ch2 = 47
    ch3 = 31
    ch4 = 31
    ch5 = 15
    bias = -43
    final_acc = 175
FILTER 10 window @(10,6) conv_valid=111111
    ch0 = 15
    ch1 = 63
    ch2 = 63
    ch3 = 31
    ch4 = 47
    ch5 = 79
    bias = -17
    final_acc = 281
FILTER 11 window @(10,6) conv_valid=111111
    ch0 = 79
    ch1 = 63
    ch2 = 15
    ch3 = -1
    ch4 = 31
    ch5 = 31
    bias = -21
    final_acc = 197
FILTER 12 window @(10,6) conv_valid=111111
    ch0 = 79
    ch1 = 63
    ch2 = 31
    ch3 = 47
    ch4 = 15
    ch5 = 15
    bias = -57
    final_acc = 193
FILTER 13 window @(10,6) conv_valid=111111
    ch0 = 47
    ch1 = 31
    ch2 = 63
    ch3 = 47
    ch4 = 63
    ch5 = 15
    bias = -47
    final_acc = 219
FILTER 14 window @(10,6) conv_valid=111111
    ch0 = 63
    ch1 = 31
    ch2 = 31
    ch3 = 31
    ch4 = 15
    ch5 = 31
    bias = -54
    final_acc = 148
FILTER 15 window @(10,6) conv_valid=111111
    ch0 = 31
    ch1 = 63
    ch2 = 15
    ch3 = 63
    ch4 = 15
    ch5 = 47
    bias = -13
    final_acc = 221
FILTER 0 window @(11,7) conv_valid=111111
  WINDOW ch0 data:
     15  31  31   0   0
     31  31  31   0   0
     47  31  31   0   0
     47  31  15   0   0
     47  31   0   0   0
  WEIGHTS f0_ch0:
    -12 -12  37 -31   8
      8  28   2 -19 -36
      9 -18  23  12 -25
     44 -16 -26 -48 -34
     26  15 -10 -21 -24
    ch0 = 47
    ch1 = 31
    ch2 = 79
    ch3 = 31
    ch4 = 31
    ch5 = 31
    bias = 46
    final_acc = 296
FILTER 1 window @(11,7) conv_valid=111111
    ch0 = 31
    ch1 = 47
    ch2 = 47
    ch3 = 47
    ch4 = 15
    ch5 = 47
    bias = -113
    final_acc = 121
FILTER 2 window @(11,7) conv_valid=111111
    ch0 = 15
    ch1 = 31
    ch2 = 47
    ch3 = 15
    ch4 = 79
    ch5 = 31
    bias = -9
    final_acc = 209
FILTER 3 window @(11,7) conv_valid=111111
    ch0 = 63
    ch1 = 31
    ch2 = 31
    ch3 = 31
    ch4 = -1
    ch5 = 31
    bias = -127
    final_acc = 59
FILTER 4 window @(11,7) conv_valid=111111
    ch0 = 31
    ch1 = 63
    ch2 = 15
    ch3 = 31
    ch4 = 47
    ch5 = 79
    bias = -112
    final_acc = 154
FILTER 5 window @(11,7) conv_valid=111111
    ch0 = 47
    ch1 = 63
    ch2 = 31
    ch3 = 15
    ch4 = 79
    ch5 = 15
    bias = -98
    final_acc = 152
FILTER 6 window @(11,7) conv_valid=111111
    ch0 = 47
    ch1 = 63
    ch2 = 31
    ch3 = 63
    ch4 = 15
    ch5 = 79
    bias = -97
    final_acc = 201
FILTER 7 window @(11,7) conv_valid=111111
    ch0 = 15
    ch1 = 63
    ch2 = 47
    ch3 = 47
    ch4 = 47
    ch5 = 63
    bias = 41
    final_acc = 323
FILTER 8 window @(11,7) conv_valid=111111
    ch0 = 79
    ch1 = 63
    ch2 = 79
    ch3 = 79
    ch4 = 63
    ch5 = 79
    bias = 50
    final_acc = 492
FILTER 9 window @(11,7) conv_valid=111111
    ch0 = 63
    ch1 = 31
    ch2 = 47
    ch3 = 31
    ch4 = 31
    ch5 = 15
    bias = -43
    final_acc = 175
FILTER 10 window @(11,7) conv_valid=111111
    ch0 = 15
    ch1 = 63
    ch2 = 63
    ch3 = 31
    ch4 = 47
    ch5 = 79
    bias = -17
    final_acc = 281
FILTER 11 window @(11,7) conv_valid=111111
    ch0 = 79
    ch1 = 63
    ch2 = 15
    ch3 = -1
    ch4 = 31
    ch5 = 31
    bias = -21
    final_acc = 197
FILTER 12 window @(11,7) conv_valid=111111
    ch0 = 79
    ch1 = 63
    ch2 = 31
    ch3 = 47
    ch4 = 15
    ch5 = 15
    bias = -57
    final_acc = 193
FILTER 13 window @(11,7) conv_valid=111111
    ch0 = 47
    ch1 = 31
    ch2 = 63
    ch3 = 47
    ch4 = 63
    ch5 = 15
    bias = -47
    final_acc = 219
FILTER 14 window @(11,7) conv_valid=111111
    ch0 = 63
    ch1 = 31
    ch2 = 31
    ch3 = 31
    ch4 = 15
    ch5 = 31
    bias = -54
    final_acc = 148
FILTER 15 window @(11,7) conv_valid=111111
    ch0 = 31
    ch1 = 63
    ch2 = 15
    ch3 = 63
    ch4 = 15
    ch5 = 47
    bias = -13
    final_acc = 221
CONV2 OUTPUT @(7,4)
    out0 = 127
    out1 = 41
    out2 = 127
    out3 = 0
    out4 = 58
    out5 = 40
    out6 = 41
    out7 = 127
    out8 = 127
    out9 = 95
    out10 = 127
    out11 = 85
    out12 = 65
    out13 = 91
    out14 = 52
    out15 = 125
    packed data_out = 7d345b41557f5f7f7f29283a007f297f
FILTER 0 window @(0,7) conv_valid=111111
  WINDOW ch0 data:
     15  31  31   0   0
     31  31  31   0   0
     47  31  31   0   0
     47  31  15   0   0
     47  31   0   0   0
  WEIGHTS f0_ch0:
    -12 -12  37 -31   8
      8  28   2 -19 -36
      9 -18  23  12 -25
     44 -16 -26 -48 -34
     26  15 -10 -21 -24
    ch0 = 15
    ch1 = 31
    ch2 = 47
    ch3 = 15
    ch4 = 31
    ch5 = 31
    bias = 46
    final_acc = 216
FILTER 1 window @(0,7) conv_valid=111111
    ch0 = 31
    ch1 = 47
    ch2 = 31
    ch3 = 31
    ch4 = 15
    ch5 = 47
    bias = -113
    final_acc = 89
FILTER 2 window @(0,7) conv_valid=111111
    ch0 = 15
    ch1 = 31
    ch2 = 47
    ch3 = 15
    ch4 = 79
    ch5 = 31
    bias = -9
    final_acc = 209
FILTER 3 window @(0,7) conv_valid=111111
    ch0 = 31
    ch1 = 31
    ch2 = 15
    ch3 = 15
    ch4 = -1
    ch5 = 31
    bias = -127
    final_acc = -5
FILTER 4 window @(0,7) conv_valid=111111
    ch0 = 15
    ch1 = 63
    ch2 = 15
    ch3 = 31
    ch4 = 47
    ch5 = 79
    bias = -112
    final_acc = 138
FILTER 5 window @(0,7) conv_valid=111111
    ch0 = 15
    ch1 = 63
    ch2 = 31
    ch3 = -1
    ch4 = 79
    ch5 = 15
    bias = -98
    final_acc = 104
FILTER 6 window @(0,7) conv_valid=111111
    ch0 = 15
    ch1 = 63
    ch2 = 15
    ch3 = 31
    ch4 = 15
    ch5 = 79
    bias = -97
    final_acc = 121
FILTER 7 window @(0,7) conv_valid=111111
    ch0 = -1
    ch1 = 63
    ch2 = 15
    ch3 = 15
    ch4 = 47
    ch5 = 63
    bias = 41
    final_acc = 243
FILTER 8 window @(0,7) conv_valid=111111
    ch0 = 47
    ch1 = 63
    ch2 = 47
    ch3 = 47
    ch4 = 63
    ch5 = 79
    bias = 50
    final_acc = 396
FILTER 9 window @(0,7) conv_valid=111111
    ch0 = 47
    ch1 = 31
    ch2 = 15
    ch3 = 15
    ch4 = 31
    ch5 = 15
    bias = -43
    final_acc = 111
FILTER 10 window @(0,7) conv_valid=111111
    ch0 = 15
    ch1 = 63
    ch2 = 47
    ch3 = 31
    ch4 = 47
    ch5 = 79
    bias = -17
    final_acc = 265
FILTER 11 window @(0,7) conv_valid=111111
    ch0 = 47
    ch1 = 63
    ch2 = 15
    ch3 = -1
    ch4 = 31
    ch5 = 31
    bias = -21
    final_acc = 165
FILTER 12 window @(0,7) conv_valid=111111
    ch0 = 47
    ch1 = 63
    ch2 = 15
    ch3 = 15
    ch4 = 15
    ch5 = 15
    bias = -57
    final_acc = 113
FILTER 13 window @(0,7) conv_valid=111111
    ch0 = 31
    ch1 = 31
    ch2 = 31
    ch3 = 15
    ch4 = 63
    ch5 = 15
    bias = -47
    final_acc = 139
FILTER 14 window @(0,7) conv_valid=111111
    ch0 = 47
    ch1 = 31
    ch2 = 15
    ch3 = 15
    ch4 = 15
    ch5 = 31
    bias = -54
    final_acc = 100
FILTER 15 window @(0,7) conv_valid=111111
    ch0 = 31
    ch1 = 63
    ch2 = 15
    ch3 = 31
    ch4 = 15
    ch5 = 47
    bias = -13
    final_acc = 189
CONV2 OUTPUT @(0,5)
    out0 = 127
    out1 = 121
    out2 = 127
    out3 = 59
    out4 = 127
    out5 = 127
    out6 = 127
    out7 = 127
    out8 = 127
    out9 = 127
    out10 = 127
    out11 = 127
    out12 = 127
    out13 = 127
    out14 = 127
    out15 = 127
    packed data_out = 7d345b41557f5f7f7f29283a007f297f
FILTER 0 window @(1,7) conv_valid=111111
  WINDOW ch0 data:
     15  31  31   0   0
     31  31  31   0   0
     47  31  31   0   0
     47  31  15   0   0
     47  31   0   0   0
  WEIGHTS f0_ch0:
    -12 -12  37 -31   8
      8  28   2 -19 -36
      9 -18  23  12 -25
     44 -16 -26 -48 -34
     26  15 -10 -21 -24
    ch0 = -1
    ch1 = 31
    ch2 = 31
    ch3 = 15
    ch4 = 15
    ch5 = 31
    bias = 46
    final_acc = 168
FILTER 1 window @(1,7) conv_valid=111111
    ch0 = 31
    ch1 = 31
    ch2 = 15
    ch3 = 15
    ch4 = -1
    ch5 = 31
    bias = -113
    final_acc = 9
FILTER 2 window @(1,7) conv_valid=111111
    ch0 = -1
    ch1 = 31
    ch2 = 31
    ch3 = 15
    ch4 = 47
    ch5 = 15
    bias = -9
    final_acc = 129
FILTER 3 window @(1,7) conv_valid=111111
    ch0 = 15
    ch1 = 31
    ch2 = 15
    ch3 = 15
    ch4 = -1
    ch5 = 31
    bias = -127
    final_acc = -21
FILTER 4 window @(1,7) conv_valid=111111
    ch0 = 15
    ch1 = 31
    ch2 = 15
    ch3 = 31
    ch4 = 31
    ch5 = 47
    bias = -112
    final_acc = 58
FILTER 5 window @(1,7) conv_valid=111111
    ch0 = -1
    ch1 = 31
    ch2 = 31
    ch3 = -1
    ch4 = 47
    ch5 = 15
    bias = -98
    final_acc = 24
FILTER 6 window @(1,7) conv_valid=111111
    ch0 = -1
    ch1 = 31
    ch2 = 15
    ch3 = 15
    ch4 = -1
    ch5 = 47
    bias = -97
    final_acc = 9
FILTER 7 window @(1,7) conv_valid=111111
    ch0 = -1
    ch1 = 31
    ch2 = -1
    ch3 = -1
    ch4 = 15
    ch5 = 31
    bias = 41
    final_acc = 115
FILTER 8 window @(1,7) conv_valid=111111
    ch0 = 31
    ch1 = 31
    ch2 = 31
    ch3 = 31
    ch4 = 31
    ch5 = 47
    bias = 50
    final_acc = 252
FILTER 9 window @(1,7) conv_valid=111111
    ch0 = 31
    ch1 = 31
    ch2 = 15
    ch3 = 15
    ch4 = 15
    ch5 = 15
    bias = -43
    final_acc = 79
FILTER 10 window @(1,7) conv_valid=111111
    ch0 = 15
    ch1 = 31
    ch2 = 31
    ch3 = 31
    ch4 = 15
    ch5 = 47
    bias = -17
    final_acc = 153
FILTER 11 window @(1,7) conv_valid=111111
    ch0 = 31
    ch1 = 31
    ch2 = 15
    ch3 = -1
    ch4 = 15
    ch5 = -1
    bias = -21
    final_acc = 69
FILTER 12 window @(1,7) conv_valid=111111
    ch0 = 31
    ch1 = 31
    ch2 = 15
    ch3 = 15
    ch4 = 15
    ch5 = -1
    bias = -57
    final_acc = 49
FILTER 13 window @(1,7) conv_valid=111111
    ch0 = 15
    ch1 = 15
    ch2 = 15
    ch3 = -1
    ch4 = 47
    ch5 = -1
    bias = -47
    final_acc = 43
FILTER 14 window @(1,7) conv_valid=111111
    ch0 = 31
    ch1 = 15
    ch2 = 15
    ch3 = 15
    ch4 = -1
    ch5 = 15
    bias = -54
    final_acc = 36
FILTER 15 window @(1,7) conv_valid=111111
    ch0 = 31
    ch1 = 31
    ch2 = -1
    ch3 = 15
    ch4 = 15
    ch5 = 15
    bias = -13
    final_acc = 93
CONV2 OUTPUT @(1,5)
    out0 = 127
    out1 = 121
    out2 = 127
    out3 = 59
    out4 = 127
    out5 = 127
    out6 = 127
    out7 = 127
    out8 = 127
    out9 = 127
    out10 = 127
    out11 = 127
    out12 = 127
    out13 = 127
    out14 = 127
    out15 = 127
    packed data_out = 7f7f7f7f7f7f7f7f7f7f7f7f3b7f797f
FILTER 0 window @(2,7) conv_valid=111111
  WINDOW ch0 data:
     15  31  31   0   0
     31  31  31   0   0
     47  31  31   0   0
     47  31  15   0   0
     47  31   0   0   0
  WEIGHTS f0_ch0:
    -12 -12  37 -31   8
      8  28   2 -19 -36
      9 -18  23  12 -25
     44 -16 -26 -48 -34
     26  15 -10 -21 -24
    ch0 = -1
    ch1 = 31
    ch2 = 31
    ch3 = 15
    ch4 = 15
    ch5 = 31
    bias = 46
    final_acc = 168
FILTER 1 window @(2,7) conv_valid=111111
    ch0 = 31
    ch1 = 31
    ch2 = 15
    ch3 = 15
    ch4 = -1
    ch5 = 31
    bias = -113
    final_acc = 9
FILTER 2 window @(2,7) conv_valid=111111
    ch0 = -1
    ch1 = 31
    ch2 = 31
    ch3 = 15
    ch4 = 47
    ch5 = 15
    bias = -9
    final_acc = 129
FILTER 3 window @(2,7) conv_valid=111111
    ch0 = 15
    ch1 = 31
    ch2 = 15
    ch3 = 15
    ch4 = -1
    ch5 = 31
    bias = -127
    final_acc = -21
FILTER 4 window @(2,7) conv_valid=111111
    ch0 = 15
    ch1 = 31
    ch2 = 15
    ch3 = 31
    ch4 = 31
    ch5 = 47
    bias = -112
    final_acc = 58
FILTER 5 window @(2,7) conv_valid=111111
    ch0 = -1
    ch1 = 31
    ch2 = 31
    ch3 = -1
    ch4 = 47
    ch5 = 15
    bias = -98
    final_acc = 24
FILTER 6 window @(2,7) conv_valid=111111
    ch0 = -1
    ch1 = 31
    ch2 = 15
    ch3 = 15
    ch4 = -1
    ch5 = 47
    bias = -97
    final_acc = 9
FILTER 7 window @(2,7) conv_valid=111111
    ch0 = -1
    ch1 = 31
    ch2 = -1
    ch3 = -1
    ch4 = 15
    ch5 = 31
    bias = 41
    final_acc = 115
FILTER 8 window @(2,7) conv_valid=111111
    ch0 = 31
    ch1 = 31
    ch2 = 31
    ch3 = 31
    ch4 = 31
    ch5 = 47
    bias = 50
    final_acc = 252
FILTER 9 window @(2,7) conv_valid=111111
    ch0 = 31
    ch1 = 31
    ch2 = 15
    ch3 = 15
    ch4 = 15
    ch5 = 15
    bias = -43
    final_acc = 79
FILTER 10 window @(2,7) conv_valid=111111
    ch0 = 15
    ch1 = 31
    ch2 = 31
    ch3 = 31
    ch4 = 15
    ch5 = 47
    bias = -17
    final_acc = 153
FILTER 11 window @(2,7) conv_valid=111111
    ch0 = 31
    ch1 = 31
    ch2 = 15
    ch3 = -1
    ch4 = 15
    ch5 = -1
    bias = -21
    final_acc = 69
FILTER 12 window @(2,7) conv_valid=111111
    ch0 = 31
    ch1 = 31
    ch2 = 15
    ch3 = 15
    ch4 = 15
    ch5 = -1
    bias = -57
    final_acc = 49
FILTER 13 window @(2,7) conv_valid=111111
    ch0 = 15
    ch1 = 15
    ch2 = 15
    ch3 = -1
    ch4 = 47
    ch5 = -1
    bias = -47
    final_acc = 43
FILTER 14 window @(2,7) conv_valid=111111
    ch0 = 31
    ch1 = 15
    ch2 = 15
    ch3 = 15
    ch4 = -1
    ch5 = 15
    bias = -54
    final_acc = 36
FILTER 15 window @(2,7) conv_valid=111111
    ch0 = 31
    ch1 = 31
    ch2 = -1
    ch3 = 15
    ch4 = 15
    ch5 = 15
    bias = -13
    final_acc = 93
CONV2 OUTPUT @(2,5)
    out0 = 127
    out1 = 89
    out2 = 127
    out3 = 0
    out4 = 127
    out5 = 104
    out6 = 121
    out7 = 127
    out8 = 127
    out9 = 111
    out10 = 127
    out11 = 127
    out12 = 113
    out13 = 127
    out14 = 100
    out15 = 127
    packed data_out = 7f7f7f7f7f7f7f7f7f7f7f7f3b7f797f
FILTER 0 window @(3,7) conv_valid=111111
  WINDOW ch0 data:
     15  31  31   0   0
     31  31  31   0   0
     47  31  31   0   0
     47  31  15   0   0
     47  31   0   0   0
  WEIGHTS f0_ch0:
    -12 -12  37 -31   8
      8  28   2 -19 -36
      9 -18  23  12 -25
     44 -16 -26 -48 -34
     26  15 -10 -21 -24
    ch0 = -1
    ch1 = 31
    ch2 = 31
    ch3 = 15
    ch4 = 15
    ch5 = 31
    bias = 46
    final_acc = 168
FILTER 1 window @(3,7) conv_valid=111111
    ch0 = 31
    ch1 = 31
    ch2 = 15
    ch3 = 15
    ch4 = -1
    ch5 = 31
    bias = -113
    final_acc = 9
FILTER 2 window @(3,7) conv_valid=111111
    ch0 = -1
    ch1 = 31
    ch2 = 31
    ch3 = 15
    ch4 = 47
    ch5 = 15
    bias = -9
    final_acc = 129
FILTER 3 window @(3,7) conv_valid=111111
    ch0 = 15
    ch1 = 31
    ch2 = 15
    ch3 = 15
    ch4 = -1
    ch5 = 31
    bias = -127
    final_acc = -21
FILTER 4 window @(3,7) conv_valid=111111
    ch0 = 15
    ch1 = 31
    ch2 = 15
    ch3 = 31
    ch4 = 31
    ch5 = 47
    bias = -112
    final_acc = 58
FILTER 5 window @(3,7) conv_valid=111111
    ch0 = -1
    ch1 = 31
    ch2 = 31
    ch3 = -1
    ch4 = 47
    ch5 = 15
    bias = -98
    final_acc = 24
FILTER 6 window @(3,7) conv_valid=111111
    ch0 = -1
    ch1 = 31
    ch2 = 15
    ch3 = 15
    ch4 = -1
    ch5 = 47
    bias = -97
    final_acc = 9
FILTER 7 window @(3,7) conv_valid=111111
    ch0 = -1
    ch1 = 31
    ch2 = -1
    ch3 = -1
    ch4 = 15
    ch5 = 31
    bias = 41
    final_acc = 115
FILTER 8 window @(3,7) conv_valid=111111
    ch0 = 31
    ch1 = 31
    ch2 = 31
    ch3 = 31
    ch4 = 31
    ch5 = 47
    bias = 50
    final_acc = 252
FILTER 9 window @(3,7) conv_valid=111111
    ch0 = 31
    ch1 = 31
    ch2 = 15
    ch3 = 15
    ch4 = 15
    ch5 = 15
    bias = -43
    final_acc = 79
FILTER 10 window @(3,7) conv_valid=111111
    ch0 = 15
    ch1 = 31
    ch2 = 31
    ch3 = 31
    ch4 = 15
    ch5 = 47
    bias = -17
    final_acc = 153
FILTER 11 window @(3,7) conv_valid=111111
    ch0 = 31
    ch1 = 31
    ch2 = 15
    ch3 = -1
    ch4 = 15
    ch5 = -1
    bias = -21
    final_acc = 69
FILTER 12 window @(3,7) conv_valid=111111
    ch0 = 31
    ch1 = 31
    ch2 = 15
    ch3 = 15
    ch4 = 15
    ch5 = -1
    bias = -57
    final_acc = 49
FILTER 13 window @(3,7) conv_valid=111111
    ch0 = 15
    ch1 = 15
    ch2 = 15
    ch3 = -1
    ch4 = 47
    ch5 = -1
    bias = -47
    final_acc = 43
FILTER 14 window @(3,7) conv_valid=111111
    ch0 = 31
    ch1 = 15
    ch2 = 15
    ch3 = 15
    ch4 = -1
    ch5 = 15
    bias = -54
    final_acc = 36
FILTER 15 window @(3,7) conv_valid=111111
    ch0 = 31
    ch1 = 31
    ch2 = -1
    ch3 = 15
    ch4 = 15
    ch5 = 15
    bias = -13
    final_acc = 93
CONV2 OUTPUT @(3,5)
    out0 = 127
    out1 = 9
    out2 = 127
    out3 = 0
    out4 = 58
    out5 = 24
    out6 = 9
    out7 = 115
    out8 = 127
    out9 = 79
    out10 = 127
    out11 = 69
    out12 = 49
    out13 = 43
    out14 = 36
    out15 = 93
    packed data_out = 7f647f717f7f6f7f7f79687f007f597f
FILTER 0 window @(4,7) conv_valid=111111
  WINDOW ch0 data:
      0   0  31  31  31
      0  31  47  31   0
      0  31  47  31   0
      0  15  31  31  47
      0  15   0  31  31
  WEIGHTS f0_ch0:
    -12 -12  37 -31   8
      8  28   2 -19 -36
      9 -18  23  12 -25
     44 -16 -26 -48 -34
     26  15 -10 -21 -24
    ch0 = -1
    ch1 = 31
    ch2 = 31
    ch3 = 15
    ch4 = 15
    ch5 = 31
    bias = 46
    final_acc = 168
FILTER 1 window @(4,7) conv_valid=111111
    ch0 = 31
    ch1 = 31
    ch2 = 15
    ch3 = 15
    ch4 = -1
    ch5 = 31
    bias = -113
    final_acc = 9
FILTER 2 window @(4,7) conv_valid=111111
    ch0 = -1
    ch1 = 31
    ch2 = 31
    ch3 = 15
    ch4 = 47
    ch5 = 15
    bias = -9
    final_acc = 129
FILTER 3 window @(4,7) conv_valid=111111
    ch0 = 15
    ch1 = 31
    ch2 = 15
    ch3 = 15
    ch4 = -1
    ch5 = 31
    bias = -127
    final_acc = -21
FILTER 4 window @(4,7) conv_valid=111111
    ch0 = 15
    ch1 = 31
    ch2 = 15
    ch3 = 31
    ch4 = 31
    ch5 = 47
    bias = -112
    final_acc = 58
FILTER 5 window @(4,7) conv_valid=111111
    ch0 = -1
    ch1 = 31
    ch2 = 31
    ch3 = -1
    ch4 = 47
    ch5 = 15
    bias = -98
    final_acc = 24
FILTER 6 window @(4,7) conv_valid=111111
    ch0 = -1
    ch1 = 31
    ch2 = 15
    ch3 = 15
    ch4 = -1
    ch5 = 47
    bias = -97
    final_acc = 9
FILTER 7 window @(4,7) conv_valid=111111
    ch0 = -1
    ch1 = 31
    ch2 = -1
    ch3 = -1
    ch4 = 15
    ch5 = 31
    bias = 41
    final_acc = 115
FILTER 8 window @(4,7) conv_valid=111111
    ch0 = 31
    ch1 = 31
    ch2 = 31
    ch3 = 31
    ch4 = 31
    ch5 = 47
    bias = 50
    final_acc = 252
FILTER 9 window @(4,7) conv_valid=111111
    ch0 = 31
    ch1 = 31
    ch2 = 15
    ch3 = 15
    ch4 = 15
    ch5 = 15
    bias = -43
    final_acc = 79
FILTER 10 window @(4,7) conv_valid=111111
    ch0 = 15
    ch1 = 31
    ch2 = 31
    ch3 = 31
    ch4 = 15
    ch5 = 47
    bias = -17
    final_acc = 153
FILTER 11 window @(4,7) conv_valid=111111
    ch0 = 31
    ch1 = 31
    ch2 = 15
    ch3 = -1
    ch4 = 15
    ch5 = -1
    bias = -21
    final_acc = 69
FILTER 12 window @(4,7) conv_valid=111111
    ch0 = 31
    ch1 = 31
    ch2 = 15
    ch3 = 15
    ch4 = 15
    ch5 = -1
    bias = -57
    final_acc = 49
FILTER 13 window @(4,7) conv_valid=111111
    ch0 = 15
    ch1 = 15
    ch2 = 15
    ch3 = -1
    ch4 = 47
    ch5 = -1
    bias = -47
    final_acc = 43
FILTER 14 window @(4,7) conv_valid=111111
    ch0 = 31
    ch1 = 15
    ch2 = 15
    ch3 = 15
    ch4 = -1
    ch5 = 15
    bias = -54
    final_acc = 36
FILTER 15 window @(4,7) conv_valid=111111
    ch0 = 31
    ch1 = 31
    ch2 = -1
    ch3 = 15
    ch4 = 15
    ch5 = 15
    bias = -13
    final_acc = 93
CONV2 OUTPUT @(4,5)
    out0 = 127
    out1 = 9
    out2 = 127
    out3 = 0
    out4 = 58
    out5 = 24
    out6 = 9
    out7 = 115
    out8 = 127
    out9 = 79
    out10 = 127
    out11 = 69
    out12 = 49
    out13 = 43
    out14 = 36
    out15 = 93
    packed data_out = 5d242b31457f4f7f7309183a007f097f
FILTER 0 window @(5,7) conv_valid=111111
  WINDOW ch0 data:
      0  31  31  31   0
     31  47  31   0   0
     31  47  31   0   0
     15  31  31  47  47
     15   0  31  31  15
  WEIGHTS f0_ch0:
    -12 -12  37 -31   8
      8  28   2 -19 -36
      9 -18  23  12 -25
     44 -16 -26 -48 -34
     26  15 -10 -21 -24
    ch0 = -1
    ch1 = 31
    ch2 = 31
    ch3 = 15
    ch4 = 15
    ch5 = 31
    bias = 46
    final_acc = 168
FILTER 1 window @(5,7) conv_valid=111111
    ch0 = 31
    ch1 = 31
    ch2 = 15
    ch3 = 15
    ch4 = -1
    ch5 = 31
    bias = -113
    final_acc = 9
FILTER 2 window @(5,7) conv_valid=111111
    ch0 = -1
    ch1 = 31
    ch2 = 31
    ch3 = 15
    ch4 = 47
    ch5 = 15
    bias = -9
    final_acc = 129
FILTER 3 window @(5,7) conv_valid=111111
    ch0 = 15
    ch1 = 31
    ch2 = 15
    ch3 = 15
    ch4 = -1
    ch5 = 31
    bias = -127
    final_acc = -21
FILTER 4 window @(5,7) conv_valid=111111
    ch0 = 15
    ch1 = 31
    ch2 = 15
    ch3 = 31
    ch4 = 31
    ch5 = 47
    bias = -112
    final_acc = 58
FILTER 5 window @(5,7) conv_valid=111111
    ch0 = -1
    ch1 = 31
    ch2 = 31
    ch3 = -1
    ch4 = 47
    ch5 = 15
    bias = -98
    final_acc = 24
FILTER 6 window @(5,7) conv_valid=111111
    ch0 = -1
    ch1 = 31
    ch2 = 15
    ch3 = 15
    ch4 = -1
    ch5 = 47
    bias = -97
    final_acc = 9
FILTER 7 window @(5,7) conv_valid=111111
    ch0 = -1
    ch1 = 31
    ch2 = -1
    ch3 = -1
    ch4 = 15
    ch5 = 31
    bias = 41
    final_acc = 115
FILTER 8 window @(5,7) conv_valid=111111
    ch0 = 31
    ch1 = 31
    ch2 = 31
    ch3 = 31
    ch4 = 31
    ch5 = 47
    bias = 50
    final_acc = 252
FILTER 9 window @(5,7) conv_valid=111111
    ch0 = 31
    ch1 = 31
    ch2 = 15
    ch3 = 15
    ch4 = 15
    ch5 = 15
    bias = -43
    final_acc = 79
FILTER 10 window @(5,7) conv_valid=111111
    ch0 = 15
    ch1 = 31
    ch2 = 31
    ch3 = 31
    ch4 = 15
    ch5 = 47
    bias = -17
    final_acc = 153
FILTER 11 window @(5,7) conv_valid=111111
    ch0 = 31
    ch1 = 31
    ch2 = 15
    ch3 = -1
    ch4 = 15
    ch5 = -1
    bias = -21
    final_acc = 69
FILTER 12 window @(5,7) conv_valid=111111
    ch0 = 31
    ch1 = 31
    ch2 = 15
    ch3 = 15
    ch4 = 15
    ch5 = -1
    bias = -57
    final_acc = 49
FILTER 13 window @(5,7) conv_valid=111111
    ch0 = 15
    ch1 = 15
    ch2 = 15
    ch3 = -1
    ch4 = 47
    ch5 = -1
    bias = -47
    final_acc = 43
FILTER 14 window @(5,7) conv_valid=111111
    ch0 = 31
    ch1 = 15
    ch2 = 15
    ch3 = 15
    ch4 = -1
    ch5 = 15
    bias = -54
    final_acc = 36
FILTER 15 window @(5,7) conv_valid=111111
    ch0 = 31
    ch1 = 31
    ch2 = -1
    ch3 = 15
    ch4 = 15
    ch5 = 15
    bias = -13
    final_acc = 93
CONV2 OUTPUT @(5,5)
    out0 = 127
    out1 = 9
    out2 = 127
    out3 = 0
    out4 = 58
    out5 = 24
    out6 = 9
    out7 = 115
    out8 = 127
    out9 = 79
    out10 = 127
    out11 = 69
    out12 = 49
    out13 = 43
    out14 = 36
    out15 = 93
    packed data_out = 5d242b31457f4f7f7309183a007f097f
CONV2 OUTPUT @(6,5)
    out0 = 127
    out1 = 9
    out2 = 127
    out3 = 0
    out4 = 58
    out5 = 24
    out6 = 9
    out7 = 115
    out8 = 127
    out9 = 79
    out10 = 127
    out11 = 69
    out12 = 49
    out13 = 43
    out14 = 36
    out15 = 93
    packed data_out = 5d242b31457f4f7f7309183a007f097f
FILTER 0 window @(10,7) conv_valid=111111
  WINDOW ch0 data:
      0  31  31  31   0
     15  47  31  31   0
     31  47  31  15   0
     47  47  31   0   0
     47  47  31   0   0
  WEIGHTS f0_ch0:
    -12 -12  37 -31   8
      8  28   2 -19 -36
      9 -18  23  12 -25
     44 -16 -26 -48 -34
     26  15 -10 -21 -24
    ch0 = 47
    ch1 = 31
    ch2 = 79
    ch3 = 31
    ch4 = 31
    ch5 = 31
    bias = 46
    final_acc = 296
FILTER 1 window @(10,7) conv_valid=111111
    ch0 = 31
    ch1 = 47
    ch2 = 47
    ch3 = 47
    ch4 = 15
    ch5 = 47
    bias = -113
    final_acc = 121
FILTER 2 window @(10,7) conv_valid=111111
    ch0 = 15
    ch1 = 31
    ch2 = 47
    ch3 = 15
    ch4 = 79
    ch5 = 31
    bias = -9
    final_acc = 209
FILTER 3 window @(10,7) conv_valid=111111
    ch0 = 63
    ch1 = 31
    ch2 = 31
    ch3 = 31
    ch4 = -1
    ch5 = 31
    bias = -127
    final_acc = 59
FILTER 4 window @(10,7) conv_valid=111111
    ch0 = 31
    ch1 = 63
    ch2 = 15
    ch3 = 31
    ch4 = 47
    ch5 = 79
    bias = -112
    final_acc = 154
FILTER 5 window @(10,7) conv_valid=111111
    ch0 = 47
    ch1 = 63
    ch2 = 31
    ch3 = 15
    ch4 = 79
    ch5 = 15
    bias = -98
    final_acc = 152
FILTER 6 window @(10,7) conv_valid=111111
    ch0 = 47
    ch1 = 63
    ch2 = 31
    ch3 = 63
    ch4 = 15
    ch5 = 79
    bias = -97
    final_acc = 201
FILTER 7 window @(10,7) conv_valid=111111
    ch0 = 15
    ch1 = 63
    ch2 = 47
    ch3 = 47
    ch4 = 47
    ch5 = 63
    bias = 41
    final_acc = 323
FILTER 8 window @(10,7) conv_valid=111111
    ch0 = 79
    ch1 = 63
    ch2 = 79
    ch3 = 79
    ch4 = 63
    ch5 = 79
    bias = 50
    final_acc = 492
FILTER 9 window @(10,7) conv_valid=111111
    ch0 = 63
    ch1 = 31
    ch2 = 47
    ch3 = 31
    ch4 = 31
    ch5 = 15
    bias = -43
    final_acc = 175
FILTER 10 window @(10,7) conv_valid=111111
    ch0 = 15
    ch1 = 63
    ch2 = 63
    ch3 = 31
    ch4 = 47
    ch5 = 79
    bias = -17
    final_acc = 281
FILTER 11 window @(10,7) conv_valid=111111
    ch0 = 79
    ch1 = 63
    ch2 = 15
    ch3 = -1
    ch4 = 31
    ch5 = 31
    bias = -21
    final_acc = 197
FILTER 12 window @(10,7) conv_valid=111111
    ch0 = 79
    ch1 = 63
    ch2 = 31
    ch3 = 47
    ch4 = 15
    ch5 = 15
    bias = -57
    final_acc = 193
FILTER 13 window @(10,7) conv_valid=111111
    ch0 = 47
    ch1 = 31
    ch2 = 63
    ch3 = 47
    ch4 = 63
    ch5 = 15
    bias = -47
    final_acc = 219
FILTER 14 window @(10,7) conv_valid=111111
    ch0 = 63
    ch1 = 31
    ch2 = 31
    ch3 = 31
    ch4 = 15
    ch5 = 31
    bias = -54
    final_acc = 148
FILTER 15 window @(10,7) conv_valid=111111
    ch0 = 31
    ch1 = 63
    ch2 = 15
    ch3 = 63
    ch4 = 15
    ch5 = 47
    bias = -13
    final_acc = 221
FILTER 0 window @(11,8) conv_valid=111111
  WINDOW ch0 data:
     31  31  31   0   0
     47  31  31   0   0
     47  31  15   0   0
     47  31   0   0   0
     47  31   0   0   0
  WEIGHTS f0_ch0:
    -12 -12  37 -31   8
      8  28   2 -19 -36
      9 -18  23  12 -25
     44 -16 -26 -48 -34
     26  15 -10 -21 -24
    ch0 = 47
    ch1 = 31
    ch2 = 79
    ch3 = 31
    ch4 = 31
    ch5 = 31
    bias = 46
    final_acc = 296
FILTER 1 window @(11,8) conv_valid=111111
    ch0 = 31
    ch1 = 47
    ch2 = 47
    ch3 = 47
    ch4 = 15
    ch5 = 47
    bias = -113
    final_acc = 121
FILTER 2 window @(11,8) conv_valid=111111
    ch0 = 15
    ch1 = 31
    ch2 = 47
    ch3 = 15
    ch4 = 79
    ch5 = 31
    bias = -9
    final_acc = 209
FILTER 3 window @(11,8) conv_valid=111111
    ch0 = 63
    ch1 = 31
    ch2 = 31
    ch3 = 31
    ch4 = -1
    ch5 = 31
    bias = -127
    final_acc = 59
FILTER 4 window @(11,8) conv_valid=111111
    ch0 = 31
    ch1 = 63
    ch2 = 15
    ch3 = 31
    ch4 = 47
    ch5 = 79
    bias = -112
    final_acc = 154
FILTER 5 window @(11,8) conv_valid=111111
    ch0 = 47
    ch1 = 63
    ch2 = 31
    ch3 = 15
    ch4 = 79
    ch5 = 15
    bias = -98
    final_acc = 152
FILTER 6 window @(11,8) conv_valid=111111
    ch0 = 47
    ch1 = 63
    ch2 = 31
    ch3 = 63
    ch4 = 15
    ch5 = 79
    bias = -97
    final_acc = 201
FILTER 7 window @(11,8) conv_valid=111111
    ch0 = 15
    ch1 = 63
    ch2 = 47
    ch3 = 47
    ch4 = 47
    ch5 = 63
    bias = 41
    final_acc = 323
FILTER 8 window @(11,8) conv_valid=111111
    ch0 = 79
    ch1 = 63
    ch2 = 79
    ch3 = 79
    ch4 = 63
    ch5 = 79
    bias = 50
    final_acc = 492
FILTER 9 window @(11,8) conv_valid=111111
    ch0 = 63
    ch1 = 31
    ch2 = 47
    ch3 = 31
    ch4 = 31
    ch5 = 15
    bias = -43
    final_acc = 175
FILTER 10 window @(11,8) conv_valid=111111
    ch0 = 15
    ch1 = 63
    ch2 = 63
    ch3 = 31
    ch4 = 47
    ch5 = 79
    bias = -17
    final_acc = 281
FILTER 11 window @(11,8) conv_valid=111111
    ch0 = 79
    ch1 = 63
    ch2 = 15
    ch3 = -1
    ch4 = 31
    ch5 = 31
    bias = -21
    final_acc = 197
FILTER 12 window @(11,8) conv_valid=111111
    ch0 = 79
    ch1 = 63
    ch2 = 31
    ch3 = 47
    ch4 = 15
    ch5 = 15
    bias = -57
    final_acc = 193
FILTER 13 window @(11,8) conv_valid=111111
    ch0 = 47
    ch1 = 31
    ch2 = 63
    ch3 = 47
    ch4 = 63
    ch5 = 15
    bias = -47
    final_acc = 219
FILTER 14 window @(11,8) conv_valid=111111
    ch0 = 63
    ch1 = 31
    ch2 = 31
    ch3 = 31
    ch4 = 15
    ch5 = 31
    bias = -54
    final_acc = 148
FILTER 15 window @(11,8) conv_valid=111111
    ch0 = 31
    ch1 = 63
    ch2 = 15
    ch3 = 63
    ch4 = 15
    ch5 = 47
    bias = -13
    final_acc = 221
CONV2 OUTPUT @(7,5)
    out0 = 127
    out1 = 9
    out2 = 127
    out3 = 0
    out4 = 58
    out5 = 24
    out6 = 9
    out7 = 115
    out8 = 127
    out9 = 79
    out10 = 127
    out11 = 69
    out12 = 49
    out13 = 43
    out14 = 36
    out15 = 93
    packed data_out = 5d242b31457f4f7f7309183a007f097f
FILTER 0 window @(0,8) conv_valid=111111
  WINDOW ch0 data:
     31  31  31   0   0
     47  31  31   0   0
     47  31  15   0   0
     47  31   0   0   0
     47  31   0   0   0
  WEIGHTS f0_ch0:
    -12 -12  37 -31   8
      8  28   2 -19 -36
      9 -18  23  12 -25
     44 -16 -26 -48 -34
     26  15 -10 -21 -24
    ch0 = 15
    ch1 = 31
    ch2 = 47
    ch3 = 15
    ch4 = 31
    ch5 = 31
    bias = 46
    final_acc = 216
FILTER 1 window @(0,8) conv_valid=111111
    ch0 = 31
    ch1 = 47
    ch2 = 31
    ch3 = 31
    ch4 = 15
    ch5 = 47
    bias = -113
    final_acc = 89
FILTER 2 window @(0,8) conv_valid=111111
    ch0 = 15
    ch1 = 31
    ch2 = 47
    ch3 = 15
    ch4 = 79
    ch5 = 31
    bias = -9
    final_acc = 209
FILTER 3 window @(0,8) conv_valid=111111
    ch0 = 31
    ch1 = 31
    ch2 = 15
    ch3 = 15
    ch4 = -1
    ch5 = 31
    bias = -127
    final_acc = -5
FILTER 4 window @(0,8) conv_valid=111111
    ch0 = 15
    ch1 = 63
    ch2 = 15
    ch3 = 31
    ch4 = 47
    ch5 = 79
    bias = -112
    final_acc = 138
FILTER 5 window @(0,8) conv_valid=111111
    ch0 = 15
    ch1 = 63
    ch2 = 31
    ch3 = -1
    ch4 = 79
    ch5 = 15
    bias = -98
    final_acc = 104
FILTER 6 window @(0,8) conv_valid=111111
    ch0 = 15
    ch1 = 63
    ch2 = 15
    ch3 = 31
    ch4 = 15
    ch5 = 79
    bias = -97
    final_acc = 121
FILTER 7 window @(0,8) conv_valid=111111
    ch0 = -1
    ch1 = 63
    ch2 = 15
    ch3 = 15
    ch4 = 47
    ch5 = 63
    bias = 41
    final_acc = 243
FILTER 8 window @(0,8) conv_valid=111111
    ch0 = 47
    ch1 = 63
    ch2 = 47
    ch3 = 47
    ch4 = 63
    ch5 = 79
    bias = 50
    final_acc = 396
FILTER 9 window @(0,8) conv_valid=111111
    ch0 = 47
    ch1 = 31
    ch2 = 15
    ch3 = 15
    ch4 = 31
    ch5 = 15
    bias = -43
    final_acc = 111
FILTER 10 window @(0,8) conv_valid=111111
    ch0 = 15
    ch1 = 63
    ch2 = 47
    ch3 = 31
    ch4 = 47
    ch5 = 79
    bias = -17
    final_acc = 265
FILTER 11 window @(0,8) conv_valid=111111
    ch0 = 47
    ch1 = 63
    ch2 = 15
    ch3 = -1
    ch4 = 31
    ch5 = 31
    bias = -21
    final_acc = 165
FILTER 12 window @(0,8) conv_valid=111111
    ch0 = 47
    ch1 = 63
    ch2 = 15
    ch3 = 15
    ch4 = 15
    ch5 = 15
    bias = -57
    final_acc = 113
FILTER 13 window @(0,8) conv_valid=111111
    ch0 = 31
    ch1 = 31
    ch2 = 31
    ch3 = 15
    ch4 = 63
    ch5 = 15
    bias = -47
    final_acc = 139
FILTER 14 window @(0,8) conv_valid=111111
    ch0 = 47
    ch1 = 31
    ch2 = 15
    ch3 = 15
    ch4 = 15
    ch5 = 31
    bias = -54
    final_acc = 100
FILTER 15 window @(0,8) conv_valid=111111
    ch0 = 31
    ch1 = 63
    ch2 = 15
    ch3 = 31
    ch4 = 15
    ch5 = 47
    bias = -13
    final_acc = 189
CONV2 OUTPUT @(0,6)
    out0 = 127
    out1 = 121
    out2 = 127
    out3 = 59
    out4 = 127
    out5 = 127
    out6 = 127
    out7 = 127
    out8 = 127
    out9 = 127
    out10 = 127
    out11 = 127
    out12 = 127
    out13 = 127
    out14 = 127
    out15 = 127
    packed data_out = 5d242b31457f4f7f7309183a007f097f
FILTER 0 window @(1,8) conv_valid=111111
  WINDOW ch0 data:
     31  31  31   0   0
     47  31  31   0   0
     47  31  15   0   0
     47  31   0   0   0
     47  31   0   0   0
  WEIGHTS f0_ch0:
    -12 -12  37 -31   8
      8  28   2 -19 -36
      9 -18  23  12 -25
     44 -16 -26 -48 -34
     26  15 -10 -21 -24
    ch0 = -1
    ch1 = 31
    ch2 = 31
    ch3 = 15
    ch4 = 15
    ch5 = 31
    bias = 46
    final_acc = 168
FILTER 1 window @(1,8) conv_valid=111111
    ch0 = 31
    ch1 = 31
    ch2 = 15
    ch3 = 15
    ch4 = -1
    ch5 = 31
    bias = -113
    final_acc = 9
FILTER 2 window @(1,8) conv_valid=111111
    ch0 = -1
    ch1 = 31
    ch2 = 31
    ch3 = 15
    ch4 = 47
    ch5 = 15
    bias = -9
    final_acc = 129
FILTER 3 window @(1,8) conv_valid=111111
    ch0 = 15
    ch1 = 31
    ch2 = 15
    ch3 = 15
    ch4 = -1
    ch5 = 31
    bias = -127
    final_acc = -21
FILTER 4 window @(1,8) conv_valid=111111
    ch0 = 15
    ch1 = 31
    ch2 = 15
    ch3 = 31
    ch4 = 31
    ch5 = 47
    bias = -112
    final_acc = 58
FILTER 5 window @(1,8) conv_valid=111111
    ch0 = -1
    ch1 = 31
    ch2 = 31
    ch3 = -1
    ch4 = 47
    ch5 = 15
    bias = -98
    final_acc = 24
FILTER 6 window @(1,8) conv_valid=111111
    ch0 = -1
    ch1 = 31
    ch2 = 15
    ch3 = 15
    ch4 = -1
    ch5 = 47
    bias = -97
    final_acc = 9
FILTER 7 window @(1,8) conv_valid=111111
    ch0 = -1
    ch1 = 31
    ch2 = -1
    ch3 = -1
    ch4 = 15
    ch5 = 31
    bias = 41
    final_acc = 115
FILTER 8 window @(1,8) conv_valid=111111
    ch0 = 31
    ch1 = 31
    ch2 = 31
    ch3 = 31
    ch4 = 31
    ch5 = 47
    bias = 50
    final_acc = 252
FILTER 9 window @(1,8) conv_valid=111111
    ch0 = 31
    ch1 = 31
    ch2 = 15
    ch3 = 15
    ch4 = 15
    ch5 = 15
    bias = -43
    final_acc = 79
FILTER 10 window @(1,8) conv_valid=111111
    ch0 = 15
    ch1 = 31
    ch2 = 31
    ch3 = 31
    ch4 = 15
    ch5 = 47
    bias = -17
    final_acc = 153
FILTER 11 window @(1,8) conv_valid=111111
    ch0 = 31
    ch1 = 31
    ch2 = 15
    ch3 = -1
    ch4 = 15
    ch5 = -1
    bias = -21
    final_acc = 69
FILTER 12 window @(1,8) conv_valid=111111
    ch0 = 31
    ch1 = 31
    ch2 = 15
    ch3 = 15
    ch4 = 15
    ch5 = -1
    bias = -57
    final_acc = 49
FILTER 13 window @(1,8) conv_valid=111111
    ch0 = 15
    ch1 = 15
    ch2 = 15
    ch3 = -1
    ch4 = 47
    ch5 = -1
    bias = -47
    final_acc = 43
FILTER 14 window @(1,8) conv_valid=111111
    ch0 = 31
    ch1 = 15
    ch2 = 15
    ch3 = 15
    ch4 = -1
    ch5 = 15
    bias = -54
    final_acc = 36
FILTER 15 window @(1,8) conv_valid=111111
    ch0 = 31
    ch1 = 31
    ch2 = -1
    ch3 = 15
    ch4 = 15
    ch5 = 15
    bias = -13
    final_acc = 93
CONV2 OUTPUT @(1,6)
    out0 = 127
    out1 = 121
    out2 = 127
    out3 = 59
    out4 = 127
    out5 = 127
    out6 = 127
    out7 = 127
    out8 = 127
    out9 = 127
    out10 = 127
    out11 = 127
    out12 = 127
    out13 = 127
    out14 = 127
    out15 = 127
    packed data_out = 7f7f7f7f7f7f7f7f7f7f7f7f3b7f797f
FILTER 0 window @(2,8) conv_valid=111111
  WINDOW ch0 data:
     31  31  31   0   0
     47  31  31   0   0
     47  31  15   0   0
     47  31   0   0   0
     47  31   0   0   0
  WEIGHTS f0_ch0:
    -12 -12  37 -31   8
      8  28   2 -19 -36
      9 -18  23  12 -25
     44 -16 -26 -48 -34
     26  15 -10 -21 -24
    ch0 = -1
    ch1 = 31
    ch2 = 31
    ch3 = 15
    ch4 = 15
    ch5 = 31
    bias = 46
    final_acc = 168
FILTER 1 window @(2,8) conv_valid=111111
    ch0 = 31
    ch1 = 31
    ch2 = 15
    ch3 = 15
    ch4 = -1
    ch5 = 31
    bias = -113
    final_acc = 9
FILTER 2 window @(2,8) conv_valid=111111
    ch0 = -1
    ch1 = 31
    ch2 = 31
    ch3 = 15
    ch4 = 47
    ch5 = 15
    bias = -9
    final_acc = 129
FILTER 3 window @(2,8) conv_valid=111111
    ch0 = 15
    ch1 = 31
    ch2 = 15
    ch3 = 15
    ch4 = -1
    ch5 = 31
    bias = -127
    final_acc = -21
FILTER 4 window @(2,8) conv_valid=111111
    ch0 = 15
    ch1 = 31
    ch2 = 15
    ch3 = 31
    ch4 = 31
    ch5 = 47
    bias = -112
    final_acc = 58
FILTER 5 window @(2,8) conv_valid=111111
    ch0 = -1
    ch1 = 31
    ch2 = 31
    ch3 = -1
    ch4 = 47
    ch5 = 15
    bias = -98
    final_acc = 24
FILTER 6 window @(2,8) conv_valid=111111
    ch0 = -1
    ch1 = 31
    ch2 = 15
    ch3 = 15
    ch4 = -1
    ch5 = 47
    bias = -97
    final_acc = 9
FILTER 7 window @(2,8) conv_valid=111111
    ch0 = -1
    ch1 = 31
    ch2 = -1
    ch3 = -1
    ch4 = 15
    ch5 = 31
    bias = 41
    final_acc = 115
FILTER 8 window @(2,8) conv_valid=111111
    ch0 = 31
    ch1 = 31
    ch2 = 31
    ch3 = 31
    ch4 = 31
    ch5 = 47
    bias = 50
    final_acc = 252
FILTER 9 window @(2,8) conv_valid=111111
    ch0 = 31
    ch1 = 31
    ch2 = 15
    ch3 = 15
    ch4 = 15
    ch5 = 15
    bias = -43
    final_acc = 79
FILTER 10 window @(2,8) conv_valid=111111
    ch0 = 15
    ch1 = 31
    ch2 = 31
    ch3 = 31
    ch4 = 15
    ch5 = 47
    bias = -17
    final_acc = 153
FILTER 11 window @(2,8) conv_valid=111111
    ch0 = 31
    ch1 = 31
    ch2 = 15
    ch3 = -1
    ch4 = 15
    ch5 = -1
    bias = -21
    final_acc = 69
FILTER 12 window @(2,8) conv_valid=111111
    ch0 = 31
    ch1 = 31
    ch2 = 15
    ch3 = 15
    ch4 = 15
    ch5 = -1
    bias = -57
    final_acc = 49
FILTER 13 window @(2,8) conv_valid=111111
    ch0 = 15
    ch1 = 15
    ch2 = 15
    ch3 = -1
    ch4 = 47
    ch5 = -1
    bias = -47
    final_acc = 43
FILTER 14 window @(2,8) conv_valid=111111
    ch0 = 31
    ch1 = 15
    ch2 = 15
    ch3 = 15
    ch4 = -1
    ch5 = 15
    bias = -54
    final_acc = 36
FILTER 15 window @(2,8) conv_valid=111111
    ch0 = 31
    ch1 = 31
    ch2 = -1
    ch3 = 15
    ch4 = 15
    ch5 = 15
    bias = -13
    final_acc = 93
CONV2 OUTPUT @(2,6)
    out0 = 127
    out1 = 89
    out2 = 127
    out3 = 0
    out4 = 127
    out5 = 104
    out6 = 121
    out7 = 127
    out8 = 127
    out9 = 111
    out10 = 127
    out11 = 127
    out12 = 113
    out13 = 127
    out14 = 100
    out15 = 127
    packed data_out = 7f7f7f7f7f7f7f7f7f7f7f7f3b7f797f
FILTER 0 window @(3,8) conv_valid=111111
  WINDOW ch0 data:
     31  31  31   0   0
     47  31  31   0   0
     47  31  15   0   0
     47  31   0   0   0
     47  31   0   0   0
  WEIGHTS f0_ch0:
    -12 -12  37 -31   8
      8  28   2 -19 -36
      9 -18  23  12 -25
     44 -16 -26 -48 -34
     26  15 -10 -21 -24
    ch0 = -1
    ch1 = 31
    ch2 = 31
    ch3 = 15
    ch4 = 15
    ch5 = 31
    bias = 46
    final_acc = 168
FILTER 1 window @(3,8) conv_valid=111111
    ch0 = 31
    ch1 = 31
    ch2 = 15
    ch3 = 15
    ch4 = -1
    ch5 = 31
    bias = -113
    final_acc = 9
FILTER 2 window @(3,8) conv_valid=111111
    ch0 = -1
    ch1 = 31
    ch2 = 31
    ch3 = 15
    ch4 = 47
    ch5 = 15
    bias = -9
    final_acc = 129
FILTER 3 window @(3,8) conv_valid=111111
    ch0 = 15
    ch1 = 31
    ch2 = 15
    ch3 = 15
    ch4 = -1
    ch5 = 31
    bias = -127
    final_acc = -21
FILTER 4 window @(3,8) conv_valid=111111
    ch0 = 15
    ch1 = 31
    ch2 = 15
    ch3 = 31
    ch4 = 31
    ch5 = 47
    bias = -112
    final_acc = 58
FILTER 5 window @(3,8) conv_valid=111111
    ch0 = -1
    ch1 = 31
    ch2 = 31
    ch3 = -1
    ch4 = 47
    ch5 = 15
    bias = -98
    final_acc = 24
FILTER 6 window @(3,8) conv_valid=111111
    ch0 = -1
    ch1 = 31
    ch2 = 15
    ch3 = 15
    ch4 = -1
    ch5 = 47
    bias = -97
    final_acc = 9
FILTER 7 window @(3,8) conv_valid=111111
    ch0 = -1
    ch1 = 31
    ch2 = -1
    ch3 = -1
    ch4 = 15
    ch5 = 31
    bias = 41
    final_acc = 115
FILTER 8 window @(3,8) conv_valid=111111
    ch0 = 31
    ch1 = 31
    ch2 = 31
    ch3 = 31
    ch4 = 31
    ch5 = 47
    bias = 50
    final_acc = 252
FILTER 9 window @(3,8) conv_valid=111111
    ch0 = 31
    ch1 = 31
    ch2 = 15
    ch3 = 15
    ch4 = 15
    ch5 = 15
    bias = -43
    final_acc = 79
FILTER 10 window @(3,8) conv_valid=111111
    ch0 = 15
    ch1 = 31
    ch2 = 31
    ch3 = 31
    ch4 = 15
    ch5 = 47
    bias = -17
    final_acc = 153
FILTER 11 window @(3,8) conv_valid=111111
    ch0 = 31
    ch1 = 31
    ch2 = 15
    ch3 = -1
    ch4 = 15
    ch5 = -1
    bias = -21
    final_acc = 69
FILTER 12 window @(3,8) conv_valid=111111
    ch0 = 31
    ch1 = 31
    ch2 = 15
    ch3 = 15
    ch4 = 15
    ch5 = -1
    bias = -57
    final_acc = 49
FILTER 13 window @(3,8) conv_valid=111111
    ch0 = 15
    ch1 = 15
    ch2 = 15
    ch3 = -1
    ch4 = 47
    ch5 = -1
    bias = -47
    final_acc = 43
FILTER 14 window @(3,8) conv_valid=111111
    ch0 = 31
    ch1 = 15
    ch2 = 15
    ch3 = 15
    ch4 = -1
    ch5 = 15
    bias = -54
    final_acc = 36
FILTER 15 window @(3,8) conv_valid=111111
    ch0 = 31
    ch1 = 31
    ch2 = -1
    ch3 = 15
    ch4 = 15
    ch5 = 15
    bias = -13
    final_acc = 93
CONV2 OUTPUT @(3,6)
    out0 = 127
    out1 = 9
    out2 = 127
    out3 = 0
    out4 = 58
    out5 = 24
    out6 = 9
    out7 = 115
    out8 = 127
    out9 = 79
    out10 = 127
    out11 = 69
    out12 = 49
    out13 = 43
    out14 = 36
    out15 = 93
    packed data_out = 7f647f717f7f6f7f7f79687f007f597f
FILTER 0 window @(4,8) conv_valid=111111
  WINDOW ch0 data:
      0  31  47  31   0
      0  31  47  31   0
      0  15  31  31  47
      0  15   0  31  31
      0  15   0   0  31
  WEIGHTS f0_ch0:
    -12 -12  37 -31   8
      8  28   2 -19 -36
      9 -18  23  12 -25
     44 -16 -26 -48 -34
     26  15 -10 -21 -24
    ch0 = -1
    ch1 = 31
    ch2 = 31
    ch3 = 15
    ch4 = 15
    ch5 = 31
    bias = 46
    final_acc = 168
FILTER 1 window @(4,8) conv_valid=111111
    ch0 = 31
    ch1 = 31
    ch2 = 15
    ch3 = 15
    ch4 = -1
    ch5 = 31
    bias = -113
    final_acc = 9
FILTER 2 window @(4,8) conv_valid=111111
    ch0 = -1
    ch1 = 31
    ch2 = 31
    ch3 = 15
    ch4 = 47
    ch5 = 15
    bias = -9
    final_acc = 129
FILTER 3 window @(4,8) conv_valid=111111
    ch0 = 15
    ch1 = 31
    ch2 = 15
    ch3 = 15
    ch4 = -1
    ch5 = 31
    bias = -127
    final_acc = -21
FILTER 4 window @(4,8) conv_valid=111111
    ch0 = 15
    ch1 = 31
    ch2 = 15
    ch3 = 31
    ch4 = 31
    ch5 = 47
    bias = -112
    final_acc = 58
FILTER 5 window @(4,8) conv_valid=111111
    ch0 = -1
    ch1 = 31
    ch2 = 31
    ch3 = -1
    ch4 = 47
    ch5 = 15
    bias = -98
    final_acc = 24
FILTER 6 window @(4,8) conv_valid=111111
    ch0 = -1
    ch1 = 31
    ch2 = 15
    ch3 = 15
    ch4 = -1
    ch5 = 47
    bias = -97
    final_acc = 9
FILTER 7 window @(4,8) conv_valid=111111
    ch0 = -1
    ch1 = 31
    ch2 = -1
    ch3 = -1
    ch4 = 15
    ch5 = 31
    bias = 41
    final_acc = 115
FILTER 8 window @(4,8) conv_valid=111111
    ch0 = 31
    ch1 = 31
    ch2 = 31
    ch3 = 31
    ch4 = 31
    ch5 = 47
    bias = 50
    final_acc = 252
FILTER 9 window @(4,8) conv_valid=111111
    ch0 = 31
    ch1 = 31
    ch2 = 15
    ch3 = 15
    ch4 = 15
    ch5 = 15
    bias = -43
    final_acc = 79
FILTER 10 window @(4,8) conv_valid=111111
    ch0 = 15
    ch1 = 31
    ch2 = 31
    ch3 = 31
    ch4 = 15
    ch5 = 47
    bias = -17
    final_acc = 153
FILTER 11 window @(4,8) conv_valid=111111
    ch0 = 31
    ch1 = 31
    ch2 = 15
    ch3 = -1
    ch4 = 15
    ch5 = -1
    bias = -21
    final_acc = 69
FILTER 12 window @(4,8) conv_valid=111111
    ch0 = 31
    ch1 = 31
    ch2 = 15
    ch3 = 15
    ch4 = 15
    ch5 = -1
    bias = -57
    final_acc = 49
FILTER 13 window @(4,8) conv_valid=111111
    ch0 = 15
    ch1 = 15
    ch2 = 15
    ch3 = -1
    ch4 = 47
    ch5 = -1
    bias = -47
    final_acc = 43
FILTER 14 window @(4,8) conv_valid=111111
    ch0 = 31
    ch1 = 15
    ch2 = 15
    ch3 = 15
    ch4 = -1
    ch5 = 15
    bias = -54
    final_acc = 36
FILTER 15 window @(4,8) conv_valid=111111
    ch0 = 31
    ch1 = 31
    ch2 = -1
    ch3 = 15
    ch4 = 15
    ch5 = 15
    bias = -13
    final_acc = 93
CONV2 OUTPUT @(4,6)
    out0 = 127
    out1 = 9
    out2 = 127
    out3 = 0
    out4 = 58
    out5 = 24
    out6 = 9
    out7 = 115
    out8 = 127
    out9 = 79
    out10 = 127
    out11 = 69
    out12 = 49
    out13 = 43
    out14 = 36
    out15 = 93
    packed data_out = 5d242b31457f4f7f7309183a007f097f
FILTER 0 window @(5,8) conv_valid=111111
  WINDOW ch0 data:
     31  47  31   0   0
     31  47  31   0   0
     15  31  31  47  47
     15   0  31  31  31
     15   0   0   0   0
  WEIGHTS f0_ch0:
    -12 -12  37 -31   8
      8  28   2 -19 -36
      9 -18  23  12 -25
     44 -16 -26 -48 -34
     26  15 -10 -21 -24
    ch0 = -1
    ch1 = 31
    ch2 = 31
    ch3 = 15
    ch4 = 15
    ch5 = 31
    bias = 46
    final_acc = 168
FILTER 1 window @(5,8) conv_valid=111111
    ch0 = 31
    ch1 = 31
    ch2 = 15
    ch3 = 15
    ch4 = -1
    ch5 = 31
    bias = -113
    final_acc = 9
FILTER 2 window @(5,8) conv_valid=111111
    ch0 = -1
    ch1 = 31
    ch2 = 31
    ch3 = 15
    ch4 = 47
    ch5 = 15
    bias = -9
    final_acc = 129
FILTER 3 window @(5,8) conv_valid=111111
    ch0 = 15
    ch1 = 31
    ch2 = 15
    ch3 = 15
    ch4 = -1
    ch5 = 31
    bias = -127
    final_acc = -21
FILTER 4 window @(5,8) conv_valid=111111
    ch0 = 15
    ch1 = 31
    ch2 = 15
    ch3 = 31
    ch4 = 31
    ch5 = 47
    bias = -112
    final_acc = 58
FILTER 5 window @(5,8) conv_valid=111111
    ch0 = -1
    ch1 = 31
    ch2 = 31
    ch3 = -1
    ch4 = 47
    ch5 = 15
    bias = -98
    final_acc = 24
FILTER 6 window @(5,8) conv_valid=111111
    ch0 = -1
    ch1 = 31
    ch2 = 15
    ch3 = 15
    ch4 = -1
    ch5 = 47
    bias = -97
    final_acc = 9
FILTER 7 window @(5,8) conv_valid=111111
    ch0 = -1
    ch1 = 31
    ch2 = -1
    ch3 = -1
    ch4 = 15
    ch5 = 31
    bias = 41
    final_acc = 115
FILTER 8 window @(5,8) conv_valid=111111
    ch0 = 31
    ch1 = 31
    ch2 = 31
    ch3 = 31
    ch4 = 31
    ch5 = 47
    bias = 50
    final_acc = 252
FILTER 9 window @(5,8) conv_valid=111111
    ch0 = 31
    ch1 = 31
    ch2 = 15
    ch3 = 15
    ch4 = 15
    ch5 = 15
    bias = -43
    final_acc = 79
FILTER 10 window @(5,8) conv_valid=111111
    ch0 = 15
    ch1 = 31
    ch2 = 31
    ch3 = 31
    ch4 = 15
    ch5 = 47
    bias = -17
    final_acc = 153
FILTER 11 window @(5,8) conv_valid=111111
    ch0 = 31
    ch1 = 31
    ch2 = 15
    ch3 = -1
    ch4 = 15
    ch5 = -1
    bias = -21
    final_acc = 69
FILTER 12 window @(5,8) conv_valid=111111
    ch0 = 31
    ch1 = 31
    ch2 = 15
    ch3 = 15
    ch4 = 15
    ch5 = -1
    bias = -57
    final_acc = 49
FILTER 13 window @(5,8) conv_valid=111111
    ch0 = 15
    ch1 = 15
    ch2 = 15
    ch3 = -1
    ch4 = 47
    ch5 = -1
    bias = -47
    final_acc = 43
FILTER 14 window @(5,8) conv_valid=111111
    ch0 = 31
    ch1 = 15
    ch2 = 15
    ch3 = 15
    ch4 = -1
    ch5 = 15
    bias = -54
    final_acc = 36
FILTER 15 window @(5,8) conv_valid=111111
    ch0 = 31
    ch1 = 31
    ch2 = -1
    ch3 = 15
    ch4 = 15
    ch5 = 15
    bias = -13
    final_acc = 93
CONV2 OUTPUT @(5,6)
    out0 = 127
    out1 = 9
    out2 = 127
    out3 = 0
    out4 = 58
    out5 = 24
    out6 = 9
    out7 = 115
    out8 = 127
    out9 = 79
    out10 = 127
    out11 = 69
    out12 = 49
    out13 = 43
    out14 = 36
    out15 = 93
    packed data_out = 5d242b31457f4f7f7309183a007f097f
CONV2 OUTPUT @(6,6)
    out0 = 127
    out1 = 9
    out2 = 127
    out3 = 0
    out4 = 58
    out5 = 24
    out6 = 9
    out7 = 115
    out8 = 127
    out9 = 79
    out10 = 127
    out11 = 69
    out12 = 49
    out13 = 43
    out14 = 36
    out15 = 93
    packed data_out = 5d242b31457f4f7f7309183a007f097f
FILTER 0 window @(10,8) conv_valid=111111
  WINDOW ch0 data:
     15  47  31  31   0
     31  47  31  15   0
     47  47  31   0   0
     47  47  31   0   0
     47  47  15   0   0
  WEIGHTS f0_ch0:
    -12 -12  37 -31   8
      8  28   2 -19 -36
      9 -18  23  12 -25
     44 -16 -26 -48 -34
     26  15 -10 -21 -24
    ch0 = 47
    ch1 = -1
    ch2 = 47
    ch3 = 15
    ch4 = 15
    ch5 = 15
    bias = 46
    final_acc = 184
FILTER 1 window @(10,8) conv_valid=111111
    ch0 = -1
    ch1 = 15
    ch2 = 31
    ch3 = 31
    ch4 = 15
    ch5 = 31
    bias = -113
    final_acc = 9
FILTER 2 window @(10,8) conv_valid=111111
    ch0 = 15
    ch1 = 15
    ch2 = 15
    ch3 = -1
    ch4 = 47
    ch5 = 15
    bias = -9
    final_acc = 97
FILTER 3 window @(10,8) conv_valid=111111
    ch0 = 47
    ch1 = 15
    ch2 = 15
    ch3 = 15
    ch4 = -1
    ch5 = 15
    bias = -127
    final_acc = -21
FILTER 4 window @(10,8) conv_valid=111111
    ch0 = 15
    ch1 = 31
    ch2 = -1
    ch3 = -1
    ch4 = 31
    ch5 = 47
    bias = -112
    final_acc = 10
FILTER 5 window @(10,8) conv_valid=111111
    ch0 = 47
    ch1 = 47
    ch2 = -1
    ch3 = 15
    ch4 = 47
    ch5 = 15
    bias = -98
    final_acc = 72
FILTER 6 window @(10,8) conv_valid=111111
    ch0 = 47
    ch1 = 47
    ch2 = 15
    ch3 = 47
    ch4 = 15
    ch5 = 47
    bias = -97
    final_acc = 121
FILTER 7 window @(10,8) conv_valid=111111
    ch0 = 15
    ch1 = 47
    ch2 = 47
    ch3 = 47
    ch4 = 47
    ch5 = 47
    bias = 41
    final_acc = 291
FILTER 8 window @(10,8) conv_valid=111111
    ch0 = 47
    ch1 = 47
    ch2 = 47
    ch3 = 47
    ch4 = 47
    ch5 = 47
    bias = 50
    final_acc = 332
FILTER 9 window @(10,8) conv_valid=111111
    ch0 = 31
    ch1 = 15
    ch2 = 31
    ch3 = 15
    ch4 = 15
    ch5 = -1
    bias = -43
    final_acc = 63
FILTER 10 window @(10,8) conv_valid=111111
    ch0 = -1
    ch1 = 31
    ch2 = 31
    ch3 = -1
    ch4 = 47
    ch5 = 47
    bias = -17
    final_acc = 137
FILTER 11 window @(10,8) conv_valid=111111
    ch0 = 47
    ch1 = 31
    ch2 = -1
    ch3 = -1
    ch4 = 31
    ch5 = 31
    bias = -21
    final_acc = 117
FILTER 12 window @(10,8) conv_valid=111111
    ch0 = 47
    ch1 = 47
    ch2 = 15
    ch3 = 31
    ch4 = -1
    ch5 = 15
    bias = -57
    final_acc = 97
FILTER 13 window @(10,8) conv_valid=111111
    ch0 = 31
    ch1 = 15
    ch2 = 47
    ch3 = 47
    ch4 = 31
    ch5 = 15
    bias = -47
    final_acc = 139
FILTER 14 window @(10,8) conv_valid=111111
    ch0 = 31
    ch1 = 31
    ch2 = 15
    ch3 = 15
    ch4 = 15
    ch5 = 31
    bias = -54
    final_acc = 84
FILTER 15 window @(10,8) conv_valid=111111
    ch0 = -1
    ch1 = 31
    ch2 = 15
    ch3 = 47
    ch4 = -1
    ch5 = 31
    bias = -13
    final_acc = 109
FILTER 0 window @(11,9) conv_valid=111111
  WINDOW ch0 data:
     47  31  31   0   0
     47  31  15   0   0
     47  31   0   0   0
     47  31   0   0   0
     47  15   0   0   0
  WEIGHTS f0_ch0:
    -12 -12  37 -31   8
      8  28   2 -19 -36
      9 -18  23  12 -25
     44 -16 -26 -48 -34
     26  15 -10 -21 -24
    ch0 = 47
    ch1 = 15
    ch2 = 63
    ch3 = 31
    ch4 = 31
    ch5 = 31
    bias = 46
    final_acc = 264
FILTER 1 window @(11,9) conv_valid=111111
    ch0 = 15
    ch1 = 31
    ch2 = 47
    ch3 = 47
    ch4 = 15
    ch5 = 31
    bias = -113
    final_acc = 73
FILTER 2 window @(11,9) conv_valid=111111
    ch0 = 15
    ch1 = 31
    ch2 = 31
    ch3 = 15
    ch4 = 63
    ch5 = 15
    bias = -9
    final_acc = 161
FILTER 3 window @(11,9) conv_valid=111111
    ch0 = 63
    ch1 = 31
    ch2 = 15
    ch3 = 15
    ch4 = -1
    ch5 = 31
    bias = -127
    final_acc = 27
FILTER 4 window @(11,9) conv_valid=111111
    ch0 = 15
    ch1 = 47
    ch2 = 15
    ch3 = 15
    ch4 = 31
    ch5 = 63
    bias = -112
    final_acc = 74
FILTER 5 window @(11,9) conv_valid=111111
    ch0 = 47
    ch1 = 63
    ch2 = 15
    ch3 = 15
    ch4 = 63
    ch5 = 15
    bias = -98
    final_acc = 120
FILTER 6 window @(11,9) conv_valid=111111
    ch0 = 47
    ch1 = 63
    ch2 = 15
    ch3 = 47
    ch4 = 15
    ch5 = 63
    bias = -97
    final_acc = 153
FILTER 7 window @(11,9) conv_valid=111111
    ch0 = 15
    ch1 = 47
    ch2 = 47
    ch3 = 47
    ch4 = 47
    ch5 = 63
    bias = 41
    final_acc = 307
FILTER 8 window @(11,9) conv_valid=111111
    ch0 = 63
    ch1 = 47
    ch2 = 63
    ch3 = 63
    ch4 = 47
    ch5 = 63
    bias = 50
    final_acc = 396
FILTER 9 window @(11,9) conv_valid=111111
    ch0 = 47
    ch1 = 15
    ch2 = 47
    ch3 = 31
    ch4 = 31
    ch5 = -1
    bias = -43
    final_acc = 127
FILTER 10 window @(11,9) conv_valid=111111
    ch0 = -1
    ch1 = 47
    ch2 = 47
    ch3 = 15
    ch4 = 47
    ch5 = 63
    bias = -17
    final_acc = 201
FILTER 11 window @(11,9) conv_valid=111111
    ch0 = 63
    ch1 = 47
    ch2 = 15
    ch3 = -1
    ch4 = 31
    ch5 = 31
    bias = -21
    final_acc = 165
FILTER 12 window @(11,9) conv_valid=111111
    ch0 = 63
    ch1 = 63
    ch2 = 15
    ch3 = 31
    ch4 = -1
    ch5 = 15
    bias = -57
    final_acc = 129
FILTER 13 window @(11,9) conv_valid=111111
    ch0 = 47
    ch1 = 31
    ch2 = 47
    ch3 = 47
    ch4 = 47
    ch5 = 15
    bias = -47
    final_acc = 187
FILTER 14 window @(11,9) conv_valid=111111
    ch0 = 47
    ch1 = 31
    ch2 = 31
    ch3 = 15
    ch4 = 15
    ch5 = 31
    bias = -54
    final_acc = 116
FILTER 15 window @(11,9) conv_valid=111111
    ch0 = 15
    ch1 = 47
    ch2 = 15
    ch3 = 47
    ch4 = -1
    ch5 = 31
    bias = -13
    final_acc = 141
CONV2 OUTPUT @(7,6)
    out0 = 127
    out1 = 9
    out2 = 127
    out3 = 0
    out4 = 58
    out5 = 24
    out6 = 9
    out7 = 115
    out8 = 127
    out9 = 79
    out10 = 127
    out11 = 69
    out12 = 49
    out13 = 43
    out14 = 36
    out15 = 93
    packed data_out = 5d242b31457f4f7f7309183a007f097f
FILTER 0 window @(0,9) conv_valid=111111
  WINDOW ch0 data:
     47  31  31   0   0
     47  31  15   0   0
     47  31   0   0   0
     47  31   0   0   0
     47  15   0   0   0
  WEIGHTS f0_ch0:
    -12 -12  37 -31   8
      8  28   2 -19 -36
      9 -18  23  12 -25
     44 -16 -26 -48 -34
     26  15 -10 -21 -24
    ch0 = 15
    ch1 = 31
    ch2 = 47
    ch3 = 15
    ch4 = 15
    ch5 = 31
    bias = 46
    final_acc = 200
FILTER 1 window @(0,9) conv_valid=111111
    ch0 = 31
    ch1 = 47
    ch2 = 31
    ch3 = 31
    ch4 = 15
    ch5 = 47
    bias = -113
    final_acc = 89
FILTER 2 window @(0,9) conv_valid=111111
    ch0 = 15
    ch1 = 31
    ch2 = 47
    ch3 = 15
    ch4 = 63
    ch5 = 31
    bias = -9
    final_acc = 193
FILTER 3 window @(0,9) conv_valid=111111
    ch0 = 31
    ch1 = 31
    ch2 = 15
    ch3 = 15
    ch4 = -1
    ch5 = 31
    bias = -127
    final_acc = -5
FILTER 4 window @(0,9) conv_valid=111111
    ch0 = 15
    ch1 = 47
    ch2 = 15
    ch3 = 31
    ch4 = 47
    ch5 = 63
    bias = -112
    final_acc = 106
FILTER 5 window @(0,9) conv_valid=111111
    ch0 = 15
    ch1 = 47
    ch2 = 31
    ch3 = -1
    ch4 = 63
    ch5 = 15
    bias = -98
    final_acc = 72
FILTER 6 window @(0,9) conv_valid=111111
    ch0 = 15
    ch1 = 47
    ch2 = 15
    ch3 = 31
    ch4 = -1
    ch5 = 63
    bias = -97
    final_acc = 73
FILTER 7 window @(0,9) conv_valid=111111
    ch0 = -1
    ch1 = 47
    ch2 = 15
    ch3 = 15
    ch4 = 31
    ch5 = 47
    bias = 41
    final_acc = 195
FILTER 8 window @(0,9) conv_valid=111111
    ch0 = 47
    ch1 = 47
    ch2 = 47
    ch3 = 47
    ch4 = 47
    ch5 = 63
    bias = 50
    final_acc = 348
FILTER 9 window @(0,9) conv_valid=111111
    ch0 = 47
    ch1 = 31
    ch2 = 15
    ch3 = 15
    ch4 = 31
    ch5 = 15
    bias = -43
    final_acc = 111
FILTER 10 window @(0,9) conv_valid=111111
    ch0 = 15
    ch1 = 47
    ch2 = 47
    ch3 = 31
    ch4 = 31
    ch5 = 63
    bias = -17
    final_acc = 217
FILTER 11 window @(0,9) conv_valid=111111
    ch0 = 47
    ch1 = 47
    ch2 = 15
    ch3 = -1
    ch4 = 31
    ch5 = 15
    bias = -21
    final_acc = 133
FILTER 12 window @(0,9) conv_valid=111111
    ch0 = 47
    ch1 = 47
    ch2 = 15
    ch3 = 15
    ch4 = 15
    ch5 = 15
    bias = -57
    final_acc = 97
FILTER 13 window @(0,9) conv_valid=111111
    ch0 = 31
    ch1 = 31
    ch2 = 31
    ch3 = 15
    ch4 = 63
    ch5 = 15
    bias = -47
    final_acc = 139
FILTER 14 window @(0,9) conv_valid=111111
    ch0 = 47
    ch1 = 31
    ch2 = 15
    ch3 = 15
    ch4 = -1
    ch5 = 15
    bias = -54
    final_acc = 68
FILTER 15 window @(0,9) conv_valid=111111
    ch0 = 31
    ch1 = 47
    ch2 = 15
    ch3 = 31
    ch4 = 15
    ch5 = 31
    bias = -13
    final_acc = 157
CONV2 OUTPUT @(0,7)
    out0 = 127
    out1 = 9
    out2 = 97
    out3 = 0
    out4 = 10
    out5 = 72
    out6 = 121
    out7 = 127
    out8 = 127
    out9 = 63
    out10 = 127
    out11 = 117
    out12 = 97
    out13 = 127
    out14 = 84
    out15 = 109
    packed data_out = 5d242b31457f4f7f7309183a007f097f
FILTER 0 window @(1,9) conv_valid=111111
  WINDOW ch0 data:
     47  31  31   0   0
     47  31  15   0   0
     47  31   0   0   0
     47  31   0   0   0
     47  15   0   0   0
  WEIGHTS f0_ch0:
    -12 -12  37 -31   8
      8  28   2 -19 -36
      9 -18  23  12 -25
     44 -16 -26 -48 -34
     26  15 -10 -21 -24
    ch0 = -1
    ch1 = 31
    ch2 = 31
    ch3 = 15
    ch4 = 15
    ch5 = 15
    bias = 46
    final_acc = 152
FILTER 1 window @(1,9) conv_valid=111111
    ch0 = 31
    ch1 = 31
    ch2 = 15
    ch3 = 15
    ch4 = -1
    ch5 = 15
    bias = -113
    final_acc = -7
FILTER 2 window @(1,9) conv_valid=111111
    ch0 = -1
    ch1 = 15
    ch2 = 31
    ch3 = 15
    ch4 = 31
    ch5 = 15
    bias = -9
    final_acc = 97
FILTER 3 window @(1,9) conv_valid=111111
    ch0 = 15
    ch1 = 15
    ch2 = 15
    ch3 = 15
    ch4 = -1
    ch5 = 15
    bias = -127
    final_acc = -53
FILTER 4 window @(1,9) conv_valid=111111
    ch0 = 15
    ch1 = 31
    ch2 = 15
    ch3 = 31
    ch4 = 15
    ch5 = 31
    bias = -112
    final_acc = 26
FILTER 5 window @(1,9) conv_valid=111111
    ch0 = -1
    ch1 = 15
    ch2 = 31
    ch3 = -1
    ch4 = 31
    ch5 = -1
    bias = -98
    final_acc = -24
FILTER 6 window @(1,9) conv_valid=111111
    ch0 = -1
    ch1 = 15
    ch2 = 15
    ch3 = 15
    ch4 = -1
    ch5 = 31
    bias = -97
    final_acc = -23
FILTER 7 window @(1,9) conv_valid=111111
    ch0 = -1
    ch1 = 15
    ch2 = -1
    ch3 = -1
    ch4 = -1
    ch5 = 15
    bias = 41
    final_acc = 67
FILTER 8 window @(1,9) conv_valid=111111
    ch0 = 31
    ch1 = 15
    ch2 = 31
    ch3 = 31
    ch4 = 15
    ch5 = 31
    bias = 50
    final_acc = 204
FILTER 9 window @(1,9) conv_valid=111111
    ch0 = 31
    ch1 = 15
    ch2 = 15
    ch3 = 15
    ch4 = 15
    ch5 = 15
    bias = -43
    final_acc = 63
FILTER 10 window @(1,9) conv_valid=111111
    ch0 = 15
    ch1 = 31
    ch2 = 31
    ch3 = 31
    ch4 = -1
    ch5 = 31
    bias = -17
    final_acc = 121
FILTER 11 window @(1,9) conv_valid=111111
    ch0 = 31
    ch1 = 31
    ch2 = 15
    ch3 = -1
    ch4 = -1
    ch5 = -1
    bias = -21
    final_acc = 53
FILTER 12 window @(1,9) conv_valid=111111
    ch0 = 31
    ch1 = 15
    ch2 = 15
    ch3 = 15
    ch4 = 15
    ch5 = -1
    bias = -57
    final_acc = 33
FILTER 13 window @(1,9) conv_valid=111111
    ch0 = 15
    ch1 = 15
    ch2 = 15
    ch3 = -1
    ch4 = 31
    ch5 = -1
    bias = -47
    final_acc = 27
FILTER 14 window @(1,9) conv_valid=111111
    ch0 = 31
    ch1 = -1
    ch2 = 15
    ch3 = 15
    ch4 = -1
    ch5 = -1
    bias = -54
    final_acc = 4
FILTER 15 window @(1,9) conv_valid=111111
    ch0 = 31
    ch1 = 31
    ch2 = -1
    ch3 = 15
    ch4 = 15
    ch5 = 15
    bias = -13
    final_acc = 93
CONV2 OUTPUT @(1,7)
    out0 = 127
    out1 = 73
    out2 = 127
    out3 = 27
    out4 = 74
    out5 = 120
    out6 = 127
    out7 = 127
    out8 = 127
    out9 = 127
    out10 = 127
    out11 = 127
    out12 = 127
    out13 = 127
    out14 = 116
    out15 = 127
    packed data_out = 6d547f61757f3f7f7f79480a0061097f
FILTER 0 window @(2,9) conv_valid=111111
  WINDOW ch0 data:
     47  31  31   0   0
     47  31  15   0   0
     47  31   0   0   0
     47  31   0   0   0
     47  15   0   0   0
  WEIGHTS f0_ch0:
    -12 -12  37 -31   8
      8  28   2 -19 -36
      9 -18  23  12 -25
     44 -16 -26 -48 -34
     26  15 -10 -21 -24
    ch0 = -1
    ch1 = 31
    ch2 = 31
    ch3 = 15
    ch4 = 15
    ch5 = 15
    bias = 46
    final_acc = 152
FILTER 1 window @(2,9) conv_valid=111111
    ch0 = 31
    ch1 = 31
    ch2 = 15
    ch3 = 15
    ch4 = -1
    ch5 = 15
    bias = -113
    final_acc = -7
FILTER 2 window @(2,9) conv_valid=111111
    ch0 = -1
    ch1 = 15
    ch2 = 31
    ch3 = 15
    ch4 = 31
    ch5 = 15
    bias = -9
    final_acc = 97
FILTER 3 window @(2,9) conv_valid=111111
    ch0 = 15
    ch1 = 15
    ch2 = 15
    ch3 = 15
    ch4 = -1
    ch5 = 15
    bias = -127
    final_acc = -53
FILTER 4 window @(2,9) conv_valid=111111
    ch0 = 15
    ch1 = 31
    ch2 = 15
    ch3 = 31
    ch4 = 15
    ch5 = 31
    bias = -112
    final_acc = 26
FILTER 5 window @(2,9) conv_valid=111111
    ch0 = -1
    ch1 = 15
    ch2 = 31
    ch3 = -1
    ch4 = 31
    ch5 = -1
    bias = -98
    final_acc = -24
FILTER 6 window @(2,9) conv_valid=111111
    ch0 = -1
    ch1 = 15
    ch2 = 15
    ch3 = 15
    ch4 = -1
    ch5 = 31
    bias = -97
    final_acc = -23
FILTER 7 window @(2,9) conv_valid=111111
    ch0 = -1
    ch1 = 15
    ch2 = -1
    ch3 = -1
    ch4 = -1
    ch5 = 15
    bias = 41
    final_acc = 67
FILTER 8 window @(2,9) conv_valid=111111
    ch0 = 31
    ch1 = 15
    ch2 = 31
    ch3 = 31
    ch4 = 15
    ch5 = 31
    bias = 50
    final_acc = 204
FILTER 9 window @(2,9) conv_valid=111111
    ch0 = 31
    ch1 = 15
    ch2 = 15
    ch3 = 15
    ch4 = 15
    ch5 = 15
    bias = -43
    final_acc = 63
FILTER 10 window @(2,9) conv_valid=111111
    ch0 = 15
    ch1 = 31
    ch2 = 31
    ch3 = 31
    ch4 = -1
    ch5 = 31
    bias = -17
    final_acc = 121
FILTER 11 window @(2,9) conv_valid=111111
    ch0 = 31
    ch1 = 31
    ch2 = 15
    ch3 = -1
    ch4 = -1
    ch5 = -1
    bias = -21
    final_acc = 53
FILTER 12 window @(2,9) conv_valid=111111
    ch0 = 31
    ch1 = 15
    ch2 = 15
    ch3 = 15
    ch4 = 15
    ch5 = -1
    bias = -57
    final_acc = 33
FILTER 13 window @(2,9) conv_valid=111111
    ch0 = 15
    ch1 = 15
    ch2 = 15
    ch3 = -1
    ch4 = 31
    ch5 = -1
    bias = -47
    final_acc = 27
FILTER 14 window @(2,9) conv_valid=111111
    ch0 = 31
    ch1 = -1
    ch2 = 15
    ch3 = 15
    ch4 = -1
    ch5 = -1
    bias = -54
    final_acc = 4
FILTER 15 window @(2,9) conv_valid=111111
    ch0 = 31
    ch1 = 31
    ch2 = -1
    ch3 = 15
    ch4 = 15
    ch5 = 15
    bias = -13
    final_acc = 93
CONV2 OUTPUT @(2,7)
    out0 = 127
    out1 = 89
    out2 = 127
    out3 = 0
    out4 = 106
    out5 = 72
    out6 = 73
    out7 = 127
    out8 = 127
    out9 = 111
    out10 = 127
    out11 = 127
    out12 = 97
    out13 = 127
    out14 = 68
    out15 = 127
    packed data_out = 7f747f7f7f7f7f7f7f7f784a1b7f497f
FILTER 0 window @(3,9) conv_valid=111111
  WINDOW ch0 data:
     47  31  31   0   0
     47  31  15   0   0
     47  31   0   0   0
     47  31   0   0   0
     47  15   0   0   0
  WEIGHTS f0_ch0:
    -12 -12  37 -31   8
      8  28   2 -19 -36
      9 -18  23  12 -25
     44 -16 -26 -48 -34
     26  15 -10 -21 -24
    ch0 = -1
    ch1 = 31
    ch2 = 31
    ch3 = 15
    ch4 = 15
    ch5 = 15
    bias = 46
    final_acc = 152
FILTER 1 window @(3,9) conv_valid=111111
    ch0 = 31
    ch1 = 31
    ch2 = 15
    ch3 = 15
    ch4 = -1
    ch5 = 15
    bias = -113
    final_acc = -7
FILTER 2 window @(3,9) conv_valid=111111
    ch0 = -1
    ch1 = 15
    ch2 = 31
    ch3 = 15
    ch4 = 31
    ch5 = 15
    bias = -9
    final_acc = 97
FILTER 3 window @(3,9) conv_valid=111111
    ch0 = 15
    ch1 = 15
    ch2 = 15
    ch3 = 15
    ch4 = -1
    ch5 = 15
    bias = -127
    final_acc = -53
FILTER 4 window @(3,9) conv_valid=111111
    ch0 = 15
    ch1 = 31
    ch2 = 15
    ch3 = 31
    ch4 = 15
    ch5 = 31
    bias = -112
    final_acc = 26
FILTER 5 window @(3,9) conv_valid=111111
    ch0 = -1
    ch1 = 15
    ch2 = 31
    ch3 = -1
    ch4 = 31
    ch5 = -1
    bias = -98
    final_acc = -24
FILTER 6 window @(3,9) conv_valid=111111
    ch0 = -1
    ch1 = 15
    ch2 = 15
    ch3 = 15
    ch4 = -1
    ch5 = 31
    bias = -97
    final_acc = -23
FILTER 7 window @(3,9) conv_valid=111111
    ch0 = -1
    ch1 = 15
    ch2 = -1
    ch3 = -1
    ch4 = -1
    ch5 = 15
    bias = 41
    final_acc = 67
FILTER 8 window @(3,9) conv_valid=111111
    ch0 = 31
    ch1 = 15
    ch2 = 31
    ch3 = 31
    ch4 = 15
    ch5 = 31
    bias = 50
    final_acc = 204
FILTER 9 window @(3,9) conv_valid=111111
    ch0 = 31
    ch1 = 15
    ch2 = 15
    ch3 = 15
    ch4 = 15
    ch5 = 15
    bias = -43
    final_acc = 63
FILTER 10 window @(3,9) conv_valid=111111
    ch0 = 15
    ch1 = 31
    ch2 = 31
    ch3 = 31
    ch4 = -1
    ch5 = 31
    bias = -17
    final_acc = 121
FILTER 11 window @(3,9) conv_valid=111111
    ch0 = 31
    ch1 = 31
    ch2 = 15
    ch3 = -1
    ch4 = -1
    ch5 = -1
    bias = -21
    final_acc = 53
FILTER 12 window @(3,9) conv_valid=111111
    ch0 = 31
    ch1 = 15
    ch2 = 15
    ch3 = 15
    ch4 = 15
    ch5 = -1
    bias = -57
    final_acc = 33
FILTER 13 window @(3,9) conv_valid=111111
    ch0 = 15
    ch1 = 15
    ch2 = 15
    ch3 = -1
    ch4 = 31
    ch5 = -1
    bias = -47
    final_acc = 27
FILTER 14 window @(3,9) conv_valid=111111
    ch0 = 31
    ch1 = -1
    ch2 = 15
    ch3 = 15
    ch4 = -1
    ch5 = -1
    bias = -54
    final_acc = 4
FILTER 15 window @(3,9) conv_valid=111111
    ch0 = 31
    ch1 = 31
    ch2 = -1
    ch3 = 15
    ch4 = 15
    ch5 = 15
    bias = -13
    final_acc = 93
CONV2 OUTPUT @(3,7)
    out0 = 127
    out1 = 0
    out2 = 97
    out3 = 0
    out4 = 26
    out5 = 0
    out6 = 0
    out7 = 67
    out8 = 127
    out9 = 63
    out10 = 121
    out11 = 53
    out12 = 33
    out13 = 27
    out14 = 4
    out15 = 93
    packed data_out = 7f447f617f7f6f7f7f49486a007f597f
FILTER 0 window @(4,9) conv_valid=111111
  WINDOW ch0 data:
      0  31  47  31   0
      0  15  31  31  47
      0  15   0  31  31
      0  15   0   0   0
      0   0   0   0   0
  WEIGHTS f0_ch0:
    -12 -12  37 -31   8
      8  28   2 -19 -36
      9 -18  23  12 -25
     44 -16 -26 -48 -34
     26  15 -10 -21 -24
    ch0 = -1
    ch1 = 31
    ch2 = 31
    ch3 = 15
    ch4 = 15
    ch5 = 15
    bias = 46
    final_acc = 152
FILTER 1 window @(4,9) conv_valid=111111
    ch0 = 31
    ch1 = 31
    ch2 = 15
    ch3 = 15
    ch4 = -1
    ch5 = 15
    bias = -113
    final_acc = -7
FILTER 2 window @(4,9) conv_valid=111111
    ch0 = -1
    ch1 = 15
    ch2 = 31
    ch3 = 15
    ch4 = 31
    ch5 = 15
    bias = -9
    final_acc = 97
FILTER 3 window @(4,9) conv_valid=111111
    ch0 = 15
    ch1 = 15
    ch2 = 15
    ch3 = 15
    ch4 = -1
    ch5 = 15
    bias = -127
    final_acc = -53
FILTER 4 window @(4,9) conv_valid=111111
    ch0 = 15
    ch1 = 31
    ch2 = 15
    ch3 = 31
    ch4 = 15
    ch5 = 31
    bias = -112
    final_acc = 26
FILTER 5 window @(4,9) conv_valid=111111
    ch0 = -1
    ch1 = 15
    ch2 = 31
    ch3 = -1
    ch4 = 31
    ch5 = -1
    bias = -98
    final_acc = -24
FILTER 6 window @(4,9) conv_valid=111111
    ch0 = -1
    ch1 = 15
    ch2 = 15
    ch3 = 15
    ch4 = -1
    ch5 = 31
    bias = -97
    final_acc = -23
FILTER 7 window @(4,9) conv_valid=111111
    ch0 = -1
    ch1 = 15
    ch2 = -1
    ch3 = -1
    ch4 = -1
    ch5 = 15
    bias = 41
    final_acc = 67
FILTER 8 window @(4,9) conv_valid=111111
    ch0 = 31
    ch1 = 15
    ch2 = 31
    ch3 = 31
    ch4 = 15
    ch5 = 31
    bias = 50
    final_acc = 204
FILTER 9 window @(4,9) conv_valid=111111
    ch0 = 31
    ch1 = 15
    ch2 = 15
    ch3 = 15
    ch4 = 15
    ch5 = 15
    bias = -43
    final_acc = 63
FILTER 10 window @(4,9) conv_valid=111111
    ch0 = 15
    ch1 = 31
    ch2 = 31
    ch3 = 31
    ch4 = -1
    ch5 = 31
    bias = -17
    final_acc = 121
FILTER 11 window @(4,9) conv_valid=111111
    ch0 = 31
    ch1 = 31
    ch2 = 15
    ch3 = -1
    ch4 = -1
    ch5 = -1
    bias = -21
    final_acc = 53
FILTER 12 window @(4,9) conv_valid=111111
    ch0 = 31
    ch1 = 15
    ch2 = 15
    ch3 = 15
    ch4 = 15
    ch5 = -1
    bias = -57
    final_acc = 33
FILTER 13 window @(4,9) conv_valid=111111
    ch0 = 15
    ch1 = 15
    ch2 = 15
    ch3 = -1
    ch4 = 31
    ch5 = -1
    bias = -47
    final_acc = 27
FILTER 14 window @(4,9) conv_valid=111111
    ch0 = 31
    ch1 = -1
    ch2 = 15
    ch3 = 15
    ch4 = -1
    ch5 = -1
    bias = -54
    final_acc = 4
FILTER 15 window @(4,9) conv_valid=111111
    ch0 = 31
    ch1 = 31
    ch2 = -1
    ch3 = 15
    ch4 = 15
    ch5 = 15
    bias = -13
    final_acc = 93
CONV2 OUTPUT @(4,7)
    out0 = 127
    out1 = 0
    out2 = 97
    out3 = 0
    out4 = 26
    out5 = 0
    out6 = 0
    out7 = 67
    out8 = 127
    out9 = 63
    out10 = 121
    out11 = 53
    out12 = 33
    out13 = 27
    out14 = 4
    out15 = 93
    packed data_out = 5d041b2135793f7f4300001a0061007f
FILTER 0 window @(5,9) conv_valid=111111
  WINDOW ch0 data:
     31  47  31   0   0
     15  31  31  47  47
     15   0  31  31  31
     15   0   0   0   0
      0   0   0   0   0
  WEIGHTS f0_ch0:
    -12 -12  37 -31   8
      8  28   2 -19 -36
      9 -18  23  12 -25
     44 -16 -26 -48 -34
     26  15 -10 -21 -24
    ch0 = -1
    ch1 = 31
    ch2 = 31
    ch3 = 15
    ch4 = 15
    ch5 = 15
    bias = 46
    final_acc = 152
FILTER 1 window @(5,9) conv_valid=111111
    ch0 = 31
    ch1 = 31
    ch2 = 15
    ch3 = 15
    ch4 = -1
    ch5 = 15
    bias = -113
    final_acc = -7
FILTER 2 window @(5,9) conv_valid=111111
    ch0 = -1
    ch1 = 15
    ch2 = 31
    ch3 = 15
    ch4 = 31
    ch5 = 15
    bias = -9
    final_acc = 97
FILTER 3 window @(5,9) conv_valid=111111
    ch0 = 15
    ch1 = 15
    ch2 = 15
    ch3 = 15
    ch4 = -1
    ch5 = 15
    bias = -127
    final_acc = -53
FILTER 4 window @(5,9) conv_valid=111111
    ch0 = 15
    ch1 = 31
    ch2 = 15
    ch3 = 31
    ch4 = 15
    ch5 = 31
    bias = -112
    final_acc = 26
FILTER 5 window @(5,9) conv_valid=111111
    ch0 = -1
    ch1 = 15
    ch2 = 31
    ch3 = -1
    ch4 = 31
    ch5 = -1
    bias = -98
    final_acc = -24
FILTER 6 window @(5,9) conv_valid=111111
    ch0 = -1
    ch1 = 15
    ch2 = 15
    ch3 = 15
    ch4 = -1
    ch5 = 31
    bias = -97
    final_acc = -23
FILTER 7 window @(5,9) conv_valid=111111
    ch0 = -1
    ch1 = 15
    ch2 = -1
    ch3 = -1
    ch4 = -1
    ch5 = 15
    bias = 41
    final_acc = 67
FILTER 8 window @(5,9) conv_valid=111111
    ch0 = 31
    ch1 = 15
    ch2 = 31
    ch3 = 31
    ch4 = 15
    ch5 = 31
    bias = 50
    final_acc = 204
FILTER 9 window @(5,9) conv_valid=111111
    ch0 = 31
    ch1 = 15
    ch2 = 15
    ch3 = 15
    ch4 = 15
    ch5 = 15
    bias = -43
    final_acc = 63
FILTER 10 window @(5,9) conv_valid=111111
    ch0 = 15
    ch1 = 31
    ch2 = 31
    ch3 = 31
    ch4 = -1
    ch5 = 31
    bias = -17
    final_acc = 121
FILTER 11 window @(5,9) conv_valid=111111
    ch0 = 31
    ch1 = 31
    ch2 = 15
    ch3 = -1
    ch4 = -1
    ch5 = -1
    bias = -21
    final_acc = 53
FILTER 12 window @(5,9) conv_valid=111111
    ch0 = 31
    ch1 = 15
    ch2 = 15
    ch3 = 15
    ch4 = 15
    ch5 = -1
    bias = -57
    final_acc = 33
FILTER 13 window @(5,9) conv_valid=111111
    ch0 = 15
    ch1 = 15
    ch2 = 15
    ch3 = -1
    ch4 = 31
    ch5 = -1
    bias = -47
    final_acc = 27
FILTER 14 window @(5,9) conv_valid=111111
    ch0 = 31
    ch1 = -1
    ch2 = 15
    ch3 = 15
    ch4 = -1
    ch5 = -1
    bias = -54
    final_acc = 4
FILTER 15 window @(5,9) conv_valid=111111
    ch0 = 31
    ch1 = 31
    ch2 = -1
    ch3 = 15
    ch4 = 15
    ch5 = 15
    bias = -13
    final_acc = 93
CONV2 OUTPUT @(5,7)
    out0 = 127
    out1 = 0
    out2 = 97
    out3 = 0
    out4 = 26
    out5 = 0
    out6 = 0
    out7 = 67
    out8 = 127
    out9 = 63
    out10 = 121
    out11 = 53
    out12 = 33
    out13 = 27
    out14 = 4
    out15 = 93
    packed data_out = 5d041b2135793f7f4300001a0061007f
CONV2 OUTPUT @(6,7)
    out0 = 127
    out1 = 0
    out2 = 97
    out3 = 0
    out4 = 26
    out5 = 0
    out6 = 0
    out7 = 67
    out8 = 127
    out9 = 63
    out10 = 121
    out11 = 53
    out12 = 33
    out13 = 27
    out14 = 4
    out15 = 93
    packed data_out = 5d041b2135793f7f4300001a0061007f
FILTER 0 window @(10,9) conv_valid=111111
  WINDOW ch0 data:
     31  47  31  15   0
     47  47  31   0   0
     47  47  31   0   0
     47  47  15   0   0
     31  31  31   0   0
  WEIGHTS f0_ch0:
    -12 -12  37 -31   8
      8  28   2 -19 -36
      9 -18  23  12 -25
     44 -16 -26 -48 -34
     26  15 -10 -21 -24
    ch0 = 47
    ch1 = -1
    ch2 = 47
    ch3 = 31
    ch4 = 15
    ch5 = 31
    bias = 46
    final_acc = 216
FILTER 1 window @(10,9) conv_valid=111111
    ch0 = -1
    ch1 = 15
    ch2 = 31
    ch3 = 47
    ch4 = 15
    ch5 = 31
    bias = -113
    final_acc = 25
FILTER 2 window @(10,9) conv_valid=111111
    ch0 = 15
    ch1 = 15
    ch2 = 15
    ch3 = 15
    ch4 = 47
    ch5 = 15
    bias = -9
    final_acc = 113
FILTER 3 window @(10,9) conv_valid=111111
    ch0 = 47
    ch1 = 15
    ch2 = 15
    ch3 = 15
    ch4 = -1
    ch5 = 31
    bias = -127
    final_acc = -5
FILTER 4 window @(10,9) conv_valid=111111
    ch0 = 15
    ch1 = 31
    ch2 = 15
    ch3 = 15
    ch4 = 31
    ch5 = 63
    bias = -112
    final_acc = 58
FILTER 5 window @(10,9) conv_valid=111111
    ch0 = 47
    ch1 = 47
    ch2 = 15
    ch3 = 15
    ch4 = 47
    ch5 = 15
    bias = -98
    final_acc = 88
FILTER 6 window @(10,9) conv_valid=111111
    ch0 = 47
    ch1 = 47
    ch2 = 15
    ch3 = 47
    ch4 = 15
    ch5 = 63
    bias = -97
    final_acc = 137
FILTER 7 window @(10,9) conv_valid=111111
    ch0 = 15
    ch1 = 47
    ch2 = 31
    ch3 = 47
    ch4 = 47
    ch5 = 63
    bias = 41
    final_acc = 291
FILTER 8 window @(10,9) conv_valid=111111
    ch0 = 47
    ch1 = 47
    ch2 = 47
    ch3 = 63
    ch4 = 47
    ch5 = 63
    bias = 50
    final_acc = 364
FILTER 9 window @(10,9) conv_valid=111111
    ch0 = 31
    ch1 = 15
    ch2 = 47
    ch3 = 31
    ch4 = 15
    ch5 = -1
    bias = -43
    final_acc = 95
FILTER 10 window @(10,9) conv_valid=111111
    ch0 = -1
    ch1 = 31
    ch2 = 31
    ch3 = 15
    ch4 = 47
    ch5 = 63
    bias = -17
    final_acc = 169
FILTER 11 window @(10,9) conv_valid=111111
    ch0 = 47
    ch1 = 31
    ch2 = 15
    ch3 = -1
    ch4 = 31
    ch5 = 31
    bias = -21
    final_acc = 133
FILTER 12 window @(10,9) conv_valid=111111
    ch0 = 47
    ch1 = 47
    ch2 = 15
    ch3 = 31
    ch4 = -1
    ch5 = 15
    bias = -57
    final_acc = 97
FILTER 13 window @(10,9) conv_valid=111111
    ch0 = 31
    ch1 = 15
    ch2 = 31
    ch3 = 47
    ch4 = 31
    ch5 = 15
    bias = -47
    final_acc = 123
FILTER 14 window @(10,9) conv_valid=111111
    ch0 = 31
    ch1 = 31
    ch2 = 31
    ch3 = 15
    ch4 = 15
    ch5 = 31
    bias = -54
    final_acc = 100
FILTER 15 window @(10,9) conv_valid=111111
    ch0 = -1
    ch1 = 31
    ch2 = -1
    ch3 = 47
    ch4 = -1
    ch5 = 31
    bias = -13
    final_acc = 93
FILTER 0 window @(11,10) conv_valid=111111
  WINDOW ch0 data:
     47  31  15   0   0
     47  31   0   0   0
     47  31   0   0   0
     47  15   0   0   0
     31  31   0   0   0
  WEIGHTS f0_ch0:
    -12 -12  37 -31   8
      8  28   2 -19 -36
      9 -18  23  12 -25
     44 -16 -26 -48 -34
     26  15 -10 -21 -24
    ch0 = 47
    ch1 = 15
    ch2 = 63
    ch3 = 31
    ch4 = 31
    ch5 = 31
    bias = 46
    final_acc = 264
FILTER 1 window @(11,10) conv_valid=111111
    ch0 = 15
    ch1 = 31
    ch2 = 31
    ch3 = 47
    ch4 = 15
    ch5 = 47
    bias = -113
    final_acc = 73
FILTER 2 window @(11,10) conv_valid=111111
    ch0 = 15
    ch1 = 31
    ch2 = 31
    ch3 = 15
    ch4 = 63
    ch5 = 31
    bias = -9
    final_acc = 177
FILTER 3 window @(11,10) conv_valid=111111
    ch0 = 63
    ch1 = 31
    ch2 = 31
    ch3 = 31
    ch4 = -1
    ch5 = 31
    bias = -127
    final_acc = 59
FILTER 4 window @(11,10) conv_valid=111111
    ch0 = 15
    ch1 = 47
    ch2 = -1
    ch3 = 31
    ch4 = 31
    ch5 = 79
    bias = -112
    final_acc = 90
FILTER 5 window @(11,10) conv_valid=111111
    ch0 = 47
    ch1 = 63
    ch2 = 15
    ch3 = 15
    ch4 = 63
    ch5 = 15
    bias = -98
    final_acc = 120
FILTER 6 window @(11,10) conv_valid=111111
    ch0 = 47
    ch1 = 63
    ch2 = 31
    ch3 = 63
    ch4 = 15
    ch5 = 79
    bias = -97
    final_acc = 201
FILTER 7 window @(11,10) conv_valid=111111
    ch0 = 15
    ch1 = 47
    ch2 = 47
    ch3 = 47
    ch4 = 47
    ch5 = 63
    bias = 41
    final_acc = 307
FILTER 8 window @(11,10) conv_valid=111111
    ch0 = 63
    ch1 = 47
    ch2 = 63
    ch3 = 79
    ch4 = 47
    ch5 = 79
    bias = 50
    final_acc = 428
FILTER 9 window @(11,10) conv_valid=111111
    ch0 = 47
    ch1 = 15
    ch2 = 31
    ch3 = 31
    ch4 = 31
    ch5 = 15
    bias = -43
    final_acc = 127
FILTER 10 window @(11,10) conv_valid=111111
    ch0 = -1
    ch1 = 47
    ch2 = 47
    ch3 = 31
    ch4 = 47
    ch5 = 79
    bias = -17
    final_acc = 233
FILTER 11 window @(11,10) conv_valid=111111
    ch0 = 63
    ch1 = 47
    ch2 = -1
    ch3 = -1
    ch4 = 31
    ch5 = 31
    bias = -21
    final_acc = 149
FILTER 12 window @(11,10) conv_valid=111111
    ch0 = 63
    ch1 = 63
    ch2 = 31
    ch3 = 47
    ch4 = -1
    ch5 = 15
    bias = -57
    final_acc = 161
FILTER 13 window @(11,10) conv_valid=111111
    ch0 = 47
    ch1 = 31
    ch2 = 63
    ch3 = 47
    ch4 = 47
    ch5 = 15
    bias = -47
    final_acc = 203
FILTER 14 window @(11,10) conv_valid=111111
    ch0 = 47
    ch1 = 31
    ch2 = 15
    ch3 = 31
    ch4 = 15
    ch5 = 31
    bias = -54
    final_acc = 116
FILTER 15 window @(11,10) conv_valid=111111
    ch0 = 15
    ch1 = 47
    ch2 = 15
    ch3 = 63
    ch4 = -1
    ch5 = 47
    bias = -13
    final_acc = 173
CONV2 OUTPUT @(7,7)
    out0 = 127
    out1 = 0
    out2 = 97
    out3 = 0
    out4 = 26
    out5 = 0
    out6 = 0
    out7 = 67
    out8 = 127
    out9 = 63
    out10 = 121
    out11 = 53
    out12 = 33
    out13 = 27
    out14 = 4
    out15 = 93
    packed data_out = 5d041b2135793f7f4300001a0061007f
FILTER 0 window @(0,10) conv_valid=111111
  WINDOW ch0 data:
     47  31  15   0   0
     47  31   0   0   0
     47  31   0   0   0
     47  15   0   0   0
     31  31   0   0   0
  WEIGHTS f0_ch0:
    -12 -12  37 -31   8
      8  28   2 -19 -36
      9 -18  23  12 -25
     44 -16 -26 -48 -34
     26  15 -10 -21 -24
    ch0 = 15
    ch1 = 31
    ch2 = 31
    ch3 = 15
    ch4 = 15
    ch5 = 31
    bias = 46
    final_acc = 184
FILTER 1 window @(0,10) conv_valid=111111
    ch0 = 31
    ch1 = 31
    ch2 = 31
    ch3 = 31
    ch4 = -1
    ch5 = 31
    bias = -113
    final_acc = 41
FILTER 2 window @(0,10) conv_valid=111111
    ch0 = 15
    ch1 = 31
    ch2 = 31
    ch3 = 15
    ch4 = 47
    ch5 = 15
    bias = -9
    final_acc = 145
FILTER 3 window @(0,10) conv_valid=111111
    ch0 = 31
    ch1 = 31
    ch2 = -1
    ch3 = 15
    ch4 = -1
    ch5 = 31
    bias = -127
    final_acc = -21
FILTER 4 window @(0,10) conv_valid=111111
    ch0 = 15
    ch1 = 31
    ch2 = 15
    ch3 = 31
    ch4 = 31
    ch5 = 47
    bias = -112
    final_acc = 58
FILTER 5 window @(0,10) conv_valid=111111
    ch0 = 15
    ch1 = 31
    ch2 = 15
    ch3 = -1
    ch4 = 47
    ch5 = 15
    bias = -98
    final_acc = 24
FILTER 6 window @(0,10) conv_valid=111111
    ch0 = 15
    ch1 = 31
    ch2 = -1
    ch3 = 31
    ch4 = -1
    ch5 = 47
    bias = -97
    final_acc = 25
FILTER 7 window @(0,10) conv_valid=111111
    ch0 = -1
    ch1 = 31
    ch2 = 15
    ch3 = 15
    ch4 = 15
    ch5 = 31
    bias = 41
    final_acc = 147
FILTER 8 window @(0,10) conv_valid=111111
    ch0 = 47
    ch1 = 31
    ch2 = 31
    ch3 = 47
    ch4 = 31
    ch5 = 47
    bias = 50
    final_acc = 284
FILTER 9 window @(0,10) conv_valid=111111
    ch0 = 47
    ch1 = 31
    ch2 = 15
    ch3 = 15
    ch4 = 15
    ch5 = 15
    bias = -43
    final_acc = 95
FILTER 10 window @(0,10) conv_valid=111111
    ch0 = 15
    ch1 = 31
    ch2 = 31
    ch3 = 31
    ch4 = 15
    ch5 = 47
    bias = -17
    final_acc = 153
FILTER 11 window @(0,10) conv_valid=111111
    ch0 = 47
    ch1 = 31
    ch2 = 15
    ch3 = -1
    ch4 = 15
    ch5 = -1
    bias = -21
    final_acc = 85
FILTER 12 window @(0,10) conv_valid=111111
    ch0 = 47
    ch1 = 31
    ch2 = -1
    ch3 = 15
    ch4 = 15
    ch5 = -1
    bias = -57
    final_acc = 49
FILTER 13 window @(0,10) conv_valid=111111
    ch0 = 31
    ch1 = 15
    ch2 = 15
    ch3 = 15
    ch4 = 47
    ch5 = -1
    bias = -47
    final_acc = 75
FILTER 14 window @(0,10) conv_valid=111111
    ch0 = 47
    ch1 = 15
    ch2 = 15
    ch3 = 15
    ch4 = -1
    ch5 = 15
    bias = -54
    final_acc = 52
FILTER 15 window @(0,10) conv_valid=111111
    ch0 = 31
    ch1 = 31
    ch2 = 15
    ch3 = 31
    ch4 = 15
    ch5 = 15
    bias = -13
    final_acc = 125
CONV2 OUTPUT @(0,0)
    out0 = 127
    out1 = 25
    out2 = 113
    out3 = 0
    out4 = 58
    out5 = 88
    out6 = 127
    out7 = 127
    out8 = 127
    out9 = 95
    out10 = 127
    out11 = 127
    out12 = 97
    out13 = 123
    out14 = 100
    out15 = 93
    packed data_out = 5d041b2135793f7f4300001a0061007f
FILTER 0 window @(1,10) conv_valid=111111
  WINDOW ch0 data:
     47  31  15   0   0
     47  31   0   0   0
     47  31   0   0   0
     47  15   0   0   0
     31  31   0   0   0
  WEIGHTS f0_ch0:
    -12 -12  37 -31   8
      8  28   2 -19 -36
      9 -18  23  12 -25
     44 -16 -26 -48 -34
     26  15 -10 -21 -24
    ch0 = -1
    ch1 = 31
    ch2 = 31
    ch3 = 15
    ch4 = 15
    ch5 = 15
    bias = 46
    final_acc = 152
FILTER 1 window @(1,10) conv_valid=111111
    ch0 = 31
    ch1 = 31
    ch2 = 15
    ch3 = 15
    ch4 = -1
    ch5 = 15
    bias = -113
    final_acc = -7
FILTER 2 window @(1,10) conv_valid=111111
    ch0 = -1
    ch1 = 15
    ch2 = 31
    ch3 = 15
    ch4 = 31
    ch5 = 15
    bias = -9
    final_acc = 97
FILTER 3 window @(1,10) conv_valid=111111
    ch0 = 15
    ch1 = 15
    ch2 = 15
    ch3 = 15
    ch4 = -1
    ch5 = 15
    bias = -127
    final_acc = -53
FILTER 4 window @(1,10) conv_valid=111111
    ch0 = 15
    ch1 = 31
    ch2 = 15
    ch3 = 31
    ch4 = 15
    ch5 = 31
    bias = -112
    final_acc = 26
FILTER 5 window @(1,10) conv_valid=111111
    ch0 = -1
    ch1 = 15
    ch2 = 31
    ch3 = -1
    ch4 = 31
    ch5 = -1
    bias = -98
    final_acc = -24
FILTER 6 window @(1,10) conv_valid=111111
    ch0 = -1
    ch1 = 15
    ch2 = 15
    ch3 = 15
    ch4 = -1
    ch5 = 31
    bias = -97
    final_acc = -23
FILTER 7 window @(1,10) conv_valid=111111
    ch0 = -1
    ch1 = 15
    ch2 = -1
    ch3 = -1
    ch4 = -1
    ch5 = 15
    bias = 41
    final_acc = 67
FILTER 8 window @(1,10) conv_valid=111111
    ch0 = 31
    ch1 = 15
    ch2 = 31
    ch3 = 31
    ch4 = 15
    ch5 = 31
    bias = 50
    final_acc = 204
FILTER 9 window @(1,10) conv_valid=111111
    ch0 = 31
    ch1 = 15
    ch2 = 15
    ch3 = 15
    ch4 = 15
    ch5 = 15
    bias = -43
    final_acc = 63
FILTER 10 window @(1,10) conv_valid=111111
    ch0 = 15
    ch1 = 31
    ch2 = 31
    ch3 = 31
    ch4 = -1
    ch5 = 31
    bias = -17
    final_acc = 121
FILTER 11 window @(1,10) conv_valid=111111
    ch0 = 31
    ch1 = 31
    ch2 = 15
    ch3 = -1
    ch4 = -1
    ch5 = -1
    bias = -21
    final_acc = 53
FILTER 12 window @(1,10) conv_valid=111111
    ch0 = 31
    ch1 = 15
    ch2 = 15
    ch3 = 15
    ch4 = 15
    ch5 = -1
    bias = -57
    final_acc = 33
FILTER 13 window @(1,10) conv_valid=111111
    ch0 = 15
    ch1 = 15
    ch2 = 15
    ch3 = -1
    ch4 = 31
    ch5 = -1
    bias = -47
    final_acc = 27
FILTER 14 window @(1,10) conv_valid=111111
    ch0 = 31
    ch1 = -1
    ch2 = 15
    ch3 = 15
    ch4 = -1
    ch5 = -1
    bias = -54
    final_acc = 4
FILTER 15 window @(1,10) conv_valid=111111
    ch0 = 31
    ch1 = 31
    ch2 = -1
    ch3 = 15
    ch4 = 15
    ch5 = 15
    bias = -13
    final_acc = 93
CONV2 OUTPUT @(1,0)
    out0 = 127
    out1 = 73
    out2 = 127
    out3 = 59
    out4 = 90
    out5 = 120
    out6 = 127
    out7 = 127
    out8 = 127
    out9 = 127
    out10 = 127
    out11 = 127
    out12 = 127
    out13 = 127
    out14 = 116
    out15 = 127
    packed data_out = 5d647b617f7f5f7f7f7f583a0071197f
FILTER 0 window @(2,10) conv_valid=111111
  WINDOW ch0 data:
     47  31  15   0   0
     47  31   0   0   0
     47  31   0   0   0
     47  15   0   0   0
     31  31   0   0   0
  WEIGHTS f0_ch0:
    -12 -12  37 -31   8
      8  28   2 -19 -36
      9 -18  23  12 -25
     44 -16 -26 -48 -34
     26  15 -10 -21 -24
    ch0 = -1
    ch1 = 31
    ch2 = 31
    ch3 = 15
    ch4 = 15
    ch5 = 15
    bias = 46
    final_acc = 152
FILTER 1 window @(2,10) conv_valid=111111
    ch0 = 31
    ch1 = 31
    ch2 = 15
    ch3 = 15
    ch4 = -1
    ch5 = 15
    bias = -113
    final_acc = -7
FILTER 2 window @(2,10) conv_valid=111111
    ch0 = -1
    ch1 = 15
    ch2 = 31
    ch3 = 15
    ch4 = 31
    ch5 = 15
    bias = -9
    final_acc = 97
FILTER 3 window @(2,10) conv_valid=111111
    ch0 = 15
    ch1 = 15
    ch2 = 15
    ch3 = 15
    ch4 = -1
    ch5 = 15
    bias = -127
    final_acc = -53
FILTER 4 window @(2,10) conv_valid=111111
    ch0 = 15
    ch1 = 31
    ch2 = 15
    ch3 = 31
    ch4 = 15
    ch5 = 31
    bias = -112
    final_acc = 26
FILTER 5 window @(2,10) conv_valid=111111
    ch0 = -1
    ch1 = 15
    ch2 = 31
    ch3 = -1
    ch4 = 31
    ch5 = -1
    bias = -98
    final_acc = -24
FILTER 6 window @(2,10) conv_valid=111111
    ch0 = -1
    ch1 = 15
    ch2 = 15
    ch3 = 15
    ch4 = -1
    ch5 = 31
    bias = -97
    final_acc = -23
FILTER 7 window @(2,10) conv_valid=111111
    ch0 = -1
    ch1 = 15
    ch2 = -1
    ch3 = -1
    ch4 = -1
    ch5 = 15
    bias = 41
    final_acc = 67
FILTER 8 window @(2,10) conv_valid=111111
    ch0 = 31
    ch1 = 15
    ch2 = 31
    ch3 = 31
    ch4 = 15
    ch5 = 31
    bias = 50
    final_acc = 204
FILTER 9 window @(2,10) conv_valid=111111
    ch0 = 31
    ch1 = 15
    ch2 = 15
    ch3 = 15
    ch4 = 15
    ch5 = 15
    bias = -43
    final_acc = 63
FILTER 10 window @(2,10) conv_valid=111111
    ch0 = 15
    ch1 = 31
    ch2 = 31
    ch3 = 31
    ch4 = -1
    ch5 = 31
    bias = -17
    final_acc = 121
FILTER 11 window @(2,10) conv_valid=111111
    ch0 = 31
    ch1 = 31
    ch2 = 15
    ch3 = -1
    ch4 = -1
    ch5 = -1
    bias = -21
    final_acc = 53
FILTER 12 window @(2,10) conv_valid=111111
    ch0 = 31
    ch1 = 15
    ch2 = 15
    ch3 = 15
    ch4 = 15
    ch5 = -1
    bias = -57
    final_acc = 33
FILTER 13 window @(2,10) conv_valid=111111
    ch0 = 15
    ch1 = 15
    ch2 = 15
    ch3 = -1
    ch4 = 31
    ch5 = -1
    bias = -47
    final_acc = 27
FILTER 14 window @(2,10) conv_valid=111111
    ch0 = 31
    ch1 = -1
    ch2 = 15
    ch3 = 15
    ch4 = -1
    ch5 = -1
    bias = -54
    final_acc = 4
FILTER 15 window @(2,10) conv_valid=111111
    ch0 = 31
    ch1 = 31
    ch2 = -1
    ch3 = 15
    ch4 = 15
    ch5 = 15
    bias = -13
    final_acc = 93
CONV2 OUTPUT @(2,0)
    out0 = 127
    out1 = 41
    out2 = 127
    out3 = 0
    out4 = 58
    out5 = 24
    out6 = 25
    out7 = 127
    out8 = 127
    out9 = 95
    out10 = 127
    out11 = 85
    out12 = 49
    out13 = 75
    out14 = 52
    out15 = 125
    packed data_out = 7f747f7f7f7f7f7f7f7f785a3b7f497f
FILTER 0 window @(2,10) conv_valid=111111
  WINDOW ch0 data:
     47  31  15   0   0
     47  31   0   0   0
     47  31   0   0   0
     47  15   0   0   0
     31  31   0   0   0
  WEIGHTS f0_ch0:
    -12 -12  37 -31   8
      8  28   2 -19 -36
      9 -18  23  12 -25
     44 -16 -26 -48 -34
     26  15 -10 -21 -24
    ch0 = -1
    ch1 = 31
    ch2 = 31
    ch3 = 15
    ch4 = 15
    ch5 = 15
    bias = 46
    final_acc = 152
FILTER 1 window @(2,10) conv_valid=111111
    ch0 = 31
    ch1 = 31
    ch2 = 15
    ch3 = 15
    ch4 = -1
    ch5 = 15
    bias = -113
    final_acc = -7
FILTER 2 window @(2,10) conv_valid=111111
    ch0 = -1
    ch1 = 15
    ch2 = 31
    ch3 = 15
    ch4 = 31
    ch5 = 15
    bias = -9
    final_acc = 97
FILTER 3 window @(2,10) conv_valid=111111
    ch0 = 15
    ch1 = 15
    ch2 = 15
    ch3 = 15
    ch4 = -1
    ch5 = 15
    bias = -127
    final_acc = -53
FILTER 4 window @(2,10) conv_valid=111111
    ch0 = 15
    ch1 = 31
    ch2 = 15
    ch3 = 31
    ch4 = 15
    ch5 = 31
    bias = -112
    final_acc = 26
FILTER 5 window @(2,10) conv_valid=111111
    ch0 = -1
    ch1 = 15
    ch2 = 31
    ch3 = -1
    ch4 = 31
    ch5 = -1
    bias = -98
    final_acc = -24
FILTER 6 window @(2,10) conv_valid=111111
    ch0 = -1
    ch1 = 15
    ch2 = 15
    ch3 = 15
    ch4 = -1
    ch5 = 31
    bias = -97
    final_acc = -23
FILTER 7 window @(2,10) conv_valid=111111
    ch0 = -1
    ch1 = 15
    ch2 = -1
    ch3 = -1
    ch4 = -1
    ch5 = 15
    bias = 41
    final_acc = 67
FILTER 8 window @(2,10) conv_valid=111111
    ch0 = 31
    ch1 = 15
    ch2 = 31
    ch3 = 31
    ch4 = 15
    ch5 = 31
    bias = 50
    final_acc = 204
FILTER 9 window @(2,10) conv_valid=111111
    ch0 = 31
    ch1 = 15
    ch2 = 15
    ch3 = 15
    ch4 = 15
    ch5 = 15
    bias = -43
    final_acc = 63
FILTER 10 window @(2,10) conv_valid=111111
    ch0 = 15
    ch1 = 31
    ch2 = 31
    ch3 = 31
    ch4 = -1
    ch5 = 31
    bias = -17
    final_acc = 121
FILTER 11 window @(2,10) conv_valid=111111
    ch0 = 31
    ch1 = 31
    ch2 = 15
    ch3 = -1
    ch4 = -1
    ch5 = -1
    bias = -21
    final_acc = 53
FILTER 12 window @(2,10) conv_valid=111111
    ch0 = 31
    ch1 = 15
    ch2 = 15
    ch3 = 15
    ch4 = 15
    ch5 = -1
    bias = -57
    final_acc = 33
FILTER 13 window @(2,10) conv_valid=111111
    ch0 = 15
    ch1 = 15
    ch2 = 15
    ch3 = -1
    ch4 = 31
    ch5 = -1
    bias = -47
    final_acc = 27
FILTER 14 window @(2,10) conv_valid=111111
    ch0 = 31
    ch1 = -1
    ch2 = 15
    ch3 = 15
    ch4 = -1
    ch5 = -1
    bias = -54
    final_acc = 4
FILTER 15 window @(2,10) conv_valid=111111
    ch0 = 31
    ch1 = 31
    ch2 = -1
    ch3 = 15
    ch4 = 15
    ch5 = 15
    bias = -13
    final_acc = 93
CONV2 OUTPUT @(3,0)
    out0 = 127
    out1 = 0
    out2 = 97
    out3 = 0
    out4 = 26
    out5 = 0
    out6 = 0
    out7 = 67
    out8 = 127
    out9 = 63
    out10 = 121
    out11 = 53
    out12 = 33
    out13 = 27
    out14 = 4
    out15 = 93
    packed data_out = 7d344b31557f5f7f7f19183a007f297f
FILTER 0 window @(2,10) conv_valid=111111
  WINDOW ch0 data:
     47  31  15   0   0
     47  31   0   0   0
     47  31   0   0   0
     47  15   0   0   0
     31  31   0   0   0
  WEIGHTS f0_ch0:
    -12 -12  37 -31   8
      8  28   2 -19 -36
      9 -18  23  12 -25
     44 -16 -26 -48 -34
     26  15 -10 -21 -24
    ch0 = -1
    ch1 = 31
    ch2 = 31
    ch3 = 15
    ch4 = 15
    ch5 = 15
    bias = 46
    final_acc = 152
FILTER 1 window @(2,10) conv_valid=111111
    ch0 = 31
    ch1 = 31
    ch2 = 15
    ch3 = 15
    ch4 = -1
    ch5 = 15
    bias = -113
    final_acc = -7
FILTER 2 window @(2,10) conv_valid=111111
    ch0 = -1
    ch1 = 15
    ch2 = 31
    ch3 = 15
    ch4 = 31
    ch5 = 15
    bias = -9
    final_acc = 97
FILTER 3 window @(2,10) conv_valid=111111
    ch0 = 15
    ch1 = 15
    ch2 = 15
    ch3 = 15
    ch4 = -1
    ch5 = 15
    bias = -127
    final_acc = -53
FILTER 4 window @(2,10) conv_valid=111111
    ch0 = 15
    ch1 = 31
    ch2 = 15
    ch3 = 31
    ch4 = 15
    ch5 = 31
    bias = -112
    final_acc = 26
FILTER 5 window @(2,10) conv_valid=111111
    ch0 = -1
    ch1 = 15
    ch2 = 31
    ch3 = -1
    ch4 = 31
    ch5 = -1
    bias = -98
    final_acc = -24
FILTER 6 window @(2,10) conv_valid=111111
    ch0 = -1
    ch1 = 15
    ch2 = 15
    ch3 = 15
    ch4 = -1
    ch5 = 31
    bias = -97
    final_acc = -23
FILTER 7 window @(2,10) conv_valid=111111
    ch0 = -1
    ch1 = 15
    ch2 = -1
    ch3 = -1
    ch4 = -1
    ch5 = 15
    bias = 41
    final_acc = 67
FILTER 8 window @(2,10) conv_valid=111111
    ch0 = 31
    ch1 = 15
    ch2 = 31
    ch3 = 31
    ch4 = 15
    ch5 = 31
    bias = 50
    final_acc = 204
FILTER 9 window @(2,10) conv_valid=111111
    ch0 = 31
    ch1 = 15
    ch2 = 15
    ch3 = 15
    ch4 = 15
    ch5 = 15
    bias = -43
    final_acc = 63
FILTER 10 window @(2,10) conv_valid=111111
    ch0 = 15
    ch1 = 31
    ch2 = 31
    ch3 = 31
    ch4 = -1
    ch5 = 31
    bias = -17
    final_acc = 121
FILTER 11 window @(2,10) conv_valid=111111
    ch0 = 31
    ch1 = 31
    ch2 = 15
    ch3 = -1
    ch4 = -1
    ch5 = -1
    bias = -21
    final_acc = 53
FILTER 12 window @(2,10) conv_valid=111111
    ch0 = 31
    ch1 = 15
    ch2 = 15
    ch3 = 15
    ch4 = 15
    ch5 = -1
    bias = -57
    final_acc = 33
FILTER 13 window @(2,10) conv_valid=111111
    ch0 = 15
    ch1 = 15
    ch2 = 15
    ch3 = -1
    ch4 = 31
    ch5 = -1
    bias = -47
    final_acc = 27
FILTER 14 window @(2,10) conv_valid=111111
    ch0 = 31
    ch1 = -1
    ch2 = 15
    ch3 = 15
    ch4 = -1
    ch5 = -1
    bias = -54
    final_acc = 4
FILTER 15 window @(2,10) conv_valid=111111
    ch0 = 31
    ch1 = 31
    ch2 = -1
    ch3 = 15
    ch4 = 15
    ch5 = 15
    bias = -13
    final_acc = 93
CONV2 OUTPUT @(4,0)
    out0 = 127
    out1 = 0
    out2 = 97
    out3 = 0
    out4 = 26
    out5 = 0
    out6 = 0
    out7 = 67
    out8 = 127
    out9 = 63
    out10 = 121
    out11 = 53
    out12 = 33
    out13 = 27
    out14 = 4
    out15 = 93
    packed data_out = 5d041b2135793f7f4300001a0061007f
FILTER 0 window @(2,10) conv_valid=111111
  WINDOW ch0 data:
     47  31  15   0   0
     47  31   0   0   0
     47  31   0   0   0
     47  15   0   0   0
     31  31   0   0   0
  WEIGHTS f0_ch0:
    -12 -12  37 -31   8
      8  28   2 -19 -36
      9 -18  23  12 -25
     44 -16 -26 -48 -34
     26  15 -10 -21 -24
    ch0 = -1
    ch1 = 31
    ch2 = 31
    ch3 = 15
    ch4 = 15
    ch5 = 15
    bias = 46
    final_acc = 152
FILTER 1 window @(2,10) conv_valid=111111
    ch0 = 31
    ch1 = 31
    ch2 = 15
    ch3 = 15
    ch4 = -1
    ch5 = 15
    bias = -113
    final_acc = -7
FILTER 2 window @(2,10) conv_valid=111111
    ch0 = -1
    ch1 = 15
    ch2 = 31
    ch3 = 15
    ch4 = 31
    ch5 = 15
    bias = -9
    final_acc = 97
FILTER 3 window @(2,10) conv_valid=111111
    ch0 = 15
    ch1 = 15
    ch2 = 15
    ch3 = 15
    ch4 = -1
    ch5 = 15
    bias = -127
    final_acc = -53
FILTER 4 window @(2,10) conv_valid=111111
    ch0 = 15
    ch1 = 31
    ch2 = 15
    ch3 = 31
    ch4 = 15
    ch5 = 31
    bias = -112
    final_acc = 26
FILTER 5 window @(2,10) conv_valid=111111
    ch0 = -1
    ch1 = 15
    ch2 = 31
    ch3 = -1
    ch4 = 31
    ch5 = -1
    bias = -98
    final_acc = -24
FILTER 6 window @(2,10) conv_valid=111111
    ch0 = -1
    ch1 = 15
    ch2 = 15
    ch3 = 15
    ch4 = -1
    ch5 = 31
    bias = -97
    final_acc = -23
FILTER 7 window @(2,10) conv_valid=111111
    ch0 = -1
    ch1 = 15
    ch2 = -1
    ch3 = -1
    ch4 = -1
    ch5 = 15
    bias = 41
    final_acc = 67
FILTER 8 window @(2,10) conv_valid=111111
    ch0 = 31
    ch1 = 15
    ch2 = 31
    ch3 = 31
    ch4 = 15
    ch5 = 31
    bias = 50
    final_acc = 204
FILTER 9 window @(2,10) conv_valid=111111
    ch0 = 31
    ch1 = 15
    ch2 = 15
    ch3 = 15
    ch4 = 15
    ch5 = 15
    bias = -43
    final_acc = 63
FILTER 10 window @(2,10) conv_valid=111111
    ch0 = 15
    ch1 = 31
    ch2 = 31
    ch3 = 31
    ch4 = -1
    ch5 = 31
    bias = -17
    final_acc = 121
FILTER 11 window @(2,10) conv_valid=111111
    ch0 = 31
    ch1 = 31
    ch2 = 15
    ch3 = -1
    ch4 = -1
    ch5 = -1
    bias = -21
    final_acc = 53
FILTER 12 window @(2,10) conv_valid=111111
    ch0 = 31
    ch1 = 15
    ch2 = 15
    ch3 = 15
    ch4 = 15
    ch5 = -1
    bias = -57
    final_acc = 33
FILTER 13 window @(2,10) conv_valid=111111
    ch0 = 15
    ch1 = 15
    ch2 = 15
    ch3 = -1
    ch4 = 31
    ch5 = -1
    bias = -47
    final_acc = 27
FILTER 14 window @(2,10) conv_valid=111111
    ch0 = 31
    ch1 = -1
    ch2 = 15
    ch3 = 15
    ch4 = -1
    ch5 = -1
    bias = -54
    final_acc = 4
FILTER 15 window @(2,10) conv_valid=111111
    ch0 = 31
    ch1 = 31
    ch2 = -1
    ch3 = 15
    ch4 = 15
    ch5 = 15
    bias = -13
    final_acc = 93
CONV2 OUTPUT @(5,0)
    out0 = 127
    out1 = 0
    out2 = 97
    out3 = 0
    out4 = 26
    out5 = 0
    out6 = 0
    out7 = 67
    out8 = 127
    out9 = 63
    out10 = 121
    out11 = 53
    out12 = 33
    out13 = 27
    out14 = 4
    out15 = 93
    packed data_out = 5d041b2135793f7f4300001a0061007f
CONV2 OUTPUT @(6,0)
    out0 = 127
    out1 = 0
    out2 = 97
    out3 = 0
    out4 = 26
    out5 = 0
    out6 = 0
    out7 = 67
    out8 = 127
    out9 = 63
    out10 = 121
    out11 = 53
    out12 = 33
    out13 = 27
    out14 = 4
    out15 = 93
    packed data_out = 5d041b2135793f7f4300001a0061007f
