-- Weights for dense, Shape: (256, 120)
-- Quantization scale: 190.98502080329453
DEPTH = 30720;
WIDTH = 8;
ADDRESS_RADIX = HEX;
DATA_RADIX = DEC;
CONTENT BEGIN
0000 : 26;
0001 : -6;
0002 : -17;
0003 : -2;
0004 : 17;
0005 : 1;
0006 : 0;
0007 : -19;
0008 : -3;
0009 : 26;
000A : -16;
000B : -7;
000C : -2;
000D : 22;
000E : 23;
000F : -46;
0010 : 16;
0011 : -12;
0012 : 14;
0013 : -15;
0014 : -20;
0015 : -6;
0016 : 2;
0017 : 13;
0018 : -3;
0019 : -19;
001A : 11;
001B : 6;
001C : -7;
001D : 5;
001E : 9;
001F : 11;
0020 : -6;
0021 : -10;
0022 : 27;
0023 : 23;
0024 : -16;
0025 : 21;
0026 : -1;
0027 : -16;
0028 : 23;
0029 : 6;
002A : 6;
002B : 9;
002C : -8;
002D : 31;
002E : -13;
002F : 12;
0030 : -13;
0031 : -1;
0032 : 36;
0033 : -7;
0034 : -8;
0035 : 45;
0036 : 0;
0037 : 1;
0038 : 32;
0039 : 19;
003A : 20;
003B : 4;
003C : 24;
003D : 8;
003E : -6;
003F : 18;
0040 : 13;
0041 : 13;
0042 : -1;
0043 : 2;
0044 : -22;
0045 : 15;
0046 : 4;
0047 : -34;
0048 : -24;
0049 : 22;
004A : 16;
004B : 8;
004C : -29;
004D : -7;
004E : 7;
004F : -38;
0050 : 3;
0051 : -2;
0052 : 29;
0053 : 7;
0054 : 11;
0055 : -17;
0056 : 42;
0057 : 9;
0058 : -32;
0059 : 19;
005A : 15;
005B : -18;
005C : 40;
005D : -1;
005E : 16;
005F : 1;
0060 : -1;
0061 : -19;
0062 : -2;
0063 : 10;
0064 : 28;
0065 : 8;
0066 : 3;
0067 : 6;
0068 : -18;
0069 : 3;
006A : 26;
006B : 17;
006C : -12;
006D : -1;
006E : 4;
006F : 1;
0070 : -24;
0071 : 39;
0072 : -22;
0073 : 3;
0074 : -26;
0075 : -16;
0076 : -13;
0077 : 3;
0078 : -13;
0079 : 36;
007A : -37;
007B : 36;
007C : 12;
007D : -9;
007E : 31;
007F : 5;
0080 : -28;
0081 : 21;
0082 : -13;
0083 : -25;
0084 : -24;
0085 : 24;
0086 : 8;
0087 : -26;
0088 : -21;
0089 : -1;
008A : 7;
008B : -21;
008C : -21;
008D : 9;
008E : 24;
008F : -15;
0090 : 16;
0091 : 21;
0092 : -1;
0093 : -13;
0094 : 6;
0095 : 5;
0096 : 2;
0097 : -5;
0098 : -4;
0099 : -3;
009A : 20;
009B : 1;
009C : 27;
009D : 26;
009E : 5;
009F : 12;
00A0 : 15;
00A1 : -26;
00A2 : 16;
00A3 : -2;
00A4 : -7;
00A5 : -29;
00A6 : -4;
00A7 : -22;
00A8 : -8;
00A9 : 15;
00AA : 11;
00AB : 14;
00AC : -23;
00AD : 10;
00AE : 23;
00AF : -21;
00B0 : 11;
00B1 : 12;
00B2 : 10;
00B3 : 19;
00B4 : -28;
00B5 : -13;
00B6 : 27;
00B7 : 21;
00B8 : 8;
00B9 : -10;
00BA : 27;
00BB : 7;
00BC : -15;
00BD : -4;
00BE : 25;
00BF : 12;
00C0 : -6;
00C1 : -55;
00C2 : -23;
00C3 : 14;
00C4 : -6;
00C5 : -19;
00C6 : 26;
00C7 : -4;
00C8 : -5;
00C9 : 24;
00CA : -1;
00CB : 3;
00CC : 20;
00CD : -13;
00CE : 13;
00CF : 4;
00D0 : -4;
00D1 : -37;
00D2 : -14;
00D3 : 0;
00D4 : 3;
00D5 : -2;
00D6 : -32;
00D7 : 31;
00D8 : -28;
00D9 : 5;
00DA : -26;
00DB : -12;
00DC : -11;
00DD : 9;
00DE : 15;
00DF : -25;
00E0 : 4;
00E1 : -28;
00E2 : 5;
00E3 : -20;
00E4 : 2;
00E5 : 19;
00E6 : -27;
00E7 : 7;
00E8 : -13;
00E9 : -14;
00EA : -6;
00EB : -9;
00EC : -17;
00ED : -18;
00EE : 6;
00EF : -24;
00F0 : -5;
00F1 : 18;
00F2 : -15;
00F3 : -5;
00F4 : -34;
00F5 : 0;
00F6 : -3;
00F7 : 15;
00F8 : 16;
00F9 : 7;
00FA : -30;
00FB : -32;
00FC : 2;
00FD : -17;
00FE : -28;
00FF : 9;
0100 : 12;
0101 : -3;
0102 : 16;
0103 : 21;
0104 : -14;
0105 : 23;
0106 : 1;
0107 : 19;
0108 : -11;
0109 : -27;
010A : 6;
010B : 8;
010C : -23;
010D : -17;
010E : -23;
010F : -16;
0110 : -22;
0111 : -2;
0112 : -8;
0113 : 2;
0114 : -11;
0115 : 6;
0116 : 12;
0117 : 17;
0118 : -20;
0119 : 16;
011A : -1;
011B : -6;
011C : -8;
011D : -15;
011E : 16;
011F : 3;
0120 : -9;
0121 : 4;
0122 : -12;
0123 : -12;
0124 : -17;
0125 : -22;
0126 : 2;
0127 : -21;
0128 : -15;
0129 : 5;
012A : 22;
012B : -8;
012C : -20;
012D : -2;
012E : -8;
012F : 18;
0130 : 4;
0131 : 7;
0132 : -13;
0133 : -20;
0134 : 3;
0135 : -22;
0136 : 15;
0137 : 2;
0138 : 4;
0139 : -9;
013A : 5;
013B : 5;
013C : -1;
013D : -19;
013E : 14;
013F : 11;
0140 : -22;
0141 : -25;
0142 : 6;
0143 : 6;
0144 : -11;
0145 : -2;
0146 : -3;
0147 : -16;
0148 : -14;
0149 : -7;
014A : -23;
014B : -4;
014C : -14;
014D : 19;
014E : 14;
014F : 3;
0150 : 18;
0151 : 8;
0152 : -20;
0153 : -10;
0154 : 18;
0155 : -24;
0156 : -1;
0157 : 12;
0158 : 7;
0159 : -26;
015A : -24;
015B : -10;
015C : -6;
015D : -22;
015E : 21;
015F : 10;
0160 : -21;
0161 : 14;
0162 : -28;
0163 : -5;
0164 : -7;
0165 : -13;
0166 : 7;
0167 : -22;
0168 : -18;
0169 : -25;
016A : 18;
016B : -6;
016C : 7;
016D : 11;
016E : -8;
016F : 9;
0170 : -9;
0171 : -15;
0172 : 20;
0173 : 9;
0174 : -6;
0175 : 15;
0176 : -10;
0177 : -17;
0178 : -16;
0179 : -2;
017A : 1;
017B : -5;
017C : -9;
017D : -12;
017E : -6;
017F : -4;
0180 : 14;
0181 : 7;
0182 : 17;
0183 : -26;
0184 : -16;
0185 : -5;
0186 : -18;
0187 : -5;
0188 : -4;
0189 : -12;
018A : -10;
018B : 13;
018C : 3;
018D : 8;
018E : -19;
018F : 18;
0190 : -18;
0191 : 2;
0192 : 3;
0193 : -25;
0194 : -28;
0195 : -6;
0196 : -24;
0197 : 10;
0198 : -16;
0199 : 1;
019A : 1;
019B : -21;
019C : -10;
019D : 1;
019E : -7;
019F : -5;
01A0 : 13;
01A1 : 9;
01A2 : -8;
01A3 : -11;
01A4 : -29;
01A5 : -26;
01A6 : -16;
01A7 : -19;
01A8 : 4;
01A9 : 8;
01AA : 6;
01AB : 0;
01AC : 8;
01AD : -28;
01AE : 4;
01AF : 12;
01B0 : 18;
01B1 : 8;
01B2 : -14;
01B3 : -9;
01B4 : 17;
01B5 : -23;
01B6 : -4;
01B7 : -22;
01B8 : 11;
01B9 : 0;
01BA : 21;
01BB : 9;
01BC : 23;
01BD : -19;
01BE : -2;
01BF : -14;
01C0 : -12;
01C1 : 14;
01C2 : 13;
01C3 : -25;
01C4 : 1;
01C5 : -25;
01C6 : -10;
01C7 : 1;
01C8 : 8;
01C9 : 9;
01CA : -12;
01CB : 11;
01CC : 9;
01CD : 0;
01CE : -19;
01CF : -18;
01D0 : -13;
01D1 : -29;
01D2 : 4;
01D3 : -19;
01D4 : -25;
01D5 : -9;
01D6 : 4;
01D7 : 1;
01D8 : 12;
01D9 : 14;
01DA : 12;
01DB : -27;
01DC : 18;
01DD : -13;
01DE : -1;
01DF : -19;
01E0 : -26;
01E1 : 13;
01E2 : -2;
01E3 : 20;
01E4 : -10;
01E5 : 22;
01E6 : 9;
01E7 : -22;
01E8 : -14;
01E9 : 13;
01EA : 12;
01EB : -5;
01EC : -23;
01ED : -12;
01EE : 16;
01EF : -13;
01F0 : 1;
01F1 : -16;
01F2 : -17;
01F3 : 17;
01F4 : -11;
01F5 : 2;
01F6 : 13;
01F7 : -21;
01F8 : 7;
01F9 : -15;
01FA : -1;
01FB : 3;
01FC : -12;
01FD : -1;
01FE : -5;
01FF : -15;
0200 : -7;
0201 : 14;
0202 : -47;
0203 : -4;
0204 : -21;
0205 : -46;
0206 : 5;
0207 : 3;
0208 : -7;
0209 : -23;
020A : -13;
020B : 32;
020C : -5;
020D : 23;
020E : 11;
020F : 1;
0210 : 19;
0211 : -20;
0212 : 20;
0213 : -2;
0214 : -31;
0215 : -12;
0216 : -39;
0217 : 2;
0218 : 11;
0219 : 22;
021A : -8;
021B : 35;
021C : 10;
021D : 17;
021E : 6;
021F : -31;
0220 : -11;
0221 : 1;
0222 : 10;
0223 : 15;
0224 : -1;
0225 : 43;
0226 : 7;
0227 : 30;
0228 : 10;
0229 : -4;
022A : 26;
022B : -12;
022C : 24;
022D : -10;
022E : 25;
022F : 3;
0230 : 6;
0231 : -30;
0232 : 17;
0233 : 0;
0234 : -12;
0235 : 27;
0236 : 31;
0237 : 14;
0238 : 3;
0239 : 2;
023A : -17;
023B : 21;
023C : 10;
023D : -4;
023E : -24;
023F : -11;
0240 : -8;
0241 : -23;
0242 : -17;
0243 : -10;
0244 : -8;
0245 : -56;
0246 : -35;
0247 : -23;
0248 : -28;
0249 : -4;
024A : 9;
024B : -26;
024C : -24;
024D : -14;
024E : 11;
024F : -20;
0250 : 7;
0251 : -43;
0252 : 25;
0253 : -16;
0254 : -6;
0255 : -2;
0256 : -29;
0257 : 9;
0258 : 14;
0259 : -23;
025A : 12;
025B : 17;
025C : 18;
025D : -18;
025E : -22;
025F : -62;
0260 : -23;
0261 : 36;
0262 : 7;
0263 : 5;
0264 : 4;
0265 : 19;
0266 : 2;
0267 : 8;
0268 : -9;
0269 : 13;
026A : -7;
026B : 4;
026C : -14;
026D : -9;
026E : 4;
026F : 11;
0270 : -23;
0271 : -30;
0272 : -19;
0273 : -12;
0274 : -28;
0275 : 4;
0276 : 16;
0277 : -13;
0278 : 0;
0279 : 29;
027A : -23;
027B : -17;
027C : -37;
027D : -5;
027E : -11;
027F : -14;
0280 : 14;
0281 : -23;
0282 : -21;
0283 : -34;
0284 : -23;
0285 : -32;
0286 : 41;
0287 : -34;
0288 : -22;
0289 : -16;
028A : 13;
028B : -19;
028C : 9;
028D : -2;
028E : -9;
028F : -20;
0290 : 4;
0291 : 21;
0292 : -8;
0293 : 13;
0294 : 17;
0295 : 14;
0296 : -17;
0297 : -27;
0298 : -3;
0299 : 24;
029A : 29;
029B : -2;
029C : -23;
029D : -24;
029E : 16;
029F : 4;
02A0 : -29;
02A1 : -7;
02A2 : 16;
02A3 : -29;
02A4 : 7;
02A5 : 17;
02A6 : 2;
02A7 : -4;
02A8 : 8;
02A9 : 5;
02AA : 6;
02AB : 7;
02AC : -8;
02AD : 7;
02AE : 20;
02AF : 12;
02B0 : -63;
02B1 : -25;
02B2 : -17;
02B3 : -23;
02B4 : -2;
02B5 : 21;
02B6 : 17;
02B7 : 10;
02B8 : 6;
02B9 : -29;
02BA : 10;
02BB : -64;
02BC : -4;
02BD : -41;
02BE : -13;
02BF : 18;
02C0 : -28;
02C1 : 2;
02C2 : 44;
02C3 : 17;
02C4 : -48;
02C5 : -9;
02C6 : 32;
02C7 : 26;
02C8 : 6;
02C9 : 2;
02CA : 5;
02CB : -8;
02CC : 27;
02CD : 16;
02CE : 7;
02CF : -46;
02D0 : 23;
02D1 : -10;
02D2 : 30;
02D3 : -2;
02D4 : -2;
02D5 : 35;
02D6 : -20;
02D7 : 5;
02D8 : 30;
02D9 : -28;
02DA : -20;
02DB : 14;
02DC : 21;
02DD : 4;
02DE : 19;
02DF : 22;
02E0 : 7;
02E1 : 31;
02E2 : 6;
02E3 : 20;
02E4 : 11;
02E5 : 9;
02E6 : -30;
02E7 : -34;
02E8 : 14;
02E9 : -8;
02EA : 20;
02EB : -40;
02EC : -36;
02ED : 19;
02EE : -3;
02EF : 23;
02F0 : -8;
02F1 : -27;
02F2 : 24;
02F3 : -11;
02F4 : 1;
02F5 : -8;
02F6 : 7;
02F7 : -5;
02F8 : -39;
02F9 : -33;
02FA : -44;
02FB : -42;
02FC : -23;
02FD : 4;
02FE : -41;
02FF : -8;
0300 : 24;
0301 : 19;
0302 : -19;
0303 : 26;
0304 : -7;
0305 : -11;
0306 : -36;
0307 : -2;
0308 : -29;
0309 : -1;
030A : 17;
030B : 13;
030C : -8;
030D : -5;
030E : 2;
030F : -43;
0310 : 18;
0311 : -5;
0312 : -14;
0313 : 2;
0314 : -9;
0315 : -10;
0316 : 3;
0317 : 12;
0318 : -5;
0319 : -15;
031A : 1;
031B : 36;
031C : 12;
031D : 24;
031E : -8;
031F : -7;
0320 : 20;
0321 : -41;
0322 : 28;
0323 : 27;
0324 : 16;
0325 : 4;
0326 : -6;
0327 : 7;
0328 : -6;
0329 : -17;
032A : 1;
032B : -11;
032C : 4;
032D : 8;
032E : 28;
032F : 15;
0330 : 15;
0331 : -10;
0332 : 10;
0333 : 8;
0334 : 9;
0335 : 14;
0336 : 16;
0337 : 15;
0338 : -27;
0339 : -2;
033A : 15;
033B : 17;
033C : -2;
033D : 16;
033E : 27;
033F : -5;
0340 : -7;
0341 : -10;
0342 : 34;
0343 : -13;
0344 : -7;
0345 : 23;
0346 : 2;
0347 : 7;
0348 : -19;
0349 : 36;
034A : 20;
034B : 13;
034C : 19;
034D : -12;
034E : 33;
034F : -6;
0350 : 30;
0351 : 21;
0352 : 38;
0353 : 27;
0354 : -12;
0355 : -7;
0356 : 19;
0357 : -15;
0358 : 9;
0359 : 0;
035A : 13;
035B : -6;
035C : 7;
035D : 20;
035E : 3;
035F : -2;
0360 : -11;
0361 : 13;
0362 : 6;
0363 : -9;
0364 : -8;
0365 : 32;
0366 : -5;
0367 : -16;
0368 : -23;
0369 : 8;
036A : 35;
036B : -4;
036C : 23;
036D : -5;
036E : 18;
036F : 8;
0370 : -32;
0371 : 11;
0372 : -1;
0373 : -11;
0374 : 16;
0375 : -1;
0376 : 7;
0377 : -21;
0378 : -6;
0379 : -15;
037A : 7;
037B : -31;
037C : -21;
037D : 5;
037E : 12;
037F : -16;
0380 : -8;
0381 : 18;
0382 : 36;
0383 : 10;
0384 : -6;
0385 : 21;
0386 : -25;
0387 : 25;
0388 : -21;
0389 : -18;
038A : 8;
038B : 2;
038C : 29;
038D : 16;
038E : -4;
038F : 18;
0390 : -8;
0391 : 28;
0392 : -10;
0393 : 3;
0394 : 11;
0395 : 9;
0396 : 1;
0397 : -13;
0398 : 15;
0399 : -13;
039A : 29;
039B : 4;
039C : 14;
039D : 2;
039E : 6;
039F : 4;
03A0 : 15;
03A1 : -1;
03A2 : -14;
03A3 : 23;
03A4 : -3;
03A5 : -8;
03A6 : -17;
03A7 : 18;
03A8 : 6;
03A9 : 19;
03AA : -2;
03AB : 0;
03AC : -9;
03AD : 13;
03AE : -7;
03AF : -13;
03B0 : 40;
03B1 : 5;
03B2 : -10;
03B3 : -11;
03B4 : -24;
03B5 : -21;
03B6 : 0;
03B7 : -8;
03B8 : -6;
03B9 : 2;
03BA : -11;
03BB : -10;
03BC : -20;
03BD : -24;
03BE : -8;
03BF : -27;
03C0 : 12;
03C1 : 4;
03C2 : -40;
03C3 : -10;
03C4 : 15;
03C5 : -11;
03C6 : -38;
03C7 : -34;
03C8 : -13;
03C9 : -3;
03CA : -13;
03CB : 19;
03CC : 16;
03CD : 19;
03CE : -12;
03CF : -13;
03D0 : -8;
03D1 : 12;
03D2 : -15;
03D3 : 30;
03D4 : 14;
03D5 : -14;
03D6 : 4;
03D7 : 5;
03D8 : -11;
03D9 : 23;
03DA : -30;
03DB : -20;
03DC : -14;
03DD : 16;
03DE : -6;
03DF : 10;
03E0 : -14;
03E1 : -14;
03E2 : -30;
03E3 : 35;
03E4 : 9;
03E5 : -24;
03E6 : 22;
03E7 : 15;
03E8 : -14;
03E9 : -3;
03EA : 20;
03EB : 5;
03EC : 6;
03ED : 4;
03EE : 26;
03EF : 6;
03F0 : -7;
03F1 : 21;
03F2 : -28;
03F3 : 22;
03F4 : -4;
03F5 : -17;
03F6 : 27;
03F7 : 7;
03F8 : -27;
03F9 : 0;
03FA : 0;
03FB : -7;
03FC : 12;
03FD : 25;
03FE : -7;
03FF : -8;
0400 : -20;
0401 : -48;
0402 : -11;
0403 : 4;
0404 : -15;
0405 : 21;
0406 : 4;
0407 : -2;
0408 : -14;
0409 : -42;
040A : 34;
040B : 0;
040C : -11;
040D : -32;
040E : 41;
040F : -41;
0410 : -34;
0411 : -3;
0412 : 34;
0413 : 5;
0414 : 18;
0415 : 38;
0416 : -3;
0417 : 22;
0418 : -1;
0419 : -1;
041A : -10;
041B : -19;
041C : 9;
041D : -35;
041E : 16;
041F : -6;
0420 : -13;
0421 : 4;
0422 : 28;
0423 : 22;
0424 : 3;
0425 : 21;
0426 : -8;
0427 : 16;
0428 : -69;
0429 : -12;
042A : -22;
042B : -21;
042C : 16;
042D : -26;
042E : -11;
042F : -16;
0430 : -7;
0431 : -27;
0432 : -15;
0433 : -15;
0434 : -10;
0435 : 3;
0436 : 4;
0437 : 26;
0438 : -36;
0439 : -11;
043A : 15;
043B : -11;
043C : -19;
043D : -22;
043E : -27;
043F : 12;
0440 : -27;
0441 : -2;
0442 : 23;
0443 : -8;
0444 : 32;
0445 : -8;
0446 : -26;
0447 : 19;
0448 : -52;
0449 : 15;
044A : -5;
044B : -2;
044C : 22;
044D : -13;
044E : -19;
044F : 24;
0450 : -22;
0451 : -30;
0452 : -10;
0453 : 5;
0454 : 21;
0455 : 1;
0456 : -15;
0457 : 2;
0458 : -67;
0459 : 41;
045A : 2;
045B : -5;
045C : -17;
045D : 24;
045E : -10;
045F : 26;
0460 : -8;
0461 : 9;
0462 : 17;
0463 : 32;
0464 : -24;
0465 : 16;
0466 : 35;
0467 : 33;
0468 : -19;
0469 : -5;
046A : -12;
046B : 13;
046C : 16;
046D : -12;
046E : 5;
046F : -15;
0470 : -12;
0471 : 4;
0472 : 16;
0473 : 17;
0474 : -7;
0475 : 33;
0476 : 10;
0477 : 30;
0478 : -5;
0479 : 13;
047A : -22;
047B : -9;
047C : -5;
047D : 6;
047E : -28;
047F : 12;
0480 : 11;
0481 : 0;
0482 : 39;
0483 : 2;
0484 : 26;
0485 : 11;
0486 : 10;
0487 : 8;
0488 : 5;
0489 : 35;
048A : -6;
048B : -19;
048C : -8;
048D : 8;
048E : -22;
048F : 20;
0490 : 31;
0491 : 18;
0492 : -19;
0493 : -8;
0494 : 7;
0495 : 4;
0496 : -2;
0497 : 7;
0498 : 0;
0499 : -11;
049A : -13;
049B : 16;
049C : -1;
049D : 27;
049E : -13;
049F : 8;
04A0 : -19;
04A1 : 40;
04A2 : -38;
04A3 : -7;
04A4 : 13;
04A5 : -3;
04A6 : 7;
04A7 : -4;
04A8 : 8;
04A9 : 6;
04AA : -16;
04AB : 29;
04AC : -23;
04AD : 22;
04AE : 16;
04AF : 25;
04B0 : -6;
04B1 : -23;
04B2 : 10;
04B3 : 7;
04B4 : 20;
04B5 : -13;
04B6 : -41;
04B7 : -9;
04B8 : -42;
04B9 : 0;
04BA : 0;
04BB : -26;
04BC : -9;
04BD : 32;
04BE : -21;
04BF : 2;
04C0 : 16;
04C1 : 44;
04C2 : 43;
04C3 : 1;
04C4 : 6;
04C5 : 10;
04C6 : -1;
04C7 : -8;
04C8 : 27;
04C9 : -23;
04CA : 4;
04CB : -27;
04CC : 2;
04CD : -3;
04CE : 4;
04CF : 3;
04D0 : 5;
04D1 : 29;
04D2 : -37;
04D3 : -8;
04D4 : -21;
04D5 : 23;
04D6 : -28;
04D7 : -55;
04D8 : 40;
04D9 : -46;
04DA : 13;
04DB : -35;
04DC : -36;
04DD : 12;
04DE : -3;
04DF : 7;
04E0 : 12;
04E1 : 32;
04E2 : -16;
04E3 : -13;
04E4 : 26;
04E5 : -5;
04E6 : -25;
04E7 : -43;
04E8 : -5;
04E9 : -21;
04EA : 2;
04EB : -3;
04EC : -21;
04ED : -8;
04EE : -29;
04EF : 3;
04F0 : -14;
04F1 : -3;
04F2 : -17;
04F3 : 1;
04F4 : 12;
04F5 : -27;
04F6 : -25;
04F7 : -19;
04F8 : 8;
04F9 : -35;
04FA : 29;
04FB : 9;
04FC : 15;
04FD : 5;
04FE : -27;
04FF : -13;
0500 : 2;
0501 : -19;
0502 : 3;
0503 : -14;
0504 : -26;
0505 : -19;
0506 : 1;
0507 : -10;
0508 : -38;
0509 : -17;
050A : 21;
050B : 37;
050C : 20;
050D : -18;
050E : 0;
050F : -30;
0510 : 8;
0511 : 12;
0512 : -14;
0513 : -4;
0514 : -18;
0515 : -16;
0516 : -38;
0517 : -26;
0518 : -6;
0519 : 7;
051A : -12;
051B : 8;
051C : 1;
051D : 2;
051E : -10;
051F : -18;
0520 : 0;
0521 : 12;
0522 : 14;
0523 : -15;
0524 : 24;
0525 : 18;
0526 : 12;
0527 : 17;
0528 : -25;
0529 : 28;
052A : -1;
052B : -2;
052C : 7;
052D : 18;
052E : 3;
052F : 3;
0530 : -6;
0531 : -26;
0532 : 3;
0533 : -4;
0534 : 11;
0535 : 40;
0536 : 18;
0537 : 34;
0538 : 22;
0539 : 7;
053A : 16;
053B : -40;
053C : -23;
053D : -13;
053E : 18;
053F : 5;
0540 : -6;
0541 : 10;
0542 : 37;
0543 : -17;
0544 : -23;
0545 : 8;
0546 : -7;
0547 : -6;
0548 : -5;
0549 : -12;
054A : -2;
054B : 2;
054C : -20;
054D : -20;
054E : 15;
054F : -1;
0550 : -12;
0551 : -7;
0552 : -13;
0553 : 20;
0554 : 2;
0555 : 12;
0556 : 2;
0557 : 13;
0558 : -16;
0559 : 3;
055A : -11;
055B : -5;
055C : 4;
055D : -42;
055E : 10;
055F : -32;
0560 : -7;
0561 : -23;
0562 : -6;
0563 : 12;
0564 : -18;
0565 : 12;
0566 : -26;
0567 : 5;
0568 : -13;
0569 : 13;
056A : 25;
056B : -22;
056C : -19;
056D : -15;
056E : -6;
056F : -2;
0570 : 2;
0571 : 14;
0572 : -23;
0573 : 12;
0574 : 13;
0575 : 0;
0576 : -20;
0577 : 13;
0578 : 3;
0579 : -12;
057A : -30;
057B : -17;
057C : -22;
057D : 2;
057E : 4;
057F : 0;
0580 : -21;
0581 : 14;
0582 : -8;
0583 : 2;
0584 : -25;
0585 : 1;
0586 : -15;
0587 : 0;
0588 : -9;
0589 : -13;
058A : -12;
058B : 3;
058C : 7;
058D : -19;
058E : 13;
058F : -23;
0590 : 9;
0591 : 23;
0592 : -26;
0593 : 2;
0594 : 17;
0595 : 29;
0596 : -10;
0597 : 23;
0598 : -11;
0599 : -9;
059A : -11;
059B : 8;
059C : -11;
059D : -5;
059E : -7;
059F : 27;
05A0 : 5;
05A1 : -19;
05A2 : -2;
05A3 : 16;
05A4 : 14;
05A5 : 16;
05A6 : 18;
05A7 : 37;
05A8 : -20;
05A9 : 21;
05AA : -7;
05AB : 6;
05AC : -2;
05AD : -6;
05AE : 15;
05AF : 8;
05B0 : 12;
05B1 : -14;
05B2 : 17;
05B3 : 6;
05B4 : -20;
05B5 : -24;
05B6 : -3;
05B7 : 33;
05B8 : 2;
05B9 : -15;
05BA : 14;
05BB : 19;
05BC : 7;
05BD : -4;
05BE : 2;
05BF : -1;
05C0 : 21;
05C1 : -23;
05C2 : -38;
05C3 : 34;
05C4 : 9;
05C5 : -25;
05C6 : 0;
05C7 : 4;
05C8 : -10;
05C9 : 2;
05CA : 18;
05CB : 13;
05CC : 29;
05CD : -8;
05CE : -20;
05CF : -23;
05D0 : -11;
05D1 : -2;
05D2 : 23;
05D3 : 22;
05D4 : -5;
05D5 : 9;
05D6 : -29;
05D7 : 28;
05D8 : -7;
05D9 : 31;
05DA : -24;
05DB : -25;
05DC : -10;
05DD : 7;
05DE : -9;
05DF : 12;
05E0 : -13;
05E1 : -29;
05E2 : 0;
05E3 : -20;
05E4 : 7;
05E5 : -14;
05E6 : -19;
05E7 : 10;
05E8 : -21;
05E9 : 28;
05EA : 15;
05EB : 11;
05EC : 7;
05ED : 22;
05EE : 17;
05EF : 2;
05F0 : 5;
05F1 : 0;
05F2 : 2;
05F3 : 27;
05F4 : -14;
05F5 : 21;
05F6 : 23;
05F7 : 28;
05F8 : 24;
05F9 : 27;
05FA : 31;
05FB : -24;
05FC : 6;
05FD : 8;
05FE : -13;
05FF : 27;
0600 : 19;
0601 : -2;
0602 : 0;
0603 : 15;
0604 : 22;
0605 : 0;
0606 : 15;
0607 : 16;
0608 : 15;
0609 : 27;
060A : 16;
060B : -18;
060C : 5;
060D : -40;
060E : 8;
060F : -30;
0610 : 10;
0611 : 15;
0612 : -20;
0613 : -3;
0614 : -13;
0615 : -21;
0616 : 12;
0617 : -5;
0618 : 1;
0619 : 11;
061A : 14;
061B : 6;
061C : 11;
061D : -5;
061E : 13;
061F : -11;
0620 : 19;
0621 : 26;
0622 : 19;
0623 : 23;
0624 : 8;
0625 : -29;
0626 : 0;
0627 : 4;
0628 : 27;
0629 : 20;
062A : -23;
062B : -9;
062C : 9;
062D : -2;
062E : 5;
062F : -23;
0630 : 7;
0631 : -4;
0632 : 27;
0633 : 21;
0634 : 28;
0635 : 18;
0636 : 4;
0637 : -1;
0638 : -28;
0639 : 0;
063A : -3;
063B : -1;
063C : 4;
063D : -11;
063E : -13;
063F : 18;
0640 : 0;
0641 : 16;
0642 : -20;
0643 : 24;
0644 : -18;
0645 : -4;
0646 : 21;
0647 : 26;
0648 : 14;
0649 : 26;
064A : 31;
064B : 32;
064C : -14;
064D : 0;
064E : 5;
064F : 11;
0650 : 25;
0651 : 28;
0652 : -3;
0653 : 0;
0654 : 2;
0655 : -10;
0656 : 12;
0657 : 15;
0658 : 11;
0659 : -15;
065A : 17;
065B : 18;
065C : -9;
065D : 13;
065E : -16;
065F : 18;
0660 : -5;
0661 : 0;
0662 : 14;
0663 : 1;
0664 : -1;
0665 : -4;
0666 : -11;
0667 : -6;
0668 : 28;
0669 : 0;
066A : 25;
066B : 4;
066C : -9;
066D : 7;
066E : -7;
066F : 18;
0670 : -28;
0671 : -8;
0672 : -5;
0673 : 16;
0674 : 38;
0675 : 9;
0676 : -22;
0677 : -6;
0678 : 16;
0679 : -3;
067A : -16;
067B : -38;
067C : -14;
067D : 18;
067E : 7;
067F : 9;
0680 : 6;
0681 : -8;
0682 : 28;
0683 : 5;
0684 : 13;
0685 : -14;
0686 : -3;
0687 : -10;
0688 : 26;
0689 : 24;
068A : 19;
068B : 5;
068C : -13;
068D : 4;
068E : -13;
068F : -9;
0690 : -7;
0691 : -20;
0692 : 2;
0693 : -8;
0694 : 5;
0695 : 17;
0696 : 6;
0697 : 19;
0698 : 55;
0699 : -13;
069A : -12;
069B : 27;
069C : 13;
069D : 17;
069E : -21;
069F : -5;
06A0 : -4;
06A1 : 16;
06A2 : -17;
06A3 : 33;
06A4 : -7;
06A5 : -22;
06A6 : -23;
06A7 : -14;
06A8 : 31;
06A9 : 4;
06AA : -14;
06AB : 21;
06AC : 34;
06AD : 0;
06AE : -15;
06AF : -1;
06B0 : 11;
06B1 : 23;
06B2 : -18;
06B3 : -13;
06B4 : 27;
06B5 : -8;
06B6 : -30;
06B7 : 13;
06B8 : 11;
06B9 : -5;
06BA : -27;
06BB : 19;
06BC : 0;
06BD : 18;
06BE : -29;
06BF : 6;
06C0 : -9;
06C1 : 25;
06C2 : -2;
06C3 : 13;
06C4 : 2;
06C5 : 17;
06C6 : -26;
06C7 : -10;
06C8 : 21;
06C9 : -23;
06CA : 9;
06CB : -25;
06CC : -16;
06CD : 2;
06CE : -21;
06CF : 15;
06D0 : -12;
06D1 : 16;
06D2 : 5;
06D3 : 16;
06D4 : 0;
06D5 : -5;
06D6 : -19;
06D7 : -13;
06D8 : -9;
06D9 : -23;
06DA : -29;
06DB : -20;
06DC : -31;
06DD : -8;
06DE : -13;
06DF : -16;
06E0 : -6;
06E1 : 9;
06E2 : -31;
06E3 : 25;
06E4 : 40;
06E5 : -17;
06E6 : 13;
06E7 : 2;
06E8 : -18;
06E9 : -2;
06EA : -7;
06EB : -25;
06EC : 13;
06ED : 6;
06EE : -30;
06EF : 18;
06F0 : -14;
06F1 : 15;
06F2 : -22;
06F3 : 39;
06F4 : 41;
06F5 : -20;
06F6 : 32;
06F7 : 15;
06F8 : 0;
06F9 : -18;
06FA : 45;
06FB : -12;
06FC : -5;
06FD : 11;
06FE : -30;
06FF : 18;
0700 : -8;
0701 : -8;
0702 : -15;
0703 : 19;
0704 : 34;
0705 : 8;
0706 : 17;
0707 : -2;
0708 : -13;
0709 : -24;
070A : -4;
070B : -7;
070C : -13;
070D : 23;
070E : 15;
070F : -17;
0710 : -5;
0711 : -7;
0712 : 16;
0713 : 11;
0714 : 35;
0715 : -24;
0716 : 13;
0717 : -8;
0718 : -33;
0719 : -23;
071A : 30;
071B : -19;
071C : -11;
071D : 12;
071E : -9;
071F : 14;
0720 : -21;
0721 : -35;
0722 : 51;
0723 : -9;
0724 : -2;
0725 : 23;
0726 : 8;
0727 : 7;
0728 : -12;
0729 : -21;
072A : 16;
072B : -24;
072C : -23;
072D : 20;
072E : -16;
072F : -24;
0730 : 0;
0731 : -24;
0732 : 37;
0733 : 31;
0734 : -9;
0735 : -19;
0736 : -21;
0737 : 19;
0738 : -8;
0739 : -10;
073A : 21;
073B : -2;
073C : -30;
073D : -7;
073E : 40;
073F : 5;
0740 : -16;
0741 : -51;
0742 : 14;
0743 : -15;
0744 : -10;
0745 : 27;
0746 : 15;
0747 : 14;
0748 : 5;
0749 : -12;
074A : -10;
074B : 7;
074C : -19;
074D : 1;
074E : 15;
074F : -7;
0750 : -19;
0751 : -28;
0752 : 19;
0753 : 12;
0754 : 11;
0755 : -9;
0756 : 7;
0757 : 16;
0758 : 6;
0759 : -1;
075A : 39;
075B : -14;
075C : 18;
075D : 27;
075E : 13;
075F : 2;
0760 : -12;
0761 : -15;
0762 : -26;
0763 : -11;
0764 : 20;
0765 : -10;
0766 : -26;
0767 : 21;
0768 : -20;
0769 : -6;
076A : 43;
076B : 25;
076C : 21;
076D : -8;
076E : -15;
076F : -4;
0770 : 16;
0771 : 24;
0772 : -14;
0773 : 18;
0774 : -18;
0775 : -22;
0776 : 0;
0777 : -27;
0778 : -56;
0779 : 25;
077A : -4;
077B : 4;
077C : 0;
077D : 6;
077E : -1;
077F : -12;
0780 : 14;
0781 : 45;
0782 : 34;
0783 : 20;
0784 : -7;
0785 : 49;
0786 : -37;
0787 : 5;
0788 : -19;
0789 : -28;
078A : -11;
078B : 0;
078C : 18;
078D : -26;
078E : 27;
078F : 27;
0790 : -6;
0791 : 23;
0792 : 10;
0793 : 24;
0794 : 19;
0795 : 32;
0796 : 4;
0797 : 4;
0798 : -6;
0799 : -9;
079A : -3;
079B : 0;
079C : 12;
079D : -2;
079E : -3;
079F : 41;
07A0 : 31;
07A1 : 18;
07A2 : -24;
07A3 : -6;
07A4 : 0;
07A5 : -31;
07A6 : -12;
07A7 : -20;
07A8 : 20;
07A9 : 16;
07AA : 42;
07AB : -11;
07AC : -10;
07AD : -16;
07AE : 15;
07AF : 25;
07B0 : 11;
07B1 : -16;
07B2 : 17;
07B3 : 5;
07B4 : 17;
07B5 : -16;
07B6 : -26;
07B7 : 12;
07B8 : -2;
07B9 : 16;
07BA : 3;
07BB : -23;
07BC : -24;
07BD : -2;
07BE : 21;
07BF : -14;
07C0 : -6;
07C1 : -47;
07C2 : -16;
07C3 : 2;
07C4 : 32;
07C5 : -12;
07C6 : -7;
07C7 : 2;
07C8 : -38;
07C9 : 8;
07CA : 34;
07CB : 12;
07CC : 5;
07CD : -2;
07CE : 19;
07CF : 32;
07D0 : -26;
07D1 : -29;
07D2 : 13;
07D3 : 8;
07D4 : -24;
07D5 : 24;
07D6 : 4;
07D7 : -3;
07D8 : -39;
07D9 : -18;
07DA : -20;
07DB : 32;
07DC : -3;
07DD : 4;
07DE : -6;
07DF : 7;
07E0 : -17;
07E1 : -7;
07E2 : -35;
07E3 : -17;
07E4 : -13;
07E5 : 3;
07E6 : -22;
07E7 : 20;
07E8 : 27;
07E9 : 0;
07EA : -3;
07EB : -20;
07EC : -20;
07ED : -22;
07EE : -7;
07EF : -7;
07F0 : 14;
07F1 : 6;
07F2 : -20;
07F3 : -31;
07F4 : -14;
07F5 : 1;
07F6 : 16;
07F7 : -28;
07F8 : 8;
07F9 : -23;
07FA : 22;
07FB : 1;
07FC : 7;
07FD : 6;
07FE : 19;
07FF : -18;
0800 : 17;
0801 : -14;
0802 : -3;
0803 : -9;
0804 : 13;
0805 : 34;
0806 : 1;
0807 : 18;
0808 : 35;
0809 : -2;
080A : -9;
080B : 10;
080C : 8;
080D : 40;
080E : -12;
080F : 38;
0810 : 23;
0811 : -5;
0812 : -33;
0813 : 24;
0814 : -12;
0815 : 19;
0816 : 10;
0817 : 17;
0818 : 42;
0819 : -10;
081A : 14;
081B : 6;
081C : -4;
081D : 14;
081E : -17;
081F : 32;
0820 : -1;
0821 : 23;
0822 : -12;
0823 : -15;
0824 : -19;
0825 : -7;
0826 : 0;
0827 : -22;
0828 : 31;
0829 : -5;
082A : 36;
082B : 34;
082C : 25;
082D : 12;
082E : -30;
082F : 19;
0830 : 8;
0831 : 34;
0832 : -21;
0833 : -9;
0834 : -8;
0835 : 5;
0836 : -20;
0837 : 1;
0838 : 52;
0839 : -16;
083A : 13;
083B : 17;
083C : -3;
083D : -1;
083E : 11;
083F : 20;
0840 : -14;
0841 : -9;
0842 : -7;
0843 : -2;
0844 : -11;
0845 : 2;
0846 : -6;
0847 : -27;
0848 : 37;
0849 : -27;
084A : -14;
084B : -23;
084C : 8;
084D : -14;
084E : -1;
084F : 37;
0850 : -19;
0851 : 10;
0852 : 4;
0853 : 27;
0854 : 24;
0855 : 9;
0856 : 13;
0857 : -18;
0858 : 39;
0859 : -29;
085A : -2;
085B : 6;
085C : -28;
085D : 22;
085E : -21;
085F : -1;
0860 : 3;
0861 : -8;
0862 : -13;
0863 : -3;
0864 : 24;
0865 : -4;
0866 : 2;
0867 : 6;
0868 : 8;
0869 : -15;
086A : -29;
086B : 16;
086C : 10;
086D : -14;
086E : 13;
086F : -18;
0870 : -11;
0871 : 51;
0872 : -17;
0873 : -3;
0874 : -15;
0875 : -30;
0876 : 14;
0877 : 10;
0878 : -10;
0879 : 18;
087A : -12;
087B : 30;
087C : 0;
087D : -20;
087E : 20;
087F : 3;
0880 : 20;
0881 : 21;
0882 : -52;
0883 : 10;
0884 : -8;
0885 : 10;
0886 : -20;
0887 : -7;
0888 : 51;
0889 : -37;
088A : -21;
088B : -31;
088C : -3;
088D : -38;
088E : -8;
088F : 12;
0890 : 1;
0891 : 6;
0892 : 29;
0893 : -3;
0894 : 6;
0895 : 15;
0896 : -16;
0897 : -12;
0898 : -4;
0899 : 19;
089A : 0;
089B : -13;
089C : 23;
089D : -11;
089E : -8;
089F : 7;
08A0 : 0;
08A1 : 7;
08A2 : -12;
08A3 : -16;
08A4 : -24;
08A5 : 22;
08A6 : 35;
08A7 : -16;
08A8 : -27;
08A9 : 29;
08AA : -13;
08AB : 4;
08AC : -24;
08AD : 8;
08AE : 13;
08AF : -27;
08B0 : 14;
08B1 : -20;
08B2 : 3;
08B3 : -29;
08B4 : -12;
08B5 : 8;
08B6 : 30;
08B7 : 8;
08B8 : 2;
08B9 : -12;
08BA : 7;
08BB : 30;
08BC : 7;
08BD : -20;
08BE : 24;
08BF : -21;
08C0 : 21;
08C1 : -23;
08C2 : 1;
08C3 : -6;
08C4 : -29;
08C5 : -18;
08C6 : 0;
08C7 : 3;
08C8 : 38;
08C9 : -18;
08CA : -32;
08CB : 12;
08CC : 12;
08CD : -46;
08CE : -1;
08CF : -37;
08D0 : 7;
08D1 : 5;
08D2 : -2;
08D3 : 13;
08D4 : -32;
08D5 : 21;
08D6 : -20;
08D7 : -10;
08D8 : 5;
08D9 : -32;
08DA : -28;
08DB : 1;
08DC : 32;
08DD : -28;
08DE : 5;
08DF : -24;
08E0 : -15;
08E1 : -21;
08E2 : 44;
08E3 : -15;
08E4 : 6;
08E5 : 12;
08E6 : 4;
08E7 : 26;
08E8 : -28;
08E9 : 21;
08EA : 5;
08EB : 4;
08EC : -29;
08ED : 16;
08EE : -6;
08EF : 19;
08F0 : 9;
08F1 : 12;
08F2 : 25;
08F3 : -17;
08F4 : -1;
08F5 : 33;
08F6 : 21;
08F7 : 16;
08F8 : 4;
08F9 : -2;
08FA : -11;
08FB : -1;
08FC : -4;
08FD : 0;
08FE : -12;
08FF : 3;
0900 : 7;
0901 : -28;
0902 : -17;
0903 : 15;
0904 : 0;
0905 : -9;
0906 : 13;
0907 : -14;
0908 : 3;
0909 : -6;
090A : -21;
090B : 11;
090C : 0;
090D : -23;
090E : -2;
090F : 1;
0910 : -17;
0911 : 7;
0912 : 22;
0913 : -2;
0914 : -39;
0915 : -1;
0916 : -6;
0917 : -9;
0918 : 1;
0919 : -16;
091A : -4;
091B : -10;
091C : -24;
091D : -10;
091E : 7;
091F : -14;
0920 : 10;
0921 : 12;
0922 : 22;
0923 : 8;
0924 : 5;
0925 : -15;
0926 : 9;
0927 : -2;
0928 : -8;
0929 : -11;
092A : -17;
092B : -14;
092C : 13;
092D : -36;
092E : 6;
092F : 21;
0930 : -16;
0931 : -6;
0932 : 4;
0933 : -24;
0934 : -3;
0935 : 17;
0936 : 7;
0937 : -23;
0938 : 12;
0939 : -4;
093A : 19;
093B : -13;
093C : -38;
093D : 2;
093E : -21;
093F : -16;
0940 : -25;
0941 : -15;
0942 : -23;
0943 : -24;
0944 : 5;
0945 : -31;
0946 : -18;
0947 : 20;
0948 : 8;
0949 : 0;
094A : -8;
094B : -2;
094C : 8;
094D : -9;
094E : -5;
094F : -4;
0950 : -12;
0951 : -19;
0952 : 1;
0953 : 7;
0954 : 0;
0955 : -11;
0956 : -13;
0957 : -17;
0958 : -30;
0959 : -13;
095A : 1;
095B : 11;
095C : -13;
095D : -14;
095E : 6;
095F : -30;
0960 : -27;
0961 : 11;
0962 : -19;
0963 : -2;
0964 : -2;
0965 : 20;
0966 : -4;
0967 : -12;
0968 : 8;
0969 : -9;
096A : -23;
096B : -15;
096C : -25;
096D : 13;
096E : -9;
096F : 24;
0970 : -8;
0971 : -11;
0972 : 11;
0973 : -5;
0974 : -2;
0975 : -25;
0976 : -16;
0977 : 13;
0978 : -8;
0979 : -28;
097A : 16;
097B : 13;
097C : 5;
097D : -5;
097E : -8;
097F : -16;
0980 : 22;
0981 : 9;
0982 : -24;
0983 : 17;
0984 : -17;
0985 : -25;
0986 : -13;
0987 : -26;
0988 : 5;
0989 : 4;
098A : -9;
098B : 11;
098C : -6;
098D : 25;
098E : 2;
098F : -16;
0990 : 16;
0991 : -30;
0992 : -8;
0993 : -8;
0994 : -17;
0995 : -5;
0996 : -6;
0997 : 15;
0998 : -19;
0999 : -3;
099A : 15;
099B : -6;
099C : -2;
099D : -7;
099E : -26;
099F : -39;
09A0 : -13;
09A1 : -29;
09A2 : -27;
09A3 : -26;
09A4 : 12;
09A5 : 14;
09A6 : -23;
09A7 : -22;
09A8 : 4;
09A9 : -25;
09AA : -28;
09AB : -26;
09AC : -4;
09AD : -2;
09AE : 13;
09AF : -11;
09B0 : -2;
09B1 : -7;
09B2 : 24;
09B3 : 19;
09B4 : 12;
09B5 : -21;
09B6 : -3;
09B7 : -3;
09B8 : -9;
09B9 : -8;
09BA : 8;
09BB : -33;
09BC : -24;
09BD : -3;
09BE : -19;
09BF : -3;
09C0 : -16;
09C1 : -2;
09C2 : -26;
09C3 : 2;
09C4 : -7;
09C5 : -21;
09C6 : -14;
09C7 : 2;
09C8 : -12;
09C9 : 3;
09CA : -9;
09CB : 0;
09CC : -33;
09CD : -20;
09CE : 5;
09CF : 17;
09D0 : -23;
09D1 : 6;
09D2 : 0;
09D3 : -11;
09D4 : 17;
09D5 : -1;
09D6 : -36;
09D7 : -26;
09D8 : 17;
09D9 : 4;
09DA : -21;
09DB : -20;
09DC : -28;
09DD : -21;
09DE : 0;
09DF : 10;
09E0 : -11;
09E1 : 5;
09E2 : -10;
09E3 : -26;
09E4 : 8;
09E5 : -7;
09E6 : -25;
09E7 : -18;
09E8 : -7;
09E9 : 11;
09EA : -8;
09EB : -7;
09EC : -21;
09ED : -24;
09EE : -13;
09EF : 9;
09F0 : -2;
09F1 : -17;
09F2 : -18;
09F3 : -4;
09F4 : 10;
09F5 : 14;
09F6 : 16;
09F7 : -21;
09F8 : -2;
09F9 : -33;
09FA : -9;
09FB : -3;
09FC : 10;
09FD : -14;
09FE : 17;
09FF : -25;
0A00 : 0;
0A01 : 4;
0A02 : -19;
0A03 : 19;
0A04 : -11;
0A05 : 5;
0A06 : -22;
0A07 : -21;
0A08 : -3;
0A09 : -26;
0A0A : -15;
0A0B : -6;
0A0C : 7;
0A0D : -18;
0A0E : -10;
0A0F : -10;
0A10 : 13;
0A11 : 16;
0A12 : -7;
0A13 : 5;
0A14 : -5;
0A15 : -20;
0A16 : 12;
0A17 : 12;
0A18 : 16;
0A19 : -22;
0A1A : -24;
0A1B : 0;
0A1C : -22;
0A1D : 19;
0A1E : -22;
0A1F : 8;
0A20 : -17;
0A21 : -3;
0A22 : -25;
0A23 : 14;
0A24 : 14;
0A25 : -23;
0A26 : 18;
0A27 : 13;
0A28 : 12;
0A29 : -17;
0A2A : -14;
0A2B : -13;
0A2C : -8;
0A2D : -26;
0A2E : -10;
0A2F : -1;
0A30 : 10;
0A31 : 3;
0A32 : -6;
0A33 : -18;
0A34 : -13;
0A35 : 7;
0A36 : -4;
0A37 : -26;
0A38 : -12;
0A39 : 15;
0A3A : -18;
0A3B : -9;
0A3C : -9;
0A3D : -24;
0A3E : -14;
0A3F : -16;
0A40 : 18;
0A41 : -7;
0A42 : -26;
0A43 : 18;
0A44 : 21;
0A45 : -5;
0A46 : -19;
0A47 : 1;
0A48 : -32;
0A49 : -26;
0A4A : 8;
0A4B : 13;
0A4C : 4;
0A4D : -17;
0A4E : -7;
0A4F : -8;
0A50 : -19;
0A51 : -25;
0A52 : -28;
0A53 : -18;
0A54 : 15;
0A55 : 0;
0A56 : -22;
0A57 : 12;
0A58 : -8;
0A59 : 2;
0A5A : 7;
0A5B : 18;
0A5C : -21;
0A5D : -7;
0A5E : 18;
0A5F : -20;
0A60 : 19;
0A61 : 14;
0A62 : -12;
0A63 : -18;
0A64 : -3;
0A65 : 17;
0A66 : -19;
0A67 : -16;
0A68 : -11;
0A69 : 13;
0A6A : -6;
0A6B : -20;
0A6C : -11;
0A6D : -26;
0A6E : -22;
0A6F : 8;
0A70 : -4;
0A71 : -21;
0A72 : -9;
0A73 : -1;
0A74 : -25;
0A75 : 0;
0A76 : 8;
0A77 : 12;
0A78 : -24;
0A79 : -21;
0A7A : 3;
0A7B : -19;
0A7C : 13;
0A7D : 14;
0A7E : -17;
0A7F : -16;
0A80 : -4;
0A81 : 13;
0A82 : 0;
0A83 : -24;
0A84 : -5;
0A85 : -14;
0A86 : 11;
0A87 : 16;
0A88 : 5;
0A89 : 14;
0A8A : -12;
0A8B : -25;
0A8C : 4;
0A8D : 10;
0A8E : 17;
0A8F : -8;
0A90 : 2;
0A91 : -5;
0A92 : -11;
0A93 : -15;
0A94 : -2;
0A95 : 18;
0A96 : 6;
0A97 : 1;
0A98 : -25;
0A99 : -19;
0A9A : -27;
0A9B : 8;
0A9C : -13;
0A9D : -14;
0A9E : 11;
0A9F : 5;
0AA0 : 7;
0AA1 : -5;
0AA2 : -10;
0AA3 : -7;
0AA4 : -26;
0AA5 : -24;
0AA6 : -14;
0AA7 : -15;
0AA8 : -14;
0AA9 : 8;
0AAA : 10;
0AAB : -20;
0AAC : 17;
0AAD : 8;
0AAE : -15;
0AAF : 15;
0AB0 : 11;
0AB1 : -19;
0AB2 : 14;
0AB3 : 12;
0AB4 : 10;
0AB5 : 11;
0AB6 : -12;
0AB7 : 11;
0AB8 : -20;
0AB9 : 9;
0ABA : 4;
0ABB : -5;
0ABC : -1;
0ABD : -21;
0ABE : -16;
0ABF : -17;
0AC0 : 13;
0AC1 : 0;
0AC2 : -13;
0AC3 : 10;
0AC4 : -18;
0AC5 : -6;
0AC6 : 0;
0AC7 : 15;
0AC8 : -10;
0AC9 : -6;
0ACA : -14;
0ACB : 9;
0ACC : 4;
0ACD : -4;
0ACE : 5;
0ACF : -11;
0AD0 : 1;
0AD1 : 12;
0AD2 : -4;
0AD3 : 18;
0AD4 : -9;
0AD5 : -20;
0AD6 : -12;
0AD7 : -15;
0AD8 : 1;
0AD9 : -25;
0ADA : 4;
0ADB : 12;
0ADC : -20;
0ADD : -19;
0ADE : -3;
0ADF : 10;
0AE0 : 9;
0AE1 : -23;
0AE2 : 11;
0AE3 : 8;
0AE4 : -27;
0AE5 : -7;
0AE6 : 3;
0AE7 : -9;
0AE8 : -15;
0AE9 : -11;
0AEA : 15;
0AEB : -19;
0AEC : -2;
0AED : 15;
0AEE : -20;
0AEF : 5;
0AF0 : -25;
0AF1 : 6;
0AF2 : 3;
0AF3 : 9;
0AF4 : -12;
0AF5 : 10;
0AF6 : 3;
0AF7 : -2;
0AF8 : 7;
0AF9 : 21;
0AFA : -8;
0AFB : -5;
0AFC : -17;
0AFD : 16;
0AFE : 3;
0AFF : -4;
0B00 : 21;
0B01 : -19;
0B02 : 25;
0B03 : -27;
0B04 : 16;
0B05 : 4;
0B06 : 63;
0B07 : 28;
0B08 : 55;
0B09 : 15;
0B0A : 1;
0B0B : 41;
0B0C : -19;
0B0D : 54;
0B0E : -18;
0B0F : -3;
0B10 : 19;
0B11 : -6;
0B12 : 0;
0B13 : 14;
0B14 : 6;
0B15 : -3;
0B16 : 1;
0B17 : -2;
0B18 : 43;
0B19 : -9;
0B1A : 29;
0B1B : 28;
0B1C : -2;
0B1D : 29;
0B1E : -15;
0B1F : 29;
0B20 : -8;
0B21 : 23;
0B22 : -10;
0B23 : -16;
0B24 : 14;
0B25 : 30;
0B26 : -9;
0B27 : 15;
0B28 : -3;
0B29 : -14;
0B2A : -13;
0B2B : 4;
0B2C : -12;
0B2D : -15;
0B2E : -35;
0B2F : -10;
0B30 : -8;
0B31 : 22;
0B32 : 10;
0B33 : 38;
0B34 : 1;
0B35 : -11;
0B36 : -33;
0B37 : -12;
0B38 : -63;
0B39 : -31;
0B3A : -29;
0B3B : -20;
0B3C : -34;
0B3D : 20;
0B3E : -1;
0B3F : 8;
0B40 : -16;
0B41 : -13;
0B42 : 1;
0B43 : 8;
0B44 : -18;
0B45 : 33;
0B46 : -8;
0B47 : 7;
0B48 : 16;
0B49 : -24;
0B4A : -13;
0B4B : 15;
0B4C : 6;
0B4D : -32;
0B4E : -15;
0B4F : 24;
0B50 : 7;
0B51 : -6;
0B52 : -17;
0B53 : 29;
0B54 : 14;
0B55 : 23;
0B56 : -5;
0B57 : -2;
0B58 : 7;
0B59 : -14;
0B5A : -4;
0B5B : -32;
0B5C : -15;
0B5D : -13;
0B5E : -12;
0B5F : 0;
0B60 : 5;
0B61 : 16;
0B62 : -2;
0B63 : -4;
0B64 : -4;
0B65 : -25;
0B66 : -25;
0B67 : 12;
0B68 : 5;
0B69 : 37;
0B6A : 2;
0B6B : -27;
0B6C : -24;
0B6D : -21;
0B6E : -31;
0B6F : 15;
0B70 : -20;
0B71 : 6;
0B72 : 15;
0B73 : 19;
0B74 : 34;
0B75 : -25;
0B76 : -20;
0B77 : -35;
0B78 : 6;
0B79 : -2;
0B7A : 19;
0B7B : 2;
0B7C : 9;
0B7D : 32;
0B7E : -11;
0B7F : 0;
0B80 : -16;
0B81 : 2;
0B82 : -23;
0B83 : 12;
0B84 : 17;
0B85 : 7;
0B86 : -22;
0B87 : -21;
0B88 : -9;
0B89 : 9;
0B8A : -35;
0B8B : -3;
0B8C : 13;
0B8D : -27;
0B8E : -18;
0B8F : 4;
0B90 : 2;
0B91 : 3;
0B92 : 21;
0B93 : -17;
0B94 : -20;
0B95 : -8;
0B96 : 18;
0B97 : -16;
0B98 : -37;
0B99 : 19;
0B9A : 27;
0B9B : -4;
0B9C : 10;
0B9D : -16;
0B9E : 25;
0B9F : 9;
0BA0 : 10;
0BA1 : 3;
0BA2 : 15;
0BA3 : 17;
0BA4 : -14;
0BA5 : 16;
0BA6 : -46;
0BA7 : -17;
0BA8 : -27;
0BA9 : 5;
0BAA : 6;
0BAB : 20;
0BAC : 32;
0BAD : -7;
0BAE : 10;
0BAF : -33;
0BB0 : 28;
0BB1 : 4;
0BB2 : 8;
0BB3 : 5;
0BB4 : 18;
0BB5 : 6;
0BB6 : -17;
0BB7 : 18;
0BB8 : -20;
0BB9 : 8;
0BBA : -12;
0BBB : 31;
0BBC : -10;
0BBD : 36;
0BBE : -10;
0BBF : 5;
0BC0 : -17;
0BC1 : 20;
0BC2 : -3;
0BC3 : -5;
0BC4 : 4;
0BC5 : 8;
0BC6 : -10;
0BC7 : 15;
0BC8 : 46;
0BC9 : -30;
0BCA : -16;
0BCB : -18;
0BCC : 8;
0BCD : -12;
0BCE : -1;
0BCF : -9;
0BD0 : -16;
0BD1 : -22;
0BD2 : -10;
0BD3 : 11;
0BD4 : -5;
0BD5 : 0;
0BD6 : 11;
0BD7 : -7;
0BD8 : 9;
0BD9 : -21;
0BDA : 29;
0BDB : -35;
0BDC : 0;
0BDD : -6;
0BDE : -10;
0BDF : 10;
0BE0 : -23;
0BE1 : 29;
0BE2 : 23;
0BE3 : 9;
0BE4 : 2;
0BE5 : 41;
0BE6 : 8;
0BE7 : -1;
0BE8 : 15;
0BE9 : 6;
0BEA : -3;
0BEB : 14;
0BEC : -8;
0BED : 22;
0BEE : 4;
0BEF : 22;
0BF0 : 9;
0BF1 : 3;
0BF2 : -30;
0BF3 : -1;
0BF4 : 8;
0BF5 : 9;
0BF6 : -37;
0BF7 : 5;
0BF8 : 22;
0BF9 : -27;
0BFA : -44;
0BFB : 11;
0BFC : -23;
0BFD : -24;
0BFE : -3;
0BFF : 14;
0C00 : -19;
0C01 : -10;
0C02 : -8;
0C03 : -6;
0C04 : -9;
0C05 : -1;
0C06 : -13;
0C07 : 11;
0C08 : -35;
0C09 : 9;
0C0A : -1;
0C0B : -19;
0C0C : -19;
0C0D : 26;
0C0E : -60;
0C0F : 30;
0C10 : -22;
0C11 : -7;
0C12 : -14;
0C13 : 12;
0C14 : 16;
0C15 : -19;
0C16 : -8;
0C17 : 22;
0C18 : -33;
0C19 : 6;
0C1A : 11;
0C1B : 8;
0C1C : 19;
0C1D : 6;
0C1E : -19;
0C1F : -23;
0C20 : -6;
0C21 : 38;
0C22 : -13;
0C23 : 15;
0C24 : 15;
0C25 : -43;
0C26 : -5;
0C27 : -20;
0C28 : -5;
0C29 : -3;
0C2A : 2;
0C2B : 31;
0C2C : 16;
0C2D : -14;
0C2E : 18;
0C2F : 17;
0C30 : 38;
0C31 : 4;
0C32 : -31;
0C33 : -19;
0C34 : -5;
0C35 : -75;
0C36 : -21;
0C37 : 10;
0C38 : 20;
0C39 : 19;
0C3A : -5;
0C3B : 28;
0C3C : -18;
0C3D : -22;
0C3E : 34;
0C3F : -28;
0C40 : -24;
0C41 : -31;
0C42 : 27;
0C43 : -20;
0C44 : 3;
0C45 : 34;
0C46 : -6;
0C47 : 17;
0C48 : -33;
0C49 : -20;
0C4A : 0;
0C4B : 11;
0C4C : 38;
0C4D : 37;
0C4E : -10;
0C4F : 9;
0C50 : -27;
0C51 : -9;
0C52 : -15;
0C53 : -6;
0C54 : 26;
0C55 : 26;
0C56 : 16;
0C57 : -4;
0C58 : 13;
0C59 : -1;
0C5A : 8;
0C5B : 1;
0C5C : 27;
0C5D : 6;
0C5E : -22;
0C5F : -14;
0C60 : 5;
0C61 : -14;
0C62 : 10;
0C63 : 31;
0C64 : -3;
0C65 : 13;
0C66 : 25;
0C67 : 0;
0C68 : -9;
0C69 : -7;
0C6A : 2;
0C6B : -1;
0C6C : -37;
0C6D : 1;
0C6E : 0;
0C6F : -25;
0C70 : 10;
0C71 : 3;
0C72 : -5;
0C73 : -28;
0C74 : -13;
0C75 : -19;
0C76 : 9;
0C77 : 23;
0C78 : 13;
0C79 : -3;
0C7A : 39;
0C7B : 9;
0C7C : -30;
0C7D : -27;
0C7E : 28;
0C7F : -17;
0C80 : 10;
0C81 : 2;
0C82 : -1;
0C83 : 21;
0C84 : -10;
0C85 : 32;
0C86 : -35;
0C87 : 9;
0C88 : -41;
0C89 : 8;
0C8A : -5;
0C8B : 1;
0C8C : 16;
0C8D : 0;
0C8E : -6;
0C8F : -3;
0C90 : 4;
0C91 : 11;
0C92 : 21;
0C93 : 17;
0C94 : 28;
0C95 : -5;
0C96 : -12;
0C97 : 19;
0C98 : -27;
0C99 : -18;
0C9A : -16;
0C9B : -5;
0C9C : -7;
0C9D : -9;
0C9E : -11;
0C9F : -8;
0CA0 : -10;
0CA1 : -22;
0CA2 : 34;
0CA3 : -12;
0CA4 : -5;
0CA5 : -7;
0CA6 : 7;
0CA7 : -21;
0CA8 : -14;
0CA9 : -31;
0CAA : -6;
0CAB : -24;
0CAC : -41;
0CAD : -18;
0CAE : 11;
0CAF : 9;
0CB0 : 1;
0CB1 : 14;
0CB2 : 16;
0CB3 : 8;
0CB4 : -9;
0CB5 : 8;
0CB6 : 4;
0CB7 : -22;
0CB8 : -20;
0CB9 : -10;
0CBA : 20;
0CBB : -6;
0CBC : -18;
0CBD : 1;
0CBE : 22;
0CBF : 23;
0CC0 : 16;
0CC1 : -14;
0CC2 : -28;
0CC3 : -8;
0CC4 : 36;
0CC5 : 30;
0CC6 : -7;
0CC7 : -12;
0CC8 : -5;
0CC9 : 27;
0CCA : 27;
0CCB : 9;
0CCC : -8;
0CCD : -30;
0CCE : -11;
0CCF : 15;
0CD0 : -22;
0CD1 : -11;
0CD2 : 17;
0CD3 : 24;
0CD4 : 3;
0CD5 : -11;
0CD6 : 8;
0CD7 : 33;
0CD8 : -40;
0CD9 : 32;
0CDA : 16;
0CDB : 26;
0CDC : 19;
0CDD : -19;
0CDE : -17;
0CDF : 34;
0CE0 : 2;
0CE1 : -17;
0CE2 : 38;
0CE3 : -25;
0CE4 : -20;
0CE5 : 20;
0CE6 : -15;
0CE7 : 24;
0CE8 : -3;
0CE9 : 11;
0CEA : -5;
0CEB : -5;
0CEC : 23;
0CED : -7;
0CEE : -10;
0CEF : -3;
0CF0 : -11;
0CF1 : -5;
0CF2 : 12;
0CF3 : 14;
0CF4 : -36;
0CF5 : 9;
0CF6 : -5;
0CF7 : -4;
0CF8 : 23;
0CF9 : 13;
0CFA : -16;
0CFB : 6;
0CFC : -7;
0CFD : 17;
0CFE : -15;
0CFF : 14;
0D00 : -30;
0D01 : 8;
0D02 : 16;
0D03 : 19;
0D04 : 5;
0D05 : 33;
0D06 : 6;
0D07 : -8;
0D08 : -17;
0D09 : -14;
0D0A : 28;
0D0B : -32;
0D0C : -19;
0D0D : -36;
0D0E : 5;
0D0F : 38;
0D10 : -18;
0D11 : 21;
0D12 : 6;
0D13 : 12;
0D14 : 32;
0D15 : 2;
0D16 : -21;
0D17 : 8;
0D18 : -60;
0D19 : -11;
0D1A : -14;
0D1B : -4;
0D1C : 22;
0D1D : -9;
0D1E : -10;
0D1F : 3;
0D20 : -15;
0D21 : 30;
0D22 : 21;
0D23 : 23;
0D24 : 7;
0D25 : 2;
0D26 : -20;
0D27 : -29;
0D28 : -33;
0D29 : -17;
0D2A : -4;
0D2B : -30;
0D2C : -20;
0D2D : -8;
0D2E : -4;
0D2F : 6;
0D30 : -3;
0D31 : 26;
0D32 : 6;
0D33 : -1;
0D34 : 32;
0D35 : 2;
0D36 : -35;
0D37 : 16;
0D38 : -20;
0D39 : 11;
0D3A : -3;
0D3B : -18;
0D3C : 28;
0D3D : 1;
0D3E : 8;
0D3F : 24;
0D40 : 3;
0D41 : -26;
0D42 : 50;
0D43 : -25;
0D44 : -4;
0D45 : -16;
0D46 : -10;
0D47 : 27;
0D48 : -3;
0D49 : 26;
0D4A : -5;
0D4B : 2;
0D4C : 17;
0D4D : 45;
0D4E : 11;
0D4F : 34;
0D50 : -8;
0D51 : -8;
0D52 : 24;
0D53 : 14;
0D54 : -3;
0D55 : 21;
0D56 : -7;
0D57 : -10;
0D58 : 23;
0D59 : 9;
0D5A : 3;
0D5B : 9;
0D5C : 31;
0D5D : -16;
0D5E : 9;
0D5F : 23;
0D60 : -12;
0D61 : 15;
0D62 : 12;
0D63 : -12;
0D64 : 17;
0D65 : -2;
0D66 : -16;
0D67 : 18;
0D68 : -3;
0D69 : -9;
0D6A : -17;
0D6B : -22;
0D6C : -5;
0D6D : -7;
0D6E : -6;
0D6F : -22;
0D70 : 18;
0D71 : 28;
0D72 : 2;
0D73 : 24;
0D74 : -5;
0D75 : -23;
0D76 : -17;
0D77 : 30;
0D78 : -10;
0D79 : 39;
0D7A : -55;
0D7B : 17;
0D7C : -1;
0D7D : -2;
0D7E : -1;
0D7F : 2;
0D80 : 30;
0D81 : -10;
0D82 : 25;
0D83 : 23;
0D84 : 0;
0D85 : 15;
0D86 : -29;
0D87 : 2;
0D88 : 26;
0D89 : -9;
0D8A : -10;
0D8B : 1;
0D8C : 23;
0D8D : -9;
0D8E : -4;
0D8F : -19;
0D90 : 0;
0D91 : 4;
0D92 : -24;
0D93 : 9;
0D94 : -11;
0D95 : 24;
0D96 : -26;
0D97 : -2;
0D98 : 4;
0D99 : 24;
0D9A : -11;
0D9B : 10;
0D9C : 26;
0D9D : -20;
0D9E : -20;
0D9F : -4;
0DA0 : 5;
0DA1 : 18;
0DA2 : -20;
0DA3 : 32;
0DA4 : -7;
0DA5 : 6;
0DA6 : 5;
0DA7 : 26;
0DA8 : -27;
0DA9 : -9;
0DAA : -24;
0DAB : 33;
0DAC : -1;
0DAD : 18;
0DAE : 29;
0DAF : 13;
0DB0 : 25;
0DB1 : -16;
0DB2 : -11;
0DB3 : 18;
0DB4 : -1;
0DB5 : -12;
0DB6 : -18;
0DB7 : 22;
0DB8 : 16;
0DB9 : -5;
0DBA : 10;
0DBB : 5;
0DBC : -10;
0DBD : 4;
0DBE : 17;
0DBF : -34;
0DC0 : 14;
0DC1 : 5;
0DC2 : 20;
0DC3 : 34;
0DC4 : 41;
0DC5 : 10;
0DC6 : 18;
0DC7 : -27;
0DC8 : -27;
0DC9 : 4;
0DCA : -4;
0DCB : -14;
0DCC : -20;
0DCD : -14;
0DCE : 22;
0DCF : 18;
0DD0 : 13;
0DD1 : 6;
0DD2 : -19;
0DD3 : 21;
0DD4 : 17;
0DD5 : -8;
0DD6 : -2;
0DD7 : -7;
0DD8 : -3;
0DD9 : 5;
0DDA : -10;
0DDB : 20;
0DDC : -33;
0DDD : -12;
0DDE : -30;
0DDF : 14;
0DE0 : 4;
0DE1 : 1;
0DE2 : 2;
0DE3 : 30;
0DE4 : 31;
0DE5 : -15;
0DE6 : 33;
0DE7 : -15;
0DE8 : -8;
0DE9 : 0;
0DEA : 15;
0DEB : 13;
0DEC : -15;
0DED : 4;
0DEE : 14;
0DEF : 20;
0DF0 : 35;
0DF1 : 24;
0DF2 : -19;
0DF3 : -20;
0DF4 : 29;
0DF5 : -16;
0DF6 : 22;
0DF7 : 15;
0DF8 : 6;
0DF9 : 12;
0DFA : 54;
0DFB : 31;
0DFC : 18;
0DFD : 12;
0DFE : 20;
0DFF : -6;
0E00 : -24;
0E01 : -21;
0E02 : 14;
0E03 : -30;
0E04 : 26;
0E05 : 25;
0E06 : 24;
0E07 : -12;
0E08 : 7;
0E09 : 13;
0E0A : 16;
0E0B : 6;
0E0C : 1;
0E0D : -4;
0E0E : 14;
0E0F : -22;
0E10 : -36;
0E11 : -21;
0E12 : 41;
0E13 : 6;
0E14 : -10;
0E15 : -19;
0E16 : 5;
0E17 : -19;
0E18 : -7;
0E19 : -12;
0E1A : -5;
0E1B : -18;
0E1C : -7;
0E1D : -45;
0E1E : -8;
0E1F : 8;
0E20 : -6;
0E21 : 30;
0E22 : -1;
0E23 : 9;
0E24 : 22;
0E25 : -13;
0E26 : 6;
0E27 : -15;
0E28 : -46;
0E29 : 0;
0E2A : -1;
0E2B : -17;
0E2C : -3;
0E2D : -6;
0E2E : -15;
0E2F : 10;
0E30 : -15;
0E31 : 52;
0E32 : 30;
0E33 : 49;
0E34 : 50;
0E35 : 17;
0E36 : -13;
0E37 : -2;
0E38 : -80;
0E39 : -5;
0E3A : 28;
0E3B : -35;
0E3C : 12;
0E3D : 17;
0E3E : -6;
0E3F : 35;
0E40 : 19;
0E41 : -3;
0E42 : 17;
0E43 : 21;
0E44 : -4;
0E45 : 38;
0E46 : -5;
0E47 : 31;
0E48 : -6;
0E49 : 41;
0E4A : -2;
0E4B : 19;
0E4C : 16;
0E4D : -25;
0E4E : 16;
0E4F : 29;
0E50 : -5;
0E51 : 10;
0E52 : -18;
0E53 : 17;
0E54 : -18;
0E55 : 19;
0E56 : -11;
0E57 : 23;
0E58 : -22;
0E59 : 23;
0E5A : 26;
0E5B : -11;
0E5C : -18;
0E5D : 0;
0E5E : 38;
0E5F : -3;
0E60 : 11;
0E61 : 4;
0E62 : 14;
0E63 : 7;
0E64 : 3;
0E65 : -18;
0E66 : -13;
0E67 : 19;
0E68 : -5;
0E69 : 7;
0E6A : -41;
0E6B : -24;
0E6C : 30;
0E6D : 3;
0E6E : 22;
0E6F : -13;
0E70 : -10;
0E71 : 35;
0E72 : -38;
0E73 : 33;
0E74 : 48;
0E75 : 16;
0E76 : -34;
0E77 : -33;
0E78 : -45;
0E79 : -8;
0E7A : 25;
0E7B : -40;
0E7C : -15;
0E7D : 1;
0E7E : -7;
0E7F : -4;
0E80 : 17;
0E81 : 8;
0E82 : 43;
0E83 : 28;
0E84 : -17;
0E85 : 31;
0E86 : -20;
0E87 : 19;
0E88 : 10;
0E89 : 7;
0E8A : 6;
0E8B : 40;
0E8C : 15;
0E8D : 37;
0E8E : 24;
0E8F : -2;
0E90 : 16;
0E91 : 11;
0E92 : -2;
0E93 : 3;
0E94 : -8;
0E95 : 0;
0E96 : -24;
0E97 : -1;
0E98 : 3;
0E99 : -5;
0E9A : 17;
0E9B : 25;
0E9C : 1;
0E9D : 13;
0E9E : 4;
0E9F : 2;
0EA0 : 18;
0EA1 : 7;
0EA2 : -18;
0EA3 : -10;
0EA4 : 25;
0EA5 : -24;
0EA6 : -10;
0EA7 : -29;
0EA8 : 16;
0EA9 : -22;
0EAA : -12;
0EAB : 11;
0EAC : -13;
0EAD : -2;
0EAE : 17;
0EAF : 9;
0EB0 : 11;
0EB1 : -9;
0EB2 : -5;
0EB3 : -4;
0EB4 : 20;
0EB5 : 18;
0EB6 : -32;
0EB7 : -30;
0EB8 : 3;
0EB9 : -24;
0EBA : -26;
0EBB : -15;
0EBC : 42;
0EBD : 13;
0EBE : -19;
0EBF : -4;
0EC0 : -15;
0EC1 : -6;
0EC2 : -11;
0EC3 : 12;
0EC4 : 26;
0EC5 : -5;
0EC6 : -1;
0EC7 : 11;
0EC8 : 32;
0EC9 : -27;
0ECA : 34;
0ECB : 35;
0ECC : -30;
0ECD : 14;
0ECE : 13;
0ECF : 15;
0ED0 : -30;
0ED1 : 12;
0ED2 : -27;
0ED3 : 18;
0ED4 : -7;
0ED5 : 7;
0ED6 : 7;
0ED7 : 1;
0ED8 : 18;
0ED9 : 1;
0EDA : -10;
0EDB : 18;
0EDC : -36;
0EDD : 14;
0EDE : 20;
0EDF : -5;
0EE0 : -3;
0EE1 : -18;
0EE2 : -21;
0EE3 : -9;
0EE4 : 16;
0EE5 : -15;
0EE6 : -12;
0EE7 : -23;
0EE8 : 8;
0EE9 : -26;
0EEA : 12;
0EEB : -11;
0EEC : -19;
0EED : 23;
0EEE : 11;
0EEF : -7;
0EF0 : 2;
0EF1 : 11;
0EF2 : -17;
0EF3 : -9;
0EF4 : 18;
0EF5 : 8;
0EF6 : -8;
0EF7 : 1;
0EF8 : -20;
0EF9 : -15;
0EFA : 32;
0EFB : 1;
0EFC : 29;
0EFD : 8;
0EFE : -22;
0EFF : 15;
0F00 : 30;
0F01 : 12;
0F02 : -18;
0F03 : -8;
0F04 : 5;
0F05 : -31;
0F06 : 6;
0F07 : -16;
0F08 : -13;
0F09 : 23;
0F0A : -10;
0F0B : 27;
0F0C : -3;
0F0D : -17;
0F0E : 29;
0F0F : -20;
0F10 : 17;
0F11 : -12;
0F12 : 19;
0F13 : 9;
0F14 : 8;
0F15 : 6;
0F16 : 30;
0F17 : 9;
0F18 : 47;
0F19 : 18;
0F1A : 16;
0F1B : 11;
0F1C : 13;
0F1D : 10;
0F1E : -12;
0F1F : -8;
0F20 : 15;
0F21 : -52;
0F22 : 5;
0F23 : 22;
0F24 : 28;
0F25 : 42;
0F26 : -17;
0F27 : 3;
0F28 : 27;
0F29 : -23;
0F2A : 16;
0F2B : 12;
0F2C : 6;
0F2D : 14;
0F2E : 31;
0F2F : 1;
0F30 : -37;
0F31 : -4;
0F32 : 20;
0F33 : -12;
0F34 : 0;
0F35 : 40;
0F36 : 12;
0F37 : 15;
0F38 : 44;
0F39 : 10;
0F3A : 10;
0F3B : -24;
0F3C : -24;
0F3D : 16;
0F3E : 9;
0F3F : -8;
0F40 : 24;
0F41 : -17;
0F42 : 1;
0F43 : -7;
0F44 : -9;
0F45 : -29;
0F46 : 0;
0F47 : -21;
0F48 : 7;
0F49 : -26;
0F4A : 13;
0F4B : 29;
0F4C : -20;
0F4D : -38;
0F4E : 22;
0F4F : -11;
0F50 : 1;
0F51 : -13;
0F52 : -1;
0F53 : -21;
0F54 : 26;
0F55 : 13;
0F56 : 9;
0F57 : 15;
0F58 : -12;
0F59 : 3;
0F5A : 38;
0F5B : 22;
0F5C : 23;
0F5D : -33;
0F5E : 22;
0F5F : 21;
0F60 : -13;
0F61 : -15;
0F62 : -4;
0F63 : 16;
0F64 : 29;
0F65 : 13;
0F66 : 16;
0F67 : 7;
0F68 : 7;
0F69 : -1;
0F6A : 31;
0F6B : -20;
0F6C : 25;
0F6D : 19;
0F6E : -11;
0F6F : 32;
0F70 : -10;
0F71 : -18;
0F72 : -10;
0F73 : 17;
0F74 : 17;
0F75 : -7;
0F76 : -26;
0F77 : 20;
0F78 : -16;
0F79 : 17;
0F7A : -52;
0F7B : -10;
0F7C : 1;
0F7D : -11;
0F7E : 1;
0F7F : 25;
0F80 : 0;
0F81 : 9;
0F82 : 17;
0F83 : 4;
0F84 : 2;
0F85 : 12;
0F86 : 4;
0F87 : 14;
0F88 : 0;
0F89 : -9;
0F8A : -8;
0F8B : 15;
0F8C : -23;
0F8D : -33;
0F8E : 7;
0F8F : -19;
0F90 : 18;
0F91 : -4;
0F92 : -10;
0F93 : -7;
0F94 : -8;
0F95 : -7;
0F96 : -31;
0F97 : -25;
0F98 : 18;
0F99 : 13;
0F9A : -29;
0F9B : 18;
0F9C : 15;
0F9D : -6;
0F9E : 13;
0F9F : 11;
0FA0 : -12;
0FA1 : 4;
0FA2 : 16;
0FA3 : 15;
0FA4 : -21;
0FA5 : 22;
0FA6 : 10;
0FA7 : 8;
0FA8 : 8;
0FA9 : 29;
0FAA : 4;
0FAB : -9;
0FAC : 3;
0FAD : 28;
0FAE : -8;
0FAF : 7;
0FB0 : 24;
0FB1 : 13;
0FB2 : -8;
0FB3 : -4;
0FB4 : 2;
0FB5 : -11;
0FB6 : 10;
0FB7 : -15;
0FB8 : 4;
0FB9 : -20;
0FBA : -6;
0FBB : 14;
0FBC : 3;
0FBD : -9;
0FBE : -4;
0FBF : 8;
0FC0 : 3;
0FC1 : -31;
0FC2 : -23;
0FC3 : -15;
0FC4 : 12;
0FC5 : -16;
0FC6 : 0;
0FC7 : -18;
0FC8 : -16;
0FC9 : -17;
0FCA : 4;
0FCB : 26;
0FCC : 12;
0FCD : -15;
0FCE : -10;
0FCF : -9;
0FD0 : -21;
0FD1 : -35;
0FD2 : -18;
0FD3 : 20;
0FD4 : -19;
0FD5 : -8;
0FD6 : -15;
0FD7 : -19;
0FD8 : 8;
0FD9 : 25;
0FDA : -3;
0FDB : 1;
0FDC : -14;
0FDD : -11;
0FDE : -4;
0FDF : 14;
0FE0 : 5;
0FE1 : -4;
0FE2 : 11;
0FE3 : 7;
0FE4 : -11;
0FE5 : 6;
0FE6 : -14;
0FE7 : -7;
0FE8 : -10;
0FE9 : -19;
0FEA : 10;
0FEB : 3;
0FEC : 27;
0FED : 19;
0FEE : -19;
0FEF : -1;
0FF0 : -11;
0FF1 : -14;
0FF2 : -8;
0FF3 : 5;
0FF4 : 20;
0FF5 : 0;
0FF6 : 0;
0FF7 : 20;
0FF8 : -8;
0FF9 : 3;
0FFA : -25;
0FFB : -3;
0FFC : -9;
0FFD : 32;
0FFE : -9;
0FFF : 20;
1000 : -11;
1001 : 7;
1002 : -20;
1003 : -13;
1004 : -32;
1005 : -8;
1006 : -10;
1007 : -16;
1008 : 5;
1009 : -12;
100A : -7;
100B : -26;
100C : -28;
100D : -34;
100E : 0;
100F : -40;
1010 : 11;
1011 : -15;
1012 : 19;
1013 : 6;
1014 : 22;
1015 : 3;
1016 : -51;
1017 : -17;
1018 : 20;
1019 : -12;
101A : -16;
101B : -14;
101C : -21;
101D : -29;
101E : 0;
101F : 2;
1020 : -29;
1021 : 16;
1022 : 3;
1023 : 6;
1024 : 6;
1025 : 3;
1026 : -11;
1027 : 6;
1028 : -1;
1029 : -23;
102A : -24;
102B : -8;
102C : -23;
102D : 10;
102E : 10;
102F : 5;
1030 : -10;
1031 : -2;
1032 : 13;
1033 : 7;
1034 : -19;
1035 : -21;
1036 : -17;
1037 : -35;
1038 : -4;
1039 : 6;
103A : -17;
103B : 18;
103C : -38;
103D : -5;
103E : -21;
103F : -25;
1040 : 6;
1041 : 45;
1042 : -18;
1043 : -18;
1044 : -23;
1045 : -39;
1046 : 7;
1047 : -8;
1048 : -17;
1049 : -18;
104A : 4;
104B : 4;
104C : -20;
104D : -25;
104E : -21;
104F : 2;
1050 : -17;
1051 : -7;
1052 : -12;
1053 : -33;
1054 : 19;
1055 : -35;
1056 : -11;
1057 : -6;
1058 : -15;
1059 : 10;
105A : -1;
105B : 7;
105C : -32;
105D : 0;
105E : -1;
105F : 4;
1060 : -18;
1061 : 20;
1062 : 15;
1063 : -14;
1064 : -13;
1065 : -34;
1066 : 25;
1067 : -25;
1068 : 1;
1069 : -30;
106A : 24;
106B : -9;
106C : -10;
106D : -17;
106E : 33;
106F : 1;
1070 : 3;
1071 : 14;
1072 : -12;
1073 : -26;
1074 : -40;
1075 : -15;
1076 : -12;
1077 : -22;
1078 : -5;
1079 : -36;
107A : -5;
107B : 3;
107C : -6;
107D : -40;
107E : 21;
107F : -28;
1080 : -48;
1081 : -10;
1082 : 2;
1083 : -12;
1084 : -36;
1085 : 12;
1086 : 24;
1087 : -30;
1088 : 8;
1089 : -1;
108A : -19;
108B : 11;
108C : -34;
108D : -2;
108E : -30;
108F : -10;
1090 : -28;
1091 : 1;
1092 : -21;
1093 : 0;
1094 : 8;
1095 : 3;
1096 : 14;
1097 : -8;
1098 : -13;
1099 : -12;
109A : -23;
109B : -16;
109C : -23;
109D : -40;
109E : 1;
109F : -18;
10A0 : -31;
10A1 : -29;
10A2 : 22;
10A3 : -17;
10A4 : 20;
10A5 : 13;
10A6 : 33;
10A7 : -1;
10A8 : 38;
10A9 : -24;
10AA : 18;
10AB : -18;
10AC : -9;
10AD : 4;
10AE : 9;
10AF : -18;
10B0 : -46;
10B1 : -22;
10B2 : 18;
10B3 : 17;
10B4 : -4;
10B5 : -20;
10B6 : 7;
10B7 : 18;
10B8 : -23;
10B9 : 3;
10BA : 8;
10BB : 7;
10BC : -14;
10BD : -9;
10BE : -22;
10BF : -30;
10C0 : -25;
10C1 : -40;
10C2 : 5;
10C3 : 17;
10C4 : 3;
10C5 : 1;
10C6 : -18;
10C7 : -1;
10C8 : 6;
10C9 : 20;
10CA : -12;
10CB : 16;
10CC : -2;
10CD : 12;
10CE : 4;
10CF : 11;
10D0 : -5;
10D1 : -18;
10D2 : 55;
10D3 : -7;
10D4 : -41;
10D5 : -8;
10D6 : 11;
10D7 : 5;
10D8 : -22;
10D9 : -17;
10DA : -19;
10DB : 13;
10DC : -11;
10DD : -13;
10DE : -25;
10DF : 8;
10E0 : -28;
10E1 : 12;
10E2 : -36;
10E3 : 20;
10E4 : -8;
10E5 : 16;
10E6 : -9;
10E7 : -8;
10E8 : 18;
10E9 : -16;
10EA : -28;
10EB : 4;
10EC : 23;
10ED : -11;
10EE : -47;
10EF : 15;
10F0 : 11;
10F1 : 4;
10F2 : 22;
10F3 : -7;
10F4 : -30;
10F5 : -44;
10F6 : 12;
10F7 : -28;
10F8 : -12;
10F9 : 21;
10FA : 1;
10FB : -26;
10FC : -29;
10FD : -3;
10FE : -4;
10FF : 15;
1100 : 5;
1101 : 0;
1102 : 3;
1103 : 0;
1104 : -58;
1105 : -15;
1106 : -3;
1107 : 19;
1108 : 33;
1109 : 16;
110A : -26;
110B : 35;
110C : -22;
110D : -4;
110E : 0;
110F : -16;
1110 : 19;
1111 : -17;
1112 : 18;
1113 : -1;
1114 : -31;
1115 : 5;
1116 : -16;
1117 : 17;
1118 : 62;
1119 : -3;
111A : 7;
111B : 18;
111C : -19;
111D : 2;
111E : -10;
111F : -5;
1120 : -4;
1121 : -22;
1122 : 17;
1123 : 19;
1124 : 30;
1125 : 27;
1126 : -18;
1127 : 30;
1128 : 58;
1129 : 6;
112A : 20;
112B : 19;
112C : -13;
112D : -1;
112E : 28;
112F : -24;
1130 : 30;
1131 : -35;
1132 : 30;
1133 : -7;
1134 : 20;
1135 : 30;
1136 : 27;
1137 : 26;
1138 : -9;
1139 : -16;
113A : 16;
113B : 49;
113C : -18;
113D : 5;
113E : -17;
113F : -10;
1140 : 5;
1141 : 5;
1142 : -2;
1143 : -6;
1144 : 14;
1145 : -36;
1146 : -35;
1147 : 15;
1148 : 9;
1149 : -20;
114A : 15;
114B : -13;
114C : -19;
114D : -28;
114E : 17;
114F : -35;
1150 : -27;
1151 : 18;
1152 : 2;
1153 : 10;
1154 : -5;
1155 : 7;
1156 : -11;
1157 : -16;
1158 : -28;
1159 : -14;
115A : 3;
115B : -10;
115C : 30;
115D : -9;
115E : -17;
115F : -18;
1160 : -7;
1161 : -15;
1162 : 5;
1163 : -1;
1164 : 21;
1165 : 28;
1166 : 33;
1167 : -11;
1168 : 26;
1169 : 26;
116A : -6;
116B : -2;
116C : -24;
116D : 24;
116E : -7;
116F : 0;
1170 : -21;
1171 : -3;
1172 : 7;
1173 : -9;
1174 : -14;
1175 : 5;
1176 : -10;
1177 : -1;
1178 : 10;
1179 : 18;
117A : 2;
117B : 4;
117C : 0;
117D : 20;
117E : 13;
117F : 25;
1180 : -21;
1181 : -1;
1182 : -6;
1183 : -12;
1184 : 2;
1185 : -22;
1186 : 32;
1187 : -19;
1188 : 32;
1189 : 1;
118A : 6;
118B : 2;
118C : 4;
118D : -33;
118E : -21;
118F : 3;
1190 : 28;
1191 : 22;
1192 : -1;
1193 : -15;
1194 : -38;
1195 : 4;
1196 : -19;
1197 : -8;
1198 : -23;
1199 : 7;
119A : -15;
119B : 13;
119C : 0;
119D : -8;
119E : 33;
119F : -29;
11A0 : -5;
11A1 : -17;
11A2 : -20;
11A3 : -22;
11A4 : 12;
11A5 : 28;
11A6 : -17;
11A7 : 24;
11A8 : -8;
11A9 : 22;
11AA : -9;
11AB : -6;
11AC : -10;
11AD : 10;
11AE : -15;
11AF : -6;
11B0 : -6;
11B1 : -23;
11B2 : -14;
11B3 : 15;
11B4 : 24;
11B5 : 25;
11B6 : -12;
11B7 : -9;
11B8 : -11;
11B9 : -14;
11BA : 2;
11BB : -23;
11BC : -19;
11BD : -23;
11BE : 4;
11BF : 29;
11C0 : 27;
11C1 : -15;
11C2 : 35;
11C3 : 3;
11C4 : -17;
11C5 : -6;
11C6 : 12;
11C7 : 1;
11C8 : 6;
11C9 : -5;
11CA : -25;
11CB : 26;
11CC : -10;
11CD : -19;
11CE : 0;
11CF : -12;
11D0 : 1;
11D1 : 11;
11D2 : -26;
11D3 : -12;
11D4 : -20;
11D5 : -13;
11D6 : 4;
11D7 : -14;
11D8 : 45;
11D9 : -7;
11DA : -5;
11DB : -16;
11DC : 9;
11DD : 11;
11DE : -5;
11DF : 1;
11E0 : -15;
11E1 : 16;
11E2 : -39;
11E3 : -3;
11E4 : 11;
11E5 : 14;
11E6 : 12;
11E7 : 15;
11E8 : 11;
11E9 : -1;
11EA : -7;
11EB : 14;
11EC : -7;
11ED : -28;
11EE : 1;
11EF : -15;
11F0 : -16;
11F1 : 13;
11F2 : -3;
11F3 : -3;
11F4 : 1;
11F5 : -18;
11F6 : 15;
11F7 : -22;
11F8 : -3;
11F9 : -16;
11FA : -16;
11FB : -20;
11FC : -23;
11FD : -5;
11FE : -22;
11FF : 3;
1200 : -21;
1201 : -1;
1202 : 8;
1203 : -10;
1204 : 1;
1205 : 27;
1206 : 24;
1207 : 6;
1208 : 43;
1209 : 14;
120A : -37;
120B : 10;
120C : 27;
120D : 22;
120E : -21;
120F : 18;
1210 : 8;
1211 : 21;
1212 : -23;
1213 : -7;
1214 : 42;
1215 : -7;
1216 : 41;
1217 : -16;
1218 : 34;
1219 : -7;
121A : 55;
121B : 21;
121C : -38;
121D : 25;
121E : -7;
121F : 22;
1220 : 38;
1221 : 14;
1222 : -21;
1223 : -4;
1224 : -18;
1225 : -79;
1226 : 11;
1227 : -2;
1228 : 4;
1229 : 29;
122A : 5;
122B : 3;
122C : -19;
122D : 30;
122E : 36;
122F : 10;
1230 : 13;
1231 : -16;
1232 : -6;
1233 : -8;
1234 : -2;
1235 : -45;
1236 : 44;
1237 : -33;
1238 : 23;
1239 : -31;
123A : 69;
123B : 2;
123C : 7;
123D : 4;
123E : 9;
123F : -12;
1240 : -17;
1241 : -1;
1242 : -16;
1243 : 8;
1244 : 42;
1245 : 24;
1246 : 22;
1247 : 12;
1248 : -3;
1249 : -4;
124A : -1;
124B : -20;
124C : -12;
124D : 5;
124E : -14;
124F : 28;
1250 : -28;
1251 : -4;
1252 : -28;
1253 : 3;
1254 : 35;
1255 : -44;
1256 : 37;
1257 : -9;
1258 : -24;
1259 : 5;
125A : -9;
125B : 12;
125C : -33;
125D : 7;
125E : -26;
125F : 16;
1260 : -20;
1261 : -19;
1262 : 5;
1263 : -7;
1264 : -24;
1265 : -45;
1266 : 42;
1267 : -21;
1268 : 29;
1269 : -43;
126A : 25;
126B : 24;
126C : 8;
126D : -13;
126E : 13;
126F : -18;
1270 : 0;
1271 : -21;
1272 : 6;
1273 : 3;
1274 : 0;
1275 : -2;
1276 : 19;
1277 : 34;
1278 : 22;
1279 : -24;
127A : 60;
127B : -18;
127C : 21;
127D : 22;
127E : -5;
127F : -4;
1280 : -19;
1281 : 15;
1282 : -55;
1283 : 7;
1284 : 17;
1285 : -2;
1286 : -8;
1287 : -11;
1288 : 3;
1289 : 23;
128A : 19;
128B : -47;
128C : -21;
128D : 11;
128E : 3;
128F : 45;
1290 : 11;
1291 : -17;
1292 : 7;
1293 : -12;
1294 : 24;
1295 : -33;
1296 : 1;
1297 : -32;
1298 : -45;
1299 : 24;
129A : 13;
129B : -38;
129C : -27;
129D : 33;
129E : -24;
129F : 2;
12A0 : -21;
12A1 : -49;
12A2 : -10;
12A3 : -7;
12A4 : -3;
12A5 : 15;
12A6 : 13;
12A7 : -16;
12A8 : -9;
12A9 : -3;
12AA : -7;
12AB : 5;
12AC : 12;
12AD : 8;
12AE : -12;
12AF : -2;
12B0 : -36;
12B1 : -39;
12B2 : 22;
12B3 : 1;
12B4 : 17;
12B5 : 46;
12B6 : 19;
12B7 : 18;
12B8 : 0;
12B9 : -15;
12BA : 6;
12BB : 0;
12BC : 61;
12BD : 6;
12BE : -12;
12BF : 16;
12C0 : -11;
12C1 : 17;
12C2 : -1;
12C3 : -35;
12C4 : -12;
12C5 : -15;
12C6 : 24;
12C7 : 10;
12C8 : 3;
12C9 : -14;
12CA : -37;
12CB : -32;
12CC : -28;
12CD : -28;
12CE : 2;
12CF : -20;
12D0 : -38;
12D1 : -49;
12D2 : 37;
12D3 : -38;
12D4 : -17;
12D5 : -7;
12D6 : 40;
12D7 : 14;
12D8 : 18;
12D9 : -14;
12DA : 15;
12DB : -18;
12DC : 3;
12DD : -28;
12DE : 19;
12DF : -39;
12E0 : 5;
12E1 : -20;
12E2 : -13;
12E3 : 16;
12E4 : 0;
12E5 : 53;
12E6 : -4;
12E7 : 4;
12E8 : 4;
12E9 : 8;
12EA : 23;
12EB : -3;
12EC : 31;
12ED : -3;
12EE : -30;
12EF : 4;
12F0 : 12;
12F1 : 30;
12F2 : 17;
12F3 : 8;
12F4 : -21;
12F5 : -6;
12F6 : -25;
12F7 : 8;
12F8 : -12;
12F9 : 9;
12FA : -20;
12FB : -6;
12FC : 13;
12FD : -17;
12FE : 40;
12FF : 3;
1300 : 26;
1301 : 14;
1302 : -5;
1303 : 33;
1304 : -16;
1305 : 20;
1306 : -28;
1307 : -19;
1308 : -25;
1309 : 7;
130A : 34;
130B : 19;
130C : 11;
130D : -12;
130E : 22;
130F : 13;
1310 : -5;
1311 : 2;
1312 : 23;
1313 : 11;
1314 : -40;
1315 : -12;
1316 : 9;
1317 : 13;
1318 : 6;
1319 : 12;
131A : 5;
131B : 15;
131C : -15;
131D : -5;
131E : 9;
131F : -47;
1320 : 5;
1321 : 4;
1322 : 20;
1323 : 2;
1324 : -24;
1325 : 8;
1326 : -5;
1327 : -4;
1328 : 14;
1329 : 12;
132A : -20;
132B : -3;
132C : -2;
132D : -15;
132E : 7;
132F : -19;
1330 : 12;
1331 : 16;
1332 : 10;
1333 : -16;
1334 : -6;
1335 : 10;
1336 : 3;
1337 : 6;
1338 : -6;
1339 : -5;
133A : -4;
133B : 11;
133C : 19;
133D : 16;
133E : -7;
133F : 4;
1340 : 23;
1341 : -1;
1342 : -60;
1343 : -24;
1344 : 17;
1345 : 2;
1346 : 14;
1347 : -2;
1348 : -14;
1349 : 6;
134A : 23;
134B : 34;
134C : -16;
134D : 36;
134E : 11;
134F : -10;
1350 : 3;
1351 : -33;
1352 : 1;
1353 : -1;
1354 : -6;
1355 : -2;
1356 : 8;
1357 : 12;
1358 : -4;
1359 : 30;
135A : 33;
135B : 17;
135C : 29;
135D : 32;
135E : 3;
135F : -1;
1360 : -17;
1361 : 10;
1362 : -16;
1363 : 6;
1364 : -15;
1365 : 6;
1366 : -10;
1367 : 18;
1368 : 1;
1369 : 6;
136A : -4;
136B : 21;
136C : 32;
136D : 7;
136E : 18;
136F : 5;
1370 : 1;
1371 : -16;
1372 : -5;
1373 : -6;
1374 : 6;
1375 : 35;
1376 : 3;
1377 : 8;
1378 : 14;
1379 : 33;
137A : -2;
137B : -15;
137C : -3;
137D : 10;
137E : -1;
137F : 4;
1380 : 24;
1381 : -24;
1382 : -25;
1383 : -40;
1384 : -4;
1385 : -22;
1386 : -24;
1387 : -6;
1388 : -4;
1389 : 0;
138A : 23;
138B : 15;
138C : 4;
138D : 25;
138E : -14;
138F : -3;
1390 : 4;
1391 : -7;
1392 : -24;
1393 : 24;
1394 : 12;
1395 : -3;
1396 : -9;
1397 : -31;
1398 : 8;
1399 : -21;
139A : 10;
139B : 20;
139C : -18;
139D : 29;
139E : 4;
139F : 35;
13A0 : 31;
13A1 : -1;
13A2 : -15;
13A3 : 5;
13A4 : -15;
13A5 : -14;
13A6 : 23;
13A7 : -5;
13A8 : 18;
13A9 : 8;
13AA : 4;
13AB : 40;
13AC : -35;
13AD : -9;
13AE : -13;
13AF : -24;
13B0 : -4;
13B1 : 26;
13B2 : 32;
13B3 : 3;
13B4 : -28;
13B5 : 8;
13B6 : 35;
13B7 : -1;
13B8 : -24;
13B9 : -23;
13BA : 1;
13BB : 6;
13BC : -37;
13BD : 2;
13BE : 21;
13BF : -25;
13C0 : -29;
13C1 : -14;
13C2 : 24;
13C3 : -26;
13C4 : -39;
13C5 : 19;
13C6 : 18;
13C7 : -15;
13C8 : -22;
13C9 : -11;
13CA : -32;
13CB : -12;
13CC : 39;
13CD : -34;
13CE : -13;
13CF : -29;
13D0 : -25;
13D1 : -26;
13D2 : -12;
13D3 : -5;
13D4 : 11;
13D5 : 24;
13D6 : -15;
13D7 : 11;
13D8 : 34;
13D9 : -3;
13DA : -11;
13DB : -9;
13DC : -9;
13DD : -5;
13DE : 22;
13DF : 34;
13E0 : 10;
13E1 : -11;
13E2 : 7;
13E3 : 27;
13E4 : -15;
13E5 : -28;
13E6 : 6;
13E7 : 3;
13E8 : 4;
13E9 : -37;
13EA : 17;
13EB : -2;
13EC : -12;
13ED : -3;
13EE : 34;
13EF : -8;
13F0 : -45;
13F1 : 29;
13F2 : 24;
13F3 : 0;
13F4 : 19;
13F5 : 17;
13F6 : 8;
13F7 : 4;
13F8 : -25;
13F9 : -19;
13FA : -19;
13FB : -34;
13FC : 5;
13FD : 5;
13FE : 11;
13FF : 0;
1400 : -7;
1401 : -20;
1402 : 10;
1403 : 6;
1404 : 13;
1405 : -19;
1406 : -24;
1407 : 10;
1408 : -18;
1409 : 6;
140A : -22;
140B : -25;
140C : 15;
140D : -16;
140E : -3;
140F : 2;
1410 : -17;
1411 : -16;
1412 : 1;
1413 : -24;
1414 : -25;
1415 : -6;
1416 : -15;
1417 : -2;
1418 : -23;
1419 : -13;
141A : 9;
141B : -7;
141C : -26;
141D : -10;
141E : 2;
141F : -17;
1420 : -15;
1421 : -18;
1422 : -10;
1423 : -4;
1424 : 5;
1425 : -10;
1426 : -16;
1427 : 7;
1428 : -7;
1429 : 18;
142A : 9;
142B : -24;
142C : 11;
142D : 9;
142E : 11;
142F : -12;
1430 : 12;
1431 : -10;
1432 : -16;
1433 : 21;
1434 : 17;
1435 : 1;
1436 : -7;
1437 : -15;
1438 : 9;
1439 : -12;
143A : -18;
143B : -18;
143C : 16;
143D : 18;
143E : 16;
143F : -19;
1440 : 12;
1441 : -19;
1442 : 15;
1443 : -9;
1444 : -5;
1445 : -17;
1446 : -10;
1447 : -27;
1448 : 18;
1449 : -13;
144A : -4;
144B : 10;
144C : -9;
144D : 2;
144E : -27;
144F : -17;
1450 : 21;
1451 : 19;
1452 : -10;
1453 : -19;
1454 : 0;
1455 : -27;
1456 : -28;
1457 : 1;
1458 : -4;
1459 : -21;
145A : -17;
145B : -6;
145C : -8;
145D : -10;
145E : -17;
145F : 18;
1460 : 0;
1461 : -8;
1462 : -16;
1463 : -3;
1464 : 13;
1465 : 12;
1466 : -2;
1467 : 4;
1468 : -31;
1469 : 6;
146A : 15;
146B : 8;
146C : -16;
146D : -12;
146E : -5;
146F : 14;
1470 : -18;
1471 : -11;
1472 : -17;
1473 : 3;
1474 : -14;
1475 : 20;
1476 : 0;
1477 : -15;
1478 : -29;
1479 : 13;
147A : -5;
147B : 19;
147C : 1;
147D : 1;
147E : 16;
147F : -25;
1480 : 11;
1481 : 18;
1482 : 12;
1483 : 7;
1484 : -11;
1485 : -4;
1486 : -13;
1487 : 17;
1488 : 27;
1489 : -20;
148A : 5;
148B : 7;
148C : 1;
148D : -29;
148E : -1;
148F : 2;
1490 : -8;
1491 : -25;
1492 : -14;
1493 : 12;
1494 : -6;
1495 : -29;
1496 : -3;
1497 : -4;
1498 : -22;
1499 : -11;
149A : -9;
149B : -16;
149C : 19;
149D : -21;
149E : -13;
149F : -28;
14A0 : -24;
14A1 : -8;
14A2 : 11;
14A3 : 8;
14A4 : -21;
14A5 : 13;
14A6 : -20;
14A7 : -12;
14A8 : -11;
14A9 : -11;
14AA : -24;
14AB : -1;
14AC : -21;
14AD : -27;
14AE : -15;
14AF : -15;
14B0 : -20;
14B1 : -23;
14B2 : 14;
14B3 : -13;
14B4 : 21;
14B5 : -2;
14B6 : -4;
14B7 : -19;
14B8 : 8;
14B9 : -12;
14BA : -5;
14BB : -10;
14BC : -34;
14BD : 0;
14BE : 11;
14BF : -2;
14C0 : 1;
14C1 : -14;
14C2 : -10;
14C3 : -26;
14C4 : 17;
14C5 : -10;
14C6 : -10;
14C7 : -1;
14C8 : -16;
14C9 : 15;
14CA : -3;
14CB : 7;
14CC : -18;
14CD : 5;
14CE : -27;
14CF : -30;
14D0 : 5;
14D1 : 2;
14D2 : 5;
14D3 : -30;
14D4 : -28;
14D5 : 4;
14D6 : 6;
14D7 : 8;
14D8 : -11;
14D9 : -23;
14DA : -11;
14DB : -10;
14DC : -9;
14DD : -26;
14DE : -4;
14DF : -11;
14E0 : -30;
14E1 : 2;
14E2 : 17;
14E3 : 10;
14E4 : -2;
14E5 : -9;
14E6 : 15;
14E7 : -8;
14E8 : -2;
14E9 : 7;
14EA : 12;
14EB : 1;
14EC : 0;
14ED : 3;
14EE : -18;
14EF : -20;
14F0 : 9;
14F1 : 14;
14F2 : -31;
14F3 : 3;
14F4 : 18;
14F5 : -22;
14F6 : -13;
14F7 : -7;
14F8 : -21;
14F9 : 12;
14FA : 0;
14FB : -27;
14FC : -24;
14FD : 28;
14FE : -15;
14FF : -21;
1500 : 13;
1501 : -45;
1502 : -2;
1503 : -18;
1504 : 16;
1505 : -23;
1506 : 19;
1507 : 3;
1508 : 12;
1509 : -1;
150A : 32;
150B : -23;
150C : 13;
150D : 6;
150E : -16;
150F : 0;
1510 : 7;
1511 : -24;
1512 : -30;
1513 : 27;
1514 : 6;
1515 : -26;
1516 : 17;
1517 : 12;
1518 : -5;
1519 : 0;
151A : 27;
151B : -12;
151C : -7;
151D : 7;
151E : -1;
151F : 36;
1520 : 7;
1521 : 1;
1522 : -12;
1523 : -5;
1524 : 17;
1525 : -15;
1526 : -22;
1527 : 8;
1528 : -5;
1529 : 10;
152A : 1;
152B : -16;
152C : 11;
152D : 24;
152E : -35;
152F : 24;
1530 : -2;
1531 : 2;
1532 : -31;
1533 : 30;
1534 : -22;
1535 : -47;
1536 : -49;
1537 : -26;
1538 : -51;
1539 : 17;
153A : -13;
153B : 2;
153C : 10;
153D : -11;
153E : 24;
153F : 7;
1540 : 20;
1541 : -33;
1542 : -7;
1543 : -16;
1544 : 28;
1545 : -13;
1546 : -6;
1547 : 5;
1548 : -25;
1549 : 3;
154A : 4;
154B : -7;
154C : 6;
154D : 10;
154E : -22;
154F : -11;
1550 : -11;
1551 : 21;
1552 : -25;
1553 : -1;
1554 : 35;
1555 : -9;
1556 : -12;
1557 : -4;
1558 : -7;
1559 : -6;
155A : -10;
155B : 5;
155C : -5;
155D : 18;
155E : -7;
155F : 16;
1560 : 13;
1561 : -3;
1562 : -9;
1563 : -8;
1564 : 17;
1565 : 6;
1566 : 10;
1567 : -12;
1568 : -28;
1569 : 15;
156A : 6;
156B : -11;
156C : 18;
156D : 11;
156E : -15;
156F : -6;
1570 : 10;
1571 : 40;
1572 : 2;
1573 : 6;
1574 : -9;
1575 : -24;
1576 : -4;
1577 : -5;
1578 : 11;
1579 : 3;
157A : 26;
157B : -5;
157C : -36;
157D : 22;
157E : -21;
157F : -18;
1580 : 4;
1581 : -11;
1582 : 15;
1583 : -16;
1584 : -39;
1585 : -18;
1586 : 5;
1587 : -16;
1588 : 49;
1589 : 24;
158A : 15;
158B : 43;
158C : -6;
158D : 24;
158E : -14;
158F : -9;
1590 : 14;
1591 : -15;
1592 : 18;
1593 : -9;
1594 : 20;
1595 : 21;
1596 : 23;
1597 : -5;
1598 : 42;
1599 : 18;
159A : 29;
159B : 20;
159C : -14;
159D : 25;
159E : 16;
159F : 7;
15A0 : -23;
15A1 : 12;
15A2 : 22;
15A3 : 25;
15A4 : 24;
15A5 : -20;
15A6 : 12;
15A7 : -19;
15A8 : 25;
15A9 : 29;
15AA : 2;
15AB : -3;
15AC : 4;
15AD : -13;
15AE : -8;
15AF : 9;
15B0 : -26;
15B1 : 9;
15B2 : 1;
15B3 : -7;
15B4 : 0;
15B5 : -27;
15B6 : 19;
15B7 : -8;
15B8 : 13;
15B9 : -11;
15BA : 40;
15BB : 3;
15BC : 12;
15BD : 26;
15BE : -20;
15BF : 12;
15C0 : 26;
15C1 : -10;
15C2 : 15;
15C3 : -12;
15C4 : -13;
15C5 : 7;
15C6 : 17;
15C7 : 22;
15C8 : 22;
15C9 : -7;
15CA : -10;
15CB : 52;
15CC : 7;
15CD : -9;
15CE : 5;
15CF : 12;
15D0 : 2;
15D1 : 7;
15D2 : -7;
15D3 : -27;
15D4 : -41;
15D5 : 24;
15D6 : 6;
15D7 : 16;
15D8 : 23;
15D9 : 4;
15DA : -34;
15DB : 18;
15DC : 22;
15DD : -9;
15DE : 18;
15DF : 15;
15E0 : 1;
15E1 : 9;
15E2 : 2;
15E3 : -19;
15E4 : 5;
15E5 : 37;
15E6 : 13;
15E7 : 2;
15E8 : -11;
15E9 : 6;
15EA : -43;
15EB : 2;
15EC : 5;
15ED : -22;
15EE : -10;
15EF : 10;
15F0 : -27;
15F1 : -30;
15F2 : 8;
15F3 : -5;
15F4 : 3;
15F5 : -3;
15F6 : 15;
15F7 : 7;
15F8 : -3;
15F9 : 6;
15FA : 2;
15FB : -11;
15FC : 5;
15FD : 15;
15FE : 6;
15FF : 18;
1600 : -13;
1601 : -27;
1602 : 23;
1603 : -19;
1604 : 11;
1605 : 8;
1606 : -4;
1607 : -13;
1608 : -7;
1609 : 12;
160A : 4;
160B : -50;
160C : -9;
160D : 12;
160E : -9;
160F : 1;
1610 : -27;
1611 : 12;
1612 : -13;
1613 : 30;
1614 : 34;
1615 : -28;
1616 : 10;
1617 : 8;
1618 : -21;
1619 : -11;
161A : 6;
161B : -12;
161C : 30;
161D : 0;
161E : -26;
161F : 25;
1620 : -18;
1621 : 49;
1622 : 6;
1623 : -9;
1624 : -16;
1625 : -34;
1626 : -9;
1627 : -13;
1628 : -8;
1629 : 7;
162A : -10;
162B : -26;
162C : -8;
162D : -6;
162E : -18;
162F : -2;
1630 : 47;
1631 : 15;
1632 : -23;
1633 : 4;
1634 : -21;
1635 : -41;
1636 : -19;
1637 : -17;
1638 : 15;
1639 : 8;
163A : -31;
163B : -4;
163C : -2;
163D : -28;
163E : 33;
163F : 4;
1640 : 14;
1641 : -16;
1642 : 15;
1643 : -12;
1644 : 19;
1645 : 5;
1646 : 7;
1647 : 15;
1648 : 0;
1649 : 34;
164A : -9;
164B : 11;
164C : 23;
164D : 63;
164E : 6;
164F : 9;
1650 : 5;
1651 : -18;
1652 : 8;
1653 : 28;
1654 : 18;
1655 : 5;
1656 : -7;
1657 : -4;
1658 : 12;
1659 : 29;
165A : 7;
165B : -11;
165C : 9;
165D : 31;
165E : 7;
165F : 15;
1660 : 12;
1661 : 12;
1662 : -11;
1663 : -12;
1664 : -15;
1665 : -6;
1666 : -8;
1667 : 20;
1668 : -16;
1669 : 1;
166A : -16;
166B : 2;
166C : 0;
166D : -6;
166E : -13;
166F : 2;
1670 : -4;
1671 : 12;
1672 : 23;
1673 : 0;
1674 : -1;
1675 : -20;
1676 : 4;
1677 : 22;
1678 : 21;
1679 : 16;
167A : 15;
167B : -18;
167C : 8;
167D : 12;
167E : -10;
167F : -7;
1680 : 23;
1681 : 32;
1682 : 10;
1683 : 35;
1684 : 20;
1685 : 46;
1686 : -20;
1687 : 14;
1688 : -2;
1689 : -6;
168A : -14;
168B : 15;
168C : 8;
168D : 4;
168E : -3;
168F : -8;
1690 : -5;
1691 : 20;
1692 : -20;
1693 : 19;
1694 : -8;
1695 : 5;
1696 : -6;
1697 : -7;
1698 : -26;
1699 : -11;
169A : 5;
169B : 8;
169C : 0;
169D : 23;
169E : -15;
169F : 14;
16A0 : -16;
16A1 : 13;
16A2 : -8;
16A3 : 9;
16A4 : 29;
16A5 : -1;
16A6 : -8;
16A7 : -16;
16A8 : -28;
16A9 : -15;
16AA : 12;
16AB : 2;
16AC : -16;
16AD : -7;
16AE : 20;
16AF : -8;
16B0 : 21;
16B1 : -17;
16B2 : -9;
16B3 : 11;
16B4 : 8;
16B5 : -1;
16B6 : 3;
16B7 : 27;
16B8 : -15;
16B9 : -7;
16BA : 18;
16BB : -5;
16BC : -13;
16BD : -2;
16BE : 10;
16BF : 6;
16C0 : 17;
16C1 : 24;
16C2 : -6;
16C3 : -5;
16C4 : 20;
16C5 : 3;
16C6 : -27;
16C7 : -2;
16C8 : 9;
16C9 : -22;
16CA : 34;
16CB : 2;
16CC : 0;
16CD : 18;
16CE : -6;
16CF : 26;
16D0 : -11;
16D1 : 2;
16D2 : -38;
16D3 : -17;
16D4 : 37;
16D5 : 32;
16D6 : 13;
16D7 : 12;
16D8 : -20;
16D9 : 3;
16DA : -35;
16DB : 18;
16DC : -8;
16DD : -21;
16DE : -12;
16DF : -4;
16E0 : 2;
16E1 : 12;
16E2 : -17;
16E3 : 22;
16E4 : 24;
16E5 : 2;
16E6 : 7;
16E7 : 6;
16E8 : 29;
16E9 : -5;
16EA : 5;
16EB : 5;
16EC : 15;
16ED : 10;
16EE : -24;
16EF : 25;
16F0 : 21;
16F1 : -6;
16F2 : 27;
16F3 : 14;
16F4 : -9;
16F5 : -24;
16F6 : 2;
16F7 : -3;
16F8 : 27;
16F9 : -23;
16FA : 29;
16FB : 24;
16FC : 15;
16FD : 3;
16FE : 1;
16FF : -12;
1700 : -12;
1701 : 1;
1702 : -27;
1703 : -37;
1704 : -26;
1705 : 7;
1706 : 3;
1707 : -33;
1708 : 28;
1709 : 41;
170A : 4;
170B : -10;
170C : 19;
170D : 20;
170E : 9;
170F : -41;
1710 : -46;
1711 : -38;
1712 : -4;
1713 : -16;
1714 : 14;
1715 : 11;
1716 : 59;
1717 : 12;
1718 : 9;
1719 : -2;
171A : 12;
171B : 4;
171C : 6;
171D : 20;
171E : -22;
171F : 23;
1720 : -37;
1721 : -5;
1722 : -9;
1723 : -20;
1724 : 12;
1725 : -48;
1726 : 19;
1727 : -23;
1728 : -2;
1729 : 7;
172A : -15;
172B : -18;
172C : -8;
172D : -1;
172E : -5;
172F : 6;
1730 : -37;
1731 : -42;
1732 : -4;
1733 : -50;
1734 : -7;
1735 : -16;
1736 : -55;
1737 : -32;
1738 : 2;
1739 : -7;
173A : 4;
173B : -19;
173C : -16;
173D : -7;
173E : -22;
173F : -70;
1740 : -3;
1741 : -58;
1742 : 18;
1743 : -18;
1744 : -19;
1745 : -13;
1746 : 27;
1747 : 3;
1748 : 17;
1749 : 17;
174A : 6;
174B : 19;
174C : 5;
174D : -3;
174E : -3;
174F : -10;
1750 : 1;
1751 : 1;
1752 : 35;
1753 : -8;
1754 : 9;
1755 : 25;
1756 : 34;
1757 : 34;
1758 : 35;
1759 : -12;
175A : -20;
175B : 0;
175C : 24;
175D : 25;
175E : 22;
175F : 34;
1760 : -10;
1761 : -36;
1762 : -13;
1763 : -13;
1764 : -43;
1765 : -33;
1766 : 27;
1767 : 16;
1768 : -25;
1769 : 22;
176A : 33;
176B : 16;
176C : 30;
176D : 47;
176E : -41;
176F : 1;
1770 : 36;
1771 : 1;
1772 : -12;
1773 : -16;
1774 : -10;
1775 : -15;
1776 : 12;
1777 : 11;
1778 : 15;
1779 : 15;
177A : -31;
177B : 6;
177C : 16;
177D : -32;
177E : -5;
177F : -14;
1780 : -12;
1781 : 15;
1782 : 14;
1783 : -10;
1784 : 15;
1785 : 7;
1786 : -33;
1787 : 1;
1788 : 6;
1789 : -17;
178A : -17;
178B : -4;
178C : -9;
178D : 11;
178E : 1;
178F : 44;
1790 : 5;
1791 : 31;
1792 : -14;
1793 : 11;
1794 : 35;
1795 : -9;
1796 : 18;
1797 : 16;
1798 : -42;
1799 : 0;
179A : 36;
179B : 0;
179C : -21;
179D : 23;
179E : -1;
179F : 29;
17A0 : 22;
17A1 : 12;
17A2 : -25;
17A3 : 2;
17A4 : -20;
17A5 : 8;
17A6 : -19;
17A7 : -2;
17A8 : -6;
17A9 : 23;
17AA : 5;
17AB : -23;
17AC : -4;
17AD : 11;
17AE : -3;
17AF : -23;
17B0 : 11;
17B1 : 8;
17B2 : -36;
17B3 : -14;
17B4 : -24;
17B5 : -5;
17B6 : -17;
17B7 : 5;
17B8 : 34;
17B9 : 8;
17BA : 13;
17BB : 19;
17BC : 28;
17BD : -26;
17BE : 1;
17BF : -31;
17C0 : -10;
17C1 : 26;
17C2 : -36;
17C3 : 4;
17C4 : 31;
17C5 : -14;
17C6 : -2;
17C7 : -30;
17C8 : 11;
17C9 : -26;
17CA : -27;
17CB : -3;
17CC : -29;
17CD : -32;
17CE : -9;
17CF : -12;
17D0 : 5;
17D1 : 23;
17D2 : -57;
17D3 : -12;
17D4 : 2;
17D5 : -29;
17D6 : -34;
17D7 : -41;
17D8 : 47;
17D9 : -3;
17DA : 23;
17DB : -13;
17DC : -22;
17DD : 12;
17DE : 9;
17DF : 3;
17E0 : 22;
17E1 : -12;
17E2 : -48;
17E3 : -58;
17E4 : -28;
17E5 : -52;
17E6 : -50;
17E7 : -40;
17E8 : 14;
17E9 : -23;
17EA : -17;
17EB : -8;
17EC : -18;
17ED : 14;
17EE : -24;
17EF : -30;
17F0 : 12;
17F1 : 15;
17F2 : -27;
17F3 : -47;
17F4 : -34;
17F5 : -36;
17F6 : -9;
17F7 : -26;
17F8 : -7;
17F9 : -1;
17FA : -9;
17FB : -19;
17FC : -9;
17FD : 4;
17FE : 7;
17FF : -43;
1800 : 25;
1801 : -11;
1802 : -28;
1803 : -7;
1804 : -37;
1805 : -24;
1806 : 25;
1807 : 11;
1808 : -1;
1809 : -28;
180A : -26;
180B : 4;
180C : -1;
180D : -19;
180E : -20;
180F : -25;
1810 : -8;
1811 : -15;
1812 : 19;
1813 : -16;
1814 : -1;
1815 : 12;
1816 : 0;
1817 : 21;
1818 : 15;
1819 : 6;
181A : -17;
181B : -4;
181C : 17;
181D : -12;
181E : -2;
181F : 14;
1820 : 10;
1821 : -26;
1822 : 18;
1823 : 5;
1824 : 26;
1825 : 34;
1826 : -22;
1827 : 7;
1828 : 4;
1829 : -4;
182A : 32;
182B : 4;
182C : -15;
182D : -4;
182E : -18;
182F : 10;
1830 : 27;
1831 : -15;
1832 : -1;
1833 : 16;
1834 : -15;
1835 : 1;
1836 : -19;
1837 : 12;
1838 : -28;
1839 : 32;
183A : 2;
183B : 32;
183C : -19;
183D : 37;
183E : 22;
183F : 31;
1840 : 8;
1841 : -25;
1842 : -37;
1843 : -8;
1844 : -16;
1845 : -29;
1846 : 9;
1847 : -21;
1848 : 13;
1849 : -13;
184A : -9;
184B : 11;
184C : 5;
184D : -19;
184E : 13;
184F : -41;
1850 : 4;
1851 : -19;
1852 : -35;
1853 : 3;
1854 : 25;
1855 : -28;
1856 : -6;
1857 : -6;
1858 : -10;
1859 : -23;
185A : -8;
185B : 0;
185C : -11;
185D : -45;
185E : -6;
185F : 9;
1860 : 15;
1861 : 0;
1862 : -11;
1863 : 1;
1864 : -11;
1865 : -28;
1866 : -2;
1867 : 0;
1868 : -16;
1869 : -11;
186A : 8;
186B : 9;
186C : -23;
186D : 5;
186E : 20;
186F : 11;
1870 : 10;
1871 : -23;
1872 : -18;
1873 : -20;
1874 : -2;
1875 : 0;
1876 : 18;
1877 : -14;
1878 : 18;
1879 : 7;
187A : 16;
187B : 8;
187C : 6;
187D : 18;
187E : 24;
187F : 19;
1880 : -12;
1881 : 3;
1882 : -30;
1883 : -12;
1884 : -10;
1885 : -7;
1886 : 28;
1887 : -16;
1888 : -6;
1889 : 16;
188A : 9;
188B : -11;
188C : -33;
188D : 23;
188E : 16;
188F : -13;
1890 : 4;
1891 : -42;
1892 : 2;
1893 : -29;
1894 : 1;
1895 : -26;
1896 : 18;
1897 : 12;
1898 : 9;
1899 : 16;
189A : 35;
189B : 7;
189C : 6;
189D : -15;
189E : -2;
189F : -33;
18A0 : -4;
18A1 : -12;
18A2 : 36;
18A3 : 13;
18A4 : -7;
18A5 : -11;
18A6 : -4;
18A7 : 25;
18A8 : 2;
18A9 : -28;
18AA : 37;
18AB : -16;
18AC : -5;
18AD : -14;
18AE : 10;
18AF : -15;
18B0 : -11;
18B1 : -15;
18B2 : 9;
18B3 : 23;
18B4 : 9;
18B5 : 18;
18B6 : -7;
18B7 : 8;
18B8 : -13;
18B9 : 4;
18BA : 1;
18BB : -32;
18BC : -2;
18BD : 5;
18BE : -12;
18BF : 13;
18C0 : 4;
18C1 : -34;
18C2 : 6;
18C3 : -3;
18C4 : -30;
18C5 : -41;
18C6 : 42;
18C7 : 31;
18C8 : -17;
18C9 : 21;
18CA : -14;
18CB : 0;
18CC : 45;
18CD : 0;
18CE : 18;
18CF : -24;
18D0 : 15;
18D1 : -20;
18D2 : 40;
18D3 : -23;
18D4 : -20;
18D5 : 19;
18D6 : 13;
18D7 : 11;
18D8 : 4;
18D9 : 23;
18DA : 11;
18DB : -4;
18DC : 47;
18DD : 10;
18DE : 3;
18DF : 20;
18E0 : -3;
18E1 : 2;
18E2 : 5;
18E3 : 2;
18E4 : -17;
18E5 : -7;
18E6 : -8;
18E7 : -22;
18E8 : 5;
18E9 : 0;
18EA : 1;
18EB : 0;
18EC : 0;
18ED : 10;
18EE : -23;
18EF : 15;
18F0 : 13;
18F1 : 23;
18F2 : -38;
18F3 : -5;
18F4 : -20;
18F5 : -27;
18F6 : -13;
18F7 : 2;
18F8 : -26;
18F9 : 0;
18FA : -13;
18FB : -1;
18FC : 10;
18FD : 3;
18FE : 10;
18FF : -10;
1900 : -18;
1901 : -7;
1902 : 17;
1903 : 1;
1904 : -16;
1905 : 14;
1906 : 17;
1907 : 2;
1908 : -5;
1909 : -30;
190A : 26;
190B : 4;
190C : 9;
190D : 25;
190E : 3;
190F : 64;
1910 : -26;
1911 : -12;
1912 : -8;
1913 : 16;
1914 : -3;
1915 : 23;
1916 : -32;
1917 : 11;
1918 : -11;
1919 : -8;
191A : -21;
191B : -37;
191C : 14;
191D : -6;
191E : 2;
191F : -11;
1920 : 10;
1921 : 32;
1922 : 4;
1923 : -2;
1924 : -22;
1925 : -26;
1926 : 2;
1927 : -30;
1928 : 0;
1929 : 19;
192A : -18;
192B : 8;
192C : 25;
192D : -5;
192E : 5;
192F : 15;
1930 : 18;
1931 : 59;
1932 : -32;
1933 : -8;
1934 : -16;
1935 : -23;
1936 : -36;
1937 : -1;
1938 : -12;
1939 : -3;
193A : -21;
193B : -13;
193C : 19;
193D : 11;
193E : 9;
193F : 24;
1940 : -17;
1941 : 31;
1942 : -3;
1943 : 30;
1944 : -14;
1945 : 5;
1946 : -8;
1947 : 6;
1948 : 1;
1949 : 0;
194A : -10;
194B : 8;
194C : -4;
194D : -8;
194E : 5;
194F : 44;
1950 : -3;
1951 : 1;
1952 : 9;
1953 : -10;
1954 : -8;
1955 : -12;
1956 : -30;
1957 : -9;
1958 : -20;
1959 : -1;
195A : -41;
195B : -14;
195C : 14;
195D : -19;
195E : 26;
195F : 7;
1960 : -10;
1961 : 12;
1962 : 3;
1963 : -16;
1964 : -25;
1965 : -44;
1966 : 21;
1967 : -3;
1968 : 1;
1969 : -2;
196A : -51;
196B : -20;
196C : 13;
196D : -3;
196E : 1;
196F : -6;
1970 : -11;
1971 : 1;
1972 : 12;
1973 : -8;
1974 : -8;
1975 : -31;
1976 : 29;
1977 : -7;
1978 : 18;
1979 : -17;
197A : -5;
197B : 21;
197C : -10;
197D : 17;
197E : -14;
197F : -37;
1980 : -4;
1981 : -22;
1982 : -29;
1983 : 3;
1984 : -10;
1985 : 4;
1986 : 33;
1987 : -15;
1988 : 23;
1989 : 29;
198A : -1;
198B : -3;
198C : -18;
198D : 26;
198E : 12;
198F : 10;
1990 : 10;
1991 : -22;
1992 : 1;
1993 : -7;
1994 : 20;
1995 : -3;
1996 : -5;
1997 : -8;
1998 : -3;
1999 : 19;
199A : -5;
199B : 21;
199C : 12;
199D : -26;
199E : 0;
199F : -14;
19A0 : -2;
19A1 : -14;
19A2 : 13;
19A3 : 3;
19A4 : 11;
19A5 : 3;
19A6 : -8;
19A7 : 17;
19A8 : -4;
19A9 : 2;
19AA : -12;
19AB : 28;
19AC : 9;
19AD : 18;
19AE : 8;
19AF : 17;
19B0 : 8;
19B1 : -17;
19B2 : 4;
19B3 : 3;
19B4 : -1;
19B5 : 19;
19B6 : -10;
19B7 : -5;
19B8 : 11;
19B9 : -17;
19BA : -11;
19BB : -20;
19BC : -11;
19BD : 39;
19BE : -40;
19BF : 4;
19C0 : 6;
19C1 : 4;
19C2 : 12;
19C3 : 2;
19C4 : -11;
19C5 : -13;
19C6 : -18;
19C7 : -14;
19C8 : 5;
19C9 : -13;
19CA : 4;
19CB : 30;
19CC : -5;
19CD : 18;
19CE : 12;
19CF : -7;
19D0 : 28;
19D1 : -12;
19D2 : -23;
19D3 : 2;
19D4 : 2;
19D5 : 6;
19D6 : 3;
19D7 : 14;
19D8 : 7;
19D9 : 6;
19DA : 14;
19DB : 33;
19DC : 6;
19DD : 3;
19DE : 20;
19DF : 0;
19E0 : 21;
19E1 : 23;
19E2 : -31;
19E3 : 3;
19E4 : 29;
19E5 : 4;
19E6 : 7;
19E7 : 24;
19E8 : 14;
19E9 : 15;
19EA : -8;
19EB : 0;
19EC : -6;
19ED : -7;
19EE : -32;
19EF : 18;
19F0 : 6;
19F1 : -22;
19F2 : 7;
19F3 : 40;
19F4 : 32;
19F5 : -9;
19F6 : 33;
19F7 : 21;
19F8 : 19;
19F9 : 1;
19FA : 42;
19FB : 0;
19FC : 12;
19FD : 23;
19FE : -4;
19FF : 2;
1A00 : 24;
1A01 : -5;
1A02 : -9;
1A03 : -23;
1A04 : -41;
1A05 : -37;
1A06 : -45;
1A07 : 0;
1A08 : 10;
1A09 : 1;
1A0A : 3;
1A0B : 26;
1A0C : -25;
1A0D : -16;
1A0E : 21;
1A0F : -11;
1A10 : -1;
1A11 : 13;
1A12 : 0;
1A13 : -1;
1A14 : 20;
1A15 : 28;
1A16 : -22;
1A17 : 1;
1A18 : 37;
1A19 : -2;
1A1A : 3;
1A1B : 12;
1A1C : -4;
1A1D : -6;
1A1E : 35;
1A1F : 1;
1A20 : -17;
1A21 : -9;
1A22 : 21;
1A23 : 25;
1A24 : 26;
1A25 : 28;
1A26 : 3;
1A27 : 11;
1A28 : -14;
1A29 : 6;
1A2A : 5;
1A2B : 8;
1A2C : -28;
1A2D : 4;
1A2E : 23;
1A2F : 7;
1A30 : -25;
1A31 : -24;
1A32 : -11;
1A33 : 5;
1A34 : -21;
1A35 : 27;
1A36 : -23;
1A37 : 6;
1A38 : 24;
1A39 : -15;
1A3A : -30;
1A3B : 6;
1A3C : -39;
1A3D : -10;
1A3E : 13;
1A3F : 32;
1A40 : 14;
1A41 : -37;
1A42 : 4;
1A43 : -16;
1A44 : -28;
1A45 : -17;
1A46 : 19;
1A47 : -28;
1A48 : 22;
1A49 : 7;
1A4A : 26;
1A4B : 12;
1A4C : -24;
1A4D : -50;
1A4E : 36;
1A4F : -2;
1A50 : 4;
1A51 : 16;
1A52 : 26;
1A53 : 8;
1A54 : 0;
1A55 : -27;
1A56 : -22;
1A57 : 2;
1A58 : 11;
1A59 : -19;
1A5A : 2;
1A5B : 4;
1A5C : -3;
1A5D : 7;
1A5E : 26;
1A5F : 11;
1A60 : -1;
1A61 : 19;
1A62 : 0;
1A63 : 9;
1A64 : 20;
1A65 : 13;
1A66 : -23;
1A67 : -4;
1A68 : 1;
1A69 : 9;
1A6A : 22;
1A6B : -30;
1A6C : -28;
1A6D : 9;
1A6E : 13;
1A6F : 7;
1A70 : -4;
1A71 : 18;
1A72 : -37;
1A73 : 0;
1A74 : -4;
1A75 : -17;
1A76 : 8;
1A77 : -14;
1A78 : -24;
1A79 : 23;
1A7A : -20;
1A7B : -25;
1A7C : 8;
1A7D : -6;
1A7E : -17;
1A7F : -20;
1A80 : -3;
1A81 : -21;
1A82 : -13;
1A83 : -17;
1A84 : -3;
1A85 : -30;
1A86 : 34;
1A87 : 1;
1A88 : 43;
1A89 : -11;
1A8A : -2;
1A8B : 46;
1A8C : -26;
1A8D : -12;
1A8E : 10;
1A8F : -30;
1A90 : 17;
1A91 : 28;
1A92 : -25;
1A93 : 23;
1A94 : -6;
1A95 : 2;
1A96 : 23;
1A97 : 1;
1A98 : 43;
1A99 : -15;
1A9A : 26;
1A9B : 16;
1A9C : 32;
1A9D : 3;
1A9E : -6;
1A9F : -5;
1AA0 : 11;
1AA1 : -3;
1AA2 : -15;
1AA3 : 15;
1AA4 : 22;
1AA5 : 22;
1AA6 : -14;
1AA7 : 29;
1AA8 : 15;
1AA9 : 4;
1AAA : -11;
1AAB : -23;
1AAC : -14;
1AAD : 18;
1AAE : -2;
1AAF : 28;
1AB0 : -15;
1AB1 : -8;
1AB2 : 21;
1AB3 : -23;
1AB4 : -36;
1AB5 : -34;
1AB6 : -14;
1AB7 : 0;
1AB8 : 18;
1AB9 : -22;
1ABA : 11;
1ABB : -16;
1ABC : -14;
1ABD : -20;
1ABE : -7;
1ABF : -13;
1AC0 : -4;
1AC1 : -24;
1AC2 : -31;
1AC3 : 0;
1AC4 : 4;
1AC5 : -21;
1AC6 : 9;
1AC7 : 18;
1AC8 : 1;
1AC9 : -3;
1ACA : -17;
1ACB : 20;
1ACC : 24;
1ACD : -11;
1ACE : -19;
1ACF : 1;
1AD0 : -9;
1AD1 : 8;
1AD2 : -2;
1AD3 : -13;
1AD4 : -1;
1AD5 : 21;
1AD6 : 20;
1AD7 : 1;
1AD8 : 3;
1AD9 : 16;
1ADA : 13;
1ADB : 7;
1ADC : 0;
1ADD : 20;
1ADE : 36;
1ADF : -7;
1AE0 : -22;
1AE1 : 6;
1AE2 : -1;
1AE3 : 11;
1AE4 : -13;
1AE5 : 22;
1AE6 : 15;
1AE7 : 2;
1AE8 : -2;
1AE9 : 7;
1AEA : 5;
1AEB : 24;
1AEC : 1;
1AED : 5;
1AEE : 19;
1AEF : 20;
1AF0 : -25;
1AF1 : 5;
1AF2 : 10;
1AF3 : 5;
1AF4 : 11;
1AF5 : 25;
1AF6 : 48;
1AF7 : -5;
1AF8 : -16;
1AF9 : 8;
1AFA : -9;
1AFB : 8;
1AFC : 23;
1AFD : 25;
1AFE : 18;
1AFF : -9;
1B00 : -4;
1B01 : 9;
1B02 : -29;
1B03 : -1;
1B04 : -36;
1B05 : -26;
1B06 : -31;
1B07 : -13;
1B08 : 19;
1B09 : -17;
1B0A : 7;
1B0B : 21;
1B0C : 20;
1B0D : -23;
1B0E : -9;
1B0F : -39;
1B10 : -3;
1B11 : -1;
1B12 : 11;
1B13 : -2;
1B14 : -17;
1B15 : 12;
1B16 : -11;
1B17 : -9;
1B18 : 32;
1B19 : -23;
1B1A : 4;
1B1B : -9;
1B1C : 7;
1B1D : -30;
1B1E : 28;
1B1F : -1;
1B20 : -7;
1B21 : -16;
1B22 : 9;
1B23 : 24;
1B24 : 7;
1B25 : 19;
1B26 : -12;
1B27 : -16;
1B28 : 8;
1B29 : -4;
1B2A : -16;
1B2B : -15;
1B2C : -39;
1B2D : 27;
1B2E : 26;
1B2F : -3;
1B30 : 14;
1B31 : -48;
1B32 : 11;
1B33 : -28;
1B34 : -1;
1B35 : -32;
1B36 : -10;
1B37 : -3;
1B38 : -28;
1B39 : -11;
1B3A : 8;
1B3B : 3;
1B3C : -40;
1B3D : 21;
1B3E : 29;
1B3F : -9;
1B40 : 36;
1B41 : -28;
1B42 : 1;
1B43 : 13;
1B44 : 7;
1B45 : -16;
1B46 : -2;
1B47 : -3;
1B48 : 26;
1B49 : 1;
1B4A : 31;
1B4B : 18;
1B4C : -13;
1B4D : -32;
1B4E : 36;
1B4F : -2;
1B50 : -7;
1B51 : 0;
1B52 : -10;
1B53 : -10;
1B54 : 9;
1B55 : 19;
1B56 : 14;
1B57 : 16;
1B58 : 20;
1B59 : 3;
1B5A : 24;
1B5B : 3;
1B5C : -19;
1B5D : -30;
1B5E : 19;
1B5F : -7;
1B60 : 9;
1B61 : 2;
1B62 : 23;
1B63 : 9;
1B64 : 17;
1B65 : 18;
1B66 : 16;
1B67 : 11;
1B68 : 8;
1B69 : 5;
1B6A : -16;
1B6B : 32;
1B6C : -28;
1B6D : -4;
1B6E : 2;
1B6F : -8;
1B70 : -7;
1B71 : 0;
1B72 : -2;
1B73 : -20;
1B74 : 32;
1B75 : 13;
1B76 : -19;
1B77 : -28;
1B78 : -32;
1B79 : 2;
1B7A : -2;
1B7B : -27;
1B7C : 0;
1B7D : 11;
1B7E : 13;
1B7F : -15;
1B80 : -21;
1B81 : 5;
1B82 : 6;
1B83 : -2;
1B84 : -2;
1B85 : -2;
1B86 : -24;
1B87 : 28;
1B88 : 16;
1B89 : 3;
1B8A : -15;
1B8B : 30;
1B8C : 12;
1B8D : -11;
1B8E : -5;
1B8F : -16;
1B90 : 1;
1B91 : 14;
1B92 : -10;
1B93 : 18;
1B94 : -14;
1B95 : 20;
1B96 : -13;
1B97 : 27;
1B98 : 14;
1B99 : 13;
1B9A : -14;
1B9B : 12;
1B9C : -11;
1B9D : -27;
1B9E : -7;
1B9F : -8;
1BA0 : -21;
1BA1 : 13;
1BA2 : 13;
1BA3 : -15;
1BA4 : 16;
1BA5 : 21;
1BA6 : 25;
1BA7 : 28;
1BA8 : 5;
1BA9 : -25;
1BAA : 16;
1BAB : -4;
1BAC : 8;
1BAD : 23;
1BAE : 5;
1BAF : -3;
1BB0 : 11;
1BB1 : 14;
1BB2 : -25;
1BB3 : 13;
1BB4 : -19;
1BB5 : 2;
1BB6 : 33;
1BB7 : 25;
1BB8 : 0;
1BB9 : -1;
1BBA : 1;
1BBB : -3;
1BBC : 34;
1BBD : 1;
1BBE : -12;
1BBF : -37;
1BC0 : -5;
1BC1 : -5;
1BC2 : -29;
1BC3 : 1;
1BC4 : 11;
1BC5 : -8;
1BC6 : 25;
1BC7 : 18;
1BC8 : -6;
1BC9 : 31;
1BCA : 29;
1BCB : 0;
1BCC : -10;
1BCD : -14;
1BCE : 7;
1BCF : 21;
1BD0 : -1;
1BD1 : -17;
1BD2 : 31;
1BD3 : 0;
1BD4 : 15;
1BD5 : -14;
1BD6 : -9;
1BD7 : 38;
1BD8 : 7;
1BD9 : -7;
1BDA : 9;
1BDB : 5;
1BDC : 27;
1BDD : -10;
1BDE : 20;
1BDF : -29;
1BE0 : 15;
1BE1 : 6;
1BE2 : 33;
1BE3 : 12;
1BE4 : 10;
1BE5 : -12;
1BE6 : 8;
1BE7 : 21;
1BE8 : 16;
1BE9 : 25;
1BEA : 21;
1BEB : 20;
1BEC : 3;
1BED : 17;
1BEE : 13;
1BEF : -19;
1BF0 : 18;
1BF1 : 9;
1BF2 : 20;
1BF3 : 1;
1BF4 : -3;
1BF5 : -34;
1BF6 : -11;
1BF7 : -14;
1BF8 : 2;
1BF9 : 50;
1BFA : 26;
1BFB : 22;
1BFC : 24;
1BFD : 22;
1BFE : -14;
1BFF : 17;
1C00 : -5;
1C01 : 8;
1C02 : 37;
1C03 : -9;
1C04 : 13;
1C05 : 36;
1C06 : 55;
1C07 : -10;
1C08 : -16;
1C09 : 22;
1C0A : 48;
1C0B : -20;
1C0C : 4;
1C0D : 51;
1C0E : 23;
1C0F : 60;
1C10 : 1;
1C11 : -12;
1C12 : -7;
1C13 : -30;
1C14 : -1;
1C15 : 29;
1C16 : 33;
1C17 : -25;
1C18 : -43;
1C19 : -11;
1C1A : -3;
1C1B : 10;
1C1C : 10;
1C1D : 31;
1C1E : -20;
1C1F : 10;
1C20 : -25;
1C21 : 14;
1C22 : 12;
1C23 : 7;
1C24 : 20;
1C25 : -12;
1C26 : -8;
1C27 : -15;
1C28 : 8;
1C29 : 16;
1C2A : -9;
1C2B : 4;
1C2C : 19;
1C2D : -21;
1C2E : -10;
1C2F : 8;
1C30 : -23;
1C31 : 5;
1C32 : 18;
1C33 : 11;
1C34 : -2;
1C35 : -23;
1C36 : -12;
1C37 : -7;
1C38 : 6;
1C39 : -5;
1C3A : -27;
1C3B : 4;
1C3C : 27;
1C3D : 3;
1C3E : -26;
1C3F : -27;
1C40 : 6;
1C41 : 27;
1C42 : -41;
1C43 : -7;
1C44 : -12;
1C45 : 40;
1C46 : 15;
1C47 : -9;
1C48 : 4;
1C49 : -2;
1C4A : 26;
1C4B : -7;
1C4C : 27;
1C4D : 2;
1C4E : -7;
1C4F : 25;
1C50 : 5;
1C51 : -11;
1C52 : -18;
1C53 : -9;
1C54 : 8;
1C55 : -15;
1C56 : -4;
1C57 : -2;
1C58 : -26;
1C59 : 39;
1C5A : -20;
1C5B : 19;
1C5C : -8;
1C5D : 17;
1C5E : 14;
1C5F : 11;
1C60 : 2;
1C61 : -4;
1C62 : 0;
1C63 : 21;
1C64 : -3;
1C65 : -8;
1C66 : 4;
1C67 : 22;
1C68 : -10;
1C69 : 6;
1C6A : 6;
1C6B : 18;
1C6C : -12;
1C6D : -4;
1C6E : 27;
1C6F : 20;
1C70 : 7;
1C71 : -6;
1C72 : -1;
1C73 : -16;
1C74 : 2;
1C75 : -15;
1C76 : 27;
1C77 : 25;
1C78 : -17;
1C79 : 12;
1C7A : -10;
1C7B : 58;
1C7C : 14;
1C7D : 22;
1C7E : 4;
1C7F : -6;
1C80 : -19;
1C81 : 27;
1C82 : 5;
1C83 : 13;
1C84 : -10;
1C85 : -9;
1C86 : 6;
1C87 : -27;
1C88 : -24;
1C89 : -13;
1C8A : -1;
1C8B : -12;
1C8C : -24;
1C8D : -8;
1C8E : 12;
1C8F : 13;
1C90 : 1;
1C91 : -28;
1C92 : 0;
1C93 : -17;
1C94 : 22;
1C95 : -26;
1C96 : 23;
1C97 : -8;
1C98 : 14;
1C99 : 28;
1C9A : 9;
1C9B : 26;
1C9C : -18;
1C9D : 15;
1C9E : 10;
1C9F : -29;
1CA0 : 10;
1CA1 : -17;
1CA2 : -30;
1CA3 : 23;
1CA4 : -19;
1CA5 : 3;
1CA6 : 16;
1CA7 : 21;
1CA8 : 44;
1CA9 : 43;
1CAA : 14;
1CAB : 17;
1CAC : 22;
1CAD : -22;
1CAE : 20;
1CAF : 8;
1CB0 : 11;
1CB1 : 5;
1CB2 : 31;
1CB3 : 17;
1CB4 : -8;
1CB5 : 16;
1CB6 : 18;
1CB7 : 11;
1CB8 : -10;
1CB9 : 12;
1CBA : -5;
1CBB : 21;
1CBC : -4;
1CBD : 2;
1CBE : 23;
1CBF : -5;
1CC0 : 11;
1CC1 : -22;
1CC2 : 39;
1CC3 : -25;
1CC4 : 2;
1CC5 : -10;
1CC6 : -35;
1CC7 : -10;
1CC8 : 12;
1CC9 : -16;
1CCA : -1;
1CCB : -42;
1CCC : 17;
1CCD : -18;
1CCE : -26;
1CCF : -5;
1CD0 : 17;
1CD1 : 17;
1CD2 : 20;
1CD3 : 4;
1CD4 : -9;
1CD5 : 21;
1CD6 : -7;
1CD7 : 8;
1CD8 : 11;
1CD9 : 2;
1CDA : 43;
1CDB : 19;
1CDC : 3;
1CDD : 17;
1CDE : 16;
1CDF : 14;
1CE0 : -5;
1CE1 : 25;
1CE2 : 6;
1CE3 : -1;
1CE4 : -5;
1CE5 : -19;
1CE6 : -22;
1CE7 : 29;
1CE8 : 41;
1CE9 : -11;
1CEA : 18;
1CEB : 2;
1CEC : 9;
1CED : 3;
1CEE : 8;
1CEF : -17;
1CF0 : 7;
1CF1 : 21;
1CF2 : 4;
1CF3 : -6;
1CF4 : -9;
1CF5 : 29;
1CF6 : 10;
1CF7 : 23;
1CF8 : -2;
1CF9 : -1;
1CFA : -23;
1CFB : -24;
1CFC : -12;
1CFD : -14;
1CFE : 14;
1CFF : -8;
1D00 : 16;
1D01 : -9;
1D02 : -23;
1D03 : -12;
1D04 : 2;
1D05 : -14;
1D06 : 17;
1D07 : 2;
1D08 : 30;
1D09 : 4;
1D0A : -9;
1D0B : 7;
1D0C : -13;
1D0D : 31;
1D0E : -6;
1D0F : 7;
1D10 : 31;
1D11 : 35;
1D12 : 19;
1D13 : -22;
1D14 : -20;
1D15 : 11;
1D16 : -24;
1D17 : 13;
1D18 : -9;
1D19 : -24;
1D1A : -23;
1D1B : -6;
1D1C : 25;
1D1D : -7;
1D1E : 24;
1D1F : 9;
1D20 : 27;
1D21 : 41;
1D22 : 13;
1D23 : 16;
1D24 : 23;
1D25 : 33;
1D26 : -22;
1D27 : -6;
1D28 : -3;
1D29 : -25;
1D2A : 5;
1D2B : 15;
1D2C : 24;
1D2D : -28;
1D2E : 11;
1D2F : 4;
1D30 : 3;
1D31 : 63;
1D32 : -23;
1D33 : 21;
1D34 : -8;
1D35 : 19;
1D36 : -10;
1D37 : -14;
1D38 : 11;
1D39 : -2;
1D3A : -22;
1D3B : 10;
1D3C : 30;
1D3D : -8;
1D3E : -3;
1D3F : 22;
1D40 : 5;
1D41 : -24;
1D42 : -14;
1D43 : -10;
1D44 : 1;
1D45 : -10;
1D46 : -38;
1D47 : -24;
1D48 : 67;
1D49 : -14;
1D4A : 5;
1D4B : 28;
1D4C : 11;
1D4D : -43;
1D4E : 27;
1D4F : 12;
1D50 : -35;
1D51 : -6;
1D52 : 4;
1D53 : 15;
1D54 : -30;
1D55 : 29;
1D56 : -23;
1D57 : -28;
1D58 : 52;
1D59 : -40;
1D5A : 14;
1D5B : 3;
1D5C : 16;
1D5D : -61;
1D5E : -18;
1D5F : -25;
1D60 : -35;
1D61 : 12;
1D62 : -27;
1D63 : -5;
1D64 : 11;
1D65 : 15;
1D66 : -44;
1D67 : -10;
1D68 : 9;
1D69 : 25;
1D6A : -13;
1D6B : -23;
1D6C : -10;
1D6D : -30;
1D6E : -32;
1D6F : 21;
1D70 : -4;
1D71 : 16;
1D72 : -6;
1D73 : 0;
1D74 : 25;
1D75 : -14;
1D76 : -9;
1D77 : -3;
1D78 : 0;
1D79 : 0;
1D7A : 30;
1D7B : 1;
1D7C : -18;
1D7D : -19;
1D7E : 20;
1D7F : -6;
1D80 : 15;
1D81 : -12;
1D82 : 3;
1D83 : -21;
1D84 : -34;
1D85 : 13;
1D86 : -1;
1D87 : 26;
1D88 : 55;
1D89 : -35;
1D8A : -42;
1D8B : 31;
1D8C : -14;
1D8D : -23;
1D8E : -12;
1D8F : -30;
1D90 : 3;
1D91 : 36;
1D92 : 6;
1D93 : -25;
1D94 : -30;
1D95 : 8;
1D96 : 4;
1D97 : 18;
1D98 : -22;
1D99 : 38;
1D9A : 8;
1D9B : 7;
1D9C : 20;
1D9D : -34;
1D9E : -7;
1D9F : 8;
1DA0 : 2;
1DA1 : 9;
1DA2 : -22;
1DA3 : -10;
1DA4 : 11;
1DA5 : -26;
1DA6 : -39;
1DA7 : -11;
1DA8 : -26;
1DA9 : 21;
1DAA : -62;
1DAB : 7;
1DAC : -6;
1DAD : 18;
1DAE : 5;
1DAF : 4;
1DB0 : 23;
1DB1 : 14;
1DB2 : -5;
1DB3 : -25;
1DB4 : -25;
1DB5 : -43;
1DB6 : -6;
1DB7 : -11;
1DB8 : 5;
1DB9 : 4;
1DBA : -28;
1DBB : 2;
1DBC : -29;
1DBD : 13;
1DBE : -7;
1DBF : 2;
1DC0 : 11;
1DC1 : 21;
1DC2 : -9;
1DC3 : 15;
1DC4 : -21;
1DC5 : 29;
1DC6 : -11;
1DC7 : -1;
1DC8 : -30;
1DC9 : 8;
1DCA : -31;
1DCB : 15;
1DCC : -16;
1DCD : 18;
1DCE : 12;
1DCF : -15;
1DD0 : 10;
1DD1 : 28;
1DD2 : -22;
1DD3 : 20;
1DD4 : 24;
1DD5 : 16;
1DD6 : 11;
1DD7 : 8;
1DD8 : 42;
1DD9 : -23;
1DDA : -29;
1DDB : 8;
1DDC : -3;
1DDD : 18;
1DDE : 13;
1DDF : 31;
1DE0 : 25;
1DE1 : 3;
1DE2 : -12;
1DE3 : 10;
1DE4 : -11;
1DE5 : -5;
1DE6 : -34;
1DE7 : -19;
1DE8 : -2;
1DE9 : -23;
1DEA : -6;
1DEB : 19;
1DEC : -14;
1DED : 29;
1DEE : -25;
1DEF : 7;
1DF0 : 29;
1DF1 : 0;
1DF2 : -31;
1DF3 : 16;
1DF4 : -46;
1DF5 : -98;
1DF6 : -45;
1DF7 : -27;
1DF8 : -4;
1DF9 : -35;
1DFA : -53;
1DFB : 1;
1DFC : -41;
1DFD : 7;
1DFE : -13;
1DFF : -21;
1E00 : 14;
1E01 : 6;
1E02 : -1;
1E03 : -21;
1E04 : -23;
1E05 : -8;
1E06 : -6;
1E07 : 3;
1E08 : -17;
1E09 : 7;
1E0A : -15;
1E0B : 14;
1E0C : -8;
1E0D : -28;
1E0E : -27;
1E0F : 12;
1E10 : -23;
1E11 : -16;
1E12 : -5;
1E13 : 9;
1E14 : 6;
1E15 : -15;
1E16 : -15;
1E17 : -24;
1E18 : -18;
1E19 : 6;
1E1A : 12;
1E1B : 5;
1E1C : 1;
1E1D : 22;
1E1E : 13;
1E1F : -13;
1E20 : 2;
1E21 : -33;
1E22 : -11;
1E23 : 7;
1E24 : -19;
1E25 : 1;
1E26 : -12;
1E27 : -29;
1E28 : -5;
1E29 : 17;
1E2A : 14;
1E2B : -8;
1E2C : 2;
1E2D : 12;
1E2E : -15;
1E2F : -14;
1E30 : -11;
1E31 : -9;
1E32 : 2;
1E33 : 16;
1E34 : -8;
1E35 : -20;
1E36 : -1;
1E37 : -12;
1E38 : 4;
1E39 : -14;
1E3A : 14;
1E3B : -20;
1E3C : -9;
1E3D : -18;
1E3E : 4;
1E3F : -15;
1E40 : 2;
1E41 : -24;
1E42 : -7;
1E43 : -21;
1E44 : -32;
1E45 : -7;
1E46 : -28;
1E47 : -17;
1E48 : -9;
1E49 : -19;
1E4A : 10;
1E4B : -25;
1E4C : 12;
1E4D : 9;
1E4E : -9;
1E4F : -2;
1E50 : -14;
1E51 : -25;
1E52 : -26;
1E53 : -25;
1E54 : -28;
1E55 : 8;
1E56 : -12;
1E57 : 4;
1E58 : 2;
1E59 : 0;
1E5A : -8;
1E5B : 3;
1E5C : 1;
1E5D : 4;
1E5E : 5;
1E5F : 3;
1E60 : -26;
1E61 : 9;
1E62 : 11;
1E63 : 11;
1E64 : -26;
1E65 : -17;
1E66 : 2;
1E67 : -18;
1E68 : 8;
1E69 : -16;
1E6A : 12;
1E6B : -22;
1E6C : -26;
1E6D : -7;
1E6E : -22;
1E6F : 11;
1E70 : 11;
1E71 : -20;
1E72 : 15;
1E73 : -4;
1E74 : 8;
1E75 : -12;
1E76 : -7;
1E77 : -5;
1E78 : -12;
1E79 : -14;
1E7A : 14;
1E7B : -5;
1E7C : 2;
1E7D : -15;
1E7E : -21;
1E7F : -20;
1E80 : -17;
1E81 : 0;
1E82 : 0;
1E83 : 6;
1E84 : -3;
1E85 : -2;
1E86 : -15;
1E87 : -19;
1E88 : 1;
1E89 : 9;
1E8A : 16;
1E8B : 15;
1E8C : 0;
1E8D : 6;
1E8E : 10;
1E8F : -11;
1E90 : -14;
1E91 : -28;
1E92 : 0;
1E93 : -4;
1E94 : -15;
1E95 : -31;
1E96 : 5;
1E97 : 4;
1E98 : -22;
1E99 : -29;
1E9A : -29;
1E9B : -23;
1E9C : 3;
1E9D : -30;
1E9E : -23;
1E9F : -9;
1EA0 : 4;
1EA1 : -17;
1EA2 : 6;
1EA3 : -12;
1EA4 : 14;
1EA5 : -29;
1EA6 : -11;
1EA7 : -5;
1EA8 : -4;
1EA9 : -11;
1EAA : 29;
1EAB : -16;
1EAC : -2;
1EAD : -8;
1EAE : -25;
1EAF : -2;
1EB0 : -6;
1EB1 : -21;
1EB2 : -2;
1EB3 : -9;
1EB4 : -1;
1EB5 : -6;
1EB6 : -3;
1EB7 : 4;
1EB8 : -35;
1EB9 : 14;
1EBA : -5;
1EBB : 18;
1EBC : 20;
1EBD : 22;
1EBE : -14;
1EBF : 10;
1EC0 : 6;
1EC1 : 9;
1EC2 : -2;
1EC3 : -17;
1EC4 : -7;
1EC5 : 5;
1EC6 : 10;
1EC7 : 1;
1EC8 : 13;
1EC9 : -1;
1ECA : -21;
1ECB : -5;
1ECC : 4;
1ECD : -2;
1ECE : -25;
1ECF : 5;
1ED0 : 1;
1ED1 : -5;
1ED2 : -14;
1ED3 : 10;
1ED4 : 12;
1ED5 : -2;
1ED6 : -17;
1ED7 : -31;
1ED8 : 19;
1ED9 : -28;
1EDA : 13;
1EDB : -17;
1EDC : 18;
1EDD : -3;
1EDE : -12;
1EDF : -28;
1EE0 : 1;
1EE1 : -7;
1EE2 : 4;
1EE3 : 15;
1EE4 : -15;
1EE5 : 12;
1EE6 : 6;
1EE7 : 0;
1EE8 : 25;
1EE9 : 3;
1EEA : -18;
1EEB : -10;
1EEC : 4;
1EED : -23;
1EEE : 17;
1EEF : -15;
1EF0 : -3;
1EF1 : -28;
1EF2 : -11;
1EF3 : -1;
1EF4 : 16;
1EF5 : 1;
1EF6 : -3;
1EF7 : 12;
1EF8 : -7;
1EF9 : -10;
1EFA : 7;
1EFB : 11;
1EFC : -12;
1EFD : -22;
1EFE : 4;
1EFF : -1;
1F00 : -10;
1F01 : -33;
1F02 : 18;
1F03 : -20;
1F04 : -33;
1F05 : 15;
1F06 : 14;
1F07 : -13;
1F08 : 28;
1F09 : -13;
1F0A : 4;
1F0B : 2;
1F0C : -3;
1F0D : 4;
1F0E : 38;
1F0F : -37;
1F10 : -12;
1F11 : -32;
1F12 : 22;
1F13 : -21;
1F14 : 22;
1F15 : 22;
1F16 : 40;
1F17 : -16;
1F18 : 42;
1F19 : 9;
1F1A : 0;
1F1B : -15;
1F1C : 11;
1F1D : -21;
1F1E : 1;
1F1F : 25;
1F20 : -22;
1F21 : -42;
1F22 : 17;
1F23 : 25;
1F24 : 0;
1F25 : 17;
1F26 : 30;
1F27 : 12;
1F28 : -1;
1F29 : 16;
1F2A : 5;
1F2B : -6;
1F2C : -19;
1F2D : 34;
1F2E : 3;
1F2F : -3;
1F30 : -30;
1F31 : -23;
1F32 : -7;
1F33 : 1;
1F34 : 10;
1F35 : 1;
1F36 : 18;
1F37 : 22;
1F38 : -48;
1F39 : 18;
1F3A : 18;
1F3B : -15;
1F3C : -10;
1F3D : 33;
1F3E : -18;
1F3F : 42;
1F40 : 29;
1F41 : -2;
1F42 : -1;
1F43 : -6;
1F44 : 6;
1F45 : 13;
1F46 : -32;
1F47 : 1;
1F48 : -17;
1F49 : -1;
1F4A : 11;
1F4B : -7;
1F4C : -21;
1F4D : -41;
1F4E : 2;
1F4F : -16;
1F50 : 10;
1F51 : -15;
1F52 : -1;
1F53 : -15;
1F54 : -22;
1F55 : 25;
1F56 : 35;
1F57 : 3;
1F58 : 17;
1F59 : -6;
1F5A : -4;
1F5B : -21;
1F5C : -7;
1F5D : -2;
1F5E : -3;
1F5F : 14;
1F60 : -17;
1F61 : -8;
1F62 : 11;
1F63 : -5;
1F64 : 16;
1F65 : 5;
1F66 : 9;
1F67 : -23;
1F68 : -24;
1F69 : 22;
1F6A : -1;
1F6B : -18;
1F6C : 21;
1F6D : -12;
1F6E : -7;
1F6F : 13;
1F70 : 14;
1F71 : 5;
1F72 : -2;
1F73 : 13;
1F74 : 26;
1F75 : -13;
1F76 : 12;
1F77 : -5;
1F78 : -51;
1F79 : 12;
1F7A : -15;
1F7B : 7;
1F7C : 8;
1F7D : 1;
1F7E : -2;
1F7F : 10;
1F80 : -11;
1F81 : 6;
1F82 : -17;
1F83 : 15;
1F84 : -31;
1F85 : 20;
1F86 : -35;
1F87 : -15;
1F88 : 6;
1F89 : -16;
1F8A : 6;
1F8B : 11;
1F8C : 28;
1F8D : -5;
1F8E : 6;
1F8F : -24;
1F90 : -2;
1F91 : 17;
1F92 : -11;
1F93 : -16;
1F94 : -14;
1F95 : 3;
1F96 : -13;
1F97 : 27;
1F98 : 5;
1F99 : 16;
1F9A : 19;
1F9B : 9;
1F9C : -2;
1F9D : -11;
1F9E : 25;
1F9F : 33;
1FA0 : -9;
1FA1 : -21;
1FA2 : 4;
1FA3 : -14;
1FA4 : -29;
1FA5 : -6;
1FA6 : 26;
1FA7 : 19;
1FA8 : 5;
1FA9 : 5;
1FAA : 0;
1FAB : 3;
1FAC : -8;
1FAD : 18;
1FAE : 2;
1FAF : -26;
1FB0 : 19;
1FB1 : -18;
1FB2 : 15;
1FB3 : 8;
1FB4 : -1;
1FB5 : 7;
1FB6 : 15;
1FB7 : 10;
1FB8 : -20;
1FB9 : -13;
1FBA : 20;
1FBB : 20;
1FBC : 25;
1FBD : -4;
1FBE : -9;
1FBF : 6;
1FC0 : -13;
1FC1 : -5;
1FC2 : -8;
1FC3 : 23;
1FC4 : 34;
1FC5 : -24;
1FC6 : 23;
1FC7 : 20;
1FC8 : -3;
1FC9 : 12;
1FCA : -6;
1FCB : -1;
1FCC : -8;
1FCD : -18;
1FCE : 6;
1FCF : -13;
1FD0 : 17;
1FD1 : -28;
1FD2 : 16;
1FD3 : 9;
1FD4 : -6;
1FD5 : 13;
1FD6 : 16;
1FD7 : 25;
1FD8 : 0;
1FD9 : 5;
1FDA : 28;
1FDB : -15;
1FDC : -7;
1FDD : 10;
1FDE : -8;
1FDF : 3;
1FE0 : 19;
1FE1 : 13;
1FE2 : -12;
1FE3 : -28;
1FE4 : -2;
1FE5 : 5;
1FE6 : 0;
1FE7 : -6;
1FE8 : 20;
1FE9 : 20;
1FEA : 2;
1FEB : 1;
1FEC : -6;
1FED : -2;
1FEE : 5;
1FEF : -18;
1FF0 : 25;
1FF1 : 18;
1FF2 : -4;
1FF3 : 12;
1FF4 : 10;
1FF5 : 8;
1FF6 : -4;
1FF7 : 12;
1FF8 : 26;
1FF9 : 24;
1FFA : 19;
1FFB : 45;
1FFC : 2;
1FFD : 16;
1FFE : -5;
1FFF : 1;
2000 : 32;
2001 : -36;
2002 : -9;
2003 : -17;
2004 : -16;
2005 : 5;
2006 : 46;
2007 : 28;
2008 : 50;
2009 : -7;
200A : 22;
200B : 6;
200C : 18;
200D : 34;
200E : -16;
200F : -8;
2010 : 20;
2011 : -17;
2012 : -40;
2013 : -15;
2014 : 24;
2015 : -12;
2016 : -16;
2017 : -7;
2018 : 18;
2019 : -11;
201A : 32;
201B : 14;
201C : -19;
201D : 9;
201E : 17;
201F : 25;
2020 : 7;
2021 : -11;
2022 : -26;
2023 : -5;
2024 : -5;
2025 : 24;
2026 : -46;
2027 : -22;
2028 : 3;
2029 : 13;
202A : 40;
202B : -3;
202C : -11;
202D : 20;
202E : -18;
202F : 46;
2030 : -6;
2031 : 29;
2032 : 10;
2033 : -12;
2034 : -12;
2035 : -12;
2036 : -47;
2037 : -1;
2038 : 20;
2039 : 9;
203A : -5;
203B : -13;
203C : 23;
203D : -8;
203E : 13;
203F : 34;
2040 : 29;
2041 : -27;
2042 : -28;
2043 : -14;
2044 : -11;
2045 : 10;
2046 : -2;
2047 : -35;
2048 : 36;
2049 : -20;
204A : -1;
204B : 9;
204C : 14;
204D : 14;
204E : 34;
204F : 4;
2050 : 19;
2051 : 2;
2052 : 0;
2053 : 5;
2054 : -6;
2055 : -26;
2056 : 36;
2057 : -21;
2058 : 38;
2059 : 16;
205A : -21;
205B : 16;
205C : -13;
205D : 3;
205E : 26;
205F : 30;
2060 : 8;
2061 : -19;
2062 : -31;
2063 : 19;
2064 : 18;
2065 : -28;
2066 : -7;
2067 : 24;
2068 : -5;
2069 : 12;
206A : 18;
206B : 6;
206C : 29;
206D : 6;
206E : -21;
206F : 22;
2070 : 17;
2071 : 49;
2072 : -25;
2073 : 0;
2074 : -18;
2075 : -9;
2076 : -23;
2077 : -10;
2078 : -10;
2079 : -8;
207A : -24;
207B : 21;
207C : -24;
207D : -12;
207E : 25;
207F : 23;
2080 : -14;
2081 : -2;
2082 : -29;
2083 : -33;
2084 : 9;
2085 : 25;
2086 : 5;
2087 : 12;
2088 : 53;
2089 : 5;
208A : 9;
208B : 15;
208C : 20;
208D : -41;
208E : 12;
208F : -25;
2090 : 21;
2091 : 10;
2092 : -22;
2093 : -4;
2094 : 25;
2095 : -10;
2096 : 7;
2097 : 17;
2098 : -35;
2099 : 7;
209A : 0;
209B : -22;
209C : 17;
209D : 25;
209E : 7;
209F : 11;
20A0 : 21;
20A1 : -16;
20A2 : 14;
20A3 : 10;
20A4 : -1;
20A5 : 21;
20A6 : 39;
20A7 : 33;
20A8 : -15;
20A9 : 0;
20AA : 12;
20AB : 13;
20AC : -10;
20AD : 28;
20AE : -7;
20AF : -7;
20B0 : 10;
20B1 : -38;
20B2 : -9;
20B3 : -7;
20B4 : 5;
20B5 : -15;
20B6 : 46;
20B7 : -2;
20B8 : 32;
20B9 : -1;
20BA : 2;
20BB : -5;
20BC : -6;
20BD : -21;
20BE : 7;
20BF : -20;
20C0 : 22;
20C1 : 6;
20C2 : -19;
20C3 : -12;
20C4 : -19;
20C5 : -7;
20C6 : -4;
20C7 : 1;
20C8 : 8;
20C9 : 3;
20CA : 21;
20CB : 41;
20CC : 13;
20CD : -5;
20CE : 15;
20CF : -19;
20D0 : -9;
20D1 : -27;
20D2 : 33;
20D3 : -14;
20D4 : 0;
20D5 : 22;
20D6 : -4;
20D7 : -12;
20D8 : -4;
20D9 : -4;
20DA : 4;
20DB : 20;
20DC : 26;
20DD : 17;
20DE : -6;
20DF : 10;
20E0 : 17;
20E1 : -29;
20E2 : 4;
20E3 : 10;
20E4 : -15;
20E5 : 17;
20E6 : 20;
20E7 : 11;
20E8 : -21;
20E9 : -3;
20EA : 8;
20EB : -25;
20EC : -4;
20ED : -17;
20EE : 7;
20EF : 1;
20F0 : 5;
20F1 : 14;
20F2 : 1;
20F3 : -7;
20F4 : 13;
20F5 : 32;
20F6 : 5;
20F7 : 2;
20F8 : 27;
20F9 : -13;
20FA : 1;
20FB : -16;
20FC : -13;
20FD : 8;
20FE : 10;
20FF : 34;
2100 : -3;
2101 : 24;
2102 : 8;
2103 : -13;
2104 : -5;
2105 : -4;
2106 : -46;
2107 : 17;
2108 : -2;
2109 : -19;
210A : 15;
210B : -10;
210C : 29;
210D : -38;
210E : -19;
210F : 21;
2110 : -10;
2111 : 45;
2112 : 15;
2113 : 0;
2114 : -15;
2115 : -1;
2116 : -18;
2117 : 19;
2118 : -7;
2119 : -3;
211A : 2;
211B : -10;
211C : -11;
211D : 8;
211E : -16;
211F : 12;
2120 : 18;
2121 : 29;
2122 : -1;
2123 : 18;
2124 : -20;
2125 : -40;
2126 : 10;
2127 : -7;
2128 : 0;
2129 : -7;
212A : -1;
212B : 22;
212C : -14;
212D : 2;
212E : 13;
212F : 1;
2130 : 13;
2131 : 17;
2132 : 6;
2133 : 5;
2134 : 24;
2135 : 3;
2136 : -2;
2137 : 12;
2138 : -34;
2139 : -18;
213A : 11;
213B : 11;
213C : 20;
213D : 22;
213E : -10;
213F : 3;
2140 : -10;
2141 : 24;
2142 : 19;
2143 : -9;
2144 : 17;
2145 : 9;
2146 : -21;
2147 : 37;
2148 : 35;
2149 : 0;
214A : -7;
214B : -17;
214C : 0;
214D : -31;
214E : 10;
214F : 17;
2150 : 9;
2151 : 6;
2152 : -3;
2153 : 7;
2154 : -10;
2155 : -8;
2156 : 3;
2157 : -3;
2158 : 12;
2159 : 5;
215A : -24;
215B : 16;
215C : -25;
215D : 33;
215E : 19;
215F : 16;
2160 : -5;
2161 : 9;
2162 : -7;
2163 : 15;
2164 : -10;
2165 : 3;
2166 : -15;
2167 : -5;
2168 : 26;
2169 : 3;
216A : -36;
216B : 0;
216C : -24;
216D : 4;
216E : -21;
216F : -24;
2170 : 14;
2171 : -13;
2172 : -17;
2173 : -15;
2174 : 38;
2175 : 22;
2176 : 1;
2177 : 9;
2178 : 9;
2179 : -43;
217A : 23;
217B : -40;
217C : -12;
217D : -2;
217E : -9;
217F : -15;
2180 : -8;
2181 : 7;
2182 : 9;
2183 : 34;
2184 : 20;
2185 : 23;
2186 : -14;
2187 : 31;
2188 : 35;
2189 : -15;
218A : -22;
218B : -12;
218C : -13;
218D : -30;
218E : 3;
218F : 9;
2190 : -23;
2191 : -5;
2192 : 30;
2193 : -18;
2194 : 7;
2195 : 13;
2196 : -21;
2197 : 13;
2198 : 19;
2199 : -6;
219A : -11;
219B : -6;
219C : -14;
219D : -30;
219E : -9;
219F : -10;
21A0 : -42;
21A1 : 5;
21A2 : 28;
21A3 : -5;
21A4 : 25;
21A5 : -2;
21A6 : -8;
21A7 : -16;
21A8 : -13;
21A9 : 24;
21AA : -12;
21AB : -3;
21AC : -7;
21AD : -17;
21AE : -20;
21AF : 3;
21B0 : -46;
21B1 : 11;
21B2 : 29;
21B3 : -2;
21B4 : 15;
21B5 : 6;
21B6 : -34;
21B7 : 12;
21B8 : 14;
21B9 : 24;
21BA : -33;
21BB : -4;
21BC : 12;
21BD : -3;
21BE : -11;
21BF : 10;
21C0 : 0;
21C1 : 12;
21C2 : -4;
21C3 : 34;
21C4 : -2;
21C5 : 8;
21C6 : 18;
21C7 : 11;
21C8 : -24;
21C9 : 26;
21CA : 17;
21CB : -1;
21CC : 24;
21CD : 28;
21CE : 6;
21CF : 10;
21D0 : -27;
21D1 : 4;
21D2 : 13;
21D3 : 7;
21D4 : -10;
21D5 : 7;
21D6 : 5;
21D7 : 15;
21D8 : -28;
21D9 : 9;
21DA : 13;
21DB : 10;
21DC : -12;
21DD : 17;
21DE : 6;
21DF : 19;
21E0 : 15;
21E1 : -20;
21E2 : -14;
21E3 : 29;
21E4 : 8;
21E5 : -10;
21E6 : -1;
21E7 : 17;
21E8 : -35;
21E9 : 35;
21EA : -12;
21EB : 11;
21EC : 24;
21ED : 30;
21EE : 7;
21EF : -17;
21F0 : 39;
21F1 : -18;
21F2 : -2;
21F3 : -10;
21F4 : 4;
21F5 : -20;
21F6 : 12;
21F7 : 17;
21F8 : -17;
21F9 : 27;
21FA : 16;
21FB : 52;
21FC : 16;
21FD : -18;
21FE : 46;
21FF : 1;
2200 : 10;
2201 : 28;
2202 : -1;
2203 : 34;
2204 : 9;
2205 : -18;
2206 : -31;
2207 : 10;
2208 : -6;
2209 : 7;
220A : -32;
220B : -27;
220C : -5;
220D : -21;
220E : -30;
220F : 7;
2210 : -28;
2211 : 9;
2212 : 7;
2213 : 24;
2214 : 14;
2215 : -27;
2216 : -24;
2217 : -19;
2218 : 6;
2219 : -9;
221A : -27;
221B : 18;
221C : 8;
221D : 12;
221E : -8;
221F : -8;
2220 : 13;
2221 : 35;
2222 : 15;
2223 : 19;
2224 : 8;
2225 : -38;
2226 : -7;
2227 : -24;
2228 : -17;
2229 : 12;
222A : -31;
222B : -7;
222C : 7;
222D : 12;
222E : 23;
222F : -19;
2230 : 33;
2231 : -13;
2232 : 23;
2233 : 0;
2234 : -14;
2235 : -24;
2236 : 13;
2237 : -20;
2238 : 6;
2239 : 15;
223A : 35;
223B : 2;
223C : 14;
223D : -8;
223E : -4;
223F : -40;
2240 : 6;
2241 : -6;
2242 : 25;
2243 : 12;
2244 : 7;
2245 : -9;
2246 : 21;
2247 : 18;
2248 : -7;
2249 : -9;
224A : 5;
224B : 0;
224C : 9;
224D : 5;
224E : 27;
224F : -16;
2250 : -23;
2251 : 0;
2252 : 0;
2253 : 28;
2254 : 19;
2255 : 15;
2256 : -11;
2257 : 10;
2258 : 3;
2259 : 1;
225A : 12;
225B : 19;
225C : 2;
225D : -30;
225E : -6;
225F : 20;
2260 : -5;
2261 : 5;
2262 : -20;
2263 : 3;
2264 : 9;
2265 : 5;
2266 : 11;
2267 : 9;
2268 : 20;
2269 : -1;
226A : 32;
226B : -16;
226C : -15;
226D : -4;
226E : 22;
226F : 2;
2270 : 21;
2271 : -28;
2272 : 4;
2273 : -23;
2274 : 8;
2275 : 25;
2276 : 11;
2277 : -7;
2278 : -15;
2279 : -14;
227A : -9;
227B : 21;
227C : 6;
227D : 4;
227E : 6;
227F : 21;
2280 : 27;
2281 : 10;
2282 : 9;
2283 : 32;
2284 : 12;
2285 : 9;
2286 : -47;
2287 : 0;
2288 : -52;
2289 : -29;
228A : -6;
228B : -11;
228C : 0;
228D : 36;
228E : 15;
228F : -21;
2290 : -1;
2291 : -6;
2292 : -9;
2293 : -11;
2294 : -18;
2295 : 9;
2296 : -16;
2297 : 16;
2298 : -27;
2299 : 9;
229A : 10;
229B : -31;
229C : -13;
229D : 19;
229E : -17;
229F : 20;
22A0 : 8;
22A1 : -8;
22A2 : 11;
22A3 : 10;
22A4 : -16;
22A5 : -34;
22A6 : -6;
22A7 : -11;
22A8 : 15;
22A9 : -17;
22AA : -8;
22AB : 21;
22AC : 6;
22AD : -7;
22AE : 8;
22AF : -24;
22B0 : 7;
22B1 : 26;
22B2 : 10;
22B3 : -24;
22B4 : 15;
22B5 : -12;
22B6 : 37;
22B7 : 18;
22B8 : 3;
22B9 : -23;
22BA : 10;
22BB : -13;
22BC : 14;
22BD : -14;
22BE : 3;
22BF : -31;
22C0 : -16;
22C1 : -4;
22C2 : -53;
22C3 : 10;
22C4 : 40;
22C5 : 29;
22C6 : -19;
22C7 : -3;
22C8 : -56;
22C9 : 28;
22CA : -3;
22CB : -14;
22CC : -5;
22CD : 26;
22CE : -11;
22CF : 36;
22D0 : 3;
22D1 : -34;
22D2 : 12;
22D3 : -7;
22D4 : 39;
22D5 : -13;
22D6 : 22;
22D7 : 20;
22D8 : -49;
22D9 : -10;
22DA : -8;
22DB : -9;
22DC : 6;
22DD : -13;
22DE : 2;
22DF : 18;
22E0 : -29;
22E1 : -4;
22E2 : 18;
22E3 : 7;
22E4 : -20;
22E5 : -16;
22E6 : -11;
22E7 : 1;
22E8 : 7;
22E9 : -12;
22EA : 6;
22EB : -1;
22EC : 7;
22ED : -1;
22EE : 4;
22EF : 4;
22F0 : 13;
22F1 : -23;
22F2 : 36;
22F3 : 17;
22F4 : 0;
22F5 : -8;
22F6 : -3;
22F7 : 4;
22F8 : -6;
22F9 : 26;
22FA : -14;
22FB : 7;
22FC : 17;
22FD : -20;
22FE : -2;
22FF : -14;
2300 : -41;
2301 : -59;
2302 : -28;
2303 : -57;
2304 : -27;
2305 : -35;
2306 : 37;
2307 : -40;
2308 : 39;
2309 : -30;
230A : 23;
230B : -40;
230C : -17;
230D : -36;
230E : -37;
230F : -27;
2310 : 16;
2311 : -1;
2312 : -44;
2313 : -18;
2314 : 5;
2315 : -1;
2316 : -12;
2317 : -36;
2318 : 41;
2319 : -27;
231A : 53;
231B : -1;
231C : -20;
231D : 0;
231E : -16;
231F : -1;
2320 : 17;
2321 : -34;
2322 : 15;
2323 : -25;
2324 : -12;
2325 : 4;
2326 : -11;
2327 : 5;
2328 : 44;
2329 : 3;
232A : 26;
232B : -4;
232C : -27;
232D : 17;
232E : -18;
232F : -3;
2330 : -17;
2331 : 17;
2332 : 2;
2333 : 6;
2334 : 31;
2335 : 22;
2336 : -36;
2337 : 7;
2338 : -11;
2339 : -2;
233A : 7;
233B : -21;
233C : -19;
233D : 10;
233E : 27;
233F : -10;
2340 : -1;
2341 : -4;
2342 : -21;
2343 : -10;
2344 : -32;
2345 : -31;
2346 : 35;
2347 : 12;
2348 : 36;
2349 : -3;
234A : -32;
234B : 20;
234C : 34;
234D : -28;
234E : -10;
234F : -23;
2350 : -3;
2351 : -17;
2352 : -8;
2353 : 3;
2354 : -13;
2355 : -5;
2356 : 44;
2357 : 21;
2358 : 45;
2359 : 12;
235A : 5;
235B : 39;
235C : -1;
235D : -7;
235E : -6;
235F : -23;
2360 : -12;
2361 : -3;
2362 : 18;
2363 : 5;
2364 : -26;
2365 : 6;
2366 : 8;
2367 : -4;
2368 : 8;
2369 : -9;
236A : -2;
236B : 7;
236C : 13;
236D : -33;
236E : -20;
236F : -46;
2370 : -19;
2371 : 5;
2372 : -32;
2373 : -20;
2374 : -4;
2375 : 27;
2376 : 3;
2377 : -22;
2378 : -9;
2379 : 7;
237A : -6;
237B : -63;
237C : -5;
237D : 2;
237E : -28;
237F : 17;
2380 : 1;
2381 : 28;
2382 : -4;
2383 : 7;
2384 : -28;
2385 : -8;
2386 : 40;
2387 : 12;
2388 : 11;
2389 : 20;
238A : -3;
238B : 25;
238C : 17;
238D : -6;
238E : 14;
238F : -11;
2390 : -11;
2391 : -11;
2392 : -8;
2393 : 10;
2394 : -17;
2395 : 4;
2396 : 35;
2397 : -5;
2398 : 48;
2399 : -8;
239A : -14;
239B : 5;
239C : -11;
239D : -17;
239E : 21;
239F : -37;
23A0 : 9;
23A1 : -12;
23A2 : 18;
23A3 : 21;
23A4 : 16;
23A5 : -4;
23A6 : 48;
23A7 : -13;
23A8 : 20;
23A9 : 10;
23AA : 15;
23AB : 25;
23AC : -9;
23AD : 29;
23AE : 3;
23AF : -6;
23B0 : -11;
23B1 : -24;
23B2 : -5;
23B3 : -16;
23B4 : 1;
23B5 : -16;
23B6 : 4;
23B7 : -17;
23B8 : 5;
23B9 : -18;
23BA : -1;
23BB : 34;
23BC : -14;
23BD : 4;
23BE : -14;
23BF : -3;
23C0 : 21;
23C1 : 54;
23C2 : -25;
23C3 : -6;
23C4 : -25;
23C5 : -19;
23C6 : -24;
23C7 : 0;
23C8 : 12;
23C9 : -39;
23CA : 19;
23CB : -13;
23CC : -22;
23CD : 19;
23CE : -3;
23CF : -2;
23D0 : 29;
23D1 : 13;
23D2 : 16;
23D3 : -39;
23D4 : -19;
23D5 : 1;
23D6 : 8;
23D7 : -32;
23D8 : 12;
23D9 : -15;
23DA : -15;
23DB : 21;
23DC : -11;
23DD : -1;
23DE : 7;
23DF : -13;
23E0 : -2;
23E1 : 22;
23E2 : 9;
23E3 : 14;
23E4 : 29;
23E5 : -17;
23E6 : 26;
23E7 : -22;
23E8 : -6;
23E9 : 15;
23EA : -20;
23EB : -11;
23EC : -20;
23ED : 17;
23EE : 22;
23EF : -5;
23F0 : 5;
23F1 : -6;
23F2 : -13;
23F3 : 22;
23F4 : 9;
23F5 : -39;
23F6 : 31;
23F7 : 6;
23F8 : 13;
23F9 : 17;
23FA : 42;
23FB : -9;
23FC : 28;
23FD : 33;
23FE : -22;
23FF : 14;
2400 : 9;
2401 : -19;
2402 : 7;
2403 : -13;
2404 : 0;
2405 : 16;
2406 : 17;
2407 : 6;
2408 : 45;
2409 : -17;
240A : 20;
240B : -2;
240C : -5;
240D : 4;
240E : -18;
240F : 35;
2410 : -15;
2411 : -19;
2412 : -2;
2413 : -16;
2414 : -1;
2415 : -4;
2416 : 8;
2417 : -3;
2418 : 15;
2419 : -9;
241A : 16;
241B : -17;
241C : -18;
241D : -2;
241E : 4;
241F : 33;
2420 : 21;
2421 : 5;
2422 : -18;
2423 : 11;
2424 : -19;
2425 : 2;
2426 : 7;
2427 : -10;
2428 : 31;
2429 : 20;
242A : 5;
242B : 21;
242C : 6;
242D : 26;
242E : -9;
242F : -13;
2430 : -16;
2431 : 26;
2432 : -33;
2433 : 21;
2434 : 1;
2435 : -31;
2436 : -36;
2437 : -26;
2438 : 32;
2439 : 1;
243A : -32;
243B : 9;
243C : 36;
243D : -9;
243E : 18;
243F : -36;
2440 : 19;
2441 : 6;
2442 : -13;
2443 : -17;
2444 : 0;
2445 : -8;
2446 : -10;
2447 : -7;
2448 : 52;
2449 : 4;
244A : 20;
244B : 27;
244C : 35;
244D : 12;
244E : -7;
244F : 38;
2450 : 22;
2451 : 26;
2452 : -19;
2453 : 12;
2454 : -33;
2455 : 23;
2456 : 20;
2457 : -3;
2458 : 47;
2459 : 6;
245A : 5;
245B : 21;
245C : 2;
245D : -14;
245E : 6;
245F : 0;
2460 : -8;
2461 : 5;
2462 : 5;
2463 : -16;
2464 : -2;
2465 : -11;
2466 : 10;
2467 : -1;
2468 : 4;
2469 : 38;
246A : 39;
246B : -18;
246C : 14;
246D : -18;
246E : 25;
246F : -1;
2470 : 25;
2471 : 4;
2472 : 9;
2473 : 8;
2474 : 7;
2475 : -15;
2476 : -10;
2477 : -10;
2478 : -2;
2479 : 35;
247A : 7;
247B : 40;
247C : 11;
247D : -8;
247E : 20;
247F : -18;
2480 : 17;
2481 : 19;
2482 : 10;
2483 : -3;
2484 : 13;
2485 : 5;
2486 : -20;
2487 : -6;
2488 : 27;
2489 : 1;
248A : -24;
248B : 44;
248C : -10;
248D : -21;
248E : 31;
248F : 2;
2490 : 6;
2491 : -12;
2492 : 28;
2493 : -2;
2494 : -11;
2495 : 23;
2496 : 14;
2497 : 14;
2498 : 4;
2499 : -25;
249A : 28;
249B : 36;
249C : -7;
249D : 4;
249E : -8;
249F : 12;
24A0 : -17;
24A1 : -9;
24A2 : 2;
24A3 : 5;
24A4 : -27;
24A5 : -28;
24A6 : 15;
24A7 : -15;
24A8 : 33;
24A9 : -14;
24AA : -7;
24AB : 31;
24AC : -6;
24AD : 14;
24AE : -11;
24AF : 19;
24B0 : 20;
24B1 : 8;
24B2 : 11;
24B3 : -7;
24B4 : 2;
24B5 : 9;
24B6 : 9;
24B7 : -4;
24B8 : 51;
24B9 : -7;
24BA : -11;
24BB : 25;
24BC : 18;
24BD : -5;
24BE : 22;
24BF : -19;
24C0 : -6;
24C1 : -4;
24C2 : 31;
24C3 : 21;
24C4 : -12;
24C5 : 38;
24C6 : -24;
24C7 : 17;
24C8 : 21;
24C9 : -36;
24CA : -11;
24CB : -13;
24CC : -21;
24CD : -32;
24CE : -3;
24CF : -21;
24D0 : -17;
24D1 : 18;
24D2 : -3;
24D3 : 20;
24D4 : 10;
24D5 : 4;
24D6 : 4;
24D7 : 19;
24D8 : 1;
24D9 : 2;
24DA : -13;
24DB : -15;
24DC : -16;
24DD : -12;
24DE : 6;
24DF : 16;
24E0 : -28;
24E1 : 8;
24E2 : 12;
24E3 : -15;
24E4 : -15;
24E5 : -15;
24E6 : 0;
24E7 : 11;
24E8 : 28;
24E9 : -19;
24EA : 17;
24EB : -31;
24EC : -33;
24ED : -23;
24EE : -15;
24EF : -15;
24F0 : -5;
24F1 : -8;
24F2 : -18;
24F3 : 8;
24F4 : -10;
24F5 : -21;
24F6 : -17;
24F7 : -18;
24F8 : 24;
24F9 : -1;
24FA : -31;
24FB : -17;
24FC : -24;
24FD : -17;
24FE : 15;
24FF : 0;
2500 : -6;
2501 : -6;
2502 : 21;
2503 : -11;
2504 : 6;
2505 : 4;
2506 : -1;
2507 : 13;
2508 : -28;
2509 : -4;
250A : 5;
250B : -28;
250C : -5;
250D : -4;
250E : -23;
250F : -7;
2510 : -35;
2511 : 19;
2512 : -6;
2513 : 17;
2514 : -28;
2515 : 23;
2516 : -13;
2517 : 15;
2518 : -29;
2519 : 16;
251A : -18;
251B : -3;
251C : 24;
251D : -24;
251E : 6;
251F : -1;
2520 : -12;
2521 : 15;
2522 : -21;
2523 : -15;
2524 : 4;
2525 : -6;
2526 : -3;
2527 : -19;
2528 : 12;
2529 : -20;
252A : -16;
252B : -18;
252C : 1;
252D : 4;
252E : -11;
252F : 24;
2530 : 2;
2531 : -9;
2532 : 17;
2533 : 24;
2534 : -23;
2535 : -11;
2536 : -19;
2537 : -2;
2538 : -17;
2539 : 18;
253A : 3;
253B : 17;
253C : 18;
253D : 4;
253E : -29;
253F : -1;
2540 : 13;
2541 : 26;
2542 : 10;
2543 : 13;
2544 : 0;
2545 : 28;
2546 : -20;
2547 : 5;
2548 : 22;
2549 : 12;
254A : -15;
254B : 2;
254C : 17;
254D : 12;
254E : -29;
254F : -1;
2550 : -16;
2551 : 15;
2552 : -19;
2553 : -14;
2554 : 14;
2555 : -12;
2556 : 11;
2557 : 6;
2558 : -11;
2559 : 9;
255A : -28;
255B : -34;
255C : -23;
255D : -2;
255E : 12;
255F : -25;
2560 : 6;
2561 : -12;
2562 : 13;
2563 : 5;
2564 : 6;
2565 : -12;
2566 : 11;
2567 : -2;
2568 : 0;
2569 : 9;
256A : 7;
256B : -14;
256C : -5;
256D : 16;
256E : -2;
256F : -21;
2570 : 31;
2571 : -26;
2572 : 31;
2573 : -11;
2574 : 24;
2575 : 9;
2576 : 32;
2577 : 22;
2578 : 22;
2579 : -10;
257A : 43;
257B : 1;
257C : -17;
257D : 1;
257E : -13;
257F : -21;
2580 : -10;
2581 : -14;
2582 : 34;
2583 : 19;
2584 : 26;
2585 : 5;
2586 : 33;
2587 : 5;
2588 : -30;
2589 : 6;
258A : -26;
258B : 12;
258C : -5;
258D : 7;
258E : -15;
258F : 9;
2590 : -25;
2591 : -42;
2592 : 25;
2593 : -1;
2594 : -1;
2595 : -14;
2596 : 9;
2597 : -16;
2598 : -18;
2599 : -21;
259A : 10;
259B : -8;
259C : -8;
259D : 13;
259E : 0;
259F : 9;
25A0 : -16;
25A1 : -2;
25A2 : 24;
25A3 : -10;
25A4 : 25;
25A5 : 12;
25A6 : 18;
25A7 : 12;
25A8 : -16;
25A9 : -31;
25AA : -14;
25AB : -11;
25AC : 20;
25AD : 4;
25AE : 3;
25AF : 12;
25B0 : -29;
25B1 : 1;
25B2 : 5;
25B3 : 12;
25B4 : 20;
25B5 : -1;
25B6 : -3;
25B7 : -15;
25B8 : -10;
25B9 : -14;
25BA : -11;
25BB : -24;
25BC : 15;
25BD : -7;
25BE : -13;
25BF : 31;
25C0 : -5;
25C1 : -8;
25C2 : -14;
25C3 : -20;
25C4 : 7;
25C5 : 14;
25C6 : 25;
25C7 : 12;
25C8 : 5;
25C9 : -4;
25CA : 22;
25CB : -1;
25CC : 27;
25CD : 23;
25CE : 21;
25CF : 9;
25D0 : -14;
25D1 : 6;
25D2 : -10;
25D3 : 9;
25D4 : 22;
25D5 : 12;
25D6 : 21;
25D7 : 15;
25D8 : -19;
25D9 : 19;
25DA : 23;
25DB : -10;
25DC : -1;
25DD : -2;
25DE : 14;
25DF : 17;
25E0 : 3;
25E1 : 9;
25E2 : -11;
25E3 : -18;
25E4 : -13;
25E5 : -4;
25E6 : -26;
25E7 : -15;
25E8 : -18;
25E9 : 25;
25EA : 2;
25EB : 10;
25EC : 11;
25ED : 17;
25EE : 7;
25EF : -22;
25F0 : -2;
25F1 : -2;
25F2 : 8;
25F3 : -31;
25F4 : -12;
25F5 : -10;
25F6 : -52;
25F7 : -6;
25F8 : -2;
25F9 : -15;
25FA : -34;
25FB : -4;
25FC : -19;
25FD : -23;
25FE : -17;
25FF : 13;
2600 : -26;
2601 : -13;
2602 : -18;
2603 : -4;
2604 : -26;
2605 : -41;
2606 : -11;
2607 : -26;
2608 : -2;
2609 : -28;
260A : 7;
260B : 0;
260C : 6;
260D : 6;
260E : 3;
260F : -29;
2610 : -18;
2611 : 12;
2612 : -8;
2613 : 31;
2614 : 7;
2615 : 3;
2616 : 9;
2617 : 19;
2618 : -32;
2619 : 17;
261A : 12;
261B : 1;
261C : -17;
261D : 7;
261E : -1;
261F : -12;
2620 : 4;
2621 : 6;
2622 : 1;
2623 : -7;
2624 : -28;
2625 : -23;
2626 : 23;
2627 : 23;
2628 : 18;
2629 : -13;
262A : 23;
262B : 42;
262C : 30;
262D : 25;
262E : -5;
262F : -11;
2630 : 15;
2631 : -7;
2632 : -13;
2633 : -3;
2634 : -28;
2635 : -15;
2636 : -5;
2637 : -10;
2638 : 22;
2639 : 23;
263A : 0;
263B : 55;
263C : 3;
263D : 26;
263E : 11;
263F : -22;
2640 : -1;
2641 : -6;
2642 : 5;
2643 : 20;
2644 : 20;
2645 : 34;
2646 : -1;
2647 : 20;
2648 : -46;
2649 : -5;
264A : -32;
264B : -13;
264C : 5;
264D : 10;
264E : -40;
264F : -30;
2650 : 21;
2651 : 15;
2652 : 5;
2653 : 4;
2654 : 16;
2655 : 22;
2656 : 10;
2657 : 5;
2658 : -19;
2659 : -18;
265A : 44;
265B : -6;
265C : -11;
265D : 22;
265E : -7;
265F : 21;
2660 : -3;
2661 : 18;
2662 : 8;
2663 : 24;
2664 : -9;
2665 : 9;
2666 : 26;
2667 : 25;
2668 : 3;
2669 : -2;
266A : 49;
266B : 2;
266C : -23;
266D : -4;
266E : 30;
266F : -19;
2670 : 4;
2671 : -1;
2672 : -10;
2673 : 8;
2674 : 5;
2675 : 30;
2676 : -13;
2677 : 12;
2678 : 38;
2679 : -20;
267A : 18;
267B : -24;
267C : -29;
267D : -11;
267E : 3;
267F : 22;
2680 : -18;
2681 : 5;
2682 : 39;
2683 : -9;
2684 : 13;
2685 : 38;
2686 : -11;
2687 : 6;
2688 : -42;
2689 : -10;
268A : -1;
268B : -16;
268C : 25;
268D : 26;
268E : -18;
268F : -12;
2690 : 5;
2691 : -17;
2692 : 24;
2693 : 9;
2694 : -14;
2695 : -4;
2696 : -15;
2697 : 10;
2698 : 2;
2699 : -7;
269A : -3;
269B : -6;
269C : -3;
269D : 21;
269E : -13;
269F : -2;
26A0 : -5;
26A1 : 0;
26A2 : -23;
26A3 : 6;
26A4 : -11;
26A5 : 1;
26A6 : -7;
26A7 : 7;
26A8 : -32;
26A9 : 15;
26AA : 20;
26AB : -2;
26AC : 9;
26AD : -17;
26AE : -37;
26AF : 6;
26B0 : -36;
26B1 : 24;
26B2 : -1;
26B3 : 19;
26B4 : -10;
26B5 : 21;
26B6 : 3;
26B7 : -18;
26B8 : -1;
26B9 : -9;
26BA : 22;
26BB : -43;
26BC : -44;
26BD : -34;
26BE : 5;
26BF : 24;
26C0 : 24;
26C1 : 19;
26C2 : -5;
26C3 : 13;
26C4 : -7;
26C5 : 28;
26C6 : 7;
26C7 : -21;
26C8 : -16;
26C9 : 13;
26CA : 6;
26CB : -16;
26CC : 6;
26CD : -8;
26CE : -2;
26CF : 28;
26D0 : 9;
26D1 : 0;
26D2 : 10;
26D3 : 2;
26D4 : 12;
26D5 : 18;
26D6 : 0;
26D7 : 12;
26D8 : 13;
26D9 : 14;
26DA : -15;
26DB : 13;
26DC : 14;
26DD : -25;
26DE : -8;
26DF : 15;
26E0 : -5;
26E1 : 7;
26E2 : 2;
26E3 : 4;
26E4 : -10;
26E5 : 11;
26E6 : -43;
26E7 : -10;
26E8 : 23;
26E9 : -17;
26EA : 6;
26EB : -28;
26EC : -20;
26ED : -13;
26EE : -14;
26EF : 12;
26F0 : -43;
26F1 : 8;
26F2 : -4;
26F3 : 17;
26F4 : 22;
26F5 : -11;
26F6 : -21;
26F7 : -36;
26F8 : -29;
26F9 : -38;
26FA : -34;
26FB : -62;
26FC : -71;
26FD : -18;
26FE : -25;
26FF : -15;
2700 : -9;
2701 : -12;
2702 : -12;
2703 : 6;
2704 : 5;
2705 : -14;
2706 : -24;
2707 : 3;
2708 : -27;
2709 : -15;
270A : -23;
270B : -6;
270C : -7;
270D : -6;
270E : -26;
270F : -23;
2710 : -5;
2711 : -4;
2712 : -15;
2713 : -24;
2714 : 0;
2715 : -21;
2716 : -17;
2717 : 4;
2718 : 21;
2719 : -8;
271A : -15;
271B : -6;
271C : 6;
271D : -16;
271E : -1;
271F : 17;
2720 : 2;
2721 : -20;
2722 : 6;
2723 : -34;
2724 : -21;
2725 : 8;
2726 : -2;
2727 : 0;
2728 : -20;
2729 : -20;
272A : -13;
272B : -17;
272C : -29;
272D : -22;
272E : -34;
272F : -1;
2730 : 5;
2731 : -15;
2732 : -15;
2733 : -28;
2734 : -3;
2735 : 2;
2736 : -36;
2737 : -13;
2738 : -6;
2739 : -22;
273A : 11;
273B : -18;
273C : -10;
273D : -18;
273E : -18;
273F : -7;
2740 : 6;
2741 : 2;
2742 : -3;
2743 : -13;
2744 : 5;
2745 : 1;
2746 : -27;
2747 : -8;
2748 : 14;
2749 : 2;
274A : -26;
274B : -12;
274C : 12;
274D : -7;
274E : -10;
274F : 12;
2750 : -5;
2751 : -8;
2752 : -17;
2753 : -10;
2754 : 9;
2755 : -21;
2756 : 11;
2757 : -28;
2758 : -20;
2759 : 17;
275A : -31;
275B : -21;
275C : -25;
275D : 15;
275E : -16;
275F : -29;
2760 : -24;
2761 : 2;
2762 : -7;
2763 : -27;
2764 : -3;
2765 : -17;
2766 : -10;
2767 : -25;
2768 : -27;
2769 : 4;
276A : 15;
276B : -30;
276C : -2;
276D : -19;
276E : 7;
276F : 13;
2770 : 6;
2771 : -17;
2772 : 11;
2773 : -22;
2774 : -26;
2775 : -3;
2776 : -5;
2777 : 10;
2778 : 12;
2779 : -35;
277A : -29;
277B : -28;
277C : -11;
277D : 2;
277E : -11;
277F : -26;
2780 : 2;
2781 : -19;
2782 : -2;
2783 : -27;
2784 : 14;
2785 : 10;
2786 : -13;
2787 : 3;
2788 : -19;
2789 : -9;
278A : 2;
278B : -2;
278C : 9;
278D : -3;
278E : -1;
278F : -26;
2790 : 17;
2791 : 0;
2792 : -13;
2793 : -28;
2794 : 17;
2795 : -20;
2796 : 19;
2797 : -19;
2798 : -15;
2799 : 4;
279A : 15;
279B : 13;
279C : -26;
279D : 16;
279E : 3;
279F : -28;
27A0 : -12;
27A1 : -28;
27A2 : -7;
27A3 : -21;
27A4 : 12;
27A5 : -4;
27A6 : 17;
27A7 : -26;
27A8 : 0;
27A9 : 17;
27AA : -19;
27AB : 5;
27AC : 19;
27AD : -5;
27AE : -12;
27AF : 6;
27B0 : -30;
27B1 : -33;
27B2 : -19;
27B3 : 5;
27B4 : 7;
27B5 : -8;
27B6 : 20;
27B7 : 17;
27B8 : 20;
27B9 : 18;
27BA : -5;
27BB : -15;
27BC : -13;
27BD : -31;
27BE : -19;
27BF : 8;
27C0 : 4;
27C1 : 5;
27C2 : -5;
27C3 : -13;
27C4 : 1;
27C5 : -22;
27C6 : 18;
27C7 : 2;
27C8 : 12;
27C9 : 5;
27CA : 6;
27CB : -13;
27CC : -11;
27CD : -8;
27CE : -10;
27CF : -26;
27D0 : -25;
27D1 : -10;
27D2 : 5;
27D3 : 13;
27D4 : -20;
27D5 : 10;
27D6 : 18;
27D7 : -18;
27D8 : -23;
27D9 : -29;
27DA : -9;
27DB : -20;
27DC : -18;
27DD : -3;
27DE : 5;
27DF : -23;
27E0 : -5;
27E1 : -30;
27E2 : 0;
27E3 : -23;
27E4 : -34;
27E5 : -34;
27E6 : -27;
27E7 : -21;
27E8 : -25;
27E9 : -27;
27EA : 21;
27EB : 17;
27EC : 12;
27ED : -6;
27EE : 13;
27EF : -1;
27F0 : -4;
27F1 : 6;
27F2 : 0;
27F3 : -23;
27F4 : 1;
27F5 : 9;
27F6 : -25;
27F7 : -26;
27F8 : -27;
27F9 : -18;
27FA : -8;
27FB : 11;
27FC : -4;
27FD : -26;
27FE : -19;
27FF : -22;
2800 : 16;
2801 : -7;
2802 : -23;
2803 : -5;
2804 : 27;
2805 : -26;
2806 : -11;
2807 : 3;
2808 : -65;
2809 : 6;
280A : -4;
280B : -5;
280C : 6;
280D : -17;
280E : -4;
280F : -10;
2810 : 3;
2811 : 41;
2812 : 22;
2813 : 25;
2814 : 6;
2815 : -8;
2816 : 20;
2817 : -11;
2818 : -9;
2819 : 25;
281A : 14;
281B : -7;
281C : 32;
281D : 22;
281E : -1;
281F : 11;
2820 : -41;
2821 : -28;
2822 : 21;
2823 : 10;
2824 : 30;
2825 : 17;
2826 : 35;
2827 : 22;
2828 : -13;
2829 : -22;
282A : -21;
282B : -13;
282C : -35;
282D : 25;
282E : -19;
282F : -11;
2830 : -34;
2831 : -65;
2832 : -15;
2833 : -41;
2834 : 14;
2835 : -18;
2836 : -39;
2837 : 12;
2838 : -12;
2839 : -23;
283A : 6;
283B : -49;
283C : -33;
283D : -9;
283E : -39;
283F : -29;
2840 : -19;
2841 : 7;
2842 : -1;
2843 : -16;
2844 : 15;
2845 : -23;
2846 : 35;
2847 : 6;
2848 : 6;
2849 : -23;
284A : 20;
284B : 0;
284C : -10;
284D : 21;
284E : -7;
284F : 25;
2850 : 9;
2851 : -12;
2852 : -10;
2853 : 14;
2854 : 10;
2855 : 4;
2856 : 6;
2857 : 1;
2858 : 17;
2859 : -12;
285A : 22;
285B : 6;
285C : 11;
285D : 7;
285E : 12;
285F : -12;
2860 : -33;
2861 : -34;
2862 : 10;
2863 : -12;
2864 : 30;
2865 : -31;
2866 : 22;
2867 : 20;
2868 : 10;
2869 : -6;
286A : -4;
286B : -1;
286C : -20;
286D : 29;
286E : 13;
286F : 19;
2870 : -34;
2871 : -83;
2872 : -20;
2873 : -18;
2874 : -25;
2875 : -65;
2876 : -17;
2877 : 22;
2878 : -32;
2879 : -23;
287A : -28;
287B : -74;
287C : -1;
287D : -4;
287E : -46;
287F : 4;
2880 : 7;
2881 : 2;
2882 : -64;
2883 : -15;
2884 : -3;
2885 : -9;
2886 : -3;
2887 : 24;
2888 : 29;
2889 : 39;
288A : -14;
288B : 0;
288C : -14;
288D : 19;
288E : -3;
288F : 10;
2890 : 27;
2891 : -17;
2892 : -18;
2893 : 9;
2894 : -16;
2895 : -7;
2896 : 14;
2897 : 4;
2898 : 18;
2899 : 10;
289A : 27;
289B : -16;
289C : -12;
289D : -10;
289E : 4;
289F : 26;
28A0 : -6;
28A1 : 22;
28A2 : -19;
28A3 : 17;
28A4 : 24;
28A5 : -10;
28A6 : 6;
28A7 : -8;
28A8 : -13;
28A9 : -1;
28AA : -14;
28AB : -38;
28AC : -12;
28AD : 28;
28AE : -26;
28AF : -11;
28B0 : 12;
28B1 : -68;
28B2 : 12;
28B3 : -22;
28B4 : -25;
28B5 : -50;
28B6 : -35;
28B7 : -26;
28B8 : -45;
28B9 : -24;
28BA : -3;
28BB : -18;
28BC : 23;
28BD : 35;
28BE : -12;
28BF : 7;
28C0 : 5;
28C1 : 24;
28C2 : -49;
28C3 : -30;
28C4 : -36;
28C5 : -16;
28C6 : 33;
28C7 : -12;
28C8 : 13;
28C9 : 16;
28CA : -7;
28CB : 31;
28CC : -5;
28CD : 22;
28CE : 15;
28CF : -35;
28D0 : 7;
28D1 : -18;
28D2 : 11;
28D3 : 3;
28D4 : 6;
28D5 : 37;
28D6 : 46;
28D7 : -2;
28D8 : 26;
28D9 : 10;
28DA : 2;
28DB : 7;
28DC : 31;
28DD : 4;
28DE : -9;
28DF : -7;
28E0 : 7;
28E1 : -5;
28E2 : -8;
28E3 : 4;
28E4 : 8;
28E5 : -19;
28E6 : 10;
28E7 : -28;
28E8 : 24;
28E9 : 41;
28EA : 19;
28EB : -6;
28EC : 27;
28ED : 34;
28EE : -4;
28EF : 20;
28F0 : 37;
28F1 : -21;
28F2 : -12;
28F3 : 30;
28F4 : 54;
28F5 : -33;
28F6 : -1;
28F7 : -1;
28F8 : 4;
28F9 : 11;
28FA : 67;
28FB : 45;
28FC : 2;
28FD : 13;
28FE : -4;
28FF : -16;
2900 : 23;
2901 : 1;
2902 : -14;
2903 : 34;
2904 : 17;
2905 : -10;
2906 : -16;
2907 : -6;
2908 : -5;
2909 : 23;
290A : -10;
290B : -15;
290C : 2;
290D : 26;
290E : -51;
290F : 19;
2910 : 32;
2911 : -14;
2912 : -40;
2913 : 22;
2914 : -22;
2915 : -40;
2916 : -30;
2917 : 24;
2918 : -7;
2919 : -15;
291A : -24;
291B : 22;
291C : -13;
291D : -3;
291E : 28;
291F : 17;
2920 : -14;
2921 : 27;
2922 : -36;
2923 : 17;
2924 : 2;
2925 : -5;
2926 : -12;
2927 : -17;
2928 : 12;
2929 : 1;
292A : -45;
292B : 6;
292C : -14;
292D : -2;
292E : 17;
292F : -6;
2930 : 28;
2931 : 30;
2932 : -50;
2933 : -36;
2934 : -52;
2935 : -64;
2936 : -25;
2937 : 0;
2938 : 29;
2939 : 45;
293A : -36;
293B : 27;
293C : 4;
293D : -36;
293E : 4;
293F : -13;
2940 : 18;
2941 : -8;
2942 : -51;
2943 : 8;
2944 : 30;
2945 : -17;
2946 : 26;
2947 : 8;
2948 : -15;
2949 : 4;
294A : 4;
294B : 31;
294C : 3;
294D : 11;
294E : -33;
294F : 12;
2950 : 1;
2951 : -15;
2952 : -4;
2953 : 4;
2954 : 21;
2955 : -18;
2956 : -5;
2957 : -6;
2958 : 15;
2959 : 3;
295A : 11;
295B : 0;
295C : -24;
295D : -16;
295E : -12;
295F : -3;
2960 : -7;
2961 : 25;
2962 : -45;
2963 : 28;
2964 : -16;
2965 : -3;
2966 : -10;
2967 : -21;
2968 : 7;
2969 : 31;
296A : -2;
296B : 9;
296C : -22;
296D : -4;
296E : -8;
296F : 10;
2970 : 35;
2971 : -2;
2972 : -25;
2973 : -15;
2974 : -20;
2975 : -62;
2976 : -14;
2977 : -32;
2978 : -6;
2979 : -23;
297A : 1;
297B : 26;
297C : -8;
297D : -20;
297E : -7;
297F : -54;
2980 : 20;
2981 : -4;
2982 : -29;
2983 : -53;
2984 : 23;
2985 : 7;
2986 : 44;
2987 : -10;
2988 : 48;
2989 : -21;
298A : 9;
298B : 0;
298C : -19;
298D : 34;
298E : 28;
298F : 14;
2990 : -3;
2991 : -11;
2992 : -19;
2993 : 2;
2994 : 25;
2995 : 3;
2996 : 35;
2997 : 8;
2998 : 21;
2999 : 9;
299A : 30;
299B : 1;
299C : -1;
299D : 19;
299E : 35;
299F : -21;
29A0 : 6;
29A1 : 0;
29A2 : 35;
29A3 : -26;
29A4 : 22;
29A5 : -4;
29A6 : 9;
29A7 : -5;
29A8 : 21;
29A9 : 7;
29AA : -5;
29AB : -5;
29AC : -30;
29AD : 7;
29AE : 7;
29AF : -1;
29B0 : -34;
29B1 : -51;
29B2 : 1;
29B3 : -8;
29B4 : 9;
29B5 : 10;
29B6 : 38;
29B7 : 16;
29B8 : 32;
29B9 : -27;
29BA : 23;
29BB : 20;
29BC : 8;
29BD : 13;
29BE : 0;
29BF : -35;
29C0 : 12;
29C1 : 14;
29C2 : 7;
29C3 : -29;
29C4 : -22;
29C5 : 23;
29C6 : -14;
29C7 : -7;
29C8 : 36;
29C9 : 0;
29CA : 4;
29CB : 22;
29CC : 23;
29CD : -22;
29CE : 28;
29CF : -37;
29D0 : 4;
29D1 : 17;
29D2 : 43;
29D3 : -10;
29D4 : -6;
29D5 : -9;
29D6 : 37;
29D7 : -4;
29D8 : -2;
29D9 : -25;
29DA : 12;
29DB : 26;
29DC : 22;
29DD : -10;
29DE : 23;
29DF : -10;
29E0 : -1;
29E1 : 14;
29E2 : 6;
29E3 : -24;
29E4 : -15;
29E5 : 32;
29E6 : -12;
29E7 : 7;
29E8 : -8;
29E9 : 14;
29EA : -21;
29EB : 32;
29EC : 17;
29ED : -12;
29EE : -10;
29EF : 5;
29F0 : 16;
29F1 : -3;
29F2 : 16;
29F3 : 11;
29F4 : 0;
29F5 : 5;
29F6 : 17;
29F7 : 12;
29F8 : -10;
29F9 : -7;
29FA : -9;
29FB : -11;
29FC : 13;
29FD : -3;
29FE : -10;
29FF : 28;
2A00 : -10;
2A01 : -1;
2A02 : -28;
2A03 : -22;
2A04 : 26;
2A05 : -19;
2A06 : -48;
2A07 : -15;
2A08 : -30;
2A09 : -9;
2A0A : -10;
2A0B : -3;
2A0C : -21;
2A0D : 13;
2A0E : -20;
2A0F : 1;
2A10 : 5;
2A11 : 28;
2A12 : -19;
2A13 : 16;
2A14 : -10;
2A15 : -28;
2A16 : -28;
2A17 : 4;
2A18 : 11;
2A19 : 12;
2A1A : 18;
2A1B : -5;
2A1C : -17;
2A1D : -5;
2A1E : 15;
2A1F : 3;
2A20 : -12;
2A21 : -10;
2A22 : -30;
2A23 : 6;
2A24 : 1;
2A25 : -6;
2A26 : -10;
2A27 : 4;
2A28 : 7;
2A29 : -29;
2A2A : -21;
2A2B : 37;
2A2C : -28;
2A2D : -13;
2A2E : 26;
2A2F : -4;
2A30 : 30;
2A31 : 8;
2A32 : -7;
2A33 : 5;
2A34 : -27;
2A35 : -50;
2A36 : 2;
2A37 : -6;
2A38 : 30;
2A39 : 4;
2A3A : 16;
2A3B : 7;
2A3C : -22;
2A3D : 23;
2A3E : 18;
2A3F : -16;
2A40 : 1;
2A41 : -37;
2A42 : 11;
2A43 : 8;
2A44 : 4;
2A45 : 27;
2A46 : 60;
2A47 : -17;
2A48 : 14;
2A49 : 22;
2A4A : 5;
2A4B : 12;
2A4C : 1;
2A4D : 46;
2A4E : 0;
2A4F : -23;
2A50 : 11;
2A51 : 28;
2A52 : 22;
2A53 : 2;
2A54 : 21;
2A55 : 28;
2A56 : 28;
2A57 : -7;
2A58 : 10;
2A59 : 0;
2A5A : 29;
2A5B : 20;
2A5C : -4;
2A5D : 24;
2A5E : 9;
2A5F : -8;
2A60 : 7;
2A61 : -4;
2A62 : -5;
2A63 : -3;
2A64 : 8;
2A65 : 21;
2A66 : 8;
2A67 : -10;
2A68 : -7;
2A69 : -15;
2A6A : 21;
2A6B : 19;
2A6C : -13;
2A6D : -30;
2A6E : -10;
2A6F : -17;
2A70 : -17;
2A71 : 13;
2A72 : -39;
2A73 : 3;
2A74 : -1;
2A75 : 13;
2A76 : 14;
2A77 : -16;
2A78 : 8;
2A79 : -8;
2A7A : -2;
2A7B : 24;
2A7C : 22;
2A7D : -41;
2A7E : 26;
2A7F : -23;
2A80 : -7;
2A81 : 25;
2A82 : 6;
2A83 : 8;
2A84 : -18;
2A85 : 6;
2A86 : -4;
2A87 : 6;
2A88 : -3;
2A89 : -4;
2A8A : 17;
2A8B : 9;
2A8C : 34;
2A8D : 17;
2A8E : 14;
2A8F : -35;
2A90 : 6;
2A91 : 8;
2A92 : 33;
2A93 : 18;
2A94 : 10;
2A95 : 13;
2A96 : 20;
2A97 : 18;
2A98 : -17;
2A99 : 0;
2A9A : 28;
2A9B : 21;
2A9C : 3;
2A9D : 17;
2A9E : 14;
2A9F : 15;
2AA0 : 24;
2AA1 : 14;
2AA2 : 26;
2AA3 : -13;
2AA4 : -23;
2AA5 : -1;
2AA6 : 32;
2AA7 : 19;
2AA8 : -18;
2AA9 : 2;
2AAA : -14;
2AAB : -6;
2AAC : 4;
2AAD : 5;
2AAE : -20;
2AAF : 20;
2AB0 : 11;
2AB1 : -20;
2AB2 : -23;
2AB3 : 9;
2AB4 : -8;
2AB5 : -18;
2AB6 : 40;
2AB7 : 3;
2AB8 : 21;
2AB9 : 8;
2ABA : 15;
2ABB : 27;
2ABC : -37;
2ABD : 15;
2ABE : -13;
2ABF : 7;
2AC0 : 1;
2AC1 : 0;
2AC2 : -25;
2AC3 : 18;
2AC4 : 16;
2AC5 : 12;
2AC6 : -5;
2AC7 : -15;
2AC8 : -27;
2AC9 : 18;
2ACA : 4;
2ACB : -11;
2ACC : -21;
2ACD : -6;
2ACE : 13;
2ACF : 23;
2AD0 : 13;
2AD1 : -13;
2AD2 : 8;
2AD3 : -16;
2AD4 : 7;
2AD5 : 23;
2AD6 : 19;
2AD7 : -8;
2AD8 : -10;
2AD9 : 24;
2ADA : -7;
2ADB : 11;
2ADC : 19;
2ADD : 13;
2ADE : -18;
2ADF : -1;
2AE0 : -21;
2AE1 : -23;
2AE2 : 36;
2AE3 : 14;
2AE4 : 6;
2AE5 : 16;
2AE6 : -6;
2AE7 : 6;
2AE8 : 3;
2AE9 : -23;
2AEA : -13;
2AEB : -28;
2AEC : -1;
2AED : -33;
2AEE : -21;
2AEF : 3;
2AF0 : -22;
2AF1 : -5;
2AF2 : 0;
2AF3 : -6;
2AF4 : -14;
2AF5 : -7;
2AF6 : -24;
2AF7 : -23;
2AF8 : 16;
2AF9 : -4;
2AFA : 28;
2AFB : -5;
2AFC : -9;
2AFD : 25;
2AFE : -46;
2AFF : 24;
2B00 : 28;
2B01 : 35;
2B02 : 5;
2B03 : 21;
2B04 : -8;
2B05 : 6;
2B06 : 8;
2B07 : 9;
2B08 : 4;
2B09 : -31;
2B0A : -27;
2B0B : 8;
2B0C : 9;
2B0D : 19;
2B0E : 16;
2B0F : -9;
2B10 : 9;
2B11 : 5;
2B12 : 3;
2B13 : -24;
2B14 : -41;
2B15 : -24;
2B16 : 44;
2B17 : -9;
2B18 : 58;
2B19 : -23;
2B1A : -34;
2B1B : 19;
2B1C : 7;
2B1D : -8;
2B1E : 21;
2B1F : -13;
2B20 : 15;
2B21 : 16;
2B22 : -8;
2B23 : -16;
2B24 : -19;
2B25 : -2;
2B26 : 24;
2B27 : 33;
2B28 : 35;
2B29 : 7;
2B2A : -11;
2B2B : 23;
2B2C : 7;
2B2D : 23;
2B2E : -15;
2B2F : -12;
2B30 : 18;
2B31 : -31;
2B32 : 24;
2B33 : 8;
2B34 : -15;
2B35 : 16;
2B36 : 14;
2B37 : 7;
2B38 : 57;
2B39 : 11;
2B3A : -14;
2B3B : 26;
2B3C : -20;
2B3D : -5;
2B3E : 9;
2B3F : 21;
2B40 : -18;
2B41 : -3;
2B42 : -26;
2B43 : 31;
2B44 : -20;
2B45 : -2;
2B46 : -27;
2B47 : -6;
2B48 : -19;
2B49 : 7;
2B4A : -11;
2B4B : 13;
2B4C : -4;
2B4D : -7;
2B4E : 19;
2B4F : -25;
2B50 : 11;
2B51 : -20;
2B52 : 4;
2B53 : -13;
2B54 : -5;
2B55 : -14;
2B56 : 11;
2B57 : -11;
2B58 : -34;
2B59 : 17;
2B5A : 16;
2B5B : -25;
2B5C : 2;
2B5D : -30;
2B5E : 18;
2B5F : -7;
2B60 : 24;
2B61 : -8;
2B62 : 19;
2B63 : 5;
2B64 : 16;
2B65 : 1;
2B66 : -20;
2B67 : -9;
2B68 : -17;
2B69 : 25;
2B6A : -3;
2B6B : 17;
2B6C : -23;
2B6D : -2;
2B6E : -20;
2B6F : 2;
2B70 : 13;
2B71 : 12;
2B72 : 11;
2B73 : -2;
2B74 : -7;
2B75 : 22;
2B76 : -11;
2B77 : 13;
2B78 : 10;
2B79 : -22;
2B7A : -3;
2B7B : 9;
2B7C : 15;
2B7D : 0;
2B7E : 5;
2B7F : -13;
2B80 : 14;
2B81 : 23;
2B82 : -17;
2B83 : 0;
2B84 : 1;
2B85 : -30;
2B86 : 21;
2B87 : 10;
2B88 : -5;
2B89 : 3;
2B8A : -1;
2B8B : -13;
2B8C : -13;
2B8D : -21;
2B8E : -18;
2B8F : 6;
2B90 : 0;
2B91 : -8;
2B92 : 2;
2B93 : 13;
2B94 : -6;
2B95 : -11;
2B96 : 3;
2B97 : 16;
2B98 : -20;
2B99 : -19;
2B9A : 33;
2B9B : -14;
2B9C : 4;
2B9D : 16;
2B9E : 15;
2B9F : -13;
2BA0 : -12;
2BA1 : 20;
2BA2 : 28;
2BA3 : -3;
2BA4 : -2;
2BA5 : -26;
2BA6 : -2;
2BA7 : 13;
2BA8 : -31;
2BA9 : -21;
2BAA : -11;
2BAB : -16;
2BAC : 10;
2BAD : 13;
2BAE : -16;
2BAF : -8;
2BB0 : -30;
2BB1 : -12;
2BB2 : -14;
2BB3 : -3;
2BB4 : 11;
2BB5 : -11;
2BB6 : -30;
2BB7 : -18;
2BB8 : 12;
2BB9 : -14;
2BBA : -14;
2BBB : -30;
2BBC : 15;
2BBD : -38;
2BBE : 2;
2BBF : -14;
2BC0 : -7;
2BC1 : 19;
2BC2 : -9;
2BC3 : 14;
2BC4 : 15;
2BC5 : -35;
2BC6 : 13;
2BC7 : 17;
2BC8 : 24;
2BC9 : 0;
2BCA : 13;
2BCB : 18;
2BCC : -10;
2BCD : 14;
2BCE : -24;
2BCF : 5;
2BD0 : -13;
2BD1 : -3;
2BD2 : 12;
2BD3 : -1;
2BD4 : 25;
2BD5 : -29;
2BD6 : 36;
2BD7 : 15;
2BD8 : 23;
2BD9 : -19;
2BDA : -5;
2BDB : 6;
2BDC : 13;
2BDD : 15;
2BDE : 6;
2BDF : 26;
2BE0 : -1;
2BE1 : -1;
2BE2 : -2;
2BE3 : 17;
2BE4 : -2;
2BE5 : -24;
2BE6 : 2;
2BE7 : -10;
2BE8 : -10;
2BE9 : 32;
2BEA : 6;
2BEB : 14;
2BEC : -13;
2BED : -10;
2BEE : -17;
2BEF : -10;
2BF0 : 24;
2BF1 : -7;
2BF2 : -2;
2BF3 : 1;
2BF4 : -18;
2BF5 : 12;
2BF6 : -12;
2BF7 : -16;
2BF8 : -5;
2BF9 : 5;
2BFA : -59;
2BFB : 18;
2BFC : 10;
2BFD : -41;
2BFE : 3;
2BFF : -10;
2C00 : 8;
2C01 : 34;
2C02 : -55;
2C03 : -25;
2C04 : -36;
2C05 : -30;
2C06 : -5;
2C07 : 13;
2C08 : 7;
2C09 : -29;
2C0A : 21;
2C0B : -8;
2C0C : -32;
2C0D : -10;
2C0E : -16;
2C0F : 15;
2C10 : 12;
2C11 : -13;
2C12 : 41;
2C13 : -32;
2C14 : -29;
2C15 : 17;
2C16 : 3;
2C17 : 2;
2C18 : 33;
2C19 : -28;
2C1A : -16;
2C1B : 2;
2C1C : 22;
2C1D : 26;
2C1E : 18;
2C1F : 5;
2C20 : 11;
2C21 : 36;
2C22 : 3;
2C23 : -7;
2C24 : 24;
2C25 : 1;
2C26 : -16;
2C27 : 5;
2C28 : 41;
2C29 : 19;
2C2A : -7;
2C2B : 35;
2C2C : 13;
2C2D : 14;
2C2E : -19;
2C2F : 34;
2C30 : -8;
2C31 : 12;
2C32 : 13;
2C33 : 11;
2C34 : 31;
2C35 : 29;
2C36 : 0;
2C37 : 2;
2C38 : -7;
2C39 : -2;
2C3A : -33;
2C3B : -11;
2C3C : 21;
2C3D : 3;
2C3E : -7;
2C3F : 20;
2C40 : -18;
2C41 : -28;
2C42 : -47;
2C43 : -4;
2C44 : -21;
2C45 : -53;
2C46 : 5;
2C47 : -39;
2C48 : 22;
2C49 : -41;
2C4A : 2;
2C4B : 18;
2C4C : 14;
2C4D : -46;
2C4E : 11;
2C4F : -37;
2C50 : -7;
2C51 : 28;
2C52 : -25;
2C53 : 16;
2C54 : -8;
2C55 : -11;
2C56 : -59;
2C57 : -21;
2C58 : 38;
2C59 : -15;
2C5A : -24;
2C5B : -9;
2C5C : 13;
2C5D : -36;
2C5E : 15;
2C5F : 0;
2C60 : 3;
2C61 : 25;
2C62 : 13;
2C63 : 2;
2C64 : 10;
2C65 : 3;
2C66 : -20;
2C67 : -19;
2C68 : -6;
2C69 : -3;
2C6A : 5;
2C6B : 6;
2C6C : -6;
2C6D : 7;
2C6E : -14;
2C6F : -21;
2C70 : 22;
2C71 : 26;
2C72 : -9;
2C73 : -4;
2C74 : -8;
2C75 : -7;
2C76 : 16;
2C77 : -11;
2C78 : 2;
2C79 : 6;
2C7A : -4;
2C7B : -25;
2C7C : -24;
2C7D : -1;
2C7E : 6;
2C7F : 19;
2C80 : -11;
2C81 : -18;
2C82 : -9;
2C83 : -18;
2C84 : 2;
2C85 : -24;
2C86 : 2;
2C87 : 27;
2C88 : 13;
2C89 : -12;
2C8A : -42;
2C8B : 14;
2C8C : 1;
2C8D : -39;
2C8E : -9;
2C8F : -58;
2C90 : 7;
2C91 : -25;
2C92 : 13;
2C93 : -1;
2C94 : -27;
2C95 : -15;
2C96 : 6;
2C97 : 19;
2C98 : 28;
2C99 : -9;
2C9A : 10;
2C9B : 16;
2C9C : -10;
2C9D : -49;
2C9E : 24;
2C9F : -17;
2CA0 : 10;
2CA1 : 2;
2CA2 : -7;
2CA3 : 9;
2CA4 : 20;
2CA5 : 19;
2CA6 : 9;
2CA7 : 10;
2CA8 : 5;
2CA9 : -4;
2CAA : 7;
2CAB : 26;
2CAC : 20;
2CAD : -36;
2CAE : 18;
2CAF : -6;
2CB0 : 9;
2CB1 : -19;
2CB2 : -25;
2CB3 : -10;
2CB4 : 17;
2CB5 : -24;
2CB6 : 8;
2CB7 : 17;
2CB8 : 22;
2CB9 : -7;
2CBA : -14;
2CBB : -10;
2CBC : -21;
2CBD : -25;
2CBE : 12;
2CBF : -5;
2CC0 : -4;
2CC1 : -16;
2CC2 : 13;
2CC3 : 16;
2CC4 : 17;
2CC5 : 1;
2CC6 : 53;
2CC7 : 2;
2CC8 : -18;
2CC9 : 2;
2CCA : -4;
2CCB : 41;
2CCC : 19;
2CCD : -15;
2CCE : 23;
2CCF : 24;
2CD0 : 16;
2CD1 : 29;
2CD2 : -14;
2CD3 : -14;
2CD4 : 14;
2CD5 : -22;
2CD6 : 34;
2CD7 : 17;
2CD8 : -9;
2CD9 : 33;
2CDA : -3;
2CDB : 32;
2CDC : 12;
2CDD : 16;
2CDE : -5;
2CDF : 3;
2CE0 : -5;
2CE1 : 6;
2CE2 : -6;
2CE3 : 29;
2CE4 : -25;
2CE5 : -17;
2CE6 : 17;
2CE7 : 16;
2CE8 : -27;
2CE9 : 17;
2CEA : 4;
2CEB : 6;
2CEC : 9;
2CED : -5;
2CEE : -24;
2CEF : 0;
2CF0 : 14;
2CF1 : -29;
2CF2 : -15;
2CF3 : 5;
2CF4 : -19;
2CF5 : -14;
2CF6 : -25;
2CF7 : 30;
2CF8 : -9;
2CF9 : 20;
2CFA : -29;
2CFB : 0;
2CFC : -1;
2CFD : 3;
2CFE : -7;
2CFF : 4;
2D00 : -1;
2D01 : -4;
2D02 : -2;
2D03 : -18;
2D04 : 18;
2D05 : 9;
2D06 : -12;
2D07 : -25;
2D08 : 16;
2D09 : 3;
2D0A : -23;
2D0B : 11;
2D0C : 8;
2D0D : 1;
2D0E : -17;
2D0F : 15;
2D10 : 18;
2D11 : 1;
2D12 : -25;
2D13 : -7;
2D14 : -15;
2D15 : 1;
2D16 : 15;
2D17 : -10;
2D18 : -21;
2D19 : -6;
2D1A : -22;
2D1B : -5;
2D1C : -18;
2D1D : -26;
2D1E : 6;
2D1F : -16;
2D20 : -8;
2D21 : 2;
2D22 : -21;
2D23 : 9;
2D24 : -17;
2D25 : -7;
2D26 : -3;
2D27 : -5;
2D28 : -21;
2D29 : 4;
2D2A : -7;
2D2B : 16;
2D2C : 6;
2D2D : 9;
2D2E : -4;
2D2F : -5;
2D30 : 8;
2D31 : -15;
2D32 : 5;
2D33 : -13;
2D34 : 21;
2D35 : -23;
2D36 : 4;
2D37 : -18;
2D38 : 18;
2D39 : -3;
2D3A : 1;
2D3B : 3;
2D3C : 4;
2D3D : 20;
2D3E : -13;
2D3F : -19;
2D40 : -22;
2D41 : 2;
2D42 : 7;
2D43 : -19;
2D44 : -19;
2D45 : 3;
2D46 : -1;
2D47 : -15;
2D48 : 2;
2D49 : -24;
2D4A : 5;
2D4B : -3;
2D4C : 13;
2D4D : 8;
2D4E : -16;
2D4F : -12;
2D50 : -6;
2D51 : 2;
2D52 : 5;
2D53 : 2;
2D54 : 6;
2D55 : -22;
2D56 : -23;
2D57 : -4;
2D58 : -25;
2D59 : -2;
2D5A : 3;
2D5B : -23;
2D5C : -14;
2D5D : 17;
2D5E : -22;
2D5F : 14;
2D60 : -3;
2D61 : -10;
2D62 : 7;
2D63 : -10;
2D64 : 12;
2D65 : 10;
2D66 : -12;
2D67 : 15;
2D68 : -6;
2D69 : -5;
2D6A : -4;
2D6B : -2;
2D6C : 4;
2D6D : -13;
2D6E : 13;
2D6F : 13;
2D70 : 5;
2D71 : -17;
2D72 : -11;
2D73 : -18;
2D74 : 3;
2D75 : 4;
2D76 : 15;
2D77 : -10;
2D78 : -6;
2D79 : -5;
2D7A : 21;
2D7B : -24;
2D7C : 2;
2D7D : 7;
2D7E : -14;
2D7F : -6;
2D80 : 12;
2D81 : -11;
2D82 : -12;
2D83 : 12;
2D84 : 16;
2D85 : -22;
2D86 : -19;
2D87 : -24;
2D88 : 13;
2D89 : -21;
2D8A : -14;
2D8B : 18;
2D8C : 19;
2D8D : 9;
2D8E : -4;
2D8F : 23;
2D90 : -23;
2D91 : 11;
2D92 : 12;
2D93 : -6;
2D94 : -11;
2D95 : 4;
2D96 : -23;
2D97 : -23;
2D98 : 15;
2D99 : 12;
2D9A : -19;
2D9B : -16;
2D9C : -11;
2D9D : -17;
2D9E : -14;
2D9F : -6;
2DA0 : -10;
2DA1 : 0;
2DA2 : -17;
2DA3 : -15;
2DA4 : 0;
2DA5 : -8;
2DA6 : -25;
2DA7 : -17;
2DA8 : -17;
2DA9 : 20;
2DAA : -9;
2DAB : -17;
2DAC : -22;
2DAD : 13;
2DAE : 13;
2DAF : -10;
2DB0 : 8;
2DB1 : 6;
2DB2 : 10;
2DB3 : -5;
2DB4 : -9;
2DB5 : -11;
2DB6 : -12;
2DB7 : 14;
2DB8 : -19;
2DB9 : -9;
2DBA : 17;
2DBB : -15;
2DBC : 6;
2DBD : 21;
2DBE : 4;
2DBF : -17;
2DC0 : -3;
2DC1 : -20;
2DC2 : -7;
2DC3 : 3;
2DC4 : -12;
2DC5 : 12;
2DC6 : 7;
2DC7 : -18;
2DC8 : -14;
2DC9 : 13;
2DCA : -15;
2DCB : -11;
2DCC : 3;
2DCD : 13;
2DCE : 0;
2DCF : -20;
2DD0 : 3;
2DD1 : 23;
2DD2 : -6;
2DD3 : 8;
2DD4 : 13;
2DD5 : -17;
2DD6 : -26;
2DD7 : -9;
2DD8 : -25;
2DD9 : 16;
2DDA : -5;
2DDB : -13;
2DDC : 14;
2DDD : 3;
2DDE : -17;
2DDF : -26;
2DE0 : 3;
2DE1 : 15;
2DE2 : -22;
2DE3 : -12;
2DE4 : 13;
2DE5 : -5;
2DE6 : -9;
2DE7 : -11;
2DE8 : 12;
2DE9 : -19;
2DEA : 0;
2DEB : 9;
2DEC : -3;
2DED : -26;
2DEE : -11;
2DEF : -24;
2DF0 : 17;
2DF1 : -17;
2DF2 : -12;
2DF3 : 10;
2DF4 : -12;
2DF5 : 8;
2DF6 : 17;
2DF7 : -6;
2DF8 : -13;
2DF9 : -20;
2DFA : -2;
2DFB : -22;
2DFC : 19;
2DFD : 20;
2DFE : -5;
2DFF : 2;
2E00 : -4;
2E01 : -3;
2E02 : -19;
2E03 : 21;
2E04 : -7;
2E05 : -23;
2E06 : -10;
2E07 : -16;
2E08 : -10;
2E09 : -7;
2E0A : 12;
2E0B : 0;
2E0C : -14;
2E0D : 12;
2E0E : -15;
2E0F : 17;
2E10 : 2;
2E11 : 1;
2E12 : 1;
2E13 : -4;
2E14 : 9;
2E15 : -20;
2E16 : 7;
2E17 : 16;
2E18 : 22;
2E19 : -19;
2E1A : -26;
2E1B : 14;
2E1C : -21;
2E1D : -17;
2E1E : -2;
2E1F : 1;
2E20 : -1;
2E21 : 20;
2E22 : 20;
2E23 : -9;
2E24 : -9;
2E25 : -14;
2E26 : -21;
2E27 : -7;
2E28 : -2;
2E29 : -13;
2E2A : 9;
2E2B : 5;
2E2C : 17;
2E2D : 4;
2E2E : -9;
2E2F : -12;
2E30 : 8;
2E31 : 17;
2E32 : -3;
2E33 : 7;
2E34 : 18;
2E35 : -23;
2E36 : -8;
2E37 : 1;
2E38 : 21;
2E39 : -3;
2E3A : -24;
2E3B : -2;
2E3C : -19;
2E3D : -15;
2E3E : -19;
2E3F : -23;
2E40 : -15;
2E41 : -16;
2E42 : 21;
2E43 : -5;
2E44 : 7;
2E45 : 7;
2E46 : 14;
2E47 : -24;
2E48 : 4;
2E49 : 12;
2E4A : -7;
2E4B : 15;
2E4C : -14;
2E4D : -15;
2E4E : 0;
2E4F : -5;
2E50 : -22;
2E51 : 13;
2E52 : 8;
2E53 : 13;
2E54 : -23;
2E55 : 2;
2E56 : -20;
2E57 : 15;
2E58 : -21;
2E59 : -11;
2E5A : -3;
2E5B : -6;
2E5C : 19;
2E5D : 18;
2E5E : 8;
2E5F : 0;
2E60 : 7;
2E61 : -7;
2E62 : 12;
2E63 : -14;
2E64 : 9;
2E65 : -22;
2E66 : 11;
2E67 : -25;
2E68 : -15;
2E69 : -5;
2E6A : -2;
2E6B : -15;
2E6C : -25;
2E6D : 6;
2E6E : -9;
2E6F : -14;
2E70 : -21;
2E71 : 4;
2E72 : -11;
2E73 : 11;
2E74 : -13;
2E75 : 16;
2E76 : 6;
2E77 : -10;
2E78 : 4;
2E79 : -4;
2E7A : -21;
2E7B : 14;
2E7C : 10;
2E7D : -17;
2E7E : -23;
2E7F : 18;
2E80 : -12;
2E81 : 4;
2E82 : -5;
2E83 : 6;
2E84 : 10;
2E85 : 4;
2E86 : 0;
2E87 : -26;
2E88 : -13;
2E89 : 7;
2E8A : -8;
2E8B : -7;
2E8C : 22;
2E8D : -24;
2E8E : 14;
2E8F : 21;
2E90 : 6;
2E91 : 8;
2E92 : -10;
2E93 : -3;
2E94 : -15;
2E95 : 4;
2E96 : -13;
2E97 : -5;
2E98 : 10;
2E99 : 16;
2E9A : -13;
2E9B : -3;
2E9C : 6;
2E9D : -3;
2E9E : -19;
2E9F : -10;
2EA0 : -20;
2EA1 : -7;
2EA2 : 3;
2EA3 : 10;
2EA4 : 5;
2EA5 : -25;
2EA6 : 14;
2EA7 : -20;
2EA8 : 13;
2EA9 : -25;
2EAA : -5;
2EAB : 7;
2EAC : -19;
2EAD : 6;
2EAE : 13;
2EAF : -22;
2EB0 : 8;
2EB1 : 7;
2EB2 : -1;
2EB3 : -18;
2EB4 : -8;
2EB5 : -2;
2EB6 : -21;
2EB7 : -5;
2EB8 : -5;
2EB9 : -11;
2EBA : 24;
2EBB : -10;
2EBC : 15;
2EBD : -19;
2EBE : -26;
2EBF : -22;
2EC0 : 2;
2EC1 : -25;
2EC2 : -25;
2EC3 : -15;
2EC4 : -2;
2EC5 : 21;
2EC6 : 4;
2EC7 : -22;
2EC8 : 5;
2EC9 : 0;
2ECA : 0;
2ECB : 9;
2ECC : -9;
2ECD : -18;
2ECE : 21;
2ECF : -17;
2ED0 : 19;
2ED1 : 4;
2ED2 : -4;
2ED3 : -6;
2ED4 : -15;
2ED5 : 1;
2ED6 : 3;
2ED7 : -19;
2ED8 : 14;
2ED9 : 2;
2EDA : -14;
2EDB : -14;
2EDC : 20;
2EDD : 9;
2EDE : -19;
2EDF : -6;
2EE0 : 10;
2EE1 : -10;
2EE2 : 9;
2EE3 : 3;
2EE4 : -17;
2EE5 : 16;
2EE6 : 8;
2EE7 : 1;
2EE8 : -3;
2EE9 : -21;
2EEA : 9;
2EEB : 0;
2EEC : -16;
2EED : -22;
2EEE : 5;
2EEF : 14;
2EF0 : -4;
2EF1 : 1;
2EF2 : 12;
2EF3 : -25;
2EF4 : -11;
2EF5 : -21;
2EF6 : 5;
2EF7 : -15;
2EF8 : -19;
2EF9 : 21;
2EFA : 11;
2EFB : -26;
2EFC : -4;
2EFD : 11;
2EFE : -10;
2EFF : -8;
2F00 : 41;
2F01 : -39;
2F02 : -41;
2F03 : 35;
2F04 : 16;
2F05 : -30;
2F06 : -3;
2F07 : -18;
2F08 : -39;
2F09 : 17;
2F0A : 24;
2F0B : 17;
2F0C : -24;
2F0D : 15;
2F0E : -3;
2F0F : -28;
2F10 : -14;
2F11 : -10;
2F12 : -14;
2F13 : -8;
2F14 : 8;
2F15 : -30;
2F16 : 30;
2F17 : 32;
2F18 : -34;
2F19 : -17;
2F1A : -6;
2F1B : -15;
2F1C : -12;
2F1D : -9;
2F1E : 13;
2F1F : -23;
2F20 : 13;
2F21 : -1;
2F22 : -9;
2F23 : 31;
2F24 : 19;
2F25 : 3;
2F26 : 7;
2F27 : 23;
2F28 : -12;
2F29 : -20;
2F2A : 23;
2F2B : -12;
2F2C : 5;
2F2D : 14;
2F2E : 25;
2F2F : -21;
2F30 : 35;
2F31 : -36;
2F32 : 15;
2F33 : -8;
2F34 : -27;
2F35 : -31;
2F36 : -10;
2F37 : 24;
2F38 : 4;
2F39 : 31;
2F3A : -17;
2F3B : 19;
2F3C : -15;
2F3D : 3;
2F3E : 35;
2F3F : -30;
2F40 : 14;
2F41 : -13;
2F42 : 37;
2F43 : -8;
2F44 : 0;
2F45 : -32;
2F46 : 31;
2F47 : 18;
2F48 : -45;
2F49 : 41;
2F4A : 14;
2F4B : 6;
2F4C : 5;
2F4D : 57;
2F4E : -11;
2F4F : 0;
2F50 : 8;
2F51 : -23;
2F52 : 2;
2F53 : -18;
2F54 : 2;
2F55 : 4;
2F56 : 34;
2F57 : -18;
2F58 : 8;
2F59 : -26;
2F5A : 42;
2F5B : 5;
2F5C : 28;
2F5D : 12;
2F5E : -9;
2F5F : 3;
2F60 : 17;
2F61 : -16;
2F62 : -1;
2F63 : -8;
2F64 : -8;
2F65 : 7;
2F66 : 15;
2F67 : -28;
2F68 : -35;
2F69 : 26;
2F6A : 11;
2F6B : -23;
2F6C : -17;
2F6D : 16;
2F6E : -15;
2F6F : -5;
2F70 : -5;
2F71 : 13;
2F72 : 15;
2F73 : -11;
2F74 : 5;
2F75 : -21;
2F76 : 5;
2F77 : -8;
2F78 : -29;
2F79 : -25;
2F7A : -2;
2F7B : 20;
2F7C : -15;
2F7D : -17;
2F7E : -8;
2F7F : -13;
2F80 : 19;
2F81 : 3;
2F82 : 14;
2F83 : 15;
2F84 : -17;
2F85 : 28;
2F86 : 10;
2F87 : -25;
2F88 : 3;
2F89 : -27;
2F8A : -3;
2F8B : 21;
2F8C : -25;
2F8D : -3;
2F8E : 16;
2F8F : 12;
2F90 : 8;
2F91 : -1;
2F92 : -15;
2F93 : -9;
2F94 : 16;
2F95 : 5;
2F96 : 2;
2F97 : 10;
2F98 : 19;
2F99 : 15;
2F9A : -14;
2F9B : -27;
2F9C : 8;
2F9D : 1;
2F9E : 33;
2F9F : -11;
2FA0 : 11;
2FA1 : -10;
2FA2 : -10;
2FA3 : -5;
2FA4 : 2;
2FA5 : 8;
2FA6 : -7;
2FA7 : -18;
2FA8 : 2;
2FA9 : -16;
2FAA : 35;
2FAB : -20;
2FAC : -29;
2FAD : 5;
2FAE : -7;
2FAF : 11;
2FB0 : -8;
2FB1 : -11;
2FB2 : 21;
2FB3 : -11;
2FB4 : -13;
2FB5 : 9;
2FB6 : 18;
2FB7 : 4;
2FB8 : -2;
2FB9 : 5;
2FBA : 18;
2FBB : -27;
2FBC : -28;
2FBD : -25;
2FBE : -7;
2FBF : 14;
2FC0 : -12;
2FC1 : -39;
2FC2 : 1;
2FC3 : 13;
2FC4 : -2;
2FC5 : -38;
2FC6 : -3;
2FC7 : 20;
2FC8 : -11;
2FC9 : 11;
2FCA : 18;
2FCB : 13;
2FCC : -24;
2FCD : 16;
2FCE : 3;
2FCF : -24;
2FD0 : -9;
2FD1 : 7;
2FD2 : 8;
2FD3 : 14;
2FD4 : -12;
2FD5 : 5;
2FD6 : -10;
2FD7 : -8;
2FD8 : -16;
2FD9 : -9;
2FDA : 3;
2FDB : 16;
2FDC : 19;
2FDD : -9;
2FDE : 27;
2FDF : -38;
2FE0 : -7;
2FE1 : -15;
2FE2 : -1;
2FE3 : 3;
2FE4 : 22;
2FE5 : 1;
2FE6 : -35;
2FE7 : 12;
2FE8 : 3;
2FE9 : 5;
2FEA : 7;
2FEB : -18;
2FEC : 23;
2FED : -6;
2FEE : 27;
2FEF : -9;
2FF0 : -35;
2FF1 : -3;
2FF2 : 16;
2FF3 : -20;
2FF4 : 12;
2FF5 : 40;
2FF6 : -6;
2FF7 : -16;
2FF8 : -2;
2FF9 : 7;
2FFA : -24;
2FFB : -12;
2FFC : -13;
2FFD : 23;
2FFE : 14;
2FFF : 24;
3000 : 0;
3001 : -24;
3002 : 46;
3003 : -29;
3004 : 37;
3005 : 19;
3006 : 30;
3007 : 25;
3008 : -13;
3009 : -6;
300A : -25;
300B : -10;
300C : -12;
300D : 36;
300E : 0;
300F : 45;
3010 : -5;
3011 : -3;
3012 : -18;
3013 : 28;
3014 : 33;
3015 : 19;
3016 : 32;
3017 : 14;
3018 : -13;
3019 : 1;
301A : 22;
301B : -40;
301C : 11;
301D : 11;
301E : -52;
301F : 32;
3020 : -8;
3021 : 10;
3022 : -5;
3023 : 32;
3024 : 0;
3025 : -1;
3026 : 18;
3027 : -17;
3028 : 15;
3029 : 32;
302A : -17;
302B : -26;
302C : -3;
302D : 0;
302E : -37;
302F : 38;
3030 : 2;
3031 : 9;
3032 : -14;
3033 : -20;
3034 : -18;
3035 : -16;
3036 : -8;
3037 : -11;
3038 : 46;
3039 : -37;
303A : -11;
303B : -5;
303C : 22;
303D : -13;
303E : -38;
303F : 9;
3040 : -2;
3041 : -19;
3042 : -11;
3043 : -8;
3044 : -5;
3045 : 37;
3046 : -29;
3047 : 8;
3048 : -37;
3049 : -28;
304A : 1;
304B : 4;
304C : 31;
304D : 16;
304E : -23;
304F : 9;
3050 : -7;
3051 : 9;
3052 : -17;
3053 : -11;
3054 : 30;
3055 : 1;
3056 : 24;
3057 : 10;
3058 : -39;
3059 : 8;
305A : -39;
305B : -16;
305C : 21;
305D : 13;
305E : 10;
305F : 18;
3060 : 19;
3061 : -30;
3062 : 19;
3063 : 16;
3064 : -15;
3065 : -27;
3066 : 13;
3067 : -3;
3068 : 5;
3069 : -8;
306A : 3;
306B : -16;
306C : 3;
306D : 32;
306E : -30;
306F : 13;
3070 : 18;
3071 : -15;
3072 : 8;
3073 : 24;
3074 : -17;
3075 : 8;
3076 : 26;
3077 : -9;
3078 : -10;
3079 : -8;
307A : 4;
307B : 35;
307C : 26;
307D : 30;
307E : 19;
307F : -18;
3080 : 26;
3081 : -6;
3082 : -40;
3083 : 1;
3084 : 3;
3085 : 8;
3086 : -34;
3087 : -1;
3088 : -14;
3089 : -13;
308A : -21;
308B : -4;
308C : -9;
308D : 4;
308E : 6;
308F : 31;
3090 : -11;
3091 : -9;
3092 : -3;
3093 : -14;
3094 : 14;
3095 : 4;
3096 : -13;
3097 : 14;
3098 : -5;
3099 : -13;
309A : -7;
309B : -15;
309C : -4;
309D : 13;
309E : 11;
309F : -7;
30A0 : 15;
30A1 : -23;
30A2 : -8;
30A3 : 3;
30A4 : 18;
30A5 : 12;
30A6 : -32;
30A7 : -3;
30A8 : 0;
30A9 : 2;
30AA : 2;
30AB : -22;
30AC : 19;
30AD : -8;
30AE : 26;
30AF : 9;
30B0 : -21;
30B1 : 34;
30B2 : -9;
30B3 : 28;
30B4 : 19;
30B5 : 38;
30B6 : 1;
30B7 : 17;
30B8 : -14;
30B9 : -19;
30BA : 10;
30BB : -7;
30BC : -1;
30BD : 25;
30BE : -37;
30BF : 19;
30C0 : -1;
30C1 : -26;
30C2 : 5;
30C3 : -19;
30C4 : -17;
30C5 : -2;
30C6 : -31;
30C7 : -13;
30C8 : 6;
30C9 : -4;
30CA : -12;
30CB : -40;
30CC : -5;
30CD : -42;
30CE : 4;
30CF : -9;
30D0 : -5;
30D1 : 20;
30D2 : 13;
30D3 : -9;
30D4 : -6;
30D5 : 15;
30D6 : -2;
30D7 : -18;
30D8 : -19;
30D9 : 15;
30DA : -12;
30DB : -4;
30DC : -2;
30DD : 9;
30DE : -27;
30DF : 19;
30E0 : -18;
30E1 : 12;
30E2 : -2;
30E3 : 27;
30E4 : 6;
30E5 : 12;
30E6 : 9;
30E7 : 6;
30E8 : 8;
30E9 : 21;
30EA : -10;
30EB : -23;
30EC : -12;
30ED : 4;
30EE : -11;
30EF : 4;
30F0 : 6;
30F1 : -22;
30F2 : -9;
30F3 : 16;
30F4 : -22;
30F5 : 0;
30F6 : -32;
30F7 : -11;
30F8 : -25;
30F9 : -23;
30FA : -1;
30FB : -12;
30FC : -21;
30FD : -11;
30FE : -2;
30FF : 17;
3100 : -6;
3101 : 10;
3102 : 23;
3103 : -8;
3104 : 38;
3105 : 4;
3106 : 5;
3107 : 11;
3108 : -54;
3109 : 12;
310A : 9;
310B : -6;
310C : 7;
310D : -30;
310E : -11;
310F : 24;
3110 : -26;
3111 : 4;
3112 : -2;
3113 : 13;
3114 : 1;
3115 : -14;
3116 : 5;
3117 : -25;
3118 : -51;
3119 : -1;
311A : -27;
311B : -9;
311C : -18;
311D : -24;
311E : -15;
311F : 11;
3120 : 4;
3121 : -3;
3122 : 10;
3123 : 17;
3124 : 7;
3125 : -8;
3126 : -23;
3127 : -24;
3128 : -2;
3129 : -2;
312A : 7;
312B : -8;
312C : 1;
312D : 2;
312E : 5;
312F : 28;
3130 : 28;
3131 : 39;
3132 : 31;
3133 : 14;
3134 : 29;
3135 : -8;
3136 : 6;
3137 : 23;
3138 : 3;
3139 : 1;
313A : 15;
313B : -35;
313C : -19;
313D : 3;
313E : -9;
313F : 36;
3140 : 7;
3141 : 11;
3142 : -2;
3143 : -2;
3144 : 17;
3145 : 2;
3146 : -9;
3147 : 12;
3148 : -15;
3149 : 7;
314A : 22;
314B : 15;
314C : 14;
314D : 3;
314E : -3;
314F : 20;
3150 : -30;
3151 : -27;
3152 : 34;
3153 : -16;
3154 : 22;
3155 : -21;
3156 : 1;
3157 : 23;
3158 : -11;
3159 : 15;
315A : 2;
315B : 22;
315C : -8;
315D : 1;
315E : 11;
315F : -26;
3160 : -31;
3161 : 19;
3162 : 27;
3163 : -1;
3164 : -38;
3165 : -17;
3166 : -10;
3167 : 10;
3168 : 5;
3169 : -34;
316A : 5;
316B : 13;
316C : 9;
316D : -5;
316E : 8;
316F : -7;
3170 : -3;
3171 : 32;
3172 : -15;
3173 : -5;
3174 : -6;
3175 : 25;
3176 : -28;
3177 : 17;
3178 : -15;
3179 : 19;
317A : -46;
317B : 7;
317C : 11;
317D : -19;
317E : -8;
317F : -16;
3180 : 14;
3181 : -11;
3182 : 6;
3183 : 12;
3184 : 15;
3185 : 16;
3186 : -7;
3187 : -3;
3188 : -8;
3189 : 15;
318A : -6;
318B : -13;
318C : 13;
318D : 0;
318E : -18;
318F : 8;
3190 : 9;
3191 : 11;
3192 : -8;
3193 : 15;
3194 : 15;
3195 : 25;
3196 : -8;
3197 : 13;
3198 : 1;
3199 : -11;
319A : -9;
319B : -4;
319C : -11;
319D : 11;
319E : -4;
319F : -11;
31A0 : -8;
31A1 : 15;
31A2 : 2;
31A3 : 25;
31A4 : -18;
31A5 : 12;
31A6 : 8;
31A7 : 5;
31A8 : -17;
31A9 : -7;
31AA : -31;
31AB : 30;
31AC : -22;
31AD : 8;
31AE : -2;
31AF : 27;
31B0 : -1;
31B1 : 26;
31B2 : 12;
31B3 : -10;
31B4 : -30;
31B5 : 5;
31B6 : -5;
31B7 : 19;
31B8 : 4;
31B9 : 5;
31BA : 11;
31BB : -6;
31BC : -2;
31BD : -13;
31BE : -10;
31BF : -27;
31C0 : 23;
31C1 : 9;
31C2 : -15;
31C3 : 10;
31C4 : 22;
31C5 : 7;
31C6 : -36;
31C7 : -5;
31C8 : -46;
31C9 : -1;
31CA : 28;
31CB : -25;
31CC : 9;
31CD : -32;
31CE : -2;
31CF : 2;
31D0 : 20;
31D1 : -14;
31D2 : 4;
31D3 : -7;
31D4 : 1;
31D5 : 18;
31D6 : -19;
31D7 : -5;
31D8 : -37;
31D9 : 8;
31DA : -10;
31DB : 17;
31DC : -24;
31DD : -5;
31DE : 5;
31DF : 25;
31E0 : 19;
31E1 : -18;
31E2 : 9;
31E3 : -20;
31E4 : 21;
31E5 : -17;
31E6 : 15;
31E7 : -13;
31E8 : -19;
31E9 : -11;
31EA : 9;
31EB : -5;
31EC : 4;
31ED : 35;
31EE : 14;
31EF : 10;
31F0 : -15;
31F1 : -8;
31F2 : 15;
31F3 : 12;
31F4 : 4;
31F5 : 2;
31F6 : 30;
31F7 : -10;
31F8 : -22;
31F9 : -20;
31FA : 36;
31FB : 0;
31FC : 14;
31FD : 3;
31FE : 3;
31FF : -3;
3200 : 12;
3201 : 12;
3202 : 2;
3203 : 21;
3204 : -16;
3205 : 16;
3206 : 36;
3207 : 9;
3208 : -4;
3209 : -4;
320A : -1;
320B : 19;
320C : -21;
320D : -13;
320E : 47;
320F : 6;
3210 : -3;
3211 : -3;
3212 : 11;
3213 : 0;
3214 : -33;
3215 : 8;
3216 : -3;
3217 : -1;
3218 : 33;
3219 : 9;
321A : -32;
321B : 24;
321C : 12;
321D : -6;
321E : 14;
321F : 2;
3220 : -3;
3221 : 9;
3222 : 27;
3223 : -10;
3224 : -18;
3225 : 24;
3226 : 15;
3227 : 34;
3228 : -30;
3229 : -2;
322A : 24;
322B : -13;
322C : -5;
322D : 5;
322E : -4;
322F : -5;
3230 : 3;
3231 : 4;
3232 : 24;
3233 : 5;
3234 : 45;
3235 : 50;
3236 : 47;
3237 : 6;
3238 : 12;
3239 : -6;
323A : 16;
323B : 6;
323C : 26;
323D : -18;
323E : -25;
323F : 28;
3240 : -10;
3241 : -8;
3242 : -2;
3243 : 19;
3244 : 8;
3245 : 14;
3246 : -18;
3247 : 3;
3248 : -35;
3249 : 0;
324A : -33;
324B : -9;
324C : -24;
324D : -11;
324E : -7;
324F : -11;
3250 : 6;
3251 : 0;
3252 : 9;
3253 : 8;
3254 : 9;
3255 : 3;
3256 : -1;
3257 : 27;
3258 : -61;
3259 : 27;
325A : 26;
325B : 3;
325C : 6;
325D : -16;
325E : 5;
325F : -23;
3260 : 15;
3261 : -6;
3262 : 11;
3263 : 14;
3264 : 21;
3265 : 19;
3266 : 3;
3267 : -15;
3268 : 7;
3269 : 6;
326A : 2;
326B : 4;
326C : 8;
326D : -2;
326E : -2;
326F : 0;
3270 : 9;
3271 : 8;
3272 : 7;
3273 : 10;
3274 : -22;
3275 : 2;
3276 : -15;
3277 : 14;
3278 : 0;
3279 : -6;
327A : -24;
327B : 3;
327C : 11;
327D : 21;
327E : 26;
327F : 37;
3280 : -24;
3281 : -22;
3282 : 11;
3283 : 13;
3284 : -8;
3285 : -37;
3286 : 0;
3287 : -17;
3288 : -28;
3289 : 10;
328A : 24;
328B : -28;
328C : 13;
328D : 33;
328E : 15;
328F : 12;
3290 : 14;
3291 : -9;
3292 : -42;
3293 : 20;
3294 : 7;
3295 : -7;
3296 : -2;
3297 : 14;
3298 : -20;
3299 : 11;
329A : -17;
329B : 10;
329C : -18;
329D : 22;
329E : -2;
329F : -15;
32A0 : 5;
32A1 : 7;
32A2 : -19;
32A3 : 21;
32A4 : 7;
32A5 : -19;
32A6 : -18;
32A7 : 6;
32A8 : 10;
32A9 : 7;
32AA : 36;
32AB : 23;
32AC : -11;
32AD : -4;
32AE : -1;
32AF : 14;
32B0 : -30;
32B1 : -1;
32B2 : 0;
32B3 : -3;
32B4 : -12;
32B5 : 13;
32B6 : -14;
32B7 : -13;
32B8 : 8;
32B9 : -1;
32BA : 2;
32BB : -30;
32BC : -21;
32BD : 12;
32BE : 16;
32BF : 27;
32C0 : 4;
32C1 : -36;
32C2 : 13;
32C3 : -18;
32C4 : -22;
32C5 : -20;
32C6 : 4;
32C7 : -5;
32C8 : -15;
32C9 : 14;
32CA : -23;
32CB : -12;
32CC : -4;
32CD : 41;
32CE : -21;
32CF : 5;
32D0 : 21;
32D1 : 12;
32D2 : -3;
32D3 : 28;
32D4 : 34;
32D5 : -4;
32D6 : 8;
32D7 : -3;
32D8 : -7;
32D9 : -5;
32DA : 7;
32DB : 11;
32DC : -10;
32DD : -6;
32DE : 4;
32DF : 2;
32E0 : 2;
32E1 : 23;
32E2 : -22;
32E3 : -14;
32E4 : 30;
32E5 : 9;
32E6 : -30;
32E7 : 17;
32E8 : -16;
32E9 : -26;
32EA : 37;
32EB : 23;
32EC : 20;
32ED : -18;
32EE : -10;
32EF : 25;
32F0 : -19;
32F1 : 8;
32F2 : 16;
32F3 : 15;
32F4 : -2;
32F5 : -7;
32F6 : -15;
32F7 : -2;
32F8 : -23;
32F9 : -8;
32FA : -22;
32FB : -30;
32FC : -10;
32FD : -8;
32FE : 17;
32FF : -20;
3300 : 4;
3301 : 38;
3302 : -3;
3303 : 19;
3304 : -30;
3305 : 11;
3306 : -36;
3307 : -1;
3308 : 15;
3309 : -11;
330A : 0;
330B : 5;
330C : -23;
330D : -17;
330E : 17;
330F : -23;
3310 : -6;
3311 : 13;
3312 : 8;
3313 : 3;
3314 : -16;
3315 : -10;
3316 : 5;
3317 : -9;
3318 : 40;
3319 : -10;
331A : -7;
331B : -12;
331C : -11;
331D : 5;
331E : 32;
331F : -8;
3320 : 9;
3321 : -34;
3322 : 32;
3323 : 17;
3324 : 32;
3325 : -10;
3326 : 37;
3327 : 21;
3328 : 28;
3329 : 2;
332A : 35;
332B : 11;
332C : -28;
332D : 18;
332E : 1;
332F : -9;
3330 : -9;
3331 : -53;
3332 : 17;
3333 : 24;
3334 : 3;
3335 : 15;
3336 : 5;
3337 : 23;
3338 : -17;
3339 : -10;
333A : 19;
333B : 15;
333C : -12;
333D : 36;
333E : -2;
333F : 23;
3340 : 10;
3341 : 16;
3342 : 3;
3343 : -10;
3344 : 6;
3345 : -42;
3346 : 23;
3347 : -1;
3348 : 14;
3349 : 27;
334A : 18;
334B : 2;
334C : -24;
334D : -11;
334E : 22;
334F : -44;
3350 : 5;
3351 : -28;
3352 : -1;
3353 : -24;
3354 : 2;
3355 : -3;
3356 : 3;
3357 : 19;
3358 : 11;
3359 : -6;
335A : 7;
335B : 10;
335C : 7;
335D : 11;
335E : 15;
335F : 7;
3360 : 20;
3361 : -7;
3362 : -17;
3363 : -19;
3364 : -14;
3365 : 36;
3366 : -4;
3367 : 20;
3368 : -6;
3369 : -11;
336A : -10;
336B : 22;
336C : 18;
336D : 4;
336E : 12;
336F : 33;
3370 : -41;
3371 : -4;
3372 : 0;
3373 : 5;
3374 : -7;
3375 : 10;
3376 : 19;
3377 : 6;
3378 : 14;
3379 : 25;
337A : -31;
337B : -22;
337C : 18;
337D : 12;
337E : -30;
337F : 2;
3380 : 21;
3381 : -1;
3382 : 31;
3383 : 29;
3384 : -27;
3385 : -4;
3386 : -24;
3387 : 13;
3388 : 23;
3389 : 23;
338A : -15;
338B : 33;
338C : 4;
338D : 13;
338E : 2;
338F : -34;
3390 : 9;
3391 : 6;
3392 : -1;
3393 : 5;
3394 : -11;
3395 : 7;
3396 : -21;
3397 : 17;
3398 : 53;
3399 : -13;
339A : 1;
339B : 40;
339C : 7;
339D : 13;
339E : -14;
339F : 15;
33A0 : -13;
33A1 : 18;
33A2 : -14;
33A3 : 6;
33A4 : -18;
33A5 : -6;
33A6 : -7;
33A7 : 9;
33A8 : 18;
33A9 : -21;
33AA : -5;
33AB : -12;
33AC : -2;
33AD : 9;
33AE : 13;
33AF : 3;
33B0 : 4;
33B1 : 10;
33B2 : -26;
33B3 : -17;
33B4 : 9;
33B5 : 5;
33B6 : 2;
33B7 : -15;
33B8 : -7;
33B9 : 22;
33BA : -17;
33BB : -16;
33BC : -9;
33BD : -13;
33BE : 22;
33BF : -25;
33C0 : -20;
33C1 : -16;
33C2 : -7;
33C3 : -4;
33C4 : 20;
33C5 : -18;
33C6 : 11;
33C7 : 11;
33C8 : -14;
33C9 : -18;
33CA : 31;
33CB : -3;
33CC : -8;
33CD : -8;
33CE : 13;
33CF : 14;
33D0 : -9;
33D1 : 6;
33D2 : 15;
33D3 : -3;
33D4 : -16;
33D5 : -11;
33D6 : -3;
33D7 : 26;
33D8 : 32;
33D9 : -24;
33DA : 16;
33DB : -20;
33DC : 12;
33DD : -5;
33DE : -12;
33DF : -30;
33E0 : -1;
33E1 : -15;
33E2 : -18;
33E3 : 10;
33E4 : -10;
33E5 : -29;
33E6 : 41;
33E7 : 18;
33E8 : -9;
33E9 : -2;
33EA : -2;
33EB : -20;
33EC : -22;
33ED : -4;
33EE : 5;
33EF : 10;
33F0 : -18;
33F1 : 4;
33F2 : -18;
33F3 : -13;
33F4 : 25;
33F5 : -2;
33F6 : 10;
33F7 : -22;
33F8 : -28;
33F9 : 2;
33FA : 28;
33FB : -20;
33FC : 36;
33FD : 28;
33FE : -18;
33FF : 1;
3400 : 12;
3401 : 22;
3402 : -33;
3403 : -11;
3404 : -15;
3405 : -4;
3406 : 1;
3407 : -14;
3408 : 7;
3409 : 12;
340A : -5;
340B : 27;
340C : 20;
340D : 23;
340E : 22;
340F : -20;
3410 : 33;
3411 : 20;
3412 : -10;
3413 : 24;
3414 : -9;
3415 : 9;
3416 : 50;
3417 : -13;
3418 : 41;
3419 : 14;
341A : -9;
341B : 37;
341C : -13;
341D : 5;
341E : -7;
341F : 27;
3420 : 17;
3421 : -14;
3422 : 6;
3423 : 17;
3424 : 2;
3425 : -26;
3426 : 49;
3427 : 11;
3428 : 37;
3429 : -15;
342A : -9;
342B : -16;
342C : -8;
342D : 9;
342E : 8;
342F : -20;
3430 : -12;
3431 : -24;
3432 : -12;
3433 : -23;
3434 : -2;
3435 : -43;
3436 : 5;
3437 : -15;
3438 : 5;
3439 : -22;
343A : -10;
343B : -4;
343C : -4;
343D : 12;
343E : -24;
343F : -32;
3440 : 21;
3441 : -13;
3442 : 22;
3443 : -13;
3444 : 21;
3445 : 24;
3446 : -14;
3447 : 7;
3448 : 26;
3449 : -12;
344A : 25;
344B : 16;
344C : -12;
344D : 13;
344E : -9;
344F : -17;
3450 : -26;
3451 : 21;
3452 : 20;
3453 : 11;
3454 : 30;
3455 : 13;
3456 : 29;
3457 : 11;
3458 : -13;
3459 : -9;
345A : 21;
345B : 0;
345C : -15;
345D : 16;
345E : -14;
345F : -2;
3460 : -31;
3461 : -12;
3462 : -2;
3463 : 1;
3464 : 5;
3465 : 19;
3466 : 43;
3467 : 6;
3468 : -3;
3469 : -26;
346A : 42;
346B : -38;
346C : -25;
346D : -4;
346E : -6;
346F : 10;
3470 : -43;
3471 : 11;
3472 : 3;
3473 : 19;
3474 : 30;
3475 : 21;
3476 : -13;
3477 : -20;
3478 : -34;
3479 : -47;
347A : 6;
347B : -37;
347C : 40;
347D : 29;
347E : 0;
347F : 11;
3480 : -16;
3481 : -12;
3482 : 37;
3483 : 23;
3484 : 4;
3485 : 1;
3486 : -38;
3487 : 15;
3488 : 0;
3489 : -18;
348A : -12;
348B : -28;
348C : -13;
348D : -10;
348E : -23;
348F : 17;
3490 : -42;
3491 : -11;
3492 : 22;
3493 : -12;
3494 : 24;
3495 : 40;
3496 : -3;
3497 : 8;
3498 : -17;
3499 : -30;
349A : -24;
349B : -49;
349C : -23;
349D : -26;
349E : -6;
349F : 4;
34A0 : -7;
34A1 : 0;
34A2 : 17;
34A3 : -22;
34A4 : 22;
34A5 : 16;
34A6 : -25;
34A7 : 21;
34A8 : -62;
34A9 : 8;
34AA : -20;
34AB : -9;
34AC : -11;
34AD : -21;
34AE : -8;
34AF : 24;
34B0 : 15;
34B1 : -18;
34B2 : -4;
34B3 : -7;
34B4 : 17;
34B5 : -10;
34B6 : 8;
34B7 : -19;
34B8 : -31;
34B9 : -3;
34BA : 4;
34BB : -18;
34BC : -11;
34BD : -12;
34BE : -21;
34BF : -14;
34C0 : -21;
34C1 : -27;
34C2 : 8;
34C3 : 7;
34C4 : 36;
34C5 : 30;
34C6 : -37;
34C7 : 21;
34C8 : 8;
34C9 : 28;
34CA : 2;
34CB : -38;
34CC : 10;
34CD : -20;
34CE : -36;
34CF : -14;
34D0 : 1;
34D1 : 14;
34D2 : -21;
34D3 : 29;
34D4 : 8;
34D5 : -19;
34D6 : 31;
34D7 : 25;
34D8 : -45;
34D9 : 22;
34DA : -5;
34DB : 10;
34DC : 13;
34DD : -16;
34DE : -5;
34DF : 28;
34E0 : -4;
34E1 : 0;
34E2 : -7;
34E3 : -17;
34E4 : -7;
34E5 : -25;
34E6 : -26;
34E7 : 0;
34E8 : -33;
34E9 : 26;
34EA : -7;
34EB : -8;
34EC : 25;
34ED : -19;
34EE : 16;
34EF : -25;
34F0 : 13;
34F1 : 8;
34F2 : -21;
34F3 : -5;
34F4 : 8;
34F5 : -9;
34F6 : -40;
34F7 : -22;
34F8 : -21;
34F9 : -5;
34FA : 19;
34FB : 3;
34FC : 9;
34FD : 9;
34FE : -10;
34FF : -19;
3500 : -9;
3501 : -4;
3502 : -11;
3503 : -21;
3504 : -13;
3505 : -5;
3506 : -9;
3507 : 29;
3508 : -8;
3509 : -1;
350A : -33;
350B : -13;
350C : 7;
350D : -42;
350E : -3;
350F : 8;
3510 : 5;
3511 : -8;
3512 : -14;
3513 : -22;
3514 : 8;
3515 : -29;
3516 : 5;
3517 : -21;
3518 : 5;
3519 : -11;
351A : -11;
351B : 4;
351C : 26;
351D : 1;
351E : -43;
351F : -11;
3520 : 8;
3521 : 19;
3522 : -43;
3523 : 9;
3524 : 0;
3525 : -20;
3526 : -15;
3527 : -11;
3528 : 26;
3529 : 18;
352A : -14;
352B : 16;
352C : -14;
352D : -8;
352E : -12;
352F : -30;
3530 : 17;
3531 : 30;
3532 : 17;
3533 : 4;
3534 : -6;
3535 : 4;
3536 : -4;
3537 : -11;
3538 : 25;
3539 : 28;
353A : -27;
353B : 8;
353C : -19;
353D : 14;
353E : -14;
353F : 3;
3540 : 21;
3541 : 4;
3542 : 13;
3543 : -1;
3544 : -4;
3545 : -6;
3546 : -34;
3547 : 3;
3548 : 18;
3549 : 27;
354A : -12;
354B : -4;
354C : -5;
354D : -54;
354E : 21;
354F : -37;
3550 : 7;
3551 : 6;
3552 : -7;
3553 : -28;
3554 : -18;
3555 : -3;
3556 : 6;
3557 : -13;
3558 : 39;
3559 : -3;
355A : -8;
355B : -11;
355C : -21;
355D : -21;
355E : -1;
355F : -43;
3560 : 45;
3561 : -26;
3562 : 16;
3563 : -18;
3564 : -24;
3565 : -39;
3566 : -8;
3567 : -4;
3568 : 45;
3569 : -12;
356A : -23;
356B : -25;
356C : 3;
356D : -27;
356E : 14;
356F : -53;
3570 : -18;
3571 : 5;
3572 : 14;
3573 : -12;
3574 : 0;
3575 : 5;
3576 : -16;
3577 : 16;
3578 : 32;
3579 : -12;
357A : -5;
357B : 3;
357C : 8;
357D : -32;
357E : 20;
357F : 11;
3580 : -20;
3581 : -22;
3582 : -22;
3583 : -12;
3584 : -49;
3585 : -8;
3586 : 4;
3587 : 20;
3588 : -6;
3589 : -36;
358A : 13;
358B : 11;
358C : -13;
358D : -17;
358E : 0;
358F : -29;
3590 : 21;
3591 : 14;
3592 : -25;
3593 : -14;
3594 : 0;
3595 : -42;
3596 : -7;
3597 : -16;
3598 : 13;
3599 : -24;
359A : -25;
359B : 30;
359C : -7;
359D : -28;
359E : -24;
359F : -31;
35A0 : -8;
35A1 : -37;
35A2 : -35;
35A3 : -10;
35A4 : -22;
35A5 : 10;
35A6 : -15;
35A7 : -4;
35A8 : -24;
35A9 : -37;
35AA : -35;
35AB : -4;
35AC : 7;
35AD : -21;
35AE : 0;
35AF : -49;
35B0 : -11;
35B1 : -18;
35B2 : 16;
35B3 : -11;
35B4 : -18;
35B5 : -10;
35B6 : 12;
35B7 : -11;
35B8 : -8;
35B9 : -4;
35BA : 15;
35BB : 20;
35BC : -14;
35BD : -1;
35BE : 13;
35BF : -1;
35C0 : 18;
35C1 : 0;
35C2 : -29;
35C3 : 10;
35C4 : -33;
35C5 : -58;
35C6 : 9;
35C7 : -30;
35C8 : 22;
35C9 : -6;
35CA : 14;
35CB : -11;
35CC : -14;
35CD : -4;
35CE : 8;
35CF : 14;
35D0 : 2;
35D1 : -23;
35D2 : 13;
35D3 : -31;
35D4 : -20;
35D5 : -33;
35D6 : -39;
35D7 : -9;
35D8 : 39;
35D9 : -4;
35DA : -23;
35DB : 0;
35DC : -16;
35DD : -32;
35DE : 4;
35DF : -16;
35E0 : -7;
35E1 : -15;
35E2 : -14;
35E3 : 9;
35E4 : 4;
35E5 : 15;
35E6 : -27;
35E7 : -6;
35E8 : 14;
35E9 : -21;
35EA : 12;
35EB : -5;
35EC : -18;
35ED : -28;
35EE : 15;
35EF : -26;
35F0 : -29;
35F1 : -40;
35F2 : -37;
35F3 : 18;
35F4 : 52;
35F5 : 4;
35F6 : -5;
35F7 : 3;
35F8 : -26;
35F9 : -31;
35FA : 25;
35FB : -40;
35FC : -2;
35FD : -1;
35FE : -10;
35FF : 4;
3600 : 14;
3601 : -8;
3602 : 41;
3603 : 28;
3604 : 17;
3605 : 29;
3606 : 44;
3607 : -16;
3608 : 2;
3609 : -7;
360A : 34;
360B : 31;
360C : -27;
360D : -1;
360E : 47;
360F : 17;
3610 : -4;
3611 : -42;
3612 : 23;
3613 : -11;
3614 : -23;
3615 : 8;
3616 : -5;
3617 : 4;
3618 : 8;
3619 : -18;
361A : 11;
361B : -8;
361C : -4;
361D : 1;
361E : -14;
361F : -16;
3620 : 0;
3621 : -1;
3622 : 24;
3623 : 9;
3624 : -11;
3625 : 16;
3626 : 0;
3627 : -21;
3628 : -35;
3629 : -1;
362A : 6;
362B : -25;
362C : -21;
362D : 4;
362E : 18;
362F : 10;
3630 : -32;
3631 : -1;
3632 : 24;
3633 : 13;
3634 : 30;
3635 : 41;
3636 : -4;
3637 : 11;
3638 : -37;
3639 : 0;
363A : -4;
363B : -36;
363C : 11;
363D : 31;
363E : -4;
363F : 6;
3640 : -5;
3641 : -2;
3642 : -30;
3643 : -5;
3644 : 14;
3645 : -22;
3646 : -13;
3647 : 18;
3648 : 6;
3649 : 6;
364A : 9;
364B : -8;
364C : -4;
364D : -17;
364E : 3;
364F : -24;
3650 : -13;
3651 : -23;
3652 : 12;
3653 : -14;
3654 : 8;
3655 : -21;
3656 : -10;
3657 : 2;
3658 : -33;
3659 : 10;
365A : 1;
365B : -10;
365C : -5;
365D : -13;
365E : 9;
365F : -12;
3660 : 0;
3661 : -10;
3662 : 28;
3663 : -7;
3664 : 3;
3665 : 13;
3666 : -32;
3667 : 1;
3668 : 7;
3669 : 9;
366A : -9;
366B : 15;
366C : -3;
366D : 18;
366E : 0;
366F : -2;
3670 : -7;
3671 : 37;
3672 : -26;
3673 : -20;
3674 : -7;
3675 : -11;
3676 : -8;
3677 : -25;
3678 : 3;
3679 : 38;
367A : -12;
367B : -2;
367C : -17;
367D : 20;
367E : 24;
367F : -11;
3680 : 11;
3681 : 13;
3682 : -1;
3683 : 10;
3684 : 11;
3685 : 14;
3686 : 25;
3687 : -3;
3688 : -10;
3689 : -1;
368A : 17;
368B : -7;
368C : 8;
368D : 14;
368E : -4;
368F : -14;
3690 : 5;
3691 : -22;
3692 : 23;
3693 : 5;
3694 : -11;
3695 : 4;
3696 : 36;
3697 : -20;
3698 : 10;
3699 : -25;
369A : 9;
369B : 7;
369C : -15;
369D : 13;
369E : -17;
369F : -26;
36A0 : -2;
36A1 : 20;
36A2 : -6;
36A3 : 25;
36A4 : 15;
36A5 : -25;
36A6 : 8;
36A7 : 4;
36A8 : 3;
36A9 : -21;
36AA : 32;
36AB : 41;
36AC : -24;
36AD : 14;
36AE : 30;
36AF : 2;
36B0 : 3;
36B1 : 4;
36B2 : 2;
36B3 : 4;
36B4 : 1;
36B5 : 13;
36B6 : 7;
36B7 : -11;
36B8 : -10;
36B9 : 12;
36BA : 13;
36BB : 16;
36BC : -12;
36BD : 21;
36BE : 39;
36BF : -15;
36C0 : 7;
36C1 : -38;
36C2 : -3;
36C3 : -25;
36C4 : 3;
36C5 : 12;
36C6 : 31;
36C7 : 4;
36C8 : -10;
36C9 : 20;
36CA : 1;
36CB : 8;
36CC : 13;
36CD : 7;
36CE : 15;
36CF : 21;
36D0 : 6;
36D1 : 8;
36D2 : -6;
36D3 : -14;
36D4 : 3;
36D5 : 23;
36D6 : -27;
36D7 : 31;
36D8 : -1;
36D9 : 11;
36DA : 19;
36DB : -14;
36DC : 3;
36DD : 11;
36DE : -9;
36DF : -20;
36E0 : 3;
36E1 : -1;
36E2 : 31;
36E3 : 6;
36E4 : -29;
36E5 : 5;
36E6 : 2;
36E7 : -11;
36E8 : -20;
36E9 : 20;
36EA : 31;
36EB : 9;
36EC : 13;
36ED : -4;
36EE : 14;
36EF : 13;
36F0 : -28;
36F1 : 29;
36F2 : 14;
36F3 : -17;
36F4 : 1;
36F5 : 17;
36F6 : -7;
36F7 : 28;
36F8 : 19;
36F9 : -2;
36FA : -21;
36FB : -30;
36FC : -7;
36FD : -16;
36FE : 17;
36FF : 10;
3700 : 8;
3701 : 1;
3702 : 16;
3703 : -3;
3704 : -2;
3705 : 4;
3706 : 10;
3707 : 12;
3708 : 13;
3709 : 11;
370A : 4;
370B : 20;
370C : 5;
370D : 3;
370E : 25;
370F : -28;
3710 : 0;
3711 : 30;
3712 : 9;
3713 : 0;
3714 : -38;
3715 : -13;
3716 : 5;
3717 : -6;
3718 : 40;
3719 : 13;
371A : -22;
371B : -6;
371C : -19;
371D : -29;
371E : -2;
371F : -36;
3720 : 28;
3721 : -15;
3722 : 19;
3723 : 16;
3724 : -20;
3725 : -9;
3726 : 1;
3727 : 16;
3728 : -5;
3729 : 13;
372A : -9;
372B : 4;
372C : 7;
372D : -23;
372E : 14;
372F : -33;
3730 : 5;
3731 : -8;
3732 : 8;
3733 : -7;
3734 : 3;
3735 : -4;
3736 : 10;
3737 : -12;
3738 : -21;
3739 : 9;
373A : 24;
373B : 8;
373C : 13;
373D : 23;
373E : -19;
373F : -17;
3740 : 7;
3741 : 35;
3742 : -15;
3743 : 23;
3744 : -18;
3745 : 18;
3746 : -8;
3747 : 2;
3748 : 15;
3749 : -5;
374A : -5;
374B : 25;
374C : -1;
374D : -10;
374E : -18;
374F : -15;
3750 : -22;
3751 : -8;
3752 : -1;
3753 : -2;
3754 : -4;
3755 : -11;
3756 : -3;
3757 : -18;
3758 : 14;
3759 : -13;
375A : 37;
375B : 21;
375C : -2;
375D : -4;
375E : 5;
375F : -19;
3760 : -9;
3761 : 19;
3762 : 3;
3763 : -11;
3764 : 18;
3765 : -3;
3766 : -17;
3767 : 21;
3768 : 27;
3769 : -34;
376A : 6;
376B : -15;
376C : 15;
376D : -1;
376E : -2;
376F : -25;
3770 : -17;
3771 : -27;
3772 : -9;
3773 : -16;
3774 : 29;
3775 : 17;
3776 : -20;
3777 : 5;
3778 : 36;
3779 : 11;
377A : -22;
377B : 13;
377C : 6;
377D : 6;
377E : 2;
377F : 31;
3780 : 17;
3781 : -22;
3782 : 23;
3783 : -7;
3784 : -10;
3785 : -11;
3786 : -12;
3787 : 4;
3788 : 27;
3789 : -14;
378A : -15;
378B : 5;
378C : -12;
378D : -16;
378E : -13;
378F : -20;
3790 : 6;
3791 : -18;
3792 : 12;
3793 : -13;
3794 : -18;
3795 : -20;
3796 : -14;
3797 : -14;
3798 : -8;
3799 : 15;
379A : 18;
379B : 20;
379C : 12;
379D : 20;
379E : 8;
379F : 9;
37A0 : 25;
37A1 : 22;
37A2 : -23;
37A3 : 2;
37A4 : 9;
37A5 : 11;
37A6 : -36;
37A7 : 10;
37A8 : -13;
37A9 : -8;
37AA : 1;
37AB : 14;
37AC : 25;
37AD : -11;
37AE : -18;
37AF : 19;
37B0 : 47;
37B1 : 9;
37B2 : -19;
37B3 : 25;
37B4 : 18;
37B5 : -7;
37B6 : -33;
37B7 : -4;
37B8 : 0;
37B9 : 23;
37BA : -50;
37BB : 23;
37BC : -25;
37BD : -8;
37BE : -32;
37BF : 21;
37C0 : 21;
37C1 : 12;
37C2 : 3;
37C3 : 14;
37C4 : -15;
37C5 : 28;
37C6 : 11;
37C7 : -34;
37C8 : 22;
37C9 : -16;
37CA : 17;
37CB : -11;
37CC : -2;
37CD : 24;
37CE : -1;
37CF : -10;
37D0 : -3;
37D1 : 9;
37D2 : -29;
37D3 : -14;
37D4 : 22;
37D5 : 1;
37D6 : -45;
37D7 : -19;
37D8 : 29;
37D9 : -16;
37DA : -9;
37DB : -4;
37DC : -7;
37DD : 1;
37DE : -38;
37DF : -4;
37E0 : -8;
37E1 : -8;
37E2 : -55;
37E3 : 37;
37E4 : 54;
37E5 : 14;
37E6 : -17;
37E7 : -25;
37E8 : 29;
37E9 : -18;
37EA : -37;
37EB : -21;
37EC : -44;
37ED : 0;
37EE : -22;
37EF : 15;
37F0 : 32;
37F1 : -10;
37F2 : -6;
37F3 : 19;
37F4 : 5;
37F5 : -50;
37F6 : -25;
37F7 : -24;
37F8 : -12;
37F9 : -54;
37FA : 17;
37FB : 16;
37FC : -30;
37FD : 6;
37FE : -12;
37FF : 16;
3800 : -24;
3801 : 30;
3802 : -22;
3803 : 30;
3804 : 5;
3805 : 9;
3806 : -47;
3807 : -7;
3808 : -20;
3809 : -18;
380A : -13;
380B : -12;
380C : 24;
380D : -29;
380E : 7;
380F : -23;
3810 : 18;
3811 : 21;
3812 : -7;
3813 : -18;
3814 : -24;
3815 : -47;
3816 : -6;
3817 : -8;
3818 : 16;
3819 : 10;
381A : 5;
381B : -12;
381C : -12;
381D : 3;
381E : -7;
381F : -18;
3820 : -18;
3821 : -13;
3822 : -27;
3823 : 10;
3824 : 6;
3825 : -28;
3826 : 8;
3827 : -11;
3828 : -3;
3829 : 13;
382A : -2;
382B : 26;
382C : -9;
382D : -18;
382E : 38;
382F : -49;
3830 : 34;
3831 : -55;
3832 : 5;
3833 : -2;
3834 : -1;
3835 : -42;
3836 : 6;
3837 : 1;
3838 : 56;
3839 : 19;
383A : -17;
383B : 40;
383C : -21;
383D : -26;
383E : 19;
383F : 9;
3840 : 7;
3841 : -5;
3842 : -30;
3843 : 1;
3844 : 27;
3845 : -23;
3846 : 25;
3847 : 11;
3848 : -37;
3849 : -2;
384A : 28;
384B : -22;
384C : 8;
384D : 27;
384E : 7;
384F : 8;
3850 : 8;
3851 : 16;
3852 : 2;
3853 : -16;
3854 : 2;
3855 : -7;
3856 : 5;
3857 : -7;
3858 : 0;
3859 : 0;
385A : 50;
385B : -12;
385C : -8;
385D : 45;
385E : 12;
385F : -25;
3860 : 5;
3861 : 15;
3862 : -28;
3863 : 23;
3864 : -5;
3865 : -21;
3866 : 25;
3867 : 18;
3868 : -24;
3869 : -21;
386A : -7;
386B : 26;
386C : -12;
386D : 18;
386E : 3;
386F : 10;
3870 : 9;
3871 : -14;
3872 : 1;
3873 : -17;
3874 : -18;
3875 : -15;
3876 : 19;
3877 : 5;
3878 : 22;
3879 : -29;
387A : 12;
387B : -24;
387C : 3;
387D : -24;
387E : 2;
387F : -6;
3880 : -25;
3881 : -22;
3882 : 38;
3883 : -23;
3884 : 28;
3885 : -9;
3886 : -3;
3887 : -9;
3888 : -14;
3889 : 26;
388A : -7;
388B : 1;
388C : -1;
388D : 38;
388E : -1;
388F : 18;
3890 : -26;
3891 : -13;
3892 : 1;
3893 : -17;
3894 : 22;
3895 : -15;
3896 : 12;
3897 : -5;
3898 : 23;
3899 : 0;
389A : 31;
389B : -8;
389C : -20;
389D : 29;
389E : -3;
389F : 19;
38A0 : -18;
38A1 : -8;
38A2 : -2;
38A3 : -6;
38A4 : -19;
38A5 : 9;
38A6 : 21;
38A7 : 10;
38A8 : 25;
38A9 : -31;
38AA : 3;
38AB : -2;
38AC : 10;
38AD : -7;
38AE : 0;
38AF : -19;
38B0 : -26;
38B1 : 18;
38B2 : 7;
38B3 : 0;
38B4 : 18;
38B5 : 10;
38B6 : 8;
38B7 : 8;
38B8 : -18;
38B9 : -12;
38BA : 21;
38BB : -35;
38BC : -31;
38BD : -3;
38BE : 9;
38BF : -10;
38C0 : 2;
38C1 : 3;
38C2 : 25;
38C3 : 4;
38C4 : -34;
38C5 : 1;
38C6 : 34;
38C7 : -13;
38C8 : 11;
38C9 : 5;
38CA : 16;
38CB : 4;
38CC : -6;
38CD : 6;
38CE : -13;
38CF : 23;
38D0 : -17;
38D1 : 10;
38D2 : 23;
38D3 : 12;
38D4 : 4;
38D5 : 5;
38D6 : 22;
38D7 : -5;
38D8 : 24;
38D9 : -27;
38DA : 14;
38DB : 12;
38DC : 25;
38DD : 13;
38DE : 5;
38DF : -24;
38E0 : 22;
38E1 : 17;
38E2 : 18;
38E3 : -25;
38E4 : 2;
38E5 : 26;
38E6 : 5;
38E7 : -20;
38E8 : 22;
38E9 : 20;
38EA : -2;
38EB : 32;
38EC : 22;
38ED : 2;
38EE : -2;
38EF : -3;
38F0 : -15;
38F1 : 19;
38F2 : 11;
38F3 : 16;
38F4 : 10;
38F5 : 7;
38F6 : -27;
38F7 : -6;
38F8 : 0;
38F9 : -4;
38FA : -17;
38FB : 1;
38FC : 1;
38FD : -14;
38FE : -37;
38FF : -1;
3900 : -11;
3901 : 33;
3902 : -14;
3903 : 4;
3904 : 11;
3905 : -23;
3906 : 33;
3907 : 33;
3908 : 63;
3909 : 29;
390A : 1;
390B : 35;
390C : 17;
390D : -4;
390E : 17;
390F : -13;
3910 : 43;
3911 : 16;
3912 : 2;
3913 : -18;
3914 : -5;
3915 : -15;
3916 : 18;
3917 : 15;
3918 : 40;
3919 : 18;
391A : 11;
391B : -2;
391C : 25;
391D : 10;
391E : -15;
391F : -13;
3920 : 12;
3921 : 46;
3922 : -23;
3923 : -19;
3924 : 17;
3925 : -22;
3926 : 20;
3927 : 19;
3928 : 26;
3929 : -10;
392A : -11;
392B : 3;
392C : -13;
392D : 22;
392E : 18;
392F : -24;
3930 : 14;
3931 : -11;
3932 : -6;
3933 : 4;
3934 : 14;
3935 : 9;
3936 : 10;
3937 : 9;
3938 : 47;
3939 : -27;
393A : 12;
393B : 2;
393C : 31;
393D : -10;
393E : -23;
393F : -33;
3940 : -5;
3941 : 26;
3942 : 10;
3943 : 9;
3944 : 14;
3945 : 24;
3946 : 35;
3947 : 22;
3948 : 12;
3949 : 8;
394A : 17;
394B : 21;
394C : 15;
394D : 32;
394E : -22;
394F : 14;
3950 : -7;
3951 : -4;
3952 : 2;
3953 : 31;
3954 : 8;
3955 : -8;
3956 : -3;
3957 : 10;
3958 : 19;
3959 : -10;
395A : 1;
395B : 29;
395C : -17;
395D : -19;
395E : -22;
395F : -24;
3960 : 20;
3961 : 3;
3962 : -4;
3963 : 0;
3964 : 34;
3965 : 6;
3966 : 24;
3967 : -9;
3968 : 7;
3969 : -10;
396A : 14;
396B : -3;
396C : 3;
396D : 2;
396E : -8;
396F : 25;
3970 : -11;
3971 : 10;
3972 : 37;
3973 : 28;
3974 : 26;
3975 : 6;
3976 : -2;
3977 : -14;
3978 : 5;
3979 : 3;
397A : 18;
397B : 34;
397C : 56;
397D : 17;
397E : 12;
397F : -7;
3980 : 0;
3981 : -25;
3982 : 13;
3983 : 8;
3984 : 16;
3985 : 5;
3986 : -5;
3987 : 5;
3988 : 1;
3989 : -29;
398A : 22;
398B : -32;
398C : -7;
398D : -33;
398E : 1;
398F : 1;
3990 : -29;
3991 : -25;
3992 : 2;
3993 : -2;
3994 : -12;
3995 : 19;
3996 : -48;
3997 : 2;
3998 : -40;
3999 : -22;
399A : -48;
399B : -26;
399C : 20;
399D : -40;
399E : 2;
399F : 12;
39A0 : -32;
39A1 : 10;
39A2 : -13;
39A3 : 2;
39A4 : -6;
39A5 : 13;
39A6 : -21;
39A7 : -15;
39A8 : -30;
39A9 : 19;
39AA : -25;
39AB : 16;
39AC : 27;
39AD : -15;
39AE : 17;
39AF : -15;
39B0 : 19;
39B1 : -11;
39B2 : 8;
39B3 : 4;
39B4 : 18;
39B5 : -9;
39B6 : -2;
39B7 : 14;
39B8 : 23;
39B9 : -16;
39BA : -2;
39BB : -4;
39BC : 15;
39BD : 20;
39BE : -15;
39BF : -13;
39C0 : -9;
39C1 : 20;
39C2 : 0;
39C3 : 18;
39C4 : 34;
39C5 : 32;
39C6 : -41;
39C7 : -42;
39C8 : -16;
39C9 : -1;
39CA : 5;
39CB : -20;
39CC : -6;
39CD : -18;
39CE : -3;
39CF : -3;
39D0 : -22;
39D1 : 28;
39D2 : -2;
39D3 : -6;
39D4 : 6;
39D5 : 5;
39D6 : -4;
39D7 : 12;
39D8 : -9;
39D9 : 9;
39DA : -17;
39DB : -29;
39DC : -29;
39DD : 4;
39DE : -9;
39DF : 26;
39E0 : -18;
39E1 : 18;
39E2 : -27;
39E3 : 27;
39E4 : -15;
39E5 : -16;
39E6 : -41;
39E7 : 7;
39E8 : 12;
39E9 : 16;
39EA : -46;
39EB : 21;
39EC : 22;
39ED : -9;
39EE : -19;
39EF : -24;
39F0 : 38;
39F1 : 7;
39F2 : -2;
39F3 : 8;
39F4 : 7;
39F5 : -11;
39F6 : -36;
39F7 : -23;
39F8 : -5;
39F9 : -25;
39FA : 34;
39FB : 14;
39FC : -27;
39FD : -21;
39FE : 18;
39FF : 14;
3A00 : -6;
3A01 : -16;
3A02 : 1;
3A03 : 15;
3A04 : 2;
3A05 : -4;
3A06 : -52;
3A07 : 5;
3A08 : -24;
3A09 : 9;
3A0A : -1;
3A0B : -5;
3A0C : -19;
3A0D : -43;
3A0E : -26;
3A0F : 4;
3A10 : 2;
3A11 : -1;
3A12 : 2;
3A13 : 29;
3A14 : 29;
3A15 : -27;
3A16 : -11;
3A17 : 3;
3A18 : -39;
3A19 : -4;
3A1A : -1;
3A1B : -19;
3A1C : 11;
3A1D : -24;
3A1E : 9;
3A1F : 2;
3A20 : -10;
3A21 : -4;
3A22 : -16;
3A23 : -5;
3A24 : -10;
3A25 : -21;
3A26 : -8;
3A27 : -1;
3A28 : -31;
3A29 : 21;
3A2A : -6;
3A2B : -2;
3A2C : 10;
3A2D : -35;
3A2E : 12;
3A2F : -4;
3A30 : 38;
3A31 : 11;
3A32 : -31;
3A33 : -30;
3A34 : -17;
3A35 : -7;
3A36 : -6;
3A37 : 13;
3A38 : 30;
3A39 : 21;
3A3A : -7;
3A3B : -4;
3A3C : 8;
3A3D : 7;
3A3E : 17;
3A3F : -10;
3A40 : 21;
3A41 : -21;
3A42 : -12;
3A43 : -20;
3A44 : 22;
3A45 : -22;
3A46 : 6;
3A47 : 9;
3A48 : -45;
3A49 : 41;
3A4A : 31;
3A4B : -4;
3A4C : 1;
3A4D : 25;
3A4E : 2;
3A4F : 25;
3A50 : 2;
3A51 : 27;
3A52 : 17;
3A53 : -16;
3A54 : 26;
3A55 : -10;
3A56 : 21;
3A57 : -10;
3A58 : -14;
3A59 : 15;
3A5A : 41;
3A5B : -3;
3A5C : 32;
3A5D : 6;
3A5E : 12;
3A5F : -2;
3A60 : 6;
3A61 : -12;
3A62 : 8;
3A63 : -11;
3A64 : -9;
3A65 : -9;
3A66 : -6;
3A67 : 24;
3A68 : -29;
3A69 : -25;
3A6A : 4;
3A6B : 4;
3A6C : -18;
3A6D : 21;
3A6E : 21;
3A6F : -12;
3A70 : 26;
3A71 : -13;
3A72 : 5;
3A73 : 9;
3A74 : -31;
3A75 : -5;
3A76 : -31;
3A77 : 7;
3A78 : 47;
3A79 : -24;
3A7A : 14;
3A7B : 18;
3A7C : -28;
3A7D : 4;
3A7E : 13;
3A7F : -12;
3A80 : 8;
3A81 : 5;
3A82 : 36;
3A83 : 8;
3A84 : -1;
3A85 : -8;
3A86 : -12;
3A87 : 11;
3A88 : -15;
3A89 : 23;
3A8A : 26;
3A8B : 35;
3A8C : -13;
3A8D : 31;
3A8E : 19;
3A8F : 10;
3A90 : 11;
3A91 : 30;
3A92 : -2;
3A93 : 22;
3A94 : 23;
3A95 : -10;
3A96 : 17;
3A97 : 5;
3A98 : -4;
3A99 : -2;
3A9A : 21;
3A9B : 26;
3A9C : 15;
3A9D : -1;
3A9E : -6;
3A9F : 28;
3AA0 : 27;
3AA1 : 8;
3AA2 : -36;
3AA3 : -2;
3AA4 : -14;
3AA5 : -19;
3AA6 : 6;
3AA7 : -26;
3AA8 : 9;
3AA9 : -4;
3AAA : 8;
3AAB : -13;
3AAC : 6;
3AAD : -10;
3AAE : -26;
3AAF : 0;
3AB0 : -16;
3AB1 : 28;
3AB2 : 1;
3AB3 : -14;
3AB4 : 4;
3AB5 : -17;
3AB6 : 1;
3AB7 : 2;
3AB8 : 19;
3AB9 : -24;
3ABA : 3;
3ABB : -2;
3ABC : -36;
3ABD : 0;
3ABE : 11;
3ABF : -14;
3AC0 : 20;
3AC1 : 2;
3AC2 : -12;
3AC3 : 5;
3AC4 : -19;
3AC5 : -2;
3AC6 : 1;
3AC7 : -1;
3AC8 : -20;
3AC9 : 16;
3ACA : 8;
3ACB : -3;
3ACC : 6;
3ACD : 18;
3ACE : 16;
3ACF : -6;
3AD0 : -9;
3AD1 : -13;
3AD2 : -21;
3AD3 : 13;
3AD4 : 8;
3AD5 : 9;
3AD6 : 19;
3AD7 : -14;
3AD8 : 1;
3AD9 : 22;
3ADA : -7;
3ADB : -11;
3ADC : 23;
3ADD : -11;
3ADE : -17;
3ADF : 23;
3AE0 : 13;
3AE1 : -15;
3AE2 : 7;
3AE3 : 17;
3AE4 : 4;
3AE5 : 21;
3AE6 : 26;
3AE7 : 9;
3AE8 : -17;
3AE9 : -1;
3AEA : -16;
3AEB : -6;
3AEC : -15;
3AED : 2;
3AEE : -9;
3AEF : 22;
3AF0 : -37;
3AF1 : -10;
3AF2 : 16;
3AF3 : -19;
3AF4 : 31;
3AF5 : -3;
3AF6 : 39;
3AF7 : 5;
3AF8 : 7;
3AF9 : -21;
3AFA : 32;
3AFB : -27;
3AFC : 11;
3AFD : 7;
3AFE : -11;
3AFF : 15;
3B00 : 20;
3B01 : -37;
3B02 : -9;
3B03 : -37;
3B04 : -18;
3B05 : 19;
3B06 : 36;
3B07 : 6;
3B08 : 12;
3B09 : 19;
3B0A : 28;
3B0B : -21;
3B0C : 14;
3B0D : -16;
3B0E : 19;
3B0F : -6;
3B10 : -3;
3B11 : -42;
3B12 : 26;
3B13 : -16;
3B14 : -2;
3B15 : 18;
3B16 : 5;
3B17 : 6;
3B18 : 30;
3B19 : 34;
3B1A : 21;
3B1B : 9;
3B1C : -26;
3B1D : 0;
3B1E : 10;
3B1F : 11;
3B20 : 25;
3B21 : -25;
3B22 : -7;
3B23 : 17;
3B24 : 18;
3B25 : 8;
3B26 : 37;
3B27 : 1;
3B28 : -24;
3B29 : -17;
3B2A : 17;
3B2B : 17;
3B2C : -6;
3B2D : 30;
3B2E : -28;
3B2F : 0;
3B30 : -24;
3B31 : 28;
3B32 : 27;
3B33 : 27;
3B34 : -28;
3B35 : -13;
3B36 : 8;
3B37 : 17;
3B38 : -41;
3B39 : 17;
3B3A : 1;
3B3B : 12;
3B3C : 16;
3B3D : -7;
3B3E : 8;
3B3F : -35;
3B40 : -18;
3B41 : 24;
3B42 : -14;
3B43 : 8;
3B44 : 5;
3B45 : 1;
3B46 : 11;
3B47 : 26;
3B48 : -9;
3B49 : 13;
3B4A : 11;
3B4B : 4;
3B4C : 21;
3B4D : 10;
3B4E : -8;
3B4F : -15;
3B50 : 22;
3B51 : -5;
3B52 : -24;
3B53 : 21;
3B54 : 6;
3B55 : 27;
3B56 : -14;
3B57 : -25;
3B58 : -21;
3B59 : -7;
3B5A : 7;
3B5B : 2;
3B5C : -24;
3B5D : 0;
3B5E : 11;
3B5F : -7;
3B60 : 24;
3B61 : -9;
3B62 : 15;
3B63 : -12;
3B64 : 23;
3B65 : -26;
3B66 : 7;
3B67 : 3;
3B68 : -6;
3B69 : 24;
3B6A : 9;
3B6B : 3;
3B6C : 2;
3B6D : 32;
3B6E : 8;
3B6F : 2;
3B70 : 15;
3B71 : -14;
3B72 : -2;
3B73 : -5;
3B74 : 35;
3B75 : 14;
3B76 : -25;
3B77 : -29;
3B78 : 0;
3B79 : -1;
3B7A : 20;
3B7B : -24;
3B7C : -13;
3B7D : 35;
3B7E : 13;
3B7F : 22;
3B80 : 23;
3B81 : -18;
3B82 : -6;
3B83 : 9;
3B84 : 28;
3B85 : 10;
3B86 : 23;
3B87 : 6;
3B88 : -19;
3B89 : 31;
3B8A : 5;
3B8B : 5;
3B8C : -29;
3B8D : 14;
3B8E : 23;
3B8F : 5;
3B90 : -12;
3B91 : 13;
3B92 : 38;
3B93 : 6;
3B94 : -12;
3B95 : 16;
3B96 : 27;
3B97 : 22;
3B98 : 28;
3B99 : 13;
3B9A : 21;
3B9B : 29;
3B9C : -30;
3B9D : 22;
3B9E : 15;
3B9F : 16;
3BA0 : -23;
3BA1 : -13;
3BA2 : -41;
3BA3 : -10;
3BA4 : 9;
3BA5 : -3;
3BA6 : -30;
3BA7 : -24;
3BA8 : 7;
3BA9 : 25;
3BAA : -14;
3BAB : -14;
3BAC : 36;
3BAD : -17;
3BAE : 22;
3BAF : 5;
3BB0 : -3;
3BB1 : 18;
3BB2 : -13;
3BB3 : 2;
3BB4 : 28;
3BB5 : -21;
3BB6 : -47;
3BB7 : -6;
3BB8 : 42;
3BB9 : 20;
3BBA : 5;
3BBB : -18;
3BBC : 31;
3BBD : 0;
3BBE : 19;
3BBF : 26;
3BC0 : 10;
3BC1 : -27;
3BC2 : 51;
3BC3 : -25;
3BC4 : 5;
3BC5 : 11;
3BC6 : -13;
3BC7 : -2;
3BC8 : 2;
3BC9 : -4;
3BCA : -19;
3BCB : -20;
3BCC : -27;
3BCD : 8;
3BCE : -11;
3BCF : -6;
3BD0 : -7;
3BD1 : 25;
3BD2 : -11;
3BD3 : -5;
3BD4 : -31;
3BD5 : 12;
3BD6 : -3;
3BD7 : -31;
3BD8 : 12;
3BD9 : -21;
3BDA : -19;
3BDB : -19;
3BDC : 4;
3BDD : 24;
3BDE : 15;
3BDF : -13;
3BE0 : 18;
3BE1 : 10;
3BE2 : 7;
3BE3 : 29;
3BE4 : -18;
3BE5 : -10;
3BE6 : -7;
3BE7 : -20;
3BE8 : 18;
3BE9 : -21;
3BEA : -8;
3BEB : -18;
3BEC : -12;
3BED : -29;
3BEE : 3;
3BEF : 11;
3BF0 : -8;
3BF1 : -19;
3BF2 : -8;
3BF3 : -5;
3BF4 : 34;
3BF5 : 31;
3BF6 : 1;
3BF7 : -16;
3BF8 : -42;
3BF9 : -18;
3BFA : -21;
3BFB : 12;
3BFC : 11;
3BFD : -3;
3BFE : 17;
3BFF : -23;
3C00 : 13;
3C01 : 28;
3C02 : -15;
3C03 : 0;
3C04 : 0;
3C05 : -19;
3C06 : -51;
3C07 : -28;
3C08 : -42;
3C09 : 13;
3C0A : 18;
3C0B : -7;
3C0C : -13;
3C0D : 19;
3C0E : 6;
3C0F : 45;
3C10 : -3;
3C11 : -13;
3C12 : -5;
3C13 : 26;
3C14 : 10;
3C15 : 15;
3C16 : -29;
3C17 : -8;
3C18 : -6;
3C19 : 0;
3C1A : 8;
3C1B : -1;
3C1C : 7;
3C1D : 16;
3C1E : 2;
3C1F : 7;
3C20 : 24;
3C21 : 11;
3C22 : -26;
3C23 : -4;
3C24 : 5;
3C25 : -2;
3C26 : -22;
3C27 : -1;
3C28 : 3;
3C29 : 36;
3C2A : -26;
3C2B : -10;
3C2C : -36;
3C2D : -12;
3C2E : 32;
3C2F : 11;
3C30 : -5;
3C31 : -28;
3C32 : -33;
3C33 : -23;
3C34 : -18;
3C35 : -13;
3C36 : 21;
3C37 : -24;
3C38 : 26;
3C39 : 6;
3C3A : -14;
3C3B : 11;
3C3C : 1;
3C3D : -14;
3C3E : 35;
3C3F : -11;
3C40 : -16;
3C41 : -19;
3C42 : -2;
3C43 : -14;
3C44 : 5;
3C45 : -5;
3C46 : -47;
3C47 : 17;
3C48 : 4;
3C49 : 5;
3C4A : 5;
3C4B : -6;
3C4C : 8;
3C4D : -22;
3C4E : -4;
3C4F : -20;
3C50 : 12;
3C51 : 16;
3C52 : 5;
3C53 : 9;
3C54 : -10;
3C55 : -5;
3C56 : -5;
3C57 : 11;
3C58 : 13;
3C59 : 19;
3C5A : -24;
3C5B : -14;
3C5C : -7;
3C5D : -32;
3C5E : -8;
3C5F : -21;
3C60 : 7;
3C61 : 1;
3C62 : -18;
3C63 : -27;
3C64 : -8;
3C65 : 15;
3C66 : 6;
3C67 : 19;
3C68 : 23;
3C69 : 19;
3C6A : -39;
3C6B : 34;
3C6C : -5;
3C6D : 12;
3C6E : 15;
3C6F : 10;
3C70 : -27;
3C71 : -25;
3C72 : 19;
3C73 : -1;
3C74 : -21;
3C75 : -4;
3C76 : 9;
3C77 : 0;
3C78 : -12;
3C79 : -1;
3C7A : -28;
3C7B : -11;
3C7C : 26;
3C7D : -27;
3C7E : -25;
3C7F : -26;
3C80 : -22;
3C81 : 3;
3C82 : -15;
3C83 : 4;
3C84 : -19;
3C85 : -21;
3C86 : 2;
3C87 : 17;
3C88 : 14;
3C89 : -3;
3C8A : 20;
3C8B : -10;
3C8C : 17;
3C8D : -13;
3C8E : -6;
3C8F : -4;
3C90 : 23;
3C91 : -13;
3C92 : 9;
3C93 : 18;
3C94 : -2;
3C95 : -7;
3C96 : -25;
3C97 : 20;
3C98 : 11;
3C99 : -6;
3C9A : 16;
3C9B : 16;
3C9C : 3;
3C9D : -18;
3C9E : -1;
3C9F : -28;
3CA0 : 12;
3CA1 : -14;
3CA2 : 11;
3CA3 : 3;
3CA4 : -3;
3CA5 : 20;
3CA6 : 21;
3CA7 : 22;
3CA8 : -12;
3CA9 : -2;
3CAA : 0;
3CAB : 19;
3CAC : -24;
3CAD : -4;
3CAE : -14;
3CAF : 7;
3CB0 : 4;
3CB1 : -24;
3CB2 : 16;
3CB3 : 22;
3CB4 : -21;
3CB5 : -9;
3CB6 : 24;
3CB7 : -1;
3CB8 : -12;
3CB9 : 28;
3CBA : -29;
3CBB : 26;
3CBC : 10;
3CBD : 6;
3CBE : 6;
3CBF : 8;
3CC0 : 24;
3CC1 : -7;
3CC2 : -8;
3CC3 : 2;
3CC4 : 6;
3CC5 : -40;
3CC6 : 12;
3CC7 : 40;
3CC8 : 19;
3CC9 : 8;
3CCA : 9;
3CCB : -7;
3CCC : 4;
3CCD : -24;
3CCE : -3;
3CCF : 23;
3CD0 : 23;
3CD1 : 23;
3CD2 : 3;
3CD3 : 8;
3CD4 : -37;
3CD5 : 6;
3CD6 : 19;
3CD7 : -7;
3CD8 : -7;
3CD9 : 16;
3CDA : 23;
3CDB : -15;
3CDC : 6;
3CDD : -28;
3CDE : 0;
3CDF : 15;
3CE0 : 22;
3CE1 : 28;
3CE2 : 5;
3CE3 : -9;
3CE4 : 8;
3CE5 : 2;
3CE6 : 40;
3CE7 : -14;
3CE8 : 19;
3CE9 : 36;
3CEA : 27;
3CEB : 28;
3CEC : 3;
3CED : 12;
3CEE : 9;
3CEF : 0;
3CF0 : 13;
3CF1 : 16;
3CF2 : 41;
3CF3 : 5;
3CF4 : -28;
3CF5 : -23;
3CF6 : 8;
3CF7 : 26;
3CF8 : 20;
3CF9 : 27;
3CFA : 6;
3CFB : 27;
3CFC : 28;
3CFD : 12;
3CFE : 14;
3CFF : -3;
3D00 : -7;
3D01 : -32;
3D02 : 10;
3D03 : 10;
3D04 : 29;
3D05 : 16;
3D06 : 57;
3D07 : -8;
3D08 : 30;
3D09 : 2;
3D0A : 19;
3D0B : 13;
3D0C : 1;
3D0D : 31;
3D0E : -1;
3D0F : 15;
3D10 : 13;
3D11 : -1;
3D12 : -7;
3D13 : -15;
3D14 : 28;
3D15 : 7;
3D16 : 38;
3D17 : -20;
3D18 : 19;
3D19 : 0;
3D1A : -15;
3D1B : 4;
3D1C : 10;
3D1D : 7;
3D1E : -9;
3D1F : 33;
3D20 : 24;
3D21 : 30;
3D22 : 1;
3D23 : 3;
3D24 : 1;
3D25 : -24;
3D26 : -3;
3D27 : -10;
3D28 : 6;
3D29 : 6;
3D2A : 31;
3D2B : -16;
3D2C : 18;
3D2D : 30;
3D2E : -20;
3D2F : 34;
3D30 : -2;
3D31 : 38;
3D32 : 8;
3D33 : -4;
3D34 : -9;
3D35 : 20;
3D36 : -12;
3D37 : -14;
3D38 : -10;
3D39 : -23;
3D3A : 19;
3D3B : 2;
3D3C : 14;
3D3D : 15;
3D3E : 6;
3D3F : 14;
3D40 : -8;
3D41 : 1;
3D42 : 8;
3D43 : 14;
3D44 : 2;
3D45 : 23;
3D46 : 2;
3D47 : -28;
3D48 : 51;
3D49 : -5;
3D4A : -25;
3D4B : 2;
3D4C : -7;
3D4D : -1;
3D4E : 11;
3D4F : 25;
3D50 : -19;
3D51 : 15;
3D52 : -20;
3D53 : 4;
3D54 : -19;
3D55 : 30;
3D56 : 40;
3D57 : 6;
3D58 : 5;
3D59 : -25;
3D5A : -32;
3D5B : 12;
3D5C : -12;
3D5D : -7;
3D5E : 29;
3D5F : 15;
3D60 : -19;
3D61 : -22;
3D62 : 4;
3D63 : -10;
3D64 : 33;
3D65 : 0;
3D66 : -18;
3D67 : 21;
3D68 : 11;
3D69 : 26;
3D6A : 17;
3D6B : -38;
3D6C : -11;
3D6D : -2;
3D6E : -23;
3D6F : 17;
3D70 : -5;
3D71 : 2;
3D72 : -24;
3D73 : -20;
3D74 : 10;
3D75 : 10;
3D76 : -1;
3D77 : 20;
3D78 : -8;
3D79 : 8;
3D7A : -20;
3D7B : 23;
3D7C : -3;
3D7D : -10;
3D7E : -11;
3D7F : 25;
3D80 : 10;
3D81 : 12;
3D82 : -17;
3D83 : 3;
3D84 : -28;
3D85 : 28;
3D86 : -30;
3D87 : 14;
3D88 : 11;
3D89 : -22;
3D8A : -24;
3D8B : 4;
3D8C : -24;
3D8D : -54;
3D8E : 8;
3D8F : -3;
3D90 : -6;
3D91 : 2;
3D92 : -18;
3D93 : -22;
3D94 : -4;
3D95 : 13;
3D96 : 0;
3D97 : -6;
3D98 : 3;
3D99 : 16;
3D9A : 5;
3D9B : -23;
3D9C : 20;
3D9D : -29;
3D9E : -8;
3D9F : -11;
3DA0 : -14;
3DA1 : -13;
3DA2 : -1;
3DA3 : 5;
3DA4 : 9;
3DA5 : 18;
3DA6 : -4;
3DA7 : 18;
3DA8 : -20;
3DA9 : 24;
3DAA : 1;
3DAB : -16;
3DAC : 28;
3DAD : 19;
3DAE : 26;
3DAF : -23;
3DB0 : 17;
3DB1 : 10;
3DB2 : 6;
3DB3 : -22;
3DB4 : 7;
3DB5 : -6;
3DB6 : 12;
3DB7 : 28;
3DB8 : -29;
3DB9 : 39;
3DBA : -20;
3DBB : 44;
3DBC : 26;
3DBD : 38;
3DBE : -2;
3DBF : -22;
3DC0 : -16;
3DC1 : -24;
3DC2 : 13;
3DC3 : -6;
3DC4 : -17;
3DC5 : 27;
3DC6 : -9;
3DC7 : -1;
3DC8 : -9;
3DC9 : -11;
3DCA : -24;
3DCB : -22;
3DCC : 13;
3DCD : -46;
3DCE : -14;
3DCF : -18;
3DD0 : -5;
3DD1 : -10;
3DD2 : 7;
3DD3 : 6;
3DD4 : -4;
3DD5 : 39;
3DD6 : -13;
3DD7 : 29;
3DD8 : 22;
3DD9 : -19;
3DDA : 15;
3DDB : -9;
3DDC : 7;
3DDD : -23;
3DDE : -13;
3DDF : -10;
3DE0 : -4;
3DE1 : -8;
3DE2 : -28;
3DE3 : 25;
3DE4 : 17;
3DE5 : -24;
3DE6 : -2;
3DE7 : 10;
3DE8 : 8;
3DE9 : -4;
3DEA : 13;
3DEB : -12;
3DEC : -39;
3DED : 28;
3DEE : -3;
3DEF : 13;
3DF0 : 9;
3DF1 : -2;
3DF2 : 5;
3DF3 : 11;
3DF4 : 10;
3DF5 : -1;
3DF6 : 20;
3DF7 : -4;
3DF8 : 37;
3DF9 : -31;
3DFA : -4;
3DFB : 26;
3DFC : -15;
3DFD : -25;
3DFE : 33;
3DFF : -15;
3E00 : -17;
3E01 : -11;
3E02 : -8;
3E03 : -35;
3E04 : 13;
3E05 : 1;
3E06 : -30;
3E07 : -27;
3E08 : -15;
3E09 : -10;
3E0A : -26;
3E0B : -34;
3E0C : -8;
3E0D : -29;
3E0E : -22;
3E0F : 1;
3E10 : -27;
3E11 : 11;
3E12 : 30;
3E13 : 6;
3E14 : 22;
3E15 : 18;
3E16 : 25;
3E17 : 17;
3E18 : 15;
3E19 : -12;
3E1A : 10;
3E1B : -14;
3E1C : 9;
3E1D : -12;
3E1E : -3;
3E1F : 34;
3E20 : 6;
3E21 : 21;
3E22 : 3;
3E23 : -8;
3E24 : -31;
3E25 : 18;
3E26 : -24;
3E27 : -6;
3E28 : 17;
3E29 : -13;
3E2A : 27;
3E2B : 13;
3E2C : 14;
3E2D : 26;
3E2E : -20;
3E2F : -22;
3E30 : 28;
3E31 : 23;
3E32 : -2;
3E33 : -5;
3E34 : -27;
3E35 : 13;
3E36 : -19;
3E37 : 7;
3E38 : 54;
3E39 : 3;
3E3A : -20;
3E3B : 36;
3E3C : 4;
3E3D : -30;
3E3E : 5;
3E3F : 30;
3E40 : -6;
3E41 : -22;
3E42 : 0;
3E43 : 8;
3E44 : 10;
3E45 : -5;
3E46 : -4;
3E47 : 7;
3E48 : -24;
3E49 : -24;
3E4A : -4;
3E4B : -14;
3E4C : 6;
3E4D : -20;
3E4E : 0;
3E4F : -35;
3E50 : -24;
3E51 : 20;
3E52 : 10;
3E53 : 25;
3E54 : 0;
3E55 : -11;
3E56 : 3;
3E57 : -6;
3E58 : -6;
3E59 : -7;
3E5A : -42;
3E5B : 5;
3E5C : 34;
3E5D : 14;
3E5E : -23;
3E5F : -10;
3E60 : 12;
3E61 : 50;
3E62 : -20;
3E63 : 30;
3E64 : -6;
3E65 : -13;
3E66 : 31;
3E67 : 18;
3E68 : 20;
3E69 : -14;
3E6A : -24;
3E6B : -6;
3E6C : 14;
3E6D : 16;
3E6E : 11;
3E6F : -5;
3E70 : 41;
3E71 : 14;
3E72 : 16;
3E73 : 30;
3E74 : -11;
3E75 : -22;
3E76 : 20;
3E77 : 16;
3E78 : 24;
3E79 : -15;
3E7A : 19;
3E7B : 21;
3E7C : -27;
3E7D : -22;
3E7E : 10;
3E7F : -15;
3E80 : 4;
3E81 : -21;
3E82 : -11;
3E83 : 10;
3E84 : 2;
3E85 : 8;
3E86 : 12;
3E87 : 5;
3E88 : -5;
3E89 : 16;
3E8A : -32;
3E8B : 31;
3E8C : 14;
3E8D : 8;
3E8E : 20;
3E8F : -39;
3E90 : 12;
3E91 : 21;
3E92 : 0;
3E93 : -5;
3E94 : 10;
3E95 : 35;
3E96 : -31;
3E97 : 10;
3E98 : -10;
3E99 : -9;
3E9A : 10;
3E9B : 5;
3E9C : 26;
3E9D : -19;
3E9E : 6;
3E9F : -11;
3EA0 : 4;
3EA1 : 6;
3EA2 : 20;
3EA3 : -14;
3EA4 : 12;
3EA5 : 26;
3EA6 : 0;
3EA7 : 7;
3EA8 : -24;
3EA9 : 10;
3EAA : -12;
3EAB : -35;
3EAC : -8;
3EAD : 21;
3EAE : -14;
3EAF : 21;
3EB0 : -47;
3EB1 : 12;
3EB2 : -10;
3EB3 : -8;
3EB4 : 23;
3EB5 : 3;
3EB6 : -1;
3EB7 : 14;
3EB8 : 5;
3EB9 : -23;
3EBA : -25;
3EBB : -56;
3EBC : -49;
3EBD : 0;
3EBE : -60;
3EBF : 33;
3EC0 : -1;
3EC1 : -8;
3EC2 : 51;
3EC3 : -10;
3EC4 : 5;
3EC5 : 48;
3EC6 : 1;
3EC7 : 3;
3EC8 : -19;
3EC9 : 6;
3ECA : 6;
3ECB : 30;
3ECC : -1;
3ECD : 37;
3ECE : 11;
3ECF : -3;
3ED0 : -2;
3ED1 : 33;
3ED2 : -34;
3ED3 : -14;
3ED4 : -12;
3ED5 : 6;
3ED6 : 7;
3ED7 : -21;
3ED8 : -15;
3ED9 : -6;
3EDA : -21;
3EDB : -5;
3EDC : 31;
3EDD : -21;
3EDE : -9;
3EDF : 28;
3EE0 : -22;
3EE1 : 14;
3EE2 : -29;
3EE3 : -1;
3EE4 : 27;
3EE5 : -1;
3EE6 : -22;
3EE7 : -36;
3EE8 : -43;
3EE9 : 22;
3EEA : -8;
3EEB : -32;
3EEC : 0;
3EED : 11;
3EEE : 4;
3EEF : 15;
3EF0 : -2;
3EF1 : 3;
3EF2 : -31;
3EF3 : 25;
3EF4 : -8;
3EF5 : -4;
3EF6 : -30;
3EF7 : -34;
3EF8 : -16;
3EF9 : -33;
3EFA : -56;
3EFB : -36;
3EFC : -31;
3EFD : 18;
3EFE : -29;
3EFF : -9;
3F00 : -2;
3F01 : 12;
3F02 : 31;
3F03 : 18;
3F04 : -23;
3F05 : -8;
3F06 : -9;
3F07 : -1;
3F08 : -19;
3F09 : -26;
3F0A : -6;
3F0B : 0;
3F0C : 7;
3F0D : 1;
3F0E : -5;
3F0F : -24;
3F10 : -18;
3F11 : -5;
3F12 : 5;
3F13 : 9;
3F14 : 26;
3F15 : -16;
3F16 : 0;
3F17 : 26;
3F18 : -15;
3F19 : 11;
3F1A : 31;
3F1B : 10;
3F1C : -24;
3F1D : 6;
3F1E : 6;
3F1F : 6;
3F20 : -21;
3F21 : -24;
3F22 : 29;
3F23 : -11;
3F24 : -6;
3F25 : 48;
3F26 : -20;
3F27 : 26;
3F28 : -2;
3F29 : -13;
3F2A : 13;
3F2B : 2;
3F2C : -10;
3F2D : 8;
3F2E : -2;
3F2F : 13;
3F30 : -21;
3F31 : -23;
3F32 : 10;
3F33 : -3;
3F34 : 11;
3F35 : -6;
3F36 : -3;
3F37 : 9;
3F38 : -38;
3F39 : -12;
3F3A : -22;
3F3B : 16;
3F3C : -23;
3F3D : 18;
3F3E : 2;
3F3F : 4;
3F40 : 15;
3F41 : -37;
3F42 : -25;
3F43 : -13;
3F44 : 25;
3F45 : -9;
3F46 : -15;
3F47 : -9;
3F48 : -8;
3F49 : 18;
3F4A : 9;
3F4B : 27;
3F4C : -7;
3F4D : 0;
3F4E : 35;
3F4F : 3;
3F50 : -11;
3F51 : -3;
3F52 : 10;
3F53 : -19;
3F54 : 23;
3F55 : -2;
3F56 : -13;
3F57 : -3;
3F58 : -11;
3F59 : 26;
3F5A : 2;
3F5B : 7;
3F5C : -3;
3F5D : 3;
3F5E : -20;
3F5F : 20;
3F60 : -1;
3F61 : -19;
3F62 : 8;
3F63 : -11;
3F64 : -11;
3F65 : -19;
3F66 : 13;
3F67 : 10;
3F68 : -24;
3F69 : 11;
3F6A : 9;
3F6B : 12;
3F6C : 14;
3F6D : -12;
3F6E : 0;
3F6F : 15;
3F70 : 0;
3F71 : 20;
3F72 : 3;
3F73 : -6;
3F74 : 9;
3F75 : -16;
3F76 : 12;
3F77 : 2;
3F78 : -16;
3F79 : 33;
3F7A : 7;
3F7B : -19;
3F7C : 3;
3F7D : -25;
3F7E : -10;
3F7F : -16;
3F80 : -27;
3F81 : 9;
3F82 : 15;
3F83 : -37;
3F84 : -21;
3F85 : -43;
3F86 : 42;
3F87 : -10;
3F88 : -19;
3F89 : 29;
3F8A : 3;
3F8B : -5;
3F8C : -4;
3F8D : 3;
3F8E : 0;
3F8F : 18;
3F90 : 2;
3F91 : -8;
3F92 : 13;
3F93 : 15;
3F94 : -6;
3F95 : -19;
3F96 : 37;
3F97 : 10;
3F98 : 9;
3F99 : -16;
3F9A : 2;
3F9B : 16;
3F9C : -11;
3F9D : 27;
3F9E : -9;
3F9F : -10;
3FA0 : 21;
3FA1 : -7;
3FA2 : 31;
3FA3 : 6;
3FA4 : 0;
3FA5 : 0;
3FA6 : 42;
3FA7 : -7;
3FA8 : 12;
3FA9 : -4;
3FAA : 22;
3FAB : 25;
3FAC : 6;
3FAD : -15;
3FAE : -9;
3FAF : -20;
3FB0 : -23;
3FB1 : -24;
3FB2 : -10;
3FB3 : 9;
3FB4 : -13;
3FB5 : 28;
3FB6 : 11;
3FB7 : 23;
3FB8 : -29;
3FB9 : -13;
3FBA : 11;
3FBB : -16;
3FBC : 3;
3FBD : 9;
3FBE : -8;
3FBF : -9;
3FC0 : 18;
3FC1 : -35;
3FC2 : 17;
3FC3 : 7;
3FC4 : 1;
3FC5 : 5;
3FC6 : 62;
3FC7 : 22;
3FC8 : -14;
3FC9 : 21;
3FCA : -10;
3FCB : 37;
3FCC : 10;
3FCD : 28;
3FCE : 5;
3FCF : 13;
3FD0 : -6;
3FD1 : 21;
3FD2 : 27;
3FD3 : -10;
3FD4 : -7;
3FD5 : 27;
3FD6 : 7;
3FD7 : 21;
3FD8 : 48;
3FD9 : -26;
3FDA : 23;
3FDB : 17;
3FDC : -9;
3FDD : -5;
3FDE : 36;
3FDF : -25;
3FE0 : -19;
3FE1 : 19;
3FE2 : 9;
3FE3 : 0;
3FE4 : -15;
3FE5 : 7;
3FE6 : 17;
3FE7 : -7;
3FE8 : -12;
3FE9 : 29;
3FEA : -13;
3FEB : -28;
3FEC : 17;
3FED : -8;
3FEE : 18;
3FEF : 15;
3FF0 : -52;
3FF1 : -11;
3FF2 : 40;
3FF3 : -6;
3FF4 : 24;
3FF5 : 19;
3FF6 : -14;
3FF7 : 25;
3FF8 : -34;
3FF9 : -7;
3FFA : -21;
3FFB : -43;
3FFC : 22;
3FFD : 22;
3FFE : -33;
3FFF : 37;
4000 : -26;
4001 : 32;
4002 : 8;
4003 : 8;
4004 : 3;
4005 : -24;
4006 : -57;
4007 : -8;
4008 : 6;
4009 : -18;
400A : 18;
400B : -19;
400C : 3;
400D : -50;
400E : 20;
400F : -15;
4010 : 11;
4011 : -5;
4012 : -3;
4013 : -22;
4014 : -17;
4015 : 11;
4016 : 6;
4017 : 2;
4018 : -8;
4019 : -13;
401A : 18;
401B : -10;
401C : -13;
401D : 1;
401E : 20;
401F : -12;
4020 : 11;
4021 : -40;
4022 : -3;
4023 : 16;
4024 : 10;
4025 : 2;
4026 : 21;
4027 : 10;
4028 : -23;
4029 : -7;
402A : -10;
402B : -10;
402C : -11;
402D : 6;
402E : 29;
402F : 7;
4030 : -28;
4031 : -42;
4032 : -18;
4033 : 0;
4034 : 13;
4035 : 12;
4036 : 29;
4037 : 24;
4038 : -10;
4039 : -7;
403A : 24;
403B : 4;
403C : -1;
403D : -13;
403E : -14;
403F : 6;
4040 : 1;
4041 : -16;
4042 : 10;
4043 : -6;
4044 : -31;
4045 : -28;
4046 : 9;
4047 : 22;
4048 : 19;
4049 : -13;
404A : -29;
404B : -26;
404C : -14;
404D : -6;
404E : -9;
404F : -13;
4050 : -11;
4051 : 12;
4052 : 35;
4053 : -3;
4054 : -12;
4055 : -7;
4056 : -8;
4057 : 15;
4058 : 18;
4059 : 15;
405A : -31;
405B : -5;
405C : 12;
405D : -22;
405E : 0;
405F : 4;
4060 : 26;
4061 : 10;
4062 : -20;
4063 : 10;
4064 : 10;
4065 : 20;
4066 : 22;
4067 : -16;
4068 : 26;
4069 : -1;
406A : -5;
406B : 0;
406C : 12;
406D : -2;
406E : -10;
406F : 16;
4070 : -18;
4071 : -26;
4072 : -9;
4073 : -19;
4074 : 0;
4075 : 7;
4076 : 19;
4077 : 23;
4078 : -35;
4079 : -22;
407A : -28;
407B : -37;
407C : -14;
407D : 5;
407E : -20;
407F : 3;
4080 : 18;
4081 : -18;
4082 : 26;
4083 : 17;
4084 : 14;
4085 : -7;
4086 : 6;
4087 : -8;
4088 : 14;
4089 : -4;
408A : 32;
408B : -7;
408C : -17;
408D : -1;
408E : -20;
408F : -4;
4090 : 27;
4091 : 3;
4092 : 24;
4093 : 8;
4094 : -4;
4095 : 13;
4096 : -19;
4097 : 28;
4098 : 3;
4099 : 17;
409A : -15;
409B : 9;
409C : -5;
409D : -6;
409E : 8;
409F : -11;
40A0 : 9;
40A1 : 31;
40A2 : -15;
40A3 : 1;
40A4 : 3;
40A5 : -7;
40A6 : 8;
40A7 : -15;
40A8 : 11;
40A9 : -16;
40AA : 0;
40AB : -12;
40AC : -20;
40AD : -17;
40AE : 2;
40AF : -14;
40B0 : 10;
40B1 : 24;
40B2 : -22;
40B3 : 20;
40B4 : 18;
40B5 : -1;
40B6 : -43;
40B7 : 12;
40B8 : 7;
40B9 : -14;
40BA : 1;
40BB : -6;
40BC : 19;
40BD : -4;
40BE : -25;
40BF : -20;
40C0 : 24;
40C1 : 8;
40C2 : -11;
40C3 : 19;
40C4 : 16;
40C5 : -8;
40C6 : 17;
40C7 : 1;
40C8 : 21;
40C9 : 4;
40CA : 7;
40CB : 5;
40CC : 24;
40CD : 25;
40CE : 20;
40CF : 31;
40D0 : 16;
40D1 : 31;
40D2 : -30;
40D3 : 16;
40D4 : 16;
40D5 : -13;
40D6 : 21;
40D7 : -21;
40D8 : 27;
40D9 : 31;
40DA : -4;
40DB : 21;
40DC : -13;
40DD : -6;
40DE : 13;
40DF : 10;
40E0 : 13;
40E1 : -9;
40E2 : 5;
40E3 : -30;
40E4 : 14;
40E5 : -9;
40E6 : 39;
40E7 : 4;
40E8 : 0;
40E9 : 6;
40EA : -14;
40EB : -6;
40EC : 16;
40ED : -21;
40EE : 20;
40EF : -17;
40F0 : 15;
40F1 : -14;
40F2 : -3;
40F3 : -14;
40F4 : -2;
40F5 : -7;
40F6 : 20;
40F7 : 28;
40F8 : 31;
40F9 : 15;
40FA : 48;
40FB : 57;
40FC : 27;
40FD : -15;
40FE : 13;
40FF : 8;
4100 : -18;
4101 : 22;
4102 : -5;
4103 : 10;
4104 : -2;
4105 : -7;
4106 : 19;
4107 : 0;
4108 : -21;
4109 : -9;
410A : 18;
410B : -3;
410C : 18;
410D : 2;
410E : 7;
410F : 49;
4110 : -5;
4111 : 1;
4112 : 37;
4113 : -17;
4114 : 17;
4115 : 36;
4116 : -49;
4117 : 12;
4118 : -38;
4119 : -16;
411A : -5;
411B : -29;
411C : 31;
411D : -19;
411E : -30;
411F : 15;
4120 : -15;
4121 : 24;
4122 : -10;
4123 : 7;
4124 : -3;
4125 : 8;
4126 : -22;
4127 : 25;
4128 : -58;
4129 : 21;
412A : -40;
412B : 10;
412C : 7;
412D : -28;
412E : 17;
412F : -22;
4130 : -12;
4131 : 47;
4132 : 27;
4133 : 20;
4134 : -18;
4135 : 47;
4136 : 26;
4137 : -8;
4138 : 25;
4139 : -4;
413A : 21;
413B : -14;
413C : 13;
413D : 5;
413E : -9;
413F : 15;
4140 : -16;
4141 : 10;
4142 : -12;
4143 : -12;
4144 : -24;
4145 : 14;
4146 : -30;
4147 : -10;
4148 : -10;
4149 : -11;
414A : 5;
414B : -30;
414C : -6;
414D : 13;
414E : -18;
414F : 32;
4150 : -6;
4151 : 8;
4152 : 2;
4153 : 4;
4154 : -7;
4155 : -8;
4156 : -9;
4157 : -8;
4158 : -9;
4159 : -22;
415A : -50;
415B : 6;
415C : 24;
415D : -30;
415E : 8;
415F : 2;
4160 : 10;
4161 : -3;
4162 : 0;
4163 : 33;
4164 : -10;
4165 : 5;
4166 : -13;
4167 : 6;
4168 : 29;
4169 : -7;
416A : -22;
416B : -13;
416C : 10;
416D : -16;
416E : -18;
416F : -11;
4170 : 25;
4171 : 15;
4172 : 28;
4173 : -1;
4174 : 20;
4175 : 12;
4176 : 3;
4177 : 24;
4178 : 24;
4179 : 7;
417A : 2;
417B : 34;
417C : 1;
417D : -16;
417E : 2;
417F : 18;
4180 : 29;
4181 : 7;
4182 : 25;
4183 : -10;
4184 : 5;
4185 : 13;
4186 : 5;
4187 : 13;
4188 : -28;
4189 : -7;
418A : -22;
418B : -3;
418C : 25;
418D : 0;
418E : 9;
418F : -2;
4190 : 5;
4191 : 16;
4192 : -22;
4193 : 3;
4194 : 20;
4195 : -13;
4196 : -52;
4197 : 9;
4198 : -52;
4199 : -18;
419A : -26;
419B : -27;
419C : 10;
419D : -1;
419E : 11;
419F : -14;
41A0 : -9;
41A1 : -7;
41A2 : 17;
41A3 : 0;
41A4 : 23;
41A5 : 22;
41A6 : 11;
41A7 : 8;
41A8 : -41;
41A9 : -27;
41AA : -37;
41AB : 20;
41AC : -32;
41AD : 2;
41AE : -3;
41AF : 21;
41B0 : -12;
41B1 : 15;
41B2 : 5;
41B3 : -11;
41B4 : 19;
41B5 : -1;
41B6 : -32;
41B7 : -9;
41B8 : -39;
41B9 : -3;
41BA : -14;
41BB : -10;
41BC : -8;
41BD : 8;
41BE : -35;
41BF : 5;
41C0 : 12;
41C1 : 2;
41C2 : 30;
41C3 : -14;
41C4 : 8;
41C5 : 24;
41C6 : 4;
41C7 : -21;
41C8 : -37;
41C9 : 20;
41CA : -2;
41CB : -41;
41CC : 9;
41CD : 18;
41CE : 3;
41CF : 0;
41D0 : -1;
41D1 : -14;
41D2 : -18;
41D3 : 27;
41D4 : 36;
41D5 : 21;
41D6 : -9;
41D7 : -4;
41D8 : -12;
41D9 : 4;
41DA : 30;
41DB : -7;
41DC : -2;
41DD : 22;
41DE : 16;
41DF : -16;
41E0 : -4;
41E1 : -14;
41E2 : 13;
41E3 : 8;
41E4 : -6;
41E5 : -15;
41E6 : -11;
41E7 : -8;
41E8 : 22;
41E9 : -29;
41EA : -9;
41EB : 6;
41EC : -1;
41ED : 9;
41EE : 13;
41EF : -12;
41F0 : -7;
41F1 : -16;
41F2 : 9;
41F3 : -26;
41F4 : -5;
41F5 : 19;
41F6 : -2;
41F7 : -6;
41F8 : 7;
41F9 : 6;
41FA : -16;
41FB : -45;
41FC : -19;
41FD : 1;
41FE : 4;
41FF : -13;
4200 : -33;
4201 : 23;
4202 : -19;
4203 : 17;
4204 : 50;
4205 : 28;
4206 : -54;
4207 : -19;
4208 : -6;
4209 : -11;
420A : 11;
420B : -13;
420C : -20;
420D : -5;
420E : -2;
420F : 31;
4210 : 15;
4211 : 23;
4212 : 2;
4213 : 25;
4214 : 7;
4215 : -12;
4216 : 1;
4217 : 11;
4218 : -45;
4219 : -29;
421A : 14;
421B : 1;
421C : 2;
421D : -4;
421E : -2;
421F : 20;
4220 : 24;
4221 : -1;
4222 : -51;
4223 : 17;
4224 : 12;
4225 : -29;
4226 : -41;
4227 : -33;
4228 : 32;
4229 : 14;
422A : -18;
422B : 13;
422C : -20;
422D : 5;
422E : 16;
422F : -8;
4230 : 15;
4231 : 5;
4232 : -24;
4233 : -10;
4234 : -10;
4235 : -40;
4236 : -12;
4237 : -18;
4238 : 24;
4239 : -9;
423A : 12;
423B : -20;
423C : -12;
423D : -7;
423E : 9;
423F : 3;
4240 : 17;
4241 : 15;
4242 : -29;
4243 : -10;
4244 : -8;
4245 : -34;
4246 : 10;
4247 : 16;
4248 : 18;
4249 : -24;
424A : -20;
424B : -15;
424C : 15;
424D : 14;
424E : -5;
424F : 2;
4250 : -2;
4251 : 23;
4252 : 8;
4253 : 10;
4254 : -18;
4255 : -22;
4256 : -14;
4257 : -15;
4258 : 51;
4259 : -2;
425A : 3;
425B : 4;
425C : 2;
425D : 5;
425E : 18;
425F : 10;
4260 : 8;
4261 : 5;
4262 : -9;
4263 : -14;
4264 : -7;
4265 : 4;
4266 : 1;
4267 : 10;
4268 : 25;
4269 : -25;
426A : -29;
426B : -11;
426C : 2;
426D : 16;
426E : 20;
426F : -8;
4270 : -4;
4271 : -23;
4272 : -11;
4273 : -16;
4274 : -21;
4275 : 13;
4276 : 13;
4277 : -9;
4278 : 17;
4279 : 33;
427A : -13;
427B : 15;
427C : 34;
427D : -4;
427E : 6;
427F : 2;
4280 : 3;
4281 : 11;
4282 : 11;
4283 : 20;
4284 : -15;
4285 : -30;
4286 : 0;
4287 : 7;
4288 : 16;
4289 : -6;
428A : 16;
428B : -2;
428C : -17;
428D : -23;
428E : -20;
428F : -8;
4290 : 19;
4291 : -16;
4292 : 25;
4293 : 13;
4294 : 20;
4295 : 32;
4296 : 2;
4297 : -15;
4298 : 32;
4299 : 13;
429A : -12;
429B : -22;
429C : -7;
429D : 14;
429E : 27;
429F : -5;
42A0 : -11;
42A1 : 21;
42A2 : -4;
42A3 : -3;
42A4 : 19;
42A5 : 6;
42A6 : 24;
42A7 : 8;
42A8 : -11;
42A9 : 14;
42AA : -31;
42AB : -7;
42AC : -26;
42AD : -7;
42AE : 26;
42AF : 17;
42B0 : 30;
42B1 : 15;
42B2 : -33;
42B3 : -14;
42B4 : -1;
42B5 : 7;
42B6 : 9;
42B7 : -6;
42B8 : -5;
42B9 : 22;
42BA : -1;
42BB : 6;
42BC : 18;
42BD : 0;
42BE : -29;
42BF : 0;
42C0 : 20;
42C1 : 37;
42C2 : 17;
42C3 : 16;
42C4 : 0;
42C5 : 18;
42C6 : -12;
42C7 : -3;
42C8 : -36;
42C9 : 29;
42CA : 1;
42CB : -9;
42CC : 4;
42CD : -1;
42CE : 23;
42CF : -4;
42D0 : 17;
42D1 : 7;
42D2 : -3;
42D3 : -13;
42D4 : -22;
42D5 : 7;
42D6 : -30;
42D7 : -15;
42D8 : -32;
42D9 : 15;
42DA : 4;
42DB : 9;
42DC : 21;
42DD : 17;
42DE : -14;
42DF : -19;
42E0 : 10;
42E1 : 26;
42E2 : 26;
42E3 : -31;
42E4 : 0;
42E5 : 0;
42E6 : 39;
42E7 : -9;
42E8 : 16;
42E9 : -11;
42EA : -9;
42EB : -15;
42EC : -30;
42ED : 16;
42EE : 0;
42EF : 6;
42F0 : 7;
42F1 : -16;
42F2 : -1;
42F3 : 3;
42F4 : 16;
42F5 : -18;
42F6 : 39;
42F7 : 15;
42F8 : 23;
42F9 : 18;
42FA : 57;
42FB : 8;
42FC : 33;
42FD : 31;
42FE : 12;
42FF : 9;
4300 : -23;
4301 : -22;
4302 : -11;
4303 : -15;
4304 : 24;
4305 : -19;
4306 : -4;
4307 : -1;
4308 : -9;
4309 : 29;
430A : -28;
430B : -25;
430C : 6;
430D : -6;
430E : -2;
430F : -2;
4310 : 21;
4311 : 26;
4312 : 3;
4313 : -1;
4314 : 18;
4315 : 8;
4316 : 18;
4317 : 29;
4318 : -24;
4319 : 33;
431A : 24;
431B : 27;
431C : 21;
431D : 2;
431E : -11;
431F : 13;
4320 : 27;
4321 : -7;
4322 : -1;
4323 : -22;
4324 : -19;
4325 : -50;
4326 : -10;
4327 : 24;
4328 : 35;
4329 : 29;
432A : -25;
432B : 22;
432C : 34;
432D : 4;
432E : 32;
432F : -40;
4330 : 27;
4331 : -25;
4332 : -32;
4333 : -12;
4334 : -21;
4335 : -47;
4336 : -2;
4337 : 4;
4338 : 24;
4339 : 5;
433A : -23;
433B : 6;
433C : 8;
433D : -16;
433E : 27;
433F : -35;
4340 : -11;
4341 : -3;
4342 : -19;
4343 : 16;
4344 : 19;
4345 : -9;
4346 : 6;
4347 : 24;
4348 : -25;
4349 : 37;
434A : 35;
434B : 22;
434C : 8;
434D : 49;
434E : 6;
434F : 39;
4350 : 26;
4351 : 24;
4352 : 19;
4353 : -5;
4354 : -6;
4355 : 10;
4356 : -5;
4357 : -8;
4358 : 7;
4359 : 2;
435A : 1;
435B : 11;
435C : 13;
435D : 28;
435E : 19;
435F : 7;
4360 : 10;
4361 : -6;
4362 : -21;
4363 : -13;
4364 : -20;
4365 : -3;
4366 : -12;
4367 : -20;
4368 : -17;
4369 : 22;
436A : 0;
436B : 15;
436C : 7;
436D : -7;
436E : -25;
436F : -19;
4370 : 10;
4371 : -1;
4372 : 1;
4373 : 14;
4374 : 25;
4375 : 16;
4376 : -1;
4377 : 27;
4378 : 8;
4379 : -19;
437A : 10;
437B : 28;
437C : -21;
437D : 8;
437E : 9;
437F : -16;
4380 : 4;
4381 : 20;
4382 : -3;
4383 : 4;
4384 : 2;
4385 : 25;
4386 : -20;
4387 : -16;
4388 : 30;
4389 : 9;
438A : 13;
438B : -6;
438C : -23;
438D : -13;
438E : 25;
438F : 10;
4390 : 19;
4391 : 4;
4392 : -17;
4393 : 6;
4394 : -11;
4395 : 24;
4396 : -18;
4397 : -19;
4398 : 19;
4399 : -4;
439A : -2;
439B : -21;
439C : -7;
439D : -11;
439E : 16;
439F : -1;
43A0 : -16;
43A1 : -4;
43A2 : -8;
43A3 : -19;
43A4 : 26;
43A5 : 15;
43A6 : -7;
43A7 : -27;
43A8 : -2;
43A9 : -25;
43AA : -16;
43AB : -11;
43AC : 12;
43AD : -1;
43AE : -14;
43AF : 7;
43B0 : -15;
43B1 : 23;
43B2 : -16;
43B3 : -12;
43B4 : 13;
43B5 : 34;
43B6 : -36;
43B7 : -11;
43B8 : -6;
43B9 : 7;
43BA : -15;
43BB : -15;
43BC : -18;
43BD : 27;
43BE : -2;
43BF : 27;
43C0 : 9;
43C1 : 11;
43C2 : 19;
43C3 : -30;
43C4 : -11;
43C5 : 23;
43C6 : -25;
43C7 : 7;
43C8 : 32;
43C9 : -3;
43CA : 4;
43CB : 9;
43CC : -9;
43CD : -19;
43CE : -2;
43CF : -5;
43D0 : 8;
43D1 : 30;
43D2 : -9;
43D3 : 8;
43D4 : -35;
43D5 : -11;
43D6 : 0;
43D7 : 6;
43D8 : 24;
43D9 : -19;
43DA : -25;
43DB : -21;
43DC : 11;
43DD : -20;
43DE : -9;
43DF : -26;
43E0 : -1;
43E1 : -1;
43E2 : -11;
43E3 : 24;
43E4 : -8;
43E5 : 14;
43E6 : 3;
43E7 : 13;
43E8 : 1;
43E9 : -28;
43EA : -15;
43EB : -20;
43EC : -11;
43ED : -30;
43EE : -33;
43EF : 5;
43F0 : -31;
43F1 : -5;
43F2 : -1;
43F3 : 4;
43F4 : -12;
43F5 : -11;
43F6 : -6;
43F7 : 0;
43F8 : -15;
43F9 : -28;
43FA : 6;
43FB : -33;
43FC : -10;
43FD : -17;
43FE : -34;
43FF : -2;
4400 : -4;
4401 : 18;
4402 : 5;
4403 : 23;
4404 : 15;
4405 : 4;
4406 : -19;
4407 : 9;
4408 : -14;
4409 : -19;
440A : 10;
440B : -6;
440C : 6;
440D : -2;
440E : 5;
440F : 32;
4410 : -30;
4411 : 1;
4412 : 0;
4413 : 20;
4414 : 30;
4415 : 13;
4416 : -25;
4417 : 11;
4418 : -48;
4419 : -24;
441A : -3;
441B : -31;
441C : 3;
441D : -36;
441E : -2;
441F : 11;
4420 : -30;
4421 : 10;
4422 : 10;
4423 : 5;
4424 : -12;
4425 : -5;
4426 : -15;
4427 : 18;
4428 : -39;
4429 : 4;
442A : -24;
442B : -2;
442C : 10;
442D : -26;
442E : 2;
442F : 22;
4430 : 4;
4431 : 34;
4432 : -8;
4433 : -11;
4434 : 7;
4435 : -18;
4436 : -1;
4437 : -11;
4438 : -17;
4439 : -19;
443A : -11;
443B : -24;
443C : -15;
443D : -5;
443E : 1;
443F : 42;
4440 : 1;
4441 : -5;
4442 : -10;
4443 : 14;
4444 : 22;
4445 : -25;
4446 : -35;
4447 : -1;
4448 : -48;
4449 : 12;
444A : 2;
444B : 0;
444C : -3;
444D : -8;
444E : 19;
444F : -6;
4450 : -4;
4451 : -13;
4452 : -7;
4453 : 21;
4454 : 2;
4455 : -25;
4456 : -43;
4457 : 12;
4458 : -21;
4459 : 29;
445A : 3;
445B : 11;
445C : -9;
445D : -16;
445E : -16;
445F : -17;
4460 : -19;
4461 : -9;
4462 : -17;
4463 : 26;
4464 : -36;
4465 : -16;
4466 : 11;
4467 : 24;
4468 : -22;
4469 : 28;
446A : -36;
446B : -7;
446C : 19;
446D : -8;
446E : 27;
446F : -22;
4470 : -2;
4471 : 0;
4472 : 27;
4473 : 29;
4474 : -17;
4475 : -15;
4476 : 23;
4477 : 31;
4478 : 35;
4479 : -8;
447A : 13;
447B : 22;
447C : -17;
447D : 17;
447E : 5;
447F : -28;
4480 : 14;
4481 : 2;
4482 : 2;
4483 : 14;
4484 : 1;
4485 : -23;
4486 : 29;
4487 : 19;
4488 : 18;
4489 : 23;
448A : -15;
448B : 22;
448C : 0;
448D : 21;
448E : 18;
448F : 30;
4490 : 28;
4491 : 19;
4492 : 22;
4493 : -10;
4494 : 16;
4495 : -17;
4496 : 26;
4497 : 34;
4498 : 10;
4499 : 2;
449A : 14;
449B : 21;
449C : -13;
449D : -8;
449E : 29;
449F : -3;
44A0 : -13;
44A1 : 10;
44A2 : 15;
44A3 : 11;
44A4 : -6;
44A5 : -3;
44A6 : 15;
44A7 : 24;
44A8 : 27;
44A9 : 12;
44AA : -18;
44AB : -14;
44AC : 19;
44AD : 0;
44AE : -13;
44AF : -11;
44B0 : -28;
44B1 : -19;
44B2 : -4;
44B3 : 12;
44B4 : 13;
44B5 : 12;
44B6 : 2;
44B7 : 5;
44B8 : -7;
44B9 : -19;
44BA : -22;
44BB : -22;
44BC : 19;
44BD : 32;
44BE : -18;
44BF : -23;
44C0 : 11;
44C1 : 4;
44C2 : 38;
44C3 : 6;
44C4 : 1;
44C5 : 7;
44C6 : 35;
44C7 : -10;
44C8 : 13;
44C9 : 1;
44CA : -5;
44CB : 7;
44CC : 16;
44CD : 7;
44CE : 32;
44CF : -2;
44D0 : 11;
44D1 : 16;
44D2 : 21;
44D3 : 21;
44D4 : -5;
44D5 : -1;
44D6 : -21;
44D7 : -20;
44D8 : 7;
44D9 : -4;
44DA : 33;
44DB : -8;
44DC : -9;
44DD : 0;
44DE : 13;
44DF : -1;
44E0 : 8;
44E1 : -5;
44E2 : -19;
44E3 : 17;
44E4 : 15;
44E5 : 27;
44E6 : -4;
44E7 : 15;
44E8 : 20;
44E9 : -7;
44EA : -12;
44EB : 6;
44EC : -12;
44ED : -3;
44EE : -5;
44EF : 17;
44F0 : 6;
44F1 : -14;
44F2 : 22;
44F3 : 1;
44F4 : 7;
44F5 : 37;
44F6 : 18;
44F7 : 7;
44F8 : -18;
44F9 : 19;
44FA : -3;
44FB : -37;
44FC : 8;
44FD : 14;
44FE : -10;
44FF : 25;
4500 : -17;
4501 : -58;
4502 : 24;
4503 : -14;
4504 : -41;
4505 : -25;
4506 : 26;
4507 : -5;
4508 : 32;
4509 : 23;
450A : -31;
450B : 24;
450C : -17;
450D : 20;
450E : 1;
450F : -36;
4510 : -5;
4511 : -31;
4512 : 5;
4513 : -14;
4514 : -9;
4515 : 7;
4516 : 24;
4517 : -17;
4518 : 57;
4519 : 5;
451A : 16;
451B : 8;
451C : 17;
451D : 34;
451E : -30;
451F : -23;
4520 : -1;
4521 : 12;
4522 : 13;
4523 : -32;
4524 : 0;
4525 : 13;
4526 : 16;
4527 : -11;
4528 : 5;
4529 : -24;
452A : -29;
452B : 3;
452C : 1;
452D : 5;
452E : -12;
452F : -14;
4530 : -19;
4531 : -62;
4532 : -20;
4533 : -35;
4534 : -16;
4535 : -25;
4536 : -13;
4537 : -41;
4538 : 8;
4539 : -6;
453A : 9;
453B : 17;
453C : 24;
453D : 9;
453E : -41;
453F : 12;
4540 : 7;
4541 : -7;
4542 : 14;
4543 : -3;
4544 : -41;
4545 : 2;
4546 : -12;
4547 : -17;
4548 : 22;
4549 : -11;
454A : -27;
454B : 6;
454C : 4;
454D : -12;
454E : 2;
454F : -52;
4550 : -24;
4551 : -9;
4552 : 7;
4553 : 9;
4554 : -10;
4555 : 2;
4556 : 26;
4557 : -18;
4558 : -8;
4559 : 9;
455A : 7;
455B : -30;
455C : -8;
455D : 5;
455E : 17;
455F : 1;
4560 : -3;
4561 : -14;
4562 : 12;
4563 : 2;
4564 : 3;
4565 : 19;
4566 : 32;
4567 : 20;
4568 : 19;
4569 : 8;
456A : -32;
456B : 17;
456C : -13;
456D : 25;
456E : -24;
456F : 6;
4570 : 27;
4571 : -35;
4572 : -14;
4573 : -24;
4574 : 20;
4575 : -17;
4576 : 18;
4577 : 6;
4578 : 11;
4579 : 27;
457A : 12;
457B : 43;
457C : 8;
457D : 9;
457E : -11;
457F : 12;
4580 : -24;
4581 : 2;
4582 : 2;
4583 : 9;
4584 : 25;
4585 : -14;
4586 : 7;
4587 : 20;
4588 : 12;
4589 : 25;
458A : 14;
458B : 10;
458C : 10;
458D : -1;
458E : -12;
458F : 31;
4590 : -9;
4591 : -3;
4592 : -15;
4593 : -6;
4594 : 24;
4595 : -26;
4596 : 30;
4597 : 17;
4598 : 8;
4599 : 30;
459A : 17;
459B : -13;
459C : -4;
459D : 16;
459E : 9;
459F : 29;
45A0 : 2;
45A1 : -19;
45A2 : -8;
45A3 : -41;
45A4 : -8;
45A5 : -19;
45A6 : 34;
45A7 : 19;
45A8 : -19;
45A9 : 7;
45AA : 5;
45AB : 36;
45AC : 15;
45AD : -10;
45AE : -18;
45AF : -14;
45B0 : 6;
45B1 : 20;
45B2 : -13;
45B3 : -7;
45B4 : -41;
45B5 : -41;
45B6 : -21;
45B7 : -33;
45B8 : 1;
45B9 : 37;
45BA : 22;
45BB : 30;
45BC : -5;
45BD : -24;
45BE : 10;
45BF : -2;
45C0 : 26;
45C1 : 15;
45C2 : -56;
45C3 : -13;
45C4 : -10;
45C5 : -63;
45C6 : -29;
45C7 : -17;
45C8 : 28;
45C9 : -9;
45CA : 20;
45CB : -12;
45CC : -49;
45CD : 25;
45CE : 18;
45CF : 33;
45D0 : 0;
45D1 : 19;
45D2 : -73;
45D3 : -17;
45D4 : -12;
45D5 : -127;
45D6 : -15;
45D7 : -56;
45D8 : 50;
45D9 : -4;
45DA : 2;
45DB : -9;
45DC : -34;
45DD : -4;
45DE : 17;
45DF : -11;
45E0 : 30;
45E1 : 15;
45E2 : -1;
45E3 : -79;
45E4 : -57;
45E5 : -72;
45E6 : -17;
45E7 : -47;
45E8 : 48;
45E9 : -41;
45EA : -44;
45EB : -3;
45EC : -42;
45ED : -17;
45EE : 30;
45EF : -38;
45F0 : 20;
45F1 : 24;
45F2 : -5;
45F3 : -30;
45F4 : -54;
45F5 : -59;
45F6 : -51;
45F7 : -38;
45F8 : 31;
45F9 : -5;
45FA : 20;
45FB : 22;
45FC : -25;
45FD : -6;
45FE : 5;
45FF : -53;
4600 : -13;
4601 : 21;
4602 : -20;
4603 : 15;
4604 : -14;
4605 : 0;
4606 : -14;
4607 : -5;
4608 : -1;
4609 : -14;
460A : -14;
460B : 11;
460C : -26;
460D : -2;
460E : -41;
460F : -13;
4610 : 13;
4611 : 11;
4612 : 0;
4613 : 5;
4614 : 27;
4615 : -22;
4616 : 6;
4617 : 0;
4618 : -3;
4619 : -5;
461A : -21;
461B : 15;
461C : -13;
461D : -19;
461E : -7;
461F : 11;
4620 : -27;
4621 : 15;
4622 : -2;
4623 : 23;
4624 : 22;
4625 : -1;
4626 : -25;
4627 : 10;
4628 : 19;
4629 : 19;
462A : 29;
462B : -6;
462C : -35;
462D : 17;
462E : 13;
462F : 15;
4630 : 4;
4631 : 1;
4632 : -26;
4633 : -10;
4634 : 10;
4635 : -6;
4636 : 9;
4637 : 6;
4638 : 14;
4639 : 21;
463A : 7;
463B : -2;
463C : -3;
463D : 13;
463E : 16;
463F : 26;
4640 : 10;
4641 : 15;
4642 : -3;
4643 : -7;
4644 : -11;
4645 : 11;
4646 : -14;
4647 : 1;
4648 : -15;
4649 : -12;
464A : -21;
464B : -18;
464C : -2;
464D : 10;
464E : 29;
464F : 4;
4650 : -27;
4651 : -6;
4652 : -5;
4653 : 11;
4654 : -15;
4655 : -6;
4656 : 22;
4657 : -15;
4658 : 44;
4659 : -14;
465A : -35;
465B : -31;
465C : 20;
465D : -18;
465E : -15;
465F : -35;
4660 : -12;
4661 : 6;
4662 : 2;
4663 : 3;
4664 : 3;
4665 : 26;
4666 : -11;
4667 : 13;
4668 : 21;
4669 : -9;
466A : 13;
466B : 17;
466C : -21;
466D : 14;
466E : -11;
466F : 25;
4670 : -6;
4671 : 44;
4672 : -27;
4673 : 9;
4674 : 1;
4675 : 0;
4676 : 15;
4677 : 3;
4678 : -21;
4679 : -10;
467A : 7;
467B : 20;
467C : -33;
467D : 4;
467E : 41;
467F : -11;
4680 : 14;
4681 : 18;
4682 : -11;
4683 : 4;
4684 : 1;
4685 : 36;
4686 : -58;
4687 : -13;
4688 : -40;
4689 : -19;
468A : -4;
468B : 20;
468C : 20;
468D : 9;
468E : 20;
468F : -16;
4690 : 29;
4691 : -25;
4692 : 20;
4693 : 35;
4694 : 12;
4695 : -4;
4696 : 7;
4697 : -23;
4698 : -35;
4699 : -27;
469A : -10;
469B : -21;
469C : -1;
469D : 4;
469E : 21;
469F : 13;
46A0 : -1;
46A1 : -18;
46A2 : 44;
46A3 : 14;
46A4 : 11;
46A5 : -3;
46A6 : 62;
46A7 : -6;
46A8 : -9;
46A9 : -22;
46AA : 24;
46AB : 17;
46AC : -27;
46AD : 2;
46AE : 10;
46AF : -18;
46B0 : -13;
46B1 : -22;
46B2 : 21;
46B3 : -10;
46B4 : -26;
46B5 : -4;
46B6 : 39;
46B7 : -5;
46B8 : 15;
46B9 : 1;
46BA : 31;
46BB : 12;
46BC : 15;
46BD : -14;
46BE : -5;
46BF : 2;
46C0 : -25;
46C1 : -34;
46C2 : -20;
46C3 : -11;
46C4 : 32;
46C5 : -25;
46C6 : -14;
46C7 : 27;
46C8 : 2;
46C9 : 19;
46CA : 21;
46CB : -9;
46CC : 43;
46CD : -20;
46CE : 13;
46CF : 10;
46D0 : -11;
46D1 : -37;
46D2 : 28;
46D3 : 26;
46D4 : 24;
46D5 : 1;
46D6 : 8;
46D7 : 38;
46D8 : -32;
46D9 : 14;
46DA : -3;
46DB : 16;
46DC : 13;
46DD : 18;
46DE : -14;
46DF : -10;
46E0 : 8;
46E1 : 3;
46E2 : 26;
46E3 : -1;
46E4 : -36;
46E5 : 16;
46E6 : 10;
46E7 : 5;
46E8 : -12;
46E9 : 3;
46EA : 12;
46EB : -5;
46EC : -7;
46ED : -10;
46EE : 30;
46EF : -3;
46F0 : -45;
46F1 : -6;
46F2 : 15;
46F3 : -19;
46F4 : 4;
46F5 : 40;
46F6 : -9;
46F7 : 8;
46F8 : -2;
46F9 : 2;
46FA : -5;
46FB : -30;
46FC : 1;
46FD : -10;
46FE : 5;
46FF : 7;
4700 : -19;
4701 : 2;
4702 : 1;
4703 : 13;
4704 : -28;
4705 : -15;
4706 : 22;
4707 : -10;
4708 : 7;
4709 : 9;
470A : 19;
470B : -9;
470C : -8;
470D : 17;
470E : -11;
470F : -12;
4710 : 8;
4711 : 14;
4712 : -22;
4713 : 0;
4714 : 9;
4715 : -40;
4716 : 16;
4717 : -2;
4718 : 0;
4719 : -16;
471A : 21;
471B : -13;
471C : -13;
471D : -12;
471E : -21;
471F : 0;
4720 : -39;
4721 : 6;
4722 : 12;
4723 : -3;
4724 : -19;
4725 : 11;
4726 : 19;
4727 : -16;
4728 : 26;
4729 : -17;
472A : 9;
472B : 15;
472C : -4;
472D : -11;
472E : -29;
472F : -25;
4730 : 13;
4731 : -25;
4732 : -29;
4733 : -38;
4734 : 17;
4735 : -28;
4736 : -10;
4737 : 3;
4738 : -3;
4739 : 8;
473A : -6;
473B : -14;
473C : -16;
473D : -32;
473E : -10;
473F : -13;
4740 : 13;
4741 : -14;
4742 : -1;
4743 : 12;
4744 : -31;
4745 : 1;
4746 : -10;
4747 : -14;
4748 : -1;
4749 : -27;
474A : 19;
474B : -9;
474C : -22;
474D : 10;
474E : -25;
474F : -7;
4750 : 11;
4751 : -8;
4752 : 10;
4753 : -8;
4754 : -4;
4755 : -31;
4756 : -5;
4757 : -21;
4758 : 12;
4759 : 5;
475A : 8;
475B : 25;
475C : -1;
475D : -8;
475E : 11;
475F : -29;
4760 : 12;
4761 : 5;
4762 : 13;
4763 : -18;
4764 : -10;
4765 : 2;
4766 : 8;
4767 : 5;
4768 : -10;
4769 : 9;
476A : 27;
476B : -2;
476C : 9;
476D : 21;
476E : 22;
476F : 12;
4770 : -1;
4771 : -7;
4772 : -22;
4773 : -19;
4774 : 5;
4775 : 0;
4776 : 11;
4777 : -30;
4778 : 2;
4779 : 21;
477A : -7;
477B : -3;
477C : 4;
477D : -10;
477E : -26;
477F : -3;
4780 : -9;
4781 : -15;
4782 : -13;
4783 : 7;
4784 : -37;
4785 : 3;
4786 : 2;
4787 : -22;
4788 : 29;
4789 : -4;
478A : 16;
478B : -25;
478C : -2;
478D : -15;
478E : 8;
478F : -17;
4790 : -13;
4791 : -8;
4792 : -12;
4793 : -12;
4794 : -4;
4795 : -15;
4796 : -21;
4797 : 15;
4798 : -7;
4799 : -14;
479A : 2;
479B : -12;
479C : -4;
479D : -27;
479E : 15;
479F : -11;
47A0 : -22;
47A1 : -33;
47A2 : -11;
47A3 : -34;
47A4 : 4;
47A5 : 1;
47A6 : 6;
47A7 : 7;
47A8 : 24;
47A9 : -6;
47AA : 34;
47AB : 0;
47AC : -24;
47AD : 8;
47AE : -1;
47AF : -21;
47B0 : 0;
47B1 : -14;
47B2 : 26;
47B3 : 9;
47B4 : 7;
47B5 : 17;
47B6 : 19;
47B7 : -1;
47B8 : -15;
47B9 : -27;
47BA : -3;
47BB : 3;
47BC : 2;
47BD : -13;
47BE : 2;
47BF : 13;
47C0 : -3;
47C1 : 2;
47C2 : -21;
47C3 : 4;
47C4 : -34;
47C5 : 14;
47C6 : -23;
47C7 : -4;
47C8 : -22;
47C9 : -35;
47CA : -13;
47CB : -28;
47CC : -24;
47CD : -27;
47CE : -23;
47CF : -20;
47D0 : -17;
47D1 : 1;
47D2 : 1;
47D3 : 9;
47D4 : -30;
47D5 : -13;
47D6 : 3;
47D7 : 9;
47D8 : -30;
47D9 : -15;
47DA : -13;
47DB : -5;
47DC : -38;
47DD : -22;
47DE : -20;
47DF : -23;
47E0 : -25;
47E1 : -10;
47E2 : 18;
47E3 : 6;
47E4 : 15;
47E5 : -10;
47E6 : -12;
47E7 : 8;
47E8 : -12;
47E9 : -32;
47EA : -12;
47EB : 13;
47EC : 23;
47ED : -30;
47EE : -3;
47EF : -29;
47F0 : -1;
47F1 : -17;
47F2 : 25;
47F3 : 18;
47F4 : 4;
47F5 : 5;
47F6 : -2;
47F7 : 2;
47F8 : 29;
47F9 : -5;
47FA : 29;
47FB : -11;
47FC : -20;
47FD : 16;
47FE : -7;
47FF : -24;
4800 : 22;
4801 : 14;
4802 : -16;
4803 : -4;
4804 : 8;
4805 : 8;
4806 : -35;
4807 : 7;
4808 : -61;
4809 : -18;
480A : -16;
480B : -19;
480C : 3;
480D : 20;
480E : -8;
480F : 16;
4810 : 14;
4811 : -7;
4812 : -8;
4813 : -20;
4814 : 6;
4815 : 26;
4816 : -36;
4817 : 1;
4818 : 4;
4819 : -23;
481A : 13;
481B : -6;
481C : -27;
481D : -9;
481E : 14;
481F : -7;
4820 : -13;
4821 : 27;
4822 : 18;
4823 : 18;
4824 : 13;
4825 : -1;
4826 : -28;
4827 : 9;
4828 : -16;
4829 : 22;
482A : 20;
482B : 3;
482C : 15;
482D : 15;
482E : 17;
482F : 31;
4830 : -8;
4831 : -22;
4832 : 1;
4833 : -12;
4834 : -3;
4835 : 25;
4836 : -2;
4837 : -14;
4838 : 22;
4839 : 12;
483A : 8;
483B : -13;
483C : -21;
483D : -22;
483E : 5;
483F : -10;
4840 : 5;
4841 : -2;
4842 : -24;
4843 : 6;
4844 : 9;
4845 : 13;
4846 : 21;
4847 : 13;
4848 : -26;
4849 : -10;
484A : 21;
484B : 3;
484C : -3;
484D : -16;
484E : -5;
484F : 18;
4850 : -7;
4851 : -8;
4852 : 27;
4853 : 8;
4854 : 6;
4855 : -2;
4856 : -16;
4857 : 5;
4858 : -17;
4859 : 12;
485A : -3;
485B : 26;
485C : 31;
485D : 6;
485E : -9;
485F : -4;
4860 : 13;
4861 : -11;
4862 : 11;
4863 : -4;
4864 : -22;
4865 : -13;
4866 : 10;
4867 : 11;
4868 : 3;
4869 : -11;
486A : 5;
486B : 22;
486C : 0;
486D : -11;
486E : 27;
486F : -18;
4870 : 7;
4871 : 1;
4872 : 9;
4873 : -7;
4874 : -20;
4875 : 16;
4876 : 2;
4877 : 35;
4878 : 12;
4879 : 26;
487A : -37;
487B : 24;
487C : -7;
487D : -11;
487E : 24;
487F : 4;
4880 : 16;
4881 : 19;
4882 : -18;
4883 : -24;
4884 : 6;
4885 : -3;
4886 : 27;
4887 : -3;
4888 : -51;
4889 : 24;
488A : 8;
488B : -24;
488C : 21;
488D : 16;
488E : -18;
488F : 7;
4890 : 9;
4891 : 30;
4892 : 4;
4893 : 20;
4894 : 30;
4895 : -10;
4896 : 0;
4897 : -12;
4898 : -12;
4899 : -1;
489A : 14;
489B : 33;
489C : 6;
489D : 29;
489E : 12;
489F : 7;
48A0 : 15;
48A1 : -16;
48A2 : 33;
48A3 : 28;
48A4 : 11;
48A5 : 7;
48A6 : 28;
48A7 : 31;
48A8 : -2;
48A9 : -7;
48AA : 29;
48AB : 2;
48AC : 0;
48AD : 25;
48AE : 18;
48AF : -29;
48B0 : -16;
48B1 : -24;
48B2 : 32;
48B3 : 3;
48B4 : -41;
48B5 : 12;
48B6 : 39;
48B7 : 17;
48B8 : -5;
48B9 : -24;
48BA : 29;
48BB : -28;
48BC : -28;
48BD : -20;
48BE : 17;
48BF : -33;
48C0 : -6;
48C1 : -17;
48C2 : -11;
48C3 : 6;
48C4 : -1;
48C5 : -25;
48C6 : 28;
48C7 : -1;
48C8 : -12;
48C9 : -13;
48CA : -6;
48CB : -13;
48CC : 12;
48CD : 1;
48CE : -11;
48CF : 14;
48D0 : -3;
48D1 : -23;
48D2 : 22;
48D3 : 4;
48D4 : 20;
48D5 : -18;
48D6 : -9;
48D7 : -12;
48D8 : -16;
48D9 : 6;
48DA : 8;
48DB : -3;
48DC : 13;
48DD : 17;
48DE : -9;
48DF : 13;
48E0 : 17;
48E1 : 21;
48E2 : -3;
48E3 : 11;
48E4 : 0;
48E5 : 19;
48E6 : 7;
48E7 : 12;
48E8 : 21;
48E9 : -1;
48EA : 12;
48EB : 17;
48EC : 7;
48ED : 27;
48EE : 34;
48EF : 6;
48F0 : -30;
48F1 : 4;
48F2 : 27;
48F3 : -6;
48F4 : 1;
48F5 : 17;
48F6 : 1;
48F7 : 17;
48F8 : 13;
48F9 : -16;
48FA : -27;
48FB : -6;
48FC : 21;
48FD : -7;
48FE : -25;
48FF : 0;
4900 : -9;
4901 : 15;
4902 : 10;
4903 : 6;
4904 : -16;
4905 : 1;
4906 : 33;
4907 : -12;
4908 : -5;
4909 : -30;
490A : -13;
490B : -25;
490C : 8;
490D : -13;
490E : 14;
490F : 51;
4910 : -19;
4911 : 2;
4912 : -1;
4913 : 8;
4914 : -27;
4915 : 33;
4916 : -32;
4917 : -2;
4918 : -14;
4919 : 12;
491A : -49;
491B : 0;
491C : 18;
491D : -13;
491E : -5;
491F : 5;
4920 : -22;
4921 : 15;
4922 : -25;
4923 : 22;
4924 : 7;
4925 : 27;
4926 : -19;
4927 : -19;
4928 : -20;
4929 : 16;
492A : -4;
492B : -22;
492C : -16;
492D : -15;
492E : -4;
492F : 11;
4930 : 3;
4931 : -22;
4932 : 25;
4933 : 7;
4934 : -12;
4935 : 36;
4936 : 4;
4937 : -3;
4938 : 36;
4939 : 3;
493A : 12;
493B : 13;
493C : -8;
493D : 14;
493E : -10;
493F : -6;
4940 : -10;
4941 : -5;
4942 : -25;
4943 : 20;
4944 : -19;
4945 : -8;
4946 : -9;
4947 : -10;
4948 : -42;
4949 : -43;
494A : -37;
494B : -22;
494C : -3;
494D : 15;
494E : -6;
494F : 0;
4950 : -4;
4951 : -14;
4952 : -28;
4953 : -1;
4954 : -20;
4955 : -23;
4956 : -9;
4957 : 0;
4958 : -23;
4959 : -23;
495A : -43;
495B : -29;
495C : 8;
495D : -25;
495E : 19;
495F : -24;
4960 : -9;
4961 : -2;
4962 : 13;
4963 : 19;
4964 : -8;
4965 : -19;
4966 : 23;
4967 : 17;
4968 : -9;
4969 : -10;
496A : 10;
496B : 14;
496C : -19;
496D : -12;
496E : 7;
496F : -30;
4970 : -6;
4971 : -32;
4972 : 6;
4973 : 2;
4974 : 0;
4975 : 9;
4976 : 11;
4977 : 14;
4978 : -28;
4979 : -11;
497A : 16;
497B : 36;
497C : -6;
497D : -7;
497E : 2;
497F : 28;
4980 : -20;
4981 : 3;
4982 : 14;
4983 : -11;
4984 : 15;
4985 : 0;
4986 : 18;
4987 : -9;
4988 : -86;
4989 : -9;
498A : -1;
498B : -30;
498C : -4;
498D : 14;
498E : -1;
498F : 18;
4990 : -27;
4991 : -21;
4992 : 17;
4993 : -4;
4994 : 10;
4995 : 12;
4996 : 11;
4997 : 1;
4998 : -39;
4999 : -4;
499A : 0;
499B : -9;
499C : 7;
499D : 23;
499E : 11;
499F : -33;
49A0 : -5;
49A1 : 23;
49A2 : 0;
49A3 : 11;
49A4 : -3;
49A5 : -12;
49A6 : 17;
49A7 : 16;
49A8 : 0;
49A9 : -27;
49AA : 22;
49AB : 19;
49AC : 9;
49AD : -3;
49AE : -5;
49AF : 11;
49B0 : 15;
49B1 : 10;
49B2 : 22;
49B3 : 35;
49B4 : 2;
49B5 : 2;
49B6 : 1;
49B7 : -18;
49B8 : -26;
49B9 : -17;
49BA : 25;
49BB : 1;
49BC : -8;
49BD : -7;
49BE : 5;
49BF : 2;
49C0 : -6;
49C1 : -15;
49C2 : -18;
49C3 : -2;
49C4 : 26;
49C5 : -24;
49C6 : 29;
49C7 : -5;
49C8 : -45;
49C9 : 31;
49CA : 1;
49CB : 10;
49CC : -6;
49CD : 34;
49CE : 24;
49CF : 10;
49D0 : 38;
49D1 : 38;
49D2 : 18;
49D3 : 20;
49D4 : 30;
49D5 : -34;
49D6 : 26;
49D7 : -11;
49D8 : -2;
49D9 : 11;
49DA : 42;
49DB : 34;
49DC : 15;
49DD : -5;
49DE : 2;
49DF : 20;
49E0 : 31;
49E1 : 33;
49E2 : -4;
49E3 : -16;
49E4 : -26;
49E5 : -14;
49E6 : -7;
49E7 : 20;
49E8 : 11;
49E9 : 15;
49EA : 9;
49EB : 9;
49EC : 22;
49ED : 1;
49EE : 8;
49EF : -9;
49F0 : 3;
49F1 : 21;
49F2 : -34;
49F3 : -23;
49F4 : -28;
49F5 : -3;
49F6 : -67;
49F7 : 7;
49F8 : -2;
49F9 : 7;
49FA : -50;
49FB : -12;
49FC : 11;
49FD : -8;
49FE : 8;
49FF : 6;
4A00 : 29;
4A01 : 24;
4A02 : 55;
4A03 : 18;
4A04 : -18;
4A05 : 36;
4A06 : -35;
4A07 : 15;
4A08 : 22;
4A09 : -16;
4A0A : 23;
4A0B : 2;
4A0C : 21;
4A0D : -37;
4A0E : 55;
4A0F : -41;
4A10 : -16;
4A11 : -18;
4A12 : 24;
4A13 : -8;
4A14 : 31;
4A15 : 50;
4A16 : -7;
4A17 : 19;
4A18 : 16;
4A19 : 20;
4A1A : -12;
4A1B : -19;
4A1C : -18;
4A1D : 1;
4A1E : 15;
4A1F : 14;
4A20 : -65;
4A21 : -28;
4A22 : 8;
4A23 : 8;
4A24 : -9;
4A25 : 43;
4A26 : 24;
4A27 : 31;
4A28 : -40;
4A29 : 20;
4A2A : -43;
4A2B : -45;
4A2C : -27;
4A2D : 28;
4A2E : -24;
4A2F : 40;
4A30 : -18;
4A31 : 48;
4A32 : 12;
4A33 : 9;
4A34 : -13;
4A35 : 9;
4A36 : -6;
4A37 : -14;
4A38 : -65;
4A39 : -13;
4A3A : 5;
4A3B : -42;
4A3C : -7;
4A3D : -23;
4A3E : -60;
4A3F : -27;
4A40 : -12;
4A41 : 19;
4A42 : 22;
4A43 : 39;
4A44 : 34;
4A45 : 35;
4A46 : -84;
4A47 : -7;
4A48 : 5;
4A49 : -22;
4A4A : -13;
4A4B : -12;
4A4C : -24;
4A4D : -55;
4A4E : 45;
4A4F : 14;
4A50 : 11;
4A51 : 44;
4A52 : 25;
4A53 : -1;
4A54 : 16;
4A55 : 18;
4A56 : -11;
4A57 : 8;
4A58 : -9;
4A59 : 25;
4A5A : 9;
4A5B : -11;
4A5C : -1;
4A5D : -1;
4A5E : -11;
4A5F : 23;
4A60 : -18;
4A61 : -40;
4A62 : 37;
4A63 : -8;
4A64 : -9;
4A65 : -1;
4A66 : 14;
4A67 : 15;
4A68 : 0;
4A69 : 5;
4A6A : -22;
4A6B : -4;
4A6C : -32;
4A6D : 13;
4A6E : 8;
4A6F : 7;
4A70 : -38;
4A71 : 1;
4A72 : -4;
4A73 : -7;
4A74 : -6;
4A75 : -12;
4A76 : 2;
4A77 : 4;
4A78 : -52;
4A79 : 1;
4A7A : -78;
4A7B : 12;
4A7C : 8;
4A7D : -7;
4A7E : 5;
4A7F : -9;
4A80 : -13;
4A81 : -1;
4A82 : -9;
4A83 : 16;
4A84 : 5;
4A85 : -22;
4A86 : 2;
4A87 : -35;
4A88 : -25;
4A89 : 4;
4A8A : -7;
4A8B : -23;
4A8C : -5;
4A8D : -46;
4A8E : -16;
4A8F : -2;
4A90 : 13;
4A91 : 28;
4A92 : -22;
4A93 : 23;
4A94 : -19;
4A95 : -29;
4A96 : -30;
4A97 : -19;
4A98 : -15;
4A99 : 32;
4A9A : -11;
4A9B : -12;
4A9C : 2;
4A9D : 1;
4A9E : -3;
4A9F : -15;
4AA0 : -1;
4AA1 : -21;
4AA2 : -9;
4AA3 : -6;
4AA4 : -9;
4AA5 : -24;
4AA6 : -8;
4AA7 : -19;
4AA8 : 37;
4AA9 : 22;
4AAA : -2;
4AAB : -24;
4AAC : -17;
4AAD : 2;
4AAE : -23;
4AAF : -6;
4AB0 : -32;
4AB1 : -17;
4AB2 : 23;
4AB3 : -4;
4AB4 : 20;
4AB5 : -5;
4AB6 : 20;
4AB7 : 13;
4AB8 : 5;
4AB9 : -28;
4ABA : -16;
4ABB : 24;
4ABC : 11;
4ABD : 23;
4ABE : 20;
4ABF : 24;
4AC0 : -2;
4AC1 : 12;
4AC2 : -37;
4AC3 : 3;
4AC4 : 29;
4AC5 : 14;
4AC6 : 0;
4AC7 : -24;
4AC8 : -6;
4AC9 : -16;
4ACA : 15;
4ACB : 9;
4ACC : 2;
4ACD : 4;
4ACE : -30;
4ACF : 26;
4AD0 : -1;
4AD1 : 8;
4AD2 : -9;
4AD3 : 19;
4AD4 : 7;
4AD5 : 3;
4AD6 : 16;
4AD7 : -1;
4AD8 : 5;
4AD9 : -9;
4ADA : 18;
4ADB : 19;
4ADC : -1;
4ADD : -2;
4ADE : 5;
4ADF : 1;
4AE0 : 1;
4AE1 : -24;
4AE2 : 16;
4AE3 : 3;
4AE4 : 23;
4AE5 : 16;
4AE6 : -14;
4AE7 : -3;
4AE8 : 21;
4AE9 : -7;
4AEA : 28;
4AEB : 5;
4AEC : 3;
4AED : 25;
4AEE : 11;
4AEF : -16;
4AF0 : 0;
4AF1 : 34;
4AF2 : 0;
4AF3 : 29;
4AF4 : -4;
4AF5 : 2;
4AF6 : 33;
4AF7 : 20;
4AF8 : -15;
4AF9 : 28;
4AFA : 10;
4AFB : 6;
4AFC : 18;
4AFD : 14;
4AFE : -7;
4AFF : 15;
4B00 : -19;
4B01 : 17;
4B02 : -12;
4B03 : -6;
4B04 : 0;
4B05 : -9;
4B06 : -6;
4B07 : -18;
4B08 : 15;
4B09 : -16;
4B0A : -6;
4B0B : -12;
4B0C : -18;
4B0D : -10;
4B0E : -13;
4B0F : 10;
4B10 : 7;
4B11 : -25;
4B12 : -1;
4B13 : -24;
4B14 : -15;
4B15 : -4;
4B16 : -1;
4B17 : -8;
4B18 : -5;
4B19 : 5;
4B1A : -14;
4B1B : -19;
4B1C : -18;
4B1D : 9;
4B1E : 12;
4B1F : -26;
4B20 : -9;
4B21 : -25;
4B22 : -29;
4B23 : -24;
4B24 : 4;
4B25 : -13;
4B26 : 6;
4B27 : 5;
4B28 : -21;
4B29 : -19;
4B2A : -17;
4B2B : -14;
4B2C : -24;
4B2D : -10;
4B2E : -1;
4B2F : 9;
4B30 : 5;
4B31 : -17;
4B32 : -12;
4B33 : -10;
4B34 : -3;
4B35 : 8;
4B36 : -10;
4B37 : 6;
4B38 : -23;
4B39 : 0;
4B3A : -13;
4B3B : 13;
4B3C : 5;
4B3D : -6;
4B3E : 11;
4B3F : -25;
4B40 : -15;
4B41 : -7;
4B42 : -23;
4B43 : 3;
4B44 : -2;
4B45 : -25;
4B46 : -5;
4B47 : 13;
4B48 : -17;
4B49 : 24;
4B4A : -18;
4B4B : 17;
4B4C : -33;
4B4D : 14;
4B4E : -5;
4B4F : -4;
4B50 : -5;
4B51 : -10;
4B52 : -32;
4B53 : 7;
4B54 : -20;
4B55 : -13;
4B56 : -7;
4B57 : 17;
4B58 : -4;
4B59 : -27;
4B5A : 8;
4B5B : 3;
4B5C : -9;
4B5D : 8;
4B5E : -27;
4B5F : -18;
4B60 : -1;
4B61 : -30;
4B62 : -28;
4B63 : 7;
4B64 : -30;
4B65 : -6;
4B66 : 1;
4B67 : -16;
4B68 : 12;
4B69 : -5;
4B6A : 14;
4B6B : -7;
4B6C : -7;
4B6D : -6;
4B6E : -1;
4B6F : -8;
4B70 : 0;
4B71 : -19;
4B72 : -23;
4B73 : -31;
4B74 : 10;
4B75 : 9;
4B76 : -1;
4B77 : -19;
4B78 : 12;
4B79 : 15;
4B7A : 6;
4B7B : 7;
4B7C : -7;
4B7D : 16;
4B7E : -22;
4B7F : 7;
4B80 : 13;
4B81 : -18;
4B82 : -27;
4B83 : -9;
4B84 : 2;
4B85 : 14;
4B86 : -3;
4B87 : 14;
4B88 : 20;
4B89 : -4;
4B8A : -15;
4B8B : -20;
4B8C : -2;
4B8D : 2;
4B8E : -23;
4B8F : 22;
4B90 : 24;
4B91 : -28;
4B92 : 10;
4B93 : -15;
4B94 : 7;
4B95 : -1;
4B96 : -1;
4B97 : -28;
4B98 : 8;
4B99 : 4;
4B9A : 2;
4B9B : -12;
4B9C : -6;
4B9D : 10;
4B9E : 10;
4B9F : -27;
4BA0 : 0;
4BA1 : 21;
4BA2 : -10;
4BA3 : -13;
4BA4 : -21;
4BA5 : 4;
4BA6 : 21;
4BA7 : -24;
4BA8 : 25;
4BA9 : -7;
4BAA : -12;
4BAB : -15;
4BAC : 11;
4BAD : 12;
4BAE : 12;
4BAF : 6;
4BB0 : 23;
4BB1 : 3;
4BB2 : 2;
4BB3 : 10;
4BB4 : 0;
4BB5 : 2;
4BB6 : -23;
4BB7 : -30;
4BB8 : 4;
4BB9 : -13;
4BBA : -7;
4BBB : -13;
4BBC : -22;
4BBD : -19;
4BBE : -8;
4BBF : -31;
4BC0 : -8;
4BC1 : 9;
4BC2 : -34;
4BC3 : 7;
4BC4 : 7;
4BC5 : -21;
4BC6 : 12;
4BC7 : 10;
4BC8 : 35;
4BC9 : -20;
4BCA : 13;
4BCB : 6;
4BCC : -24;
4BCD : -3;
4BCE : -5;
4BCF : 11;
4BD0 : -27;
4BD1 : 8;
4BD2 : 15;
4BD3 : 13;
4BD4 : -13;
4BD5 : 11;
4BD6 : 9;
4BD7 : -23;
4BD8 : 25;
4BD9 : -6;
4BDA : -19;
4BDB : -25;
4BDC : 12;
4BDD : 10;
4BDE : 6;
4BDF : 13;
4BE0 : 21;
4BE1 : -13;
4BE2 : -17;
4BE3 : -28;
4BE4 : -8;
4BE5 : -11;
4BE6 : 20;
4BE7 : 10;
4BE8 : -13;
4BE9 : -13;
4BEA : 26;
4BEB : -3;
4BEC : 20;
4BED : -12;
4BEE : -21;
4BEF : -8;
4BF0 : -1;
4BF1 : 13;
4BF2 : 15;
4BF3 : -22;
4BF4 : -19;
4BF5 : 16;
4BF6 : 8;
4BF7 : -26;
4BF8 : 7;
4BF9 : -10;
4BFA : 21;
4BFB : -18;
4BFC : -13;
4BFD : -7;
4BFE : -14;
4BFF : -20;
4C00 : -14;
4C01 : 3;
4C02 : 18;
4C03 : -27;
4C04 : 16;
4C05 : -23;
4C06 : -8;
4C07 : -25;
4C08 : 0;
4C09 : -23;
4C0A : -20;
4C0B : -2;
4C0C : -1;
4C0D : 1;
4C0E : -20;
4C0F : -21;
4C10 : 14;
4C11 : 21;
4C12 : 2;
4C13 : -8;
4C14 : 21;
4C15 : 10;
4C16 : -12;
4C17 : -14;
4C18 : -18;
4C19 : -22;
4C1A : -7;
4C1B : 18;
4C1C : 0;
4C1D : -12;
4C1E : 20;
4C1F : -19;
4C20 : -16;
4C21 : 1;
4C22 : -23;
4C23 : -25;
4C24 : 21;
4C25 : 4;
4C26 : -24;
4C27 : -5;
4C28 : 6;
4C29 : -5;
4C2A : -22;
4C2B : -5;
4C2C : -2;
4C2D : -21;
4C2E : -5;
4C2F : -9;
4C30 : 20;
4C31 : 16;
4C32 : -6;
4C33 : 18;
4C34 : 0;
4C35 : 6;
4C36 : 10;
4C37 : 20;
4C38 : -10;
4C39 : -1;
4C3A : 6;
4C3B : -13;
4C3C : -3;
4C3D : 20;
4C3E : 13;
4C3F : 17;
4C40 : -14;
4C41 : 17;
4C42 : -1;
4C43 : -26;
4C44 : 17;
4C45 : 2;
4C46 : 17;
4C47 : -2;
4C48 : -9;
4C49 : -8;
4C4A : -10;
4C4B : -24;
4C4C : 1;
4C4D : -14;
4C4E : 11;
4C4F : 14;
4C50 : 10;
4C51 : 11;
4C52 : -16;
4C53 : 7;
4C54 : 3;
4C55 : -14;
4C56 : 3;
4C57 : -19;
4C58 : -22;
4C59 : -18;
4C5A : -17;
4C5B : 0;
4C5C : -12;
4C5D : 6;
4C5E : 0;
4C5F : -23;
4C60 : -25;
4C61 : -4;
4C62 : 14;
4C63 : -18;
4C64 : -22;
4C65 : 10;
4C66 : -13;
4C67 : -6;
4C68 : -30;
4C69 : 6;
4C6A : -11;
4C6B : 16;
4C6C : -25;
4C6D : -13;
4C6E : -13;
4C6F : 3;
4C70 : -5;
4C71 : -8;
4C72 : 7;
4C73 : -19;
4C74 : 9;
4C75 : -17;
4C76 : -21;
4C77 : 19;
4C78 : 8;
4C79 : 10;
4C7A : 13;
4C7B : 21;
4C7C : 3;
4C7D : -9;
4C7E : 20;
4C7F : 6;
4C80 : 8;
4C81 : -14;
4C82 : -17;
4C83 : 11;
4C84 : -25;
4C85 : -14;
4C86 : -7;
4C87 : 5;
4C88 : 6;
4C89 : 7;
4C8A : -12;
4C8B : -8;
4C8C : -17;
4C8D : 15;
4C8E : 15;
4C8F : -10;
4C90 : -25;
4C91 : -11;
4C92 : -10;
4C93 : -14;
4C94 : -10;
4C95 : 0;
4C96 : -4;
4C97 : 9;
4C98 : 2;
4C99 : 20;
4C9A : 11;
4C9B : 4;
4C9C : -14;
4C9D : -6;
4C9E : 7;
4C9F : -7;
4CA0 : 3;
4CA1 : 15;
4CA2 : 3;
4CA3 : 1;
4CA4 : -26;
4CA5 : -17;
4CA6 : -22;
4CA7 : 11;
4CA8 : 9;
4CA9 : 7;
4CAA : 22;
4CAB : -9;
4CAC : -23;
4CAD : 9;
4CAE : -10;
4CAF : 0;
4CB0 : 4;
4CB1 : 9;
4CB2 : -5;
4CB3 : 3;
4CB4 : -15;
4CB5 : 4;
4CB6 : -12;
4CB7 : 15;
4CB8 : -1;
4CB9 : -15;
4CBA : 6;
4CBB : 21;
4CBC : -20;
4CBD : 6;
4CBE : -14;
4CBF : -13;
4CC0 : -10;
4CC1 : -9;
4CC2 : -9;
4CC3 : 18;
4CC4 : 3;
4CC5 : -6;
4CC6 : -11;
4CC7 : -17;
4CC8 : -9;
4CC9 : 20;
4CCA : -8;
4CCB : -18;
4CCC : 1;
4CCD : -10;
4CCE : -5;
4CCF : -14;
4CD0 : -25;
4CD1 : 7;
4CD2 : -27;
4CD3 : 0;
4CD4 : 4;
4CD5 : -15;
4CD6 : 13;
4CD7 : -21;
4CD8 : -6;
4CD9 : 10;
4CDA : -7;
4CDB : -2;
4CDC : -8;
4CDD : -20;
4CDE : 20;
4CDF : 16;
4CE0 : 11;
4CE1 : 4;
4CE2 : -27;
4CE3 : 9;
4CE4 : -18;
4CE5 : 17;
4CE6 : 13;
4CE7 : 5;
4CE8 : 7;
4CE9 : 3;
4CEA : -14;
4CEB : 4;
4CEC : 11;
4CED : -23;
4CEE : -17;
4CEF : -6;
4CF0 : -21;
4CF1 : -1;
4CF2 : 6;
4CF3 : -9;
4CF4 : -26;
4CF5 : -6;
4CF6 : 18;
4CF7 : 10;
4CF8 : 3;
4CF9 : -2;
4CFA : -19;
4CFB : 16;
4CFC : 13;
4CFD : -5;
4CFE : -7;
4CFF : -6;
4D00 : -24;
4D01 : 37;
4D02 : -1;
4D03 : 33;
4D04 : 5;
4D05 : 18;
4D06 : -43;
4D07 : 25;
4D08 : 6;
4D09 : 30;
4D0A : 31;
4D0B : -16;
4D0C : 10;
4D0D : -23;
4D0E : 20;
4D0F : 25;
4D10 : 12;
4D11 : 13;
4D12 : -4;
4D13 : -8;
4D14 : -17;
4D15 : -10;
4D16 : -17;
4D17 : -22;
4D18 : 23;
4D19 : 8;
4D1A : -19;
4D1B : 29;
4D1C : -12;
4D1D : -18;
4D1E : 27;
4D1F : -2;
4D20 : -3;
4D21 : 13;
4D22 : -29;
4D23 : 7;
4D24 : 15;
4D25 : -8;
4D26 : 32;
4D27 : 16;
4D28 : 0;
4D29 : -4;
4D2A : -19;
4D2B : 8;
4D2C : -32;
4D2D : 0;
4D2E : 23;
4D2F : 4;
4D30 : -3;
4D31 : 24;
4D32 : -14;
4D33 : -13;
4D34 : 11;
4D35 : -37;
4D36 : 7;
4D37 : -19;
4D38 : -11;
4D39 : 5;
4D3A : 9;
4D3B : 5;
4D3C : -16;
4D3D : -24;
4D3E : -25;
4D3F : -17;
4D40 : 10;
4D41 : -8;
4D42 : 26;
4D43 : -9;
4D44 : -13;
4D45 : -18;
4D46 : -33;
4D47 : -11;
4D48 : 31;
4D49 : -15;
4D4A : 29;
4D4B : 11;
4D4C : -7;
4D4D : -20;
4D4E : 23;
4D4F : 17;
4D50 : 10;
4D51 : 14;
4D52 : 5;
4D53 : 4;
4D54 : 1;
4D55 : -4;
4D56 : -24;
4D57 : -31;
4D58 : 10;
4D59 : -18;
4D5A : 32;
4D5B : -12;
4D5C : -8;
4D5D : -15;
4D5E : 23;
4D5F : -15;
4D60 : -23;
4D61 : -16;
4D62 : 5;
4D63 : 0;
4D64 : 12;
4D65 : 26;
4D66 : 8;
4D67 : -23;
4D68 : -5;
4D69 : 6;
4D6A : 13;
4D6B : -19;
4D6C : 22;
4D6D : 3;
4D6E : -22;
4D6F : 6;
4D70 : -13;
4D71 : -11;
4D72 : 11;
4D73 : -21;
4D74 : 4;
4D75 : 23;
4D76 : -12;
4D77 : 13;
4D78 : -17;
4D79 : -23;
4D7A : -16;
4D7B : -1;
4D7C : 49;
4D7D : 25;
4D7E : -33;
4D7F : 9;
4D80 : 8;
4D81 : 0;
4D82 : -1;
4D83 : 5;
4D84 : 21;
4D85 : 6;
4D86 : -3;
4D87 : 26;
4D88 : 23;
4D89 : -2;
4D8A : 28;
4D8B : -24;
4D8C : -11;
4D8D : -31;
4D8E : -17;
4D8F : -9;
4D90 : -38;
4D91 : -15;
4D92 : 4;
4D93 : -8;
4D94 : -50;
4D95 : 25;
4D96 : -3;
4D97 : 21;
4D98 : 18;
4D99 : -19;
4D9A : -32;
4D9B : -16;
4D9C : -7;
4D9D : -44;
4D9E : 21;
4D9F : 0;
4DA0 : -34;
4DA1 : 23;
4DA2 : -12;
4DA3 : 20;
4DA4 : -4;
4DA5 : -3;
4DA6 : -10;
4DA7 : 29;
4DA8 : 6;
4DA9 : -12;
4DAA : -37;
4DAB : -25;
4DAC : 19;
4DAD : -43;
4DAE : 34;
4DAF : 15;
4DB0 : 18;
4DB1 : 20;
4DB2 : -25;
4DB3 : 18;
4DB4 : 25;
4DB5 : -13;
4DB6 : -22;
4DB7 : -5;
4DB8 : 32;
4DB9 : 25;
4DBA : -28;
4DBB : 49;
4DBC : 21;
4DBD : 9;
4DBE : 23;
4DBF : -28;
4DC0 : 6;
4DC1 : 3;
4DC2 : -14;
4DC3 : -2;
4DC4 : 8;
4DC5 : 17;
4DC6 : -29;
4DC7 : -23;
4DC8 : -10;
4DC9 : 24;
4DCA : 11;
4DCB : -9;
4DCC : 8;
4DCD : 9;
4DCE : 6;
4DCF : 38;
4DD0 : -16;
4DD1 : -7;
4DD2 : -9;
4DD3 : 21;
4DD4 : -13;
4DD5 : -32;
4DD6 : 7;
4DD7 : -3;
4DD8 : -31;
4DD9 : 34;
4DDA : 28;
4DDB : -6;
4DDC : 8;
4DDD : 24;
4DDE : -13;
4DDF : -19;
4DE0 : 1;
4DE1 : -25;
4DE2 : -24;
4DE3 : 13;
4DE4 : -10;
4DE5 : -20;
4DE6 : 26;
4DE7 : 25;
4DE8 : -13;
4DE9 : -11;
4DEA : -36;
4DEB : 39;
4DEC : 12;
4DED : -24;
4DEE : 10;
4DEF : -26;
4DF0 : 27;
4DF1 : 11;
4DF2 : -20;
4DF3 : -12;
4DF4 : 34;
4DF5 : -35;
4DF6 : -14;
4DF7 : 17;
4DF8 : 8;
4DF9 : 24;
4DFA : 12;
4DFB : 31;
4DFC : 41;
4DFD : -4;
4DFE : 15;
4DFF : -21;
4E00 : 18;
4E01 : 12;
4E02 : -2;
4E03 : -4;
4E04 : 21;
4E05 : 16;
4E06 : 13;
4E07 : 0;
4E08 : 29;
4E09 : -23;
4E0A : 4;
4E0B : 29;
4E0C : 27;
4E0D : 5;
4E0E : -12;
4E0F : -37;
4E10 : 7;
4E11 : 14;
4E12 : -13;
4E13 : 9;
4E14 : -2;
4E15 : -20;
4E16 : 37;
4E17 : 6;
4E18 : -6;
4E19 : 23;
4E1A : -13;
4E1B : 3;
4E1C : 3;
4E1D : 29;
4E1E : -18;
4E1F : -8;
4E20 : 17;
4E21 : 0;
4E22 : -10;
4E23 : 10;
4E24 : -11;
4E25 : -26;
4E26 : 40;
4E27 : 12;
4E28 : -16;
4E29 : -13;
4E2A : -6;
4E2B : 23;
4E2C : -28;
4E2D : -4;
4E2E : 3;
4E2F : 0;
4E30 : 2;
4E31 : -23;
4E32 : 22;
4E33 : 28;
4E34 : -7;
4E35 : 2;
4E36 : 25;
4E37 : 4;
4E38 : -25;
4E39 : 13;
4E3A : 2;
4E3B : 8;
4E3C : 28;
4E3D : 20;
4E3E : -11;
4E3F : 3;
4E40 : -7;
4E41 : -18;
4E42 : 17;
4E43 : 11;
4E44 : 0;
4E45 : 13;
4E46 : -3;
4E47 : 29;
4E48 : 27;
4E49 : -16;
4E4A : -23;
4E4B : -3;
4E4C : 27;
4E4D : -5;
4E4E : 40;
4E4F : -6;
4E50 : -14;
4E51 : 16;
4E52 : 9;
4E53 : 6;
4E54 : -26;
4E55 : 13;
4E56 : 43;
4E57 : 16;
4E58 : -8;
4E59 : -15;
4E5A : 7;
4E5B : -34;
4E5C : -28;
4E5D : -25;
4E5E : 5;
4E5F : -4;
4E60 : 15;
4E61 : -19;
4E62 : 38;
4E63 : 7;
4E64 : 25;
4E65 : -6;
4E66 : 24;
4E67 : -4;
4E68 : -24;
4E69 : 16;
4E6A : 11;
4E6B : -1;
4E6C : 2;
4E6D : -1;
4E6E : -9;
4E6F : 16;
4E70 : -14;
4E71 : 16;
4E72 : 12;
4E73 : 11;
4E74 : 15;
4E75 : 28;
4E76 : -14;
4E77 : -36;
4E78 : -7;
4E79 : 6;
4E7A : 1;
4E7B : 5;
4E7C : 10;
4E7D : 23;
4E7E : -3;
4E7F : -2;
4E80 : -19;
4E81 : 20;
4E82 : 10;
4E83 : 41;
4E84 : -12;
4E85 : -1;
4E86 : -64;
4E87 : 13;
4E88 : -32;
4E89 : -10;
4E8A : -19;
4E8B : -29;
4E8C : -13;
4E8D : -14;
4E8E : -10;
4E8F : -7;
4E90 : -14;
4E91 : 14;
4E92 : 28;
4E93 : 19;
4E94 : 2;
4E95 : 19;
4E96 : 23;
4E97 : 15;
4E98 : -7;
4E99 : -16;
4E9A : -3;
4E9B : -43;
4E9C : -18;
4E9D : -15;
4E9E : 19;
4E9F : 12;
4EA0 : -16;
4EA1 : 2;
4EA2 : 12;
4EA3 : -7;
4EA4 : -10;
4EA5 : -4;
4EA6 : 11;
4EA7 : 0;
4EA8 : -34;
4EA9 : 5;
4EAA : 13;
4EAB : 2;
4EAC : -26;
4EAD : -30;
4EAE : 10;
4EAF : -20;
4EB0 : 10;
4EB1 : 16;
4EB2 : -2;
4EB3 : 3;
4EB4 : -3;
4EB5 : 1;
4EB6 : 13;
4EB7 : 8;
4EB8 : -20;
4EB9 : 21;
4EBA : 11;
4EBB : 8;
4EBC : -14;
4EBD : -15;
4EBE : 34;
4EBF : 7;
4EC0 : 16;
4EC1 : -37;
4EC2 : -18;
4EC3 : 4;
4EC4 : 38;
4EC5 : -18;
4EC6 : -1;
4EC7 : 9;
4EC8 : -69;
4EC9 : 30;
4ECA : 10;
4ECB : -5;
4ECC : 6;
4ECD : 4;
4ECE : -26;
4ECF : 28;
4ED0 : -6;
4ED1 : -1;
4ED2 : 5;
4ED3 : 3;
4ED4 : 22;
4ED5 : -9;
4ED6 : -8;
4ED7 : 43;
4ED8 : -21;
4ED9 : 40;
4EDA : 22;
4EDB : -10;
4EDC : 16;
4EDD : 1;
4EDE : -1;
4EDF : 9;
4EE0 : -21;
4EE1 : -19;
4EE2 : 37;
4EE3 : 6;
4EE4 : -18;
4EE5 : -13;
4EE6 : -1;
4EE7 : 9;
4EE8 : -17;
4EE9 : 5;
4EEA : 8;
4EEB : -1;
4EEC : -6;
4EED : -20;
4EEE : 6;
4EEF : -23;
4EF0 : 13;
4EF1 : 7;
4EF2 : 16;
4EF3 : 5;
4EF4 : -13;
4EF5 : -41;
4EF6 : -6;
4EF7 : 26;
4EF8 : 22;
4EF9 : 24;
4EFA : 20;
4EFB : 32;
4EFC : 14;
4EFD : -12;
4EFE : 30;
4EFF : -19;
4F00 : 5;
4F01 : -29;
4F02 : -22;
4F03 : -14;
4F04 : -2;
4F05 : -34;
4F06 : 13;
4F07 : 15;
4F08 : -7;
4F09 : 19;
4F0A : -25;
4F0B : 27;
4F0C : 21;
4F0D : -1;
4F0E : 7;
4F0F : -19;
4F10 : 28;
4F11 : 14;
4F12 : -5;
4F13 : 21;
4F14 : -12;
4F15 : 5;
4F16 : 0;
4F17 : 31;
4F18 : -3;
4F19 : 14;
4F1A : -30;
4F1B : 7;
4F1C : 18;
4F1D : 28;
4F1E : -17;
4F1F : -37;
4F20 : -5;
4F21 : -10;
4F22 : 5;
4F23 : -11;
4F24 : -14;
4F25 : -20;
4F26 : 22;
4F27 : 23;
4F28 : 23;
4F29 : 11;
4F2A : -24;
4F2B : 41;
4F2C : 2;
4F2D : 6;
4F2E : -6;
4F2F : -11;
4F30 : 46;
4F31 : -10;
4F32 : -2;
4F33 : -13;
4F34 : -22;
4F35 : -2;
4F36 : -1;
4F37 : 24;
4F38 : 66;
4F39 : 28;
4F3A : -13;
4F3B : 58;
4F3C : -16;
4F3D : 1;
4F3E : 0;
4F3F : -34;
4F40 : 10;
4F41 : 17;
4F42 : 7;
4F43 : -1;
4F44 : -8;
4F45 : -16;
4F46 : 38;
4F47 : 10;
4F48 : -7;
4F49 : 13;
4F4A : 13;
4F4B : 15;
4F4C : 18;
4F4D : 14;
4F4E : -2;
4F4F : -27;
4F50 : 13;
4F51 : 9;
4F52 : 0;
4F53 : 29;
4F54 : 9;
4F55 : 6;
4F56 : 6;
4F57 : -20;
4F58 : -32;
4F59 : 15;
4F5A : 10;
4F5B : -33;
4F5C : 22;
4F5D : -18;
4F5E : 4;
4F5F : 5;
4F60 : 26;
4F61 : 9;
4F62 : 22;
4F63 : 6;
4F64 : -1;
4F65 : -14;
4F66 : 4;
4F67 : -21;
4F68 : 16;
4F69 : 20;
4F6A : 39;
4F6B : -1;
4F6C : -38;
4F6D : 19;
4F6E : -12;
4F6F : 31;
4F70 : 16;
4F71 : -18;
4F72 : 16;
4F73 : 10;
4F74 : 5;
4F75 : 29;
4F76 : 12;
4F77 : -17;
4F78 : 18;
4F79 : 6;
4F7A : 36;
4F7B : -6;
4F7C : 17;
4F7D : -10;
4F7E : 22;
4F7F : -7;
4F80 : -11;
4F81 : 7;
4F82 : 24;
4F83 : 15;
4F84 : 29;
4F85 : 11;
4F86 : 25;
4F87 : -6;
4F88 : -58;
4F89 : -2;
4F8A : -20;
4F8B : -26;
4F8C : -23;
4F8D : -15;
4F8E : 6;
4F8F : 7;
4F90 : 4;
4F91 : 10;
4F92 : -7;
4F93 : 21;
4F94 : -6;
4F95 : -14;
4F96 : -12;
4F97 : -5;
4F98 : 1;
4F99 : -17;
4F9A : 20;
4F9B : -9;
4F9C : -24;
4F9D : 9;
4F9E : -18;
4F9F : 25;
4FA0 : -13;
4FA1 : 18;
4FA2 : -21;
4FA3 : -7;
4FA4 : -21;
4FA5 : -17;
4FA6 : -16;
4FA7 : -20;
4FA8 : -21;
4FA9 : -14;
4FAA : 18;
4FAB : -43;
4FAC : 4;
4FAD : 17;
4FAE : 15;
4FAF : 0;
4FB0 : -24;
4FB1 : 21;
4FB2 : -4;
4FB3 : 16;
4FB4 : -12;
4FB5 : 4;
4FB6 : -18;
4FB7 : -30;
4FB8 : -31;
4FB9 : -25;
4FBA : -9;
4FBB : -43;
4FBC : -7;
4FBD : -25;
4FBE : 15;
4FBF : 41;
4FC0 : -20;
4FC1 : 14;
4FC2 : 14;
4FC3 : 1;
4FC4 : -14;
4FC5 : 12;
4FC6 : -13;
4FC7 : -12;
4FC8 : 17;
4FC9 : -4;
4FCA : -18;
4FCB : -17;
4FCC : -11;
4FCD : -11;
4FCE : -25;
4FCF : 7;
4FD0 : 12;
4FD1 : -21;
4FD2 : 26;
4FD3 : -11;
4FD4 : 25;
4FD5 : -10;
4FD6 : 26;
4FD7 : 19;
4FD8 : 16;
4FD9 : 14;
4FDA : 7;
4FDB : 18;
4FDC : -7;
4FDD : -17;
4FDE : 11;
4FDF : 18;
4FE0 : 16;
4FE1 : -4;
4FE2 : 10;
4FE3 : 27;
4FE4 : -6;
4FE5 : 28;
4FE6 : 14;
4FE7 : -13;
4FE8 : -21;
4FE9 : -28;
4FEA : -11;
4FEB : 16;
4FEC : 5;
4FED : -26;
4FEE : 12;
4FEF : -7;
4FF0 : -40;
4FF1 : 16;
4FF2 : 3;
4FF3 : -25;
4FF4 : 15;
4FF5 : 36;
4FF6 : 11;
4FF7 : -25;
4FF8 : -11;
4FF9 : -18;
4FFA : -30;
4FFB : -26;
4FFC : 0;
4FFD : 2;
4FFE : -3;
4FFF : 4;
5000 : -20;
5001 : 26;
5002 : 6;
5003 : -11;
5004 : -10;
5005 : 7;
5006 : -26;
5007 : 11;
5008 : -6;
5009 : -1;
500A : 12;
500B : -39;
500C : -14;
500D : -1;
500E : -31;
500F : 50;
5010 : -8;
5011 : 14;
5012 : 13;
5013 : 27;
5014 : 31;
5015 : -5;
5016 : -33;
5017 : 10;
5018 : -7;
5019 : -9;
501A : -12;
501B : -12;
501C : -14;
501D : 10;
501E : -18;
501F : -12;
5020 : 14;
5021 : 26;
5022 : -4;
5023 : 28;
5024 : 12;
5025 : 6;
5026 : -32;
5027 : 8;
5028 : 36;
5029 : -17;
502A : 6;
502B : -11;
502C : 19;
502D : -12;
502E : 15;
502F : -14;
5030 : 14;
5031 : 47;
5032 : -34;
5033 : 18;
5034 : -13;
5035 : -21;
5036 : -42;
5037 : -23;
5038 : 42;
5039 : 2;
503A : -38;
503B : 18;
503C : -17;
503D : 15;
503E : 12;
503F : 17;
5040 : -8;
5041 : 2;
5042 : -8;
5043 : 31;
5044 : 33;
5045 : 26;
5046 : 27;
5047 : 1;
5048 : -6;
5049 : 18;
504A : 18;
504B : 0;
504C : 22;
504D : 30;
504E : -42;
504F : 28;
5050 : -6;
5051 : -11;
5052 : 2;
5053 : 3;
5054 : -1;
5055 : -1;
5056 : 7;
5057 : 21;
5058 : 16;
5059 : 18;
505A : 4;
505B : -14;
505C : -12;
505D : -6;
505E : -3;
505F : -5;
5060 : 1;
5061 : -25;
5062 : 9;
5063 : 28;
5064 : -8;
5065 : -15;
5066 : 17;
5067 : 3;
5068 : 0;
5069 : 15;
506A : -10;
506B : -4;
506C : -3;
506D : -10;
506E : 12;
506F : 10;
5070 : 33;
5071 : 10;
5072 : -16;
5073 : -15;
5074 : -5;
5075 : -44;
5076 : 28;
5077 : 5;
5078 : 26;
5079 : 25;
507A : 9;
507B : 36;
507C : -11;
507D : -9;
507E : 25;
507F : -27;
5080 : -3;
5081 : -14;
5082 : -14;
5083 : -11;
5084 : 27;
5085 : 4;
5086 : 10;
5087 : -25;
5088 : -14;
5089 : 28;
508A : 29;
508B : 4;
508C : 28;
508D : 45;
508E : -18;
508F : -1;
5090 : 25;
5091 : -20;
5092 : 30;
5093 : -13;
5094 : 12;
5095 : -13;
5096 : 31;
5097 : 7;
5098 : -2;
5099 : -21;
509A : 31;
509B : 9;
509C : 10;
509D : 9;
509E : -9;
509F : -21;
50A0 : -13;
50A1 : 9;
50A2 : 11;
50A3 : 16;
50A4 : -3;
50A5 : 18;
50A6 : 26;
50A7 : 26;
50A8 : 17;
50A9 : 24;
50AA : -23;
50AB : -10;
50AC : -13;
50AD : 4;
50AE : -10;
50AF : 10;
50B0 : 3;
50B1 : -8;
50B2 : -5;
50B3 : -18;
50B4 : -29;
50B5 : 13;
50B6 : 16;
50B7 : 17;
50B8 : 24;
50B9 : 18;
50BA : -8;
50BB : -5;
50BC : -29;
50BD : 14;
50BE : -3;
50BF : 1;
50C0 : 17;
50C1 : 2;
50C2 : -2;
50C3 : -19;
50C4 : -13;
50C5 : -6;
50C6 : -2;
50C7 : 21;
50C8 : 17;
50C9 : -1;
50CA : 31;
50CB : -11;
50CC : 13;
50CD : 15;
50CE : -11;
50CF : -9;
50D0 : 26;
50D1 : 30;
50D2 : 12;
50D3 : -15;
50D4 : -38;
50D5 : -9;
50D6 : 4;
50D7 : 25;
50D8 : -15;
50D9 : 25;
50DA : 31;
50DB : 3;
50DC : 11;
50DD : 12;
50DE : 17;
50DF : 11;
50E0 : 9;
50E1 : 18;
50E2 : 24;
50E3 : -9;
50E4 : -18;
50E5 : 34;
50E6 : -10;
50E7 : -4;
50E8 : 19;
50E9 : -12;
50EA : -25;
50EB : -9;
50EC : 6;
50ED : -25;
50EE : -15;
50EF : -5;
50F0 : -19;
50F1 : -38;
50F2 : -13;
50F3 : 0;
50F4 : 13;
50F5 : -12;
50F6 : -24;
50F7 : -9;
50F8 : 15;
50F9 : 5;
50FA : -29;
50FB : -45;
50FC : -26;
50FD : 28;
50FE : 11;
50FF : -22;
5100 : -17;
5101 : 7;
5102 : 24;
5103 : -1;
5104 : -10;
5105 : -10;
5106 : -26;
5107 : -16;
5108 : 26;
5109 : -28;
510A : -12;
510B : 8;
510C : 7;
510D : -40;
510E : 12;
510F : -47;
5110 : -10;
5111 : 13;
5112 : -10;
5113 : 4;
5114 : -11;
5115 : -18;
5116 : 10;
5117 : -1;
5118 : 17;
5119 : 12;
511A : -18;
511B : 20;
511C : 22;
511D : -8;
511E : 26;
511F : -39;
5120 : 16;
5121 : -16;
5122 : -3;
5123 : 21;
5124 : 23;
5125 : 10;
5126 : 23;
5127 : -4;
5128 : -48;
5129 : 11;
512A : 4;
512B : 23;
512C : 7;
512D : -24;
512E : 16;
512F : -2;
5130 : -10;
5131 : -39;
5132 : 15;
5133 : -10;
5134 : 9;
5135 : -14;
5136 : 25;
5137 : 6;
5138 : -34;
5139 : 7;
513A : 20;
513B : 33;
513C : -29;
513D : 1;
513E : -5;
513F : -9;
5140 : -29;
5141 : 24;
5142 : 31;
5143 : -1;
5144 : 5;
5145 : 17;
5146 : 18;
5147 : 1;
5148 : -20;
5149 : 18;
514A : 1;
514B : -24;
514C : 26;
514D : -9;
514E : -29;
514F : -4;
5150 : -12;
5151 : 33;
5152 : 12;
5153 : -13;
5154 : 23;
5155 : 10;
5156 : -2;
5157 : 1;
5158 : -16;
5159 : 2;
515A : 11;
515B : 10;
515C : -1;
515D : 27;
515E : 2;
515F : 4;
5160 : 12;
5161 : 16;
5162 : -7;
5163 : -18;
5164 : 14;
5165 : 7;
5166 : -19;
5167 : -14;
5168 : -30;
5169 : 1;
516A : 20;
516B : -28;
516C : -20;
516D : -7;
516E : -12;
516F : 2;
5170 : -20;
5171 : -6;
5172 : 37;
5173 : 21;
5174 : 9;
5175 : 30;
5176 : -9;
5177 : 8;
5178 : -9;
5179 : -22;
517A : 40;
517B : -18;
517C : 17;
517D : 27;
517E : 4;
517F : 19;
5180 : -23;
5181 : -10;
5182 : 9;
5183 : 7;
5184 : 28;
5185 : 4;
5186 : -10;
5187 : -21;
5188 : -34;
5189 : -4;
518A : -3;
518B : -14;
518C : -18;
518D : 43;
518E : 20;
518F : 45;
5190 : -1;
5191 : -2;
5192 : 13;
5193 : -22;
5194 : 10;
5195 : -22;
5196 : -22;
5197 : 2;
5198 : -17;
5199 : -24;
519A : 25;
519B : 5;
519C : 0;
519D : 25;
519E : 17;
519F : 16;
51A0 : 9;
51A1 : 33;
51A2 : -12;
51A3 : 6;
51A4 : -7;
51A5 : 7;
51A6 : -17;
51A7 : -23;
51A8 : 18;
51A9 : -20;
51AA : -6;
51AB : 15;
51AC : 5;
51AD : -15;
51AE : -12;
51AF : 10;
51B0 : -6;
51B1 : 19;
51B2 : -30;
51B3 : -13;
51B4 : 12;
51B5 : 36;
51B6 : -41;
51B7 : -27;
51B8 : -11;
51B9 : -11;
51BA : -18;
51BB : -18;
51BC : 28;
51BD : 0;
51BE : -41;
51BF : -3;
51C0 : 19;
51C1 : 16;
51C2 : 16;
51C3 : -11;
51C4 : -2;
51C5 : 34;
51C6 : 0;
51C7 : -16;
51C8 : 4;
51C9 : 14;
51CA : -9;
51CB : 24;
51CC : 21;
51CD : 22;
51CE : 5;
51CF : -16;
51D0 : 8;
51D1 : 36;
51D2 : -1;
51D3 : -20;
51D4 : 9;
51D5 : 25;
51D6 : -24;
51D7 : -15;
51D8 : 19;
51D9 : -4;
51DA : 12;
51DB : -1;
51DC : -24;
51DD : -21;
51DE : -16;
51DF : -7;
51E0 : -6;
51E1 : 15;
51E2 : -43;
51E3 : -5;
51E4 : 26;
51E5 : 2;
51E6 : -45;
51E7 : -17;
51E8 : 15;
51E9 : -26;
51EA : -7;
51EB : -13;
51EC : -27;
51ED : -17;
51EE : -24;
51EF : 6;
51F0 : -18;
51F1 : 24;
51F2 : -18;
51F3 : 2;
51F4 : 40;
51F5 : 12;
51F6 : -20;
51F7 : 4;
51F8 : -20;
51F9 : 5;
51FA : -17;
51FB : -15;
51FC : 2;
51FD : 4;
51FE : -21;
51FF : 1;
5200 : -21;
5201 : -32;
5202 : 27;
5203 : -19;
5204 : 6;
5205 : -18;
5206 : 52;
5207 : 22;
5208 : 46;
5209 : 0;
520A : 7;
520B : -13;
520C : 9;
520D : 31;
520E : -6;
520F : -1;
5210 : 7;
5211 : -10;
5212 : 8;
5213 : -19;
5214 : 2;
5215 : 4;
5216 : -15;
5217 : -22;
5218 : 2;
5219 : 10;
521A : -30;
521B : -35;
521C : 25;
521D : -22;
521E : -39;
521F : -13;
5220 : 20;
5221 : 59;
5222 : -28;
5223 : 20;
5224 : 26;
5225 : 7;
5226 : 9;
5227 : -19;
5228 : -35;
5229 : 4;
522A : -26;
522B : -10;
522C : 3;
522D : 3;
522E : -9;
522F : 8;
5230 : 29;
5231 : 38;
5232 : -7;
5233 : 15;
5234 : 36;
5235 : 30;
5236 : 3;
5237 : 1;
5238 : -4;
5239 : -5;
523A : 12;
523B : 4;
523C : -9;
523D : 24;
523E : -4;
523F : 28;
5240 : -19;
5241 : 3;
5242 : -1;
5243 : 4;
5244 : -9;
5245 : 19;
5246 : 26;
5247 : 14;
5248 : 44;
5249 : -23;
524A : -6;
524B : 3;
524C : -6;
524D : 14;
524E : -33;
524F : 24;
5250 : 19;
5251 : 5;
5252 : 3;
5253 : -9;
5254 : -27;
5255 : 17;
5256 : -14;
5257 : -22;
5258 : 6;
5259 : 2;
525A : -23;
525B : -22;
525C : -15;
525D : -4;
525E : -11;
525F : -14;
5260 : -14;
5261 : 23;
5262 : -34;
5263 : 2;
5264 : 1;
5265 : -11;
5266 : -20;
5267 : 13;
5268 : -2;
5269 : 6;
526A : 9;
526B : -10;
526C : 4;
526D : -12;
526E : -22;
526F : -18;
5270 : 46;
5271 : 13;
5272 : 22;
5273 : 9;
5274 : -6;
5275 : -21;
5276 : -24;
5277 : 11;
5278 : -5;
5279 : -19;
527A : 21;
527B : -31;
527C : 6;
527D : -10;
527E : -13;
527F : -10;
5280 : 37;
5281 : -4;
5282 : -39;
5283 : -9;
5284 : -11;
5285 : 9;
5286 : 9;
5287 : -2;
5288 : 19;
5289 : 21;
528A : 11;
528B : -17;
528C : -12;
528D : 16;
528E : -5;
528F : 6;
5290 : -13;
5291 : 4;
5292 : -4;
5293 : -22;
5294 : 23;
5295 : -13;
5296 : 18;
5297 : -2;
5298 : -11;
5299 : 4;
529A : -30;
529B : -16;
529C : -15;
529D : 7;
529E : -4;
529F : -13;
52A0 : 8;
52A1 : 7;
52A2 : -9;
52A3 : 0;
52A4 : 21;
52A5 : 12;
52A6 : 15;
52A7 : 25;
52A8 : -19;
52A9 : -2;
52AA : 15;
52AB : 19;
52AC : 34;
52AD : 24;
52AE : -28;
52AF : 18;
52B0 : 1;
52B1 : -14;
52B2 : -14;
52B3 : -4;
52B4 : 11;
52B5 : 11;
52B6 : -12;
52B7 : 22;
52B8 : 2;
52B9 : 13;
52BA : -13;
52BB : 5;
52BC : 30;
52BD : -5;
52BE : -31;
52BF : 28;
52C0 : -18;
52C1 : 20;
52C2 : -20;
52C3 : -18;
52C4 : 22;
52C5 : 9;
52C6 : -2;
52C7 : -5;
52C8 : 5;
52C9 : 0;
52CA : 8;
52CB : -19;
52CC : -28;
52CD : 7;
52CE : -10;
52CF : 9;
52D0 : 21;
52D1 : -17;
52D2 : -5;
52D3 : 11;
52D4 : 20;
52D5 : -9;
52D6 : 0;
52D7 : 11;
52D8 : 2;
52D9 : 11;
52DA : 15;
52DB : 28;
52DC : 23;
52DD : 13;
52DE : 14;
52DF : 8;
52E0 : -13;
52E1 : 6;
52E2 : 22;
52E3 : 24;
52E4 : 21;
52E5 : -18;
52E6 : -38;
52E7 : -17;
52E8 : -19;
52E9 : -16;
52EA : 5;
52EB : 5;
52EC : 21;
52ED : 28;
52EE : -16;
52EF : -7;
52F0 : 23;
52F1 : 21;
52F2 : 2;
52F3 : 10;
52F4 : -6;
52F5 : 17;
52F6 : -32;
52F7 : -9;
52F8 : 17;
52F9 : 15;
52FA : 29;
52FB : 19;
52FC : -1;
52FD : -6;
52FE : 31;
52FF : -6;
5300 : 30;
5301 : 14;
5302 : 26;
5303 : 9;
5304 : -14;
5305 : 39;
5306 : 19;
5307 : 14;
5308 : 49;
5309 : -3;
530A : 14;
530B : 21;
530C : -5;
530D : 20;
530E : 7;
530F : -6;
5310 : 14;
5311 : 21;
5312 : 16;
5313 : -6;
5314 : -14;
5315 : 49;
5316 : 28;
5317 : 15;
5318 : 16;
5319 : -16;
531A : 0;
531B : 19;
531C : 17;
531D : 22;
531E : -3;
531F : 22;
5320 : -28;
5321 : -13;
5322 : 13;
5323 : 16;
5324 : -2;
5325 : 36;
5326 : 5;
5327 : -11;
5328 : 4;
5329 : -12;
532A : -3;
532B : 0;
532C : 18;
532D : 16;
532E : 8;
532F : 44;
5330 : -12;
5331 : 32;
5332 : 11;
5333 : 30;
5334 : -4;
5335 : 12;
5336 : -13;
5337 : 12;
5338 : 9;
5339 : -3;
533A : 0;
533B : -20;
533C : 17;
533D : -16;
533E : -21;
533F : 20;
5340 : 30;
5341 : 27;
5342 : -47;
5343 : 6;
5344 : 16;
5345 : 8;
5346 : -56;
5347 : -12;
5348 : 0;
5349 : -41;
534A : 18;
534B : -13;
534C : -19;
534D : -44;
534E : 10;
534F : -13;
5350 : -7;
5351 : -6;
5352 : -14;
5353 : 10;
5354 : 18;
5355 : -15;
5356 : -8;
5357 : -18;
5358 : 14;
5359 : 0;
535A : 6;
535B : -6;
535C : 7;
535D : -16;
535E : -2;
535F : 16;
5360 : 13;
5361 : -15;
5362 : -13;
5363 : -24;
5364 : 32;
5365 : 10;
5366 : -3;
5367 : -10;
5368 : 8;
5369 : 32;
536A : -8;
536B : -2;
536C : 8;
536D : 1;
536E : -12;
536F : 8;
5370 : -10;
5371 : 2;
5372 : 12;
5373 : 15;
5374 : 10;
5375 : -19;
5376 : -3;
5377 : 23;
5378 : 7;
5379 : 26;
537A : -5;
537B : 10;
537C : 7;
537D : 17;
537E : 26;
537F : 11;
5380 : -21;
5381 : 0;
5382 : -56;
5383 : -39;
5384 : -24;
5385 : -26;
5386 : -3;
5387 : 7;
5388 : 31;
5389 : -20;
538A : -21;
538B : 18;
538C : 1;
538D : -72;
538E : 8;
538F : -15;
5390 : 16;
5391 : 6;
5392 : -20;
5393 : -30;
5394 : 10;
5395 : -30;
5396 : -31;
5397 : 18;
5398 : -19;
5399 : 12;
539A : 7;
539B : -18;
539C : 14;
539D : -44;
539E : -13;
539F : -1;
53A0 : -3;
53A1 : -21;
53A2 : -19;
53A3 : 17;
53A4 : -8;
53A5 : 2;
53A6 : -30;
53A7 : 16;
53A8 : 17;
53A9 : 18;
53AA : 7;
53AB : -12;
53AC : -2;
53AD : 18;
53AE : 30;
53AF : -13;
53B0 : 28;
53B1 : -9;
53B2 : 12;
53B3 : 13;
53B4 : 12;
53B5 : 12;
53B6 : 20;
53B7 : 10;
53B8 : -6;
53B9 : -24;
53BA : -8;
53BB : 22;
53BC : 13;
53BD : -21;
53BE : 2;
53BF : 13;
53C0 : -9;
53C1 : 5;
53C2 : 50;
53C3 : 5;
53C4 : -27;
53C5 : -11;
53C6 : 38;
53C7 : 26;
53C8 : -3;
53C9 : -19;
53CA : -37;
53CB : -6;
53CC : 5;
53CD : -37;
53CE : 12;
53CF : -52;
53D0 : -17;
53D1 : 5;
53D2 : 16;
53D3 : -17;
53D4 : -11;
53D5 : 13;
53D6 : 0;
53D7 : -14;
53D8 : 19;
53D9 : 10;
53DA : 3;
53DB : -18;
53DC : 21;
53DD : -3;
53DE : -5;
53DF : 0;
53E0 : -18;
53E1 : -6;
53E2 : -12;
53E3 : -19;
53E4 : 13;
53E5 : -5;
53E6 : -3;
53E7 : 23;
53E8 : 8;
53E9 : -18;
53EA : -11;
53EB : 11;
53EC : -10;
53ED : 8;
53EE : -12;
53EF : 31;
53F0 : 3;
53F1 : 13;
53F2 : -19;
53F3 : 11;
53F4 : -3;
53F5 : 21;
53F6 : 1;
53F7 : -2;
53F8 : 2;
53F9 : -28;
53FA : 7;
53FB : -12;
53FC : -39;
53FD : -25;
53FE : 27;
53FF : 16;
5400 : 5;
5401 : -17;
5402 : -37;
5403 : 17;
5404 : 3;
5405 : -29;
5406 : -49;
5407 : 13;
5408 : -25;
5409 : -24;
540A : -22;
540B : 23;
540C : 3;
540D : -10;
540E : -9;
540F : 8;
5410 : -10;
5411 : 29;
5412 : 7;
5413 : 26;
5414 : -17;
5415 : -35;
5416 : 0;
5417 : 18;
5418 : 0;
5419 : -10;
541A : 15;
541B : 17;
541C : -22;
541D : 8;
541E : 11;
541F : -8;
5420 : 33;
5421 : -45;
5422 : -25;
5423 : -23;
5424 : 1;
5425 : -8;
5426 : 7;
5427 : 10;
5428 : 16;
5429 : 16;
542A : -28;
542B : 25;
542C : -4;
542D : -17;
542E : 9;
542F : -33;
5430 : 27;
5431 : -29;
5432 : -9;
5433 : -1;
5434 : -32;
5435 : -17;
5436 : -11;
5437 : 1;
5438 : -17;
5439 : -8;
543A : 5;
543B : 56;
543C : 4;
543D : -14;
543E : 45;
543F : -31;
5440 : 9;
5441 : -35;
5442 : -27;
5443 : 10;
5444 : 0;
5445 : -29;
5446 : 0;
5447 : 12;
5448 : 5;
5449 : -17;
544A : 29;
544B : -5;
544C : 6;
544D : 18;
544E : -2;
544F : 18;
5450 : -10;
5451 : -4;
5452 : -22;
5453 : 14;
5454 : 33;
5455 : 9;
5456 : -20;
5457 : 6;
5458 : -31;
5459 : -15;
545A : 37;
545B : 5;
545C : 7;
545D : -5;
545E : 0;
545F : -4;
5460 : 7;
5461 : -13;
5462 : 17;
5463 : -12;
5464 : -22;
5465 : 9;
5466 : 37;
5467 : -12;
5468 : -17;
5469 : 17;
546A : 11;
546B : 35;
546C : -10;
546D : 16;
546E : 4;
546F : -18;
5470 : -29;
5471 : -28;
5472 : 7;
5473 : 4;
5474 : -24;
5475 : 6;
5476 : 28;
5477 : 13;
5478 : 30;
5479 : -4;
547A : -4;
547B : 5;
547C : -10;
547D : 14;
547E : -21;
547F : -16;
5480 : -18;
5481 : 12;
5482 : -9;
5483 : -6;
5484 : 9;
5485 : -19;
5486 : -12;
5487 : -9;
5488 : -14;
5489 : 18;
548A : 19;
548B : 25;
548C : -13;
548D : 16;
548E : -26;
548F : 23;
5490 : 19;
5491 : 15;
5492 : 17;
5493 : 8;
5494 : -14;
5495 : 19;
5496 : -43;
5497 : -19;
5498 : 8;
5499 : 11;
549A : 21;
549B : 0;
549C : 8;
549D : 10;
549E : 13;
549F : 13;
54A0 : 12;
54A1 : 17;
54A2 : -15;
54A3 : -9;
54A4 : -19;
54A5 : 29;
54A6 : 7;
54A7 : -5;
54A8 : -14;
54A9 : 15;
54AA : -7;
54AB : -29;
54AC : 4;
54AD : 21;
54AE : -9;
54AF : -5;
54B0 : -47;
54B1 : -8;
54B2 : -8;
54B3 : 20;
54B4 : 31;
54B5 : 28;
54B6 : -15;
54B7 : -8;
54B8 : -3;
54B9 : 5;
54BA : -7;
54BB : 11;
54BC : -25;
54BD : 8;
54BE : -46;
54BF : 15;
54C0 : -14;
54C1 : -5;
54C2 : 44;
54C3 : -26;
54C4 : -1;
54C5 : 14;
54C6 : -18;
54C7 : -6;
54C8 : 49;
54C9 : 1;
54CA : -1;
54CB : -7;
54CC : -15;
54CD : -9;
54CE : 3;
54CF : 12;
54D0 : -1;
54D1 : 28;
54D2 : -7;
54D3 : -16;
54D4 : -10;
54D5 : 17;
54D6 : -7;
54D7 : 3;
54D8 : 7;
54D9 : -51;
54DA : -21;
54DB : -22;
54DC : -16;
54DD : -24;
54DE : -24;
54DF : -18;
54E0 : -3;
54E1 : 21;
54E2 : -45;
54E3 : 2;
54E4 : 23;
54E5 : -9;
54E6 : -25;
54E7 : 1;
54E8 : -3;
54E9 : -3;
54EA : -25;
54EB : -9;
54EC : -31;
54ED : -9;
54EE : -12;
54EF : -24;
54F0 : 4;
54F1 : -16;
54F2 : -13;
54F3 : -8;
54F4 : 12;
54F5 : -25;
54F6 : 10;
54F7 : -29;
54F8 : -18;
54F9 : -5;
54FA : 1;
54FB : -60;
54FC : -41;
54FD : 35;
54FE : -3;
54FF : 5;
5500 : -28;
5501 : 11;
5502 : 8;
5503 : 13;
5504 : 2;
5505 : -21;
5506 : 6;
5507 : 12;
5508 : -6;
5509 : -8;
550A : 2;
550B : 10;
550C : -14;
550D : -20;
550E : -7;
550F : -8;
5510 : -9;
5511 : 10;
5512 : 8;
5513 : -11;
5514 : -3;
5515 : -1;
5516 : -24;
5517 : 10;
5518 : -10;
5519 : 14;
551A : 24;
551B : 6;
551C : 1;
551D : -12;
551E : 2;
551F : -10;
5520 : -4;
5521 : 11;
5522 : 22;
5523 : 0;
5524 : -4;
5525 : 2;
5526 : -1;
5527 : 2;
5528 : 8;
5529 : 17;
552A : 19;
552B : 7;
552C : -9;
552D : -22;
552E : 19;
552F : -23;
5530 : 11;
5531 : -18;
5532 : 5;
5533 : -13;
5534 : -7;
5535 : -1;
5536 : 5;
5537 : 15;
5538 : -18;
5539 : 0;
553A : 7;
553B : -25;
553C : -1;
553D : -20;
553E : -23;
553F : -11;
5540 : -15;
5541 : -26;
5542 : -16;
5543 : 9;
5544 : -3;
5545 : 18;
5546 : 18;
5547 : 15;
5548 : -9;
5549 : 4;
554A : -14;
554B : -4;
554C : -4;
554D : -30;
554E : -20;
554F : -23;
5550 : 14;
5551 : -21;
5552 : -20;
5553 : -11;
5554 : -26;
5555 : -1;
5556 : -4;
5557 : 13;
5558 : 8;
5559 : -14;
555A : -15;
555B : 17;
555C : 2;
555D : 16;
555E : 5;
555F : 4;
5560 : -2;
5561 : 7;
5562 : 18;
5563 : -3;
5564 : -19;
5565 : -4;
5566 : 8;
5567 : -12;
5568 : 11;
5569 : 10;
556A : -17;
556B : -8;
556C : -9;
556D : -26;
556E : -22;
556F : -18;
5570 : 0;
5571 : 14;
5572 : 9;
5573 : -17;
5574 : -7;
5575 : -8;
5576 : -27;
5577 : 15;
5578 : 11;
5579 : -15;
557A : -20;
557B : -7;
557C : 13;
557D : -13;
557E : -8;
557F : -7;
5580 : -17;
5581 : -13;
5582 : 18;
5583 : -8;
5584 : 15;
5585 : -12;
5586 : 12;
5587 : 6;
5588 : 19;
5589 : 18;
558A : 15;
558B : 15;
558C : -18;
558D : -9;
558E : 14;
558F : -6;
5590 : 18;
5591 : -6;
5592 : 13;
5593 : 5;
5594 : 1;
5595 : -21;
5596 : -18;
5597 : -1;
5598 : 11;
5599 : 0;
559A : -8;
559B : 1;
559C : -15;
559D : -11;
559E : -14;
559F : -6;
55A0 : -23;
55A1 : -25;
55A2 : -24;
55A3 : -24;
55A4 : -19;
55A5 : 3;
55A6 : -10;
55A7 : -20;
55A8 : -32;
55A9 : -17;
55AA : -24;
55AB : -1;
55AC : -2;
55AD : 10;
55AE : 18;
55AF : 6;
55B0 : -14;
55B1 : 17;
55B2 : 11;
55B3 : 4;
55B4 : -26;
55B5 : -10;
55B6 : -21;
55B7 : 4;
55B8 : 17;
55B9 : 3;
55BA : 9;
55BB : 11;
55BC : -4;
55BD : 10;
55BE : -8;
55BF : 5;
55C0 : -14;
55C1 : -15;
55C2 : 15;
55C3 : 19;
55C4 : -17;
55C5 : -21;
55C6 : -8;
55C7 : 12;
55C8 : 14;
55C9 : 16;
55CA : -22;
55CB : -16;
55CC : -24;
55CD : -25;
55CE : 15;
55CF : 9;
55D0 : 7;
55D1 : 13;
55D2 : -12;
55D3 : 17;
55D4 : -25;
55D5 : 18;
55D6 : -25;
55D7 : -15;
55D8 : -16;
55D9 : 3;
55DA : 0;
55DB : -26;
55DC : -14;
55DD : -1;
55DE : 8;
55DF : -18;
55E0 : -24;
55E1 : 13;
55E2 : 10;
55E3 : -16;
55E4 : 17;
55E5 : 2;
55E6 : 19;
55E7 : 7;
55E8 : 7;
55E9 : -22;
55EA : -22;
55EB : -29;
55EC : -3;
55ED : 14;
55EE : -18;
55EF : -17;
55F0 : 7;
55F1 : 3;
55F2 : 8;
55F3 : -23;
55F4 : 11;
55F5 : -26;
55F6 : -11;
55F7 : 14;
55F8 : 23;
55F9 : -21;
55FA : -1;
55FB : -11;
55FC : -13;
55FD : 5;
55FE : -1;
55FF : -15;
5600 : -2;
5601 : -6;
5602 : 13;
5603 : 2;
5604 : -1;
5605 : -5;
5606 : -31;
5607 : 7;
5608 : -17;
5609 : 1;
560A : -21;
560B : 6;
560C : -4;
560D : 4;
560E : -8;
560F : -28;
5610 : -21;
5611 : 9;
5612 : 9;
5613 : -1;
5614 : -5;
5615 : -29;
5616 : -1;
5617 : -32;
5618 : -11;
5619 : -14;
561A : 8;
561B : 18;
561C : 0;
561D : 13;
561E : -5;
561F : -5;
5620 : -17;
5621 : -24;
5622 : -14;
5623 : -8;
5624 : 14;
5625 : -14;
5626 : -16;
5627 : -3;
5628 : 18;
5629 : 10;
562A : -3;
562B : 11;
562C : -31;
562D : 12;
562E : -4;
562F : -12;
5630 : 2;
5631 : -22;
5632 : -11;
5633 : 4;
5634 : -9;
5635 : -13;
5636 : -21;
5637 : -18;
5638 : 8;
5639 : 16;
563A : -16;
563B : 1;
563C : -13;
563D : 4;
563E : -10;
563F : 8;
5640 : 2;
5641 : -34;
5642 : 13;
5643 : -23;
5644 : 10;
5645 : -27;
5646 : -27;
5647 : -26;
5648 : -5;
5649 : 1;
564A : -26;
564B : -27;
564C : -6;
564D : 8;
564E : 10;
564F : 10;
5650 : -13;
5651 : -7;
5652 : 9;
5653 : -27;
5654 : -34;
5655 : -26;
5656 : -22;
5657 : 0;
5658 : -3;
5659 : -11;
565A : 12;
565B : 3;
565C : -7;
565D : 4;
565E : -2;
565F : -6;
5660 : -4;
5661 : -28;
5662 : 6;
5663 : -33;
5664 : -4;
5665 : -30;
5666 : 9;
5667 : -28;
5668 : -2;
5669 : 1;
566A : 14;
566B : 12;
566C : 2;
566D : -6;
566E : -13;
566F : -30;
5670 : 20;
5671 : -23;
5672 : -3;
5673 : -24;
5674 : -21;
5675 : -25;
5676 : -3;
5677 : -19;
5678 : -11;
5679 : -30;
567A : -23;
567B : -6;
567C : -1;
567D : -24;
567E : 0;
567F : -31;
5680 : -4;
5681 : 6;
5682 : -3;
5683 : -22;
5684 : 9;
5685 : 13;
5686 : 4;
5687 : -15;
5688 : -26;
5689 : -2;
568A : -17;
568B : 13;
568C : 1;
568D : -12;
568E : -22;
568F : 1;
5690 : 4;
5691 : -17;
5692 : -34;
5693 : -35;
5694 : 7;
5695 : -31;
5696 : 7;
5697 : 4;
5698 : -28;
5699 : 10;
569A : -8;
569B : -24;
569C : -11;
569D : -16;
569E : -19;
569F : -14;
56A0 : 12;
56A1 : 0;
56A2 : 0;
56A3 : -23;
56A4 : -17;
56A5 : -7;
56A6 : 2;
56A7 : -27;
56A8 : 16;
56A9 : -17;
56AA : -13;
56AB : -24;
56AC : -3;
56AD : 11;
56AE : -2;
56AF : -18;
56B0 : -24;
56B1 : 15;
56B2 : 15;
56B3 : 5;
56B4 : 2;
56B5 : 1;
56B6 : -23;
56B7 : -17;
56B8 : 0;
56B9 : -29;
56BA : 2;
56BB : 0;
56BC : 23;
56BD : -18;
56BE : -16;
56BF : -25;
56C0 : -7;
56C1 : 2;
56C2 : 0;
56C3 : -1;
56C4 : -22;
56C5 : 2;
56C6 : -28;
56C7 : -16;
56C8 : -12;
56C9 : -31;
56CA : -2;
56CB : -12;
56CC : -3;
56CD : 10;
56CE : -6;
56CF : -20;
56D0 : -27;
56D1 : 12;
56D2 : -1;
56D3 : -30;
56D4 : -15;
56D5 : -20;
56D6 : 1;
56D7 : 14;
56D8 : 13;
56D9 : -19;
56DA : -32;
56DB : 0;
56DC : 12;
56DD : 4;
56DE : -26;
56DF : -24;
56E0 : -36;
56E1 : 5;
56E2 : -8;
56E3 : -16;
56E4 : 5;
56E5 : -33;
56E6 : -21;
56E7 : 16;
56E8 : 19;
56E9 : -18;
56EA : -6;
56EB : -29;
56EC : -23;
56ED : -17;
56EE : 3;
56EF : -28;
56F0 : -26;
56F1 : -22;
56F2 : -20;
56F3 : 13;
56F4 : -15;
56F5 : -15;
56F6 : -6;
56F7 : -22;
56F8 : -9;
56F9 : -1;
56FA : -5;
56FB : 4;
56FC : 14;
56FD : -29;
56FE : 3;
56FF : -30;
5700 : 15;
5701 : -21;
5702 : -12;
5703 : 17;
5704 : -33;
5705 : -28;
5706 : -5;
5707 : -10;
5708 : -2;
5709 : 15;
570A : -17;
570B : -5;
570C : -10;
570D : -3;
570E : -15;
570F : -1;
5710 : -1;
5711 : -40;
5712 : -3;
5713 : -20;
5714 : 12;
5715 : -15;
5716 : -19;
5717 : 24;
5718 : 35;
5719 : 9;
571A : 1;
571B : -12;
571C : -8;
571D : 10;
571E : -18;
571F : 34;
5720 : 12;
5721 : -3;
5722 : -15;
5723 : 17;
5724 : -5;
5725 : -2;
5726 : 3;
5727 : 25;
5728 : 24;
5729 : 1;
572A : 9;
572B : 34;
572C : 7;
572D : -11;
572E : 13;
572F : 26;
5730 : 31;
5731 : 8;
5732 : 9;
5733 : 5;
5734 : -20;
5735 : 5;
5736 : -3;
5737 : 6;
5738 : 17;
5739 : 11;
573A : -37;
573B : 7;
573C : 12;
573D : -22;
573E : -11;
573F : 16;
5740 : 24;
5741 : 13;
5742 : -31;
5743 : -2;
5744 : 9;
5745 : -11;
5746 : -17;
5747 : -32;
5748 : -7;
5749 : 0;
574A : -13;
574B : 6;
574C : 13;
574D : -32;
574E : 20;
574F : -2;
5750 : 15;
5751 : -2;
5752 : -7;
5753 : 7;
5754 : 16;
5755 : -15;
5756 : 0;
5757 : 5;
5758 : -4;
5759 : -32;
575A : 0;
575B : -30;
575C : -25;
575D : -5;
575E : 12;
575F : -6;
5760 : -13;
5761 : -33;
5762 : -4;
5763 : -13;
5764 : -23;
5765 : -28;
5766 : -4;
5767 : 27;
5768 : -20;
5769 : 15;
576A : 1;
576B : 8;
576C : -7;
576D : -6;
576E : -8;
576F : -11;
5770 : 55;
5771 : 29;
5772 : -19;
5773 : -11;
5774 : -33;
5775 : -13;
5776 : 19;
5777 : -26;
5778 : 12;
5779 : 7;
577A : -1;
577B : 13;
577C : -6;
577D : -26;
577E : 49;
577F : 4;
5780 : 2;
5781 : 17;
5782 : 1;
5783 : -21;
5784 : -32;
5785 : -28;
5786 : 24;
5787 : -6;
5788 : 6;
5789 : -12;
578A : -11;
578B : 3;
578C : 8;
578D : -21;
578E : 10;
578F : -21;
5790 : -26;
5791 : -23;
5792 : -18;
5793 : -23;
5794 : 19;
5795 : -6;
5796 : 13;
5797 : 10;
5798 : 4;
5799 : 24;
579A : -18;
579B : -23;
579C : -6;
579D : -28;
579E : 9;
579F : -21;
57A0 : -3;
57A1 : 17;
57A2 : -13;
57A3 : -8;
57A4 : 24;
57A5 : -15;
57A6 : 32;
57A7 : 16;
57A8 : -11;
57A9 : -18;
57AA : 35;
57AB : -29;
57AC : -3;
57AD : -1;
57AE : 22;
57AF : 1;
57B0 : 4;
57B1 : -15;
57B2 : 5;
57B3 : -11;
57B4 : -9;
57B5 : -38;
57B6 : 13;
57B7 : 16;
57B8 : 12;
57B9 : 9;
57BA : 49;
57BB : -26;
57BC : 0;
57BD : -21;
57BE : 15;
57BF : 18;
57C0 : 23;
57C1 : 6;
57C2 : 1;
57C3 : -1;
57C4 : -11;
57C5 : -5;
57C6 : 39;
57C7 : 22;
57C8 : -27;
57C9 : 6;
57CA : 4;
57CB : 33;
57CC : 39;
57CD : -17;
57CE : 33;
57CF : -9;
57D0 : 26;
57D1 : 19;
57D2 : -6;
57D3 : -11;
57D4 : -11;
57D5 : 4;
57D6 : 1;
57D7 : 38;
57D8 : 19;
57D9 : -17;
57DA : -2;
57DB : 2;
57DC : 41;
57DD : 10;
57DE : 16;
57DF : 13;
57E0 : 0;
57E1 : -1;
57E2 : 37;
57E3 : -20;
57E4 : -31;
57E5 : 17;
57E6 : 40;
57E7 : 15;
57E8 : 9;
57E9 : 34;
57EA : -12;
57EB : -3;
57EC : -25;
57ED : 18;
57EE : 26;
57EF : 11;
57F0 : -7;
57F1 : 13;
57F2 : -11;
57F3 : -3;
57F4 : -2;
57F5 : -22;
57F6 : 9;
57F7 : 28;
57F8 : 26;
57F9 : 25;
57FA : -29;
57FB : -4;
57FC : 1;
57FD : -1;
57FE : 18;
57FF : -18;
5800 : -17;
5801 : -27;
5802 : 17;
5803 : -9;
5804 : -5;
5805 : 17;
5806 : 41;
5807 : 22;
5808 : 30;
5809 : 30;
580A : -36;
580B : 1;
580C : 4;
580D : 31;
580E : 11;
580F : -40;
5810 : 19;
5811 : -29;
5812 : 15;
5813 : 9;
5814 : 33;
5815 : 24;
5816 : 31;
5817 : 14;
5818 : -5;
5819 : 17;
581A : -25;
581B : -15;
581C : -6;
581D : 17;
581E : -24;
581F : 3;
5820 : -27;
5821 : 18;
5822 : 11;
5823 : -9;
5824 : -14;
5825 : 23;
5826 : 14;
5827 : -1;
5828 : 18;
5829 : -4;
582A : 32;
582B : -11;
582C : 39;
582D : -2;
582E : -47;
582F : 9;
5830 : -16;
5831 : 30;
5832 : 21;
5833 : 21;
5834 : -11;
5835 : 33;
5836 : -47;
5837 : -7;
5838 : -41;
5839 : 10;
583A : -4;
583B : -14;
583C : 29;
583D : 13;
583E : 7;
583F : -16;
5840 : -4;
5841 : -11;
5842 : 20;
5843 : 11;
5844 : -1;
5845 : -1;
5846 : 28;
5847 : 1;
5848 : 3;
5849 : -5;
584A : 12;
584B : 40;
584C : -10;
584D : 29;
584E : 13;
584F : 2;
5850 : 18;
5851 : -5;
5852 : 15;
5853 : 17;
5854 : -6;
5855 : 8;
5856 : -9;
5857 : 15;
5858 : -30;
5859 : -5;
585A : 1;
585B : -1;
585C : 14;
585D : -2;
585E : 16;
585F : 20;
5860 : -12;
5861 : -3;
5862 : 15;
5863 : -10;
5864 : 20;
5865 : -10;
5866 : -16;
5867 : -4;
5868 : 3;
5869 : -7;
586A : 27;
586B : -22;
586C : 31;
586D : 0;
586E : -15;
586F : -16;
5870 : 2;
5871 : 55;
5872 : 10;
5873 : 29;
5874 : 14;
5875 : 16;
5876 : -39;
5877 : -13;
5878 : 4;
5879 : 1;
587A : -16;
587B : -3;
587C : 22;
587D : -11;
587E : 10;
587F : -13;
5880 : 17;
5881 : 15;
5882 : 21;
5883 : -2;
5884 : 6;
5885 : 27;
5886 : -1;
5887 : -10;
5888 : -23;
5889 : -3;
588A : 9;
588B : 7;
588C : -10;
588D : 15;
588E : 2;
588F : -5;
5890 : 17;
5891 : 17;
5892 : 12;
5893 : 14;
5894 : -1;
5895 : 3;
5896 : -12;
5897 : -30;
5898 : -44;
5899 : -12;
589A : -8;
589B : 20;
589C : 26;
589D : -1;
589E : 9;
589F : -10;
58A0 : -4;
58A1 : -11;
58A2 : -10;
58A3 : 11;
58A4 : 8;
58A5 : -3;
58A6 : -38;
58A7 : 12;
58A8 : -32;
58A9 : -16;
58AA : 23;
58AB : -4;
58AC : 18;
58AD : 31;
58AE : -11;
58AF : 0;
58B0 : 43;
58B1 : 8;
58B2 : 10;
58B3 : -14;
58B4 : 24;
58B5 : 11;
58B6 : -10;
58B7 : -11;
58B8 : 22;
58B9 : 5;
58BA : 30;
58BB : 6;
58BC : 5;
58BD : -16;
58BE : 21;
58BF : 20;
58C0 : -38;
58C1 : 7;
58C2 : 2;
58C3 : 13;
58C4 : 12;
58C5 : 15;
58C6 : -41;
58C7 : -32;
58C8 : -10;
58C9 : 2;
58CA : -5;
58CB : -20;
58CC : 10;
58CD : -37;
58CE : 12;
58CF : -6;
58D0 : -42;
58D1 : -12;
58D2 : -22;
58D3 : 24;
58D4 : 38;
58D5 : 12;
58D6 : -20;
58D7 : 24;
58D8 : -2;
58D9 : -10;
58DA : -35;
58DB : -15;
58DC : -17;
58DD : 9;
58DE : -28;
58DF : -4;
58E0 : 3;
58E1 : -27;
58E2 : -2;
58E3 : 4;
58E4 : 24;
58E5 : 14;
58E6 : -9;
58E7 : 15;
58E8 : -17;
58E9 : -34;
58EA : 19;
58EB : -39;
58EC : 8;
58ED : -8;
58EE : 7;
58EF : -14;
58F0 : -25;
58F1 : 9;
58F2 : -16;
58F3 : -10;
58F4 : -9;
58F5 : 8;
58F6 : -7;
58F7 : 1;
58F8 : 13;
58F9 : -6;
58FA : 18;
58FB : -12;
58FC : -29;
58FD : 4;
58FE : 7;
58FF : -9;
5900 : -15;
5901 : -21;
5902 : 16;
5903 : -20;
5904 : 7;
5905 : -5;
5906 : 51;
5907 : 19;
5908 : 0;
5909 : 10;
590A : -30;
590B : 1;
590C : 23;
590D : 31;
590E : -53;
590F : 31;
5910 : 22;
5911 : 8;
5912 : 8;
5913 : -4;
5914 : -6;
5915 : 21;
5916 : 30;
5917 : 5;
5918 : -8;
5919 : 6;
591A : -15;
591B : -13;
591C : 38;
591D : 20;
591E : -34;
591F : 8;
5920 : -1;
5921 : 31;
5922 : -14;
5923 : 31;
5924 : -7;
5925 : -8;
5926 : 20;
5927 : -29;
5928 : 0;
5929 : 8;
592A : 26;
592B : -15;
592C : 20;
592D : -12;
592E : -50;
592F : 22;
5930 : 11;
5931 : 67;
5932 : -26;
5933 : -9;
5934 : -16;
5935 : 6;
5936 : -23;
5937 : -12;
5938 : 18;
5939 : 3;
593A : -7;
593B : -10;
593C : 25;
593D : -33;
593E : -27;
593F : 25;
5940 : -11;
5941 : -4;
5942 : 2;
5943 : -3;
5944 : 10;
5945 : 35;
5946 : 9;
5947 : 16;
5948 : 10;
5949 : -8;
594A : 2;
594B : 4;
594C : 18;
594D : 47;
594E : 7;
594F : 31;
5950 : 3;
5951 : 10;
5952 : -22;
5953 : 26;
5954 : -16;
5955 : 10;
5956 : -8;
5957 : 9;
5958 : 2;
5959 : 2;
595A : -32;
595B : 7;
595C : 10;
595D : 14;
595E : 18;
595F : -10;
5960 : 19;
5961 : 7;
5962 : 3;
5963 : 38;
5964 : 11;
5965 : -15;
5966 : -16;
5967 : 0;
5968 : -19;
5969 : 9;
596A : -1;
596B : 0;
596C : 0;
596D : 18;
596E : -10;
596F : 1;
5970 : 54;
5971 : 49;
5972 : 32;
5973 : 7;
5974 : 15;
5975 : 2;
5976 : 2;
5977 : 19;
5978 : 3;
5979 : -25;
597A : -6;
597B : 44;
597C : 16;
597D : -15;
597E : 40;
597F : -3;
5980 : 17;
5981 : 13;
5982 : -22;
5983 : 22;
5984 : -8;
5985 : 41;
5986 : -8;
5987 : -9;
5988 : -4;
5989 : 5;
598A : -10;
598B : 11;
598C : 23;
598D : -22;
598E : 31;
598F : -10;
5990 : -16;
5991 : 19;
5992 : -16;
5993 : 10;
5994 : 18;
5995 : 6;
5996 : 9;
5997 : -9;
5998 : -35;
5999 : -10;
599A : -5;
599B : 3;
599C : -10;
599D : -18;
599E : -1;
599F : 1;
59A0 : 6;
59A1 : 14;
59A2 : -6;
59A3 : 1;
59A4 : -10;
59A5 : -25;
59A6 : -35;
59A7 : 3;
59A8 : 3;
59A9 : 30;
59AA : 22;
59AB : -6;
59AC : 11;
59AD : 0;
59AE : -13;
59AF : 1;
59B0 : 14;
59B1 : 16;
59B2 : 19;
59B3 : -11;
59B4 : -7;
59B5 : -27;
59B6 : 22;
59B7 : 10;
59B8 : 35;
59B9 : -7;
59BA : -9;
59BB : 21;
59BC : -9;
59BD : 29;
59BE : 12;
59BF : 26;
59C0 : -23;
59C1 : -16;
59C2 : -16;
59C3 : -24;
59C4 : 16;
59C5 : 18;
59C6 : -10;
59C7 : -26;
59C8 : -1;
59C9 : 13;
59CA : -7;
59CB : -19;
59CC : 9;
59CD : -16;
59CE : -9;
59CF : -20;
59D0 : -8;
59D1 : 15;
59D2 : -20;
59D3 : 13;
59D4 : 24;
59D5 : 34;
59D6 : 9;
59D7 : 18;
59D8 : -30;
59D9 : 21;
59DA : -35;
59DB : 3;
59DC : -4;
59DD : -10;
59DE : 6;
59DF : 13;
59E0 : -10;
59E1 : -14;
59E2 : -3;
59E3 : -11;
59E4 : 27;
59E5 : -19;
59E6 : -9;
59E7 : -9;
59E8 : 15;
59E9 : 11;
59EA : 17;
59EB : 8;
59EC : 2;
59ED : 26;
59EE : -2;
59EF : -9;
59F0 : 30;
59F1 : 0;
59F2 : -32;
59F3 : 18;
59F4 : -13;
59F5 : -20;
59F6 : -2;
59F7 : 0;
59F8 : 54;
59F9 : -34;
59FA : 14;
59FB : 27;
59FC : -48;
59FD : -15;
59FE : 16;
59FF : -14;
5A00 : 30;
5A01 : -5;
5A02 : -32;
5A03 : -14;
5A04 : 23;
5A05 : -10;
5A06 : 2;
5A07 : -13;
5A08 : -25;
5A09 : 8;
5A0A : 29;
5A0B : 26;
5A0C : 0;
5A0D : 17;
5A0E : 20;
5A0F : 4;
5A10 : -26;
5A11 : -33;
5A12 : 18;
5A13 : -12;
5A14 : -9;
5A15 : -29;
5A16 : -18;
5A17 : 13;
5A18 : -13;
5A19 : 12;
5A1A : -13;
5A1B : 1;
5A1C : 13;
5A1D : 9;
5A1E : 24;
5A1F : -4;
5A20 : 0;
5A21 : -25;
5A22 : -2;
5A23 : -15;
5A24 : 0;
5A25 : -3;
5A26 : -13;
5A27 : 26;
5A28 : -29;
5A29 : -11;
5A2A : 4;
5A2B : -5;
5A2C : 22;
5A2D : -31;
5A2E : 21;
5A2F : 3;
5A30 : -19;
5A31 : -24;
5A32 : -21;
5A33 : -3;
5A34 : 19;
5A35 : 27;
5A36 : -10;
5A37 : -3;
5A38 : -18;
5A39 : 16;
5A3A : -5;
5A3B : -4;
5A3C : -13;
5A3D : -29;
5A3E : -31;
5A3F : 6;
5A40 : 1;
5A41 : -27;
5A42 : -37;
5A43 : -3;
5A44 : -23;
5A45 : -35;
5A46 : -21;
5A47 : 4;
5A48 : 21;
5A49 : 6;
5A4A : 30;
5A4B : -10;
5A4C : -28;
5A4D : 3;
5A4E : 12;
5A4F : 10;
5A50 : 20;
5A51 : 8;
5A52 : 25;
5A53 : -2;
5A54 : -20;
5A55 : 31;
5A56 : 27;
5A57 : -19;
5A58 : -2;
5A59 : -7;
5A5A : 32;
5A5B : -10;
5A5C : -20;
5A5D : 5;
5A5E : -3;
5A5F : -1;
5A60 : -16;
5A61 : 12;
5A62 : -24;
5A63 : 17;
5A64 : -16;
5A65 : 17;
5A66 : 9;
5A67 : -20;
5A68 : -35;
5A69 : -2;
5A6A : 8;
5A6B : -7;
5A6C : -20;
5A6D : 6;
5A6E : -4;
5A6F : -16;
5A70 : 15;
5A71 : 25;
5A72 : -12;
5A73 : -21;
5A74 : -13;
5A75 : 8;
5A76 : 9;
5A77 : -29;
5A78 : -21;
5A79 : -26;
5A7A : 3;
5A7B : -2;
5A7C : -32;
5A7D : -8;
5A7E : -29;
5A7F : 11;
5A80 : -37;
5A81 : -10;
5A82 : 5;
5A83 : -4;
5A84 : -34;
5A85 : -24;
5A86 : -27;
5A87 : -23;
5A88 : -2;
5A89 : -30;
5A8A : -28;
5A8B : -18;
5A8C : -14;
5A8D : -13;
5A8E : 0;
5A8F : -16;
5A90 : -13;
5A91 : -21;
5A92 : 7;
5A93 : -15;
5A94 : -2;
5A95 : 18;
5A96 : -19;
5A97 : 14;
5A98 : 32;
5A99 : -13;
5A9A : 7;
5A9B : -26;
5A9C : -1;
5A9D : -18;
5A9E : 9;
5A9F : 19;
5AA0 : -16;
5AA1 : 10;
5AA2 : 8;
5AA3 : 13;
5AA4 : -22;
5AA5 : 18;
5AA6 : -2;
5AA7 : -30;
5AA8 : -7;
5AA9 : -7;
5AAA : 16;
5AAB : -19;
5AAC : -10;
5AAD : -4;
5AAE : 15;
5AAF : 26;
5AB0 : 9;
5AB1 : -20;
5AB2 : 2;
5AB3 : 5;
5AB4 : -10;
5AB5 : 1;
5AB6 : 9;
5AB7 : 6;
5AB8 : 10;
5AB9 : -38;
5ABA : 22;
5ABB : 3;
5ABC : 2;
5ABD : 3;
5ABE : -1;
5ABF : 7;
5AC0 : -12;
5AC1 : 24;
5AC2 : 32;
5AC3 : 2;
5AC4 : -19;
5AC5 : 32;
5AC6 : -15;
5AC7 : 5;
5AC8 : -13;
5AC9 : -26;
5ACA : -19;
5ACB : -26;
5ACC : 15;
5ACD : -34;
5ACE : 5;
5ACF : -6;
5AD0 : -16;
5AD1 : -5;
5AD2 : 15;
5AD3 : -2;
5AD4 : -22;
5AD5 : -21;
5AD6 : 0;
5AD7 : -4;
5AD8 : 7;
5AD9 : 12;
5ADA : -21;
5ADB : -3;
5ADC : -5;
5ADD : -29;
5ADE : -19;
5ADF : 20;
5AE0 : -9;
5AE1 : -34;
5AE2 : -20;
5AE3 : 7;
5AE4 : -12;
5AE5 : 5;
5AE6 : -24;
5AE7 : 12;
5AE8 : -1;
5AE9 : 4;
5AEA : 11;
5AEB : -15;
5AEC : 9;
5AED : -20;
5AEE : 4;
5AEF : -18;
5AF0 : -6;
5AF1 : 28;
5AF2 : 10;
5AF3 : 2;
5AF4 : -5;
5AF5 : -6;
5AF6 : -25;
5AF7 : -24;
5AF8 : -39;
5AF9 : 7;
5AFA : -38;
5AFB : 5;
5AFC : 6;
5AFD : -21;
5AFE : -27;
5AFF : 0;
5B00 : -17;
5B01 : 18;
5B02 : 10;
5B03 : 13;
5B04 : -15;
5B05 : 4;
5B06 : 4;
5B07 : -21;
5B08 : -1;
5B09 : 13;
5B0A : 1;
5B0B : 10;
5B0C : 4;
5B0D : 11;
5B0E : -7;
5B0F : 50;
5B10 : 1;
5B11 : 0;
5B12 : 42;
5B13 : -18;
5B14 : -17;
5B15 : 26;
5B16 : 4;
5B17 : -14;
5B18 : 3;
5B19 : -30;
5B1A : -5;
5B1B : 6;
5B1C : -8;
5B1D : 11;
5B1E : 19;
5B1F : 19;
5B20 : -2;
5B21 : 15;
5B22 : -28;
5B23 : -14;
5B24 : 8;
5B25 : 14;
5B26 : 21;
5B27 : 21;
5B28 : 25;
5B29 : 14;
5B2A : -13;
5B2B : 15;
5B2C : 21;
5B2D : -10;
5B2E : 2;
5B2F : 18;
5B30 : -13;
5B31 : 40;
5B32 : -45;
5B33 : 10;
5B34 : -25;
5B35 : -14;
5B36 : 17;
5B37 : -26;
5B38 : 44;
5B39 : -8;
5B3A : -31;
5B3B : -8;
5B3C : 14;
5B3D : -20;
5B3E : -16;
5B3F : 19;
5B40 : 4;
5B41 : -13;
5B42 : -17;
5B43 : 1;
5B44 : 4;
5B45 : 0;
5B46 : -33;
5B47 : 4;
5B48 : 56;
5B49 : -32;
5B4A : -2;
5B4B : -25;
5B4C : 12;
5B4D : -17;
5B4E : -6;
5B4F : 23;
5B50 : -26;
5B51 : -12;
5B52 : 2;
5B53 : -23;
5B54 : -34;
5B55 : 2;
5B56 : -8;
5B57 : 2;
5B58 : 34;
5B59 : 4;
5B5A : -1;
5B5B : -16;
5B5C : -2;
5B5D : -31;
5B5E : -8;
5B5F : -6;
5B60 : -12;
5B61 : 25;
5B62 : -3;
5B63 : 8;
5B64 : -4;
5B65 : -26;
5B66 : -8;
5B67 : -11;
5B68 : 8;
5B69 : 27;
5B6A : -45;
5B6B : -15;
5B6C : -2;
5B6D : -4;
5B6E : -9;
5B6F : 4;
5B70 : 31;
5B71 : 4;
5B72 : 11;
5B73 : 12;
5B74 : 2;
5B75 : -4;
5B76 : 13;
5B77 : 20;
5B78 : 13;
5B79 : 24;
5B7A : -17;
5B7B : 45;
5B7C : 7;
5B7D : -25;
5B7E : 7;
5B7F : -19;
5B80 : 1;
5B81 : -17;
5B82 : -22;
5B83 : 21;
5B84 : -8;
5B85 : -10;
5B86 : 7;
5B87 : -2;
5B88 : -8;
5B89 : -30;
5B8A : -9;
5B8B : 1;
5B8C : 23;
5B8D : -31;
5B8E : 9;
5B8F : -13;
5B90 : 7;
5B91 : 8;
5B92 : -13;
5B93 : 14;
5B94 : 13;
5B95 : 15;
5B96 : 9;
5B97 : -21;
5B98 : -14;
5B99 : 16;
5B9A : 16;
5B9B : -15;
5B9C : -33;
5B9D : -15;
5B9E : 28;
5B9F : -12;
5BA0 : 12;
5BA1 : -14;
5BA2 : 27;
5BA3 : -11;
5BA4 : 3;
5BA5 : 11;
5BA6 : -19;
5BA7 : 32;
5BA8 : -34;
5BA9 : 9;
5BAA : -36;
5BAB : -1;
5BAC : 9;
5BAD : -30;
5BAE : 32;
5BAF : -30;
5BB0 : 22;
5BB1 : -11;
5BB2 : -22;
5BB3 : 25;
5BB4 : -29;
5BB5 : -13;
5BB6 : -13;
5BB7 : 41;
5BB8 : 23;
5BB9 : 24;
5BBA : -9;
5BBB : 11;
5BBC : 15;
5BBD : -9;
5BBE : 12;
5BBF : -19;
5BC0 : -2;
5BC1 : 19;
5BC2 : -4;
5BC3 : 2;
5BC4 : 28;
5BC5 : 29;
5BC6 : 27;
5BC7 : 20;
5BC8 : -13;
5BC9 : 20;
5BCA : 18;
5BCB : -15;
5BCC : 23;
5BCD : -15;
5BCE : -7;
5BCF : 20;
5BD0 : -24;
5BD1 : 28;
5BD2 : -9;
5BD3 : 1;
5BD4 : -25;
5BD5 : 9;
5BD6 : 5;
5BD7 : 6;
5BD8 : 22;
5BD9 : 24;
5BDA : 37;
5BDB : -3;
5BDC : 20;
5BDD : 13;
5BDE : -29;
5BDF : 16;
5BE0 : -3;
5BE1 : 25;
5BE2 : 17;
5BE3 : 6;
5BE4 : 3;
5BE5 : 9;
5BE6 : -30;
5BE7 : -21;
5BE8 : -7;
5BE9 : 16;
5BEA : -4;
5BEB : -11;
5BEC : 7;
5BED : 3;
5BEE : 2;
5BEF : 15;
5BF0 : -12;
5BF1 : 7;
5BF2 : -2;
5BF3 : -2;
5BF4 : 11;
5BF5 : -19;
5BF6 : -37;
5BF7 : 21;
5BF8 : 12;
5BF9 : -2;
5BFA : -35;
5BFB : 1;
5BFC : -1;
5BFD : 4;
5BFE : 8;
5BFF : 12;
5C00 : 23;
5C01 : -4;
5C02 : 0;
5C03 : 4;
5C04 : 21;
5C05 : 24;
5C06 : 10;
5C07 : -22;
5C08 : 29;
5C09 : 9;
5C0A : 15;
5C0B : 7;
5C0C : -27;
5C0D : -11;
5C0E : 0;
5C0F : 39;
5C10 : -30;
5C11 : -13;
5C12 : 3;
5C13 : -6;
5C14 : 28;
5C15 : 19;
5C16 : 51;
5C17 : -31;
5C18 : -16;
5C19 : -8;
5C1A : 15;
5C1B : -24;
5C1C : 5;
5C1D : 27;
5C1E : -13;
5C1F : 47;
5C20 : -40;
5C21 : -17;
5C22 : 29;
5C23 : -24;
5C24 : 18;
5C25 : 4;
5C26 : 16;
5C27 : 0;
5C28 : -11;
5C29 : 6;
5C2A : 5;
5C2B : -29;
5C2C : -6;
5C2D : 19;
5C2E : -36;
5C2F : -5;
5C30 : -63;
5C31 : -3;
5C32 : -19;
5C33 : -7;
5C34 : -10;
5C35 : 15;
5C36 : 0;
5C37 : -9;
5C38 : -15;
5C39 : -34;
5C3A : -27;
5C3B : -32;
5C3C : 19;
5C3D : -27;
5C3E : -41;
5C3F : -4;
5C40 : 2;
5C41 : -5;
5C42 : -6;
5C43 : 10;
5C44 : -8;
5C45 : 17;
5C46 : 10;
5C47 : 5;
5C48 : -2;
5C49 : 13;
5C4A : 16;
5C4B : -17;
5C4C : 0;
5C4D : 14;
5C4E : 24;
5C4F : 38;
5C50 : -15;
5C51 : -32;
5C52 : 2;
5C53 : -26;
5C54 : 4;
5C55 : 23;
5C56 : -30;
5C57 : -2;
5C58 : -17;
5C59 : -8;
5C5A : 9;
5C5B : 13;
5C5C : 9;
5C5D : -8;
5C5E : 9;
5C5F : 32;
5C60 : -17;
5C61 : -16;
5C62 : 16;
5C63 : -22;
5C64 : -2;
5C65 : 7;
5C66 : -1;
5C67 : -19;
5C68 : 0;
5C69 : 12;
5C6A : -15;
5C6B : 15;
5C6C : 32;
5C6D : 11;
5C6E : -10;
5C6F : -20;
5C70 : -16;
5C71 : -26;
5C72 : 22;
5C73 : 21;
5C74 : 10;
5C75 : 8;
5C76 : 0;
5C77 : 23;
5C78 : -26;
5C79 : 34;
5C7A : -22;
5C7B : 13;
5C7C : -8;
5C7D : -1;
5C7E : -12;
5C7F : -1;
5C80 : 11;
5C81 : 11;
5C82 : 19;
5C83 : -7;
5C84 : 13;
5C85 : 18;
5C86 : 30;
5C87 : -28;
5C88 : 1;
5C89 : -8;
5C8A : -22;
5C8B : 3;
5C8C : 17;
5C8D : 28;
5C8E : 6;
5C8F : 2;
5C90 : -14;
5C91 : -7;
5C92 : 9;
5C93 : -28;
5C94 : 14;
5C95 : 5;
5C96 : -26;
5C97 : 17;
5C98 : -4;
5C99 : 16;
5C9A : 27;
5C9B : -5;
5C9C : -20;
5C9D : 1;
5C9E : -10;
5C9F : 4;
5CA0 : 17;
5CA1 : 12;
5CA2 : -4;
5CA3 : 28;
5CA4 : 14;
5CA5 : 28;
5CA6 : -30;
5CA7 : -4;
5CA8 : 30;
5CA9 : 24;
5CAA : 6;
5CAB : 34;
5CAC : 8;
5CAD : 7;
5CAE : -10;
5CAF : 24;
5CB0 : 53;
5CB1 : -4;
5CB2 : -29;
5CB3 : 17;
5CB4 : 5;
5CB5 : 18;
5CB6 : -46;
5CB7 : -13;
5CB8 : 2;
5CB9 : 11;
5CBA : -24;
5CBB : 12;
5CBC : 1;
5CBD : 12;
5CBE : 23;
5CBF : -1;
5CC0 : -36;
5CC1 : 21;
5CC2 : 25;
5CC3 : 5;
5CC4 : -15;
5CC5 : 6;
5CC6 : 32;
5CC7 : -23;
5CC8 : 18;
5CC9 : -25;
5CCA : -17;
5CCB : 3;
5CCC : -9;
5CCD : -21;
5CCE : -16;
5CCF : -19;
5CD0 : -32;
5CD1 : 11;
5CD2 : 3;
5CD3 : 5;
5CD4 : 1;
5CD5 : 6;
5CD6 : -66;
5CD7 : -12;
5CD8 : 18;
5CD9 : 16;
5CDA : 17;
5CDB : -5;
5CDC : 1;
5CDD : 15;
5CDE : -37;
5CDF : 7;
5CE0 : 6;
5CE1 : 40;
5CE2 : -47;
5CE3 : 18;
5CE4 : 15;
5CE5 : 10;
5CE6 : -26;
5CE7 : 2;
5CE8 : 8;
5CE9 : 12;
5CEA : 2;
5CEB : 6;
5CEC : -34;
5CED : -25;
5CEE : 13;
5CEF : 22;
5CF0 : 19;
5CF1 : 27;
5CF2 : -34;
5CF3 : -10;
5CF4 : -5;
5CF5 : -33;
5CF6 : -34;
5CF7 : 8;
5CF8 : 24;
5CF9 : -31;
5CFA : 8;
5CFB : 43;
5CFC : -14;
5CFD : -31;
5CFE : 33;
5CFF : 12;
5D00 : 0;
5D01 : -21;
5D02 : 6;
5D03 : -32;
5D04 : 33;
5D05 : 5;
5D06 : 34;
5D07 : -2;
5D08 : 26;
5D09 : 8;
5D0A : 16;
5D0B : -35;
5D0C : 4;
5D0D : 0;
5D0E : 5;
5D0F : 14;
5D10 : -27;
5D11 : -36;
5D12 : -12;
5D13 : 0;
5D14 : 22;
5D15 : 26;
5D16 : 24;
5D17 : -3;
5D18 : -35;
5D19 : -12;
5D1A : 29;
5D1B : -58;
5D1C : 26;
5D1D : -18;
5D1E : -37;
5D1F : 28;
5D20 : -3;
5D21 : 31;
5D22 : -5;
5D23 : 13;
5D24 : 12;
5D25 : -7;
5D26 : 18;
5D27 : -2;
5D28 : -5;
5D29 : -48;
5D2A : 1;
5D2B : -34;
5D2C : 30;
5D2D : 27;
5D2E : -27;
5D2F : 29;
5D30 : -26;
5D31 : 42;
5D32 : 11;
5D33 : 2;
5D34 : 6;
5D35 : -17;
5D36 : 5;
5D37 : -25;
5D38 : -25;
5D39 : 7;
5D3A : 10;
5D3B : -16;
5D3C : 16;
5D3D : -15;
5D3E : -32;
5D3F : 34;
5D40 : -20;
5D41 : -6;
5D42 : 16;
5D43 : -15;
5D44 : 2;
5D45 : 30;
5D46 : 8;
5D47 : 5;
5D48 : -7;
5D49 : -5;
5D4A : -7;
5D4B : 2;
5D4C : 21;
5D4D : -24;
5D4E : -36;
5D4F : -9;
5D50 : 3;
5D51 : -36;
5D52 : -31;
5D53 : 0;
5D54 : 10;
5D55 : -6;
5D56 : 13;
5D57 : -22;
5D58 : 15;
5D59 : -14;
5D5A : 11;
5D5B : 4;
5D5C : -30;
5D5D : 22;
5D5E : -14;
5D5F : -20;
5D60 : -14;
5D61 : 21;
5D62 : 19;
5D63 : 8;
5D64 : 0;
5D65 : 22;
5D66 : -16;
5D67 : 13;
5D68 : 2;
5D69 : -7;
5D6A : 23;
5D6B : -29;
5D6C : -5;
5D6D : 9;
5D6E : -22;
5D6F : -23;
5D70 : 13;
5D71 : 2;
5D72 : 11;
5D73 : -2;
5D74 : -7;
5D75 : 8;
5D76 : 13;
5D77 : 3;
5D78 : -33;
5D79 : -9;
5D7A : -12;
5D7B : -8;
5D7C : -49;
5D7D : 7;
5D7E : 2;
5D7F : -15;
5D80 : 24;
5D81 : -5;
5D82 : -22;
5D83 : -9;
5D84 : -15;
5D85 : -7;
5D86 : -7;
5D87 : -15;
5D88 : 22;
5D89 : 32;
5D8A : -22;
5D8B : 1;
5D8C : -11;
5D8D : 12;
5D8E : 25;
5D8F : 21;
5D90 : 17;
5D91 : -33;
5D92 : 24;
5D93 : -23;
5D94 : -23;
5D95 : -24;
5D96 : 21;
5D97 : -1;
5D98 : 17;
5D99 : 19;
5D9A : -15;
5D9B : 3;
5D9C : 20;
5D9D : 26;
5D9E : -19;
5D9F : -31;
5DA0 : 9;
5DA1 : -16;
5DA2 : 3;
5DA3 : 24;
5DA4 : 18;
5DA5 : 7;
5DA6 : -9;
5DA7 : 11;
5DA8 : -10;
5DA9 : 11;
5DAA : 16;
5DAB : 48;
5DAC : 29;
5DAD : -27;
5DAE : 15;
5DAF : -17;
5DB0 : 18;
5DB1 : 5;
5DB2 : -5;
5DB3 : 1;
5DB4 : 7;
5DB5 : 15;
5DB6 : -13;
5DB7 : 19;
5DB8 : -9;
5DB9 : 12;
5DBA : -35;
5DBB : 26;
5DBC : 3;
5DBD : 0;
5DBE : -16;
5DBF : 7;
5DC0 : 7;
5DC1 : 1;
5DC2 : 36;
5DC3 : 3;
5DC4 : 19;
5DC5 : 6;
5DC6 : 24;
5DC7 : 10;
5DC8 : -7;
5DC9 : -23;
5DCA : 28;
5DCB : 10;
5DCC : -8;
5DCD : 14;
5DCE : 40;
5DCF : -18;
5DD0 : 3;
5DD1 : -13;
5DD2 : 22;
5DD3 : 2;
5DD4 : 7;
5DD5 : -8;
5DD6 : 0;
5DD7 : 15;
5DD8 : -12;
5DD9 : -11;
5DDA : -3;
5DDB : -9;
5DDC : -5;
5DDD : 1;
5DDE : 21;
5DDF : -24;
5DE0 : 4;
5DE1 : 21;
5DE2 : 14;
5DE3 : 6;
5DE4 : 17;
5DE5 : -13;
5DE6 : -12;
5DE7 : 4;
5DE8 : 1;
5DE9 : -4;
5DEA : -4;
5DEB : -24;
5DEC : -11;
5DED : -16;
5DEE : -5;
5DEF : 4;
5DF0 : 35;
5DF1 : 10;
5DF2 : 21;
5DF3 : 5;
5DF4 : 19;
5DF5 : -39;
5DF6 : 6;
5DF7 : -9;
5DF8 : -1;
5DF9 : 0;
5DFA : 13;
5DFB : 14;
5DFC : 15;
5DFD : 10;
5DFE : 38;
5DFF : 24;
5E00 : -25;
5E01 : -50;
5E02 : -25;
5E03 : -12;
5E04 : -3;
5E05 : -7;
5E06 : -26;
5E07 : -5;
5E08 : -62;
5E09 : -24;
5E0A : 3;
5E0B : 0;
5E0C : -2;
5E0D : -33;
5E0E : -42;
5E0F : -21;
5E10 : -48;
5E11 : -9;
5E12 : 3;
5E13 : 8;
5E14 : 13;
5E15 : 7;
5E16 : -21;
5E17 : -23;
5E18 : -56;
5E19 : -22;
5E1A : -26;
5E1B : -31;
5E1C : 13;
5E1D : -23;
5E1E : 12;
5E1F : -34;
5E20 : -20;
5E21 : -19;
5E22 : 27;
5E23 : 16;
5E24 : -8;
5E25 : -8;
5E26 : 11;
5E27 : 13;
5E28 : -45;
5E29 : 10;
5E2A : 5;
5E2B : 2;
5E2C : 17;
5E2D : -16;
5E2E : -23;
5E2F : 2;
5E30 : 14;
5E31 : -9;
5E32 : -20;
5E33 : -8;
5E34 : 26;
5E35 : 15;
5E36 : -9;
5E37 : -1;
5E38 : 27;
5E39 : -9;
5E3A : -11;
5E3B : -26;
5E3C : 2;
5E3D : -7;
5E3E : -17;
5E3F : -20;
5E40 : -12;
5E41 : -27;
5E42 : 25;
5E43 : -19;
5E44 : 27;
5E45 : -15;
5E46 : 18;
5E47 : -2;
5E48 : -26;
5E49 : 45;
5E4A : 28;
5E4B : -5;
5E4C : 1;
5E4D : -9;
5E4E : -13;
5E4F : 13;
5E50 : -12;
5E51 : -23;
5E52 : -1;
5E53 : 4;
5E54 : 22;
5E55 : 20;
5E56 : 2;
5E57 : -6;
5E58 : -20;
5E59 : 0;
5E5A : 2;
5E5B : 27;
5E5C : 27;
5E5D : 7;
5E5E : -13;
5E5F : 15;
5E60 : -10;
5E61 : 13;
5E62 : 10;
5E63 : 22;
5E64 : -2;
5E65 : 23;
5E66 : 24;
5E67 : 14;
5E68 : -29;
5E69 : 19;
5E6A : -5;
5E6B : -7;
5E6C : -12;
5E6D : 5;
5E6E : -9;
5E6F : 19;
5E70 : 6;
5E71 : -19;
5E72 : -20;
5E73 : -7;
5E74 : -18;
5E75 : -33;
5E76 : -41;
5E77 : -9;
5E78 : -44;
5E79 : -18;
5E7A : -22;
5E7B : 1;
5E7C : -20;
5E7D : -8;
5E7E : -27;
5E7F : -26;
5E80 : 8;
5E81 : 28;
5E82 : 14;
5E83 : -14;
5E84 : 8;
5E85 : -14;
5E86 : 19;
5E87 : 7;
5E88 : 6;
5E89 : 18;
5E8A : 28;
5E8B : 26;
5E8C : -13;
5E8D : 38;
5E8E : -20;
5E8F : -11;
5E90 : 19;
5E91 : 38;
5E92 : -24;
5E93 : -2;
5E94 : 4;
5E95 : -3;
5E96 : -22;
5E97 : -1;
5E98 : 25;
5E99 : -10;
5E9A : 8;
5E9B : -22;
5E9C : -2;
5E9D : -3;
5E9E : -3;
5E9F : 20;
5EA0 : -13;
5EA1 : 11;
5EA2 : -28;
5EA3 : 24;
5EA4 : 1;
5EA5 : -25;
5EA6 : 5;
5EA7 : 13;
5EA8 : 41;
5EA9 : -33;
5EAA : 5;
5EAB : -11;
5EAC : -20;
5EAD : 3;
5EAE : 14;
5EAF : 30;
5EB0 : -3;
5EB1 : -9;
5EB2 : 13;
5EB3 : -17;
5EB4 : 3;
5EB5 : 0;
5EB6 : -5;
5EB7 : 4;
5EB8 : 2;
5EB9 : -44;
5EBA : 4;
5EBB : -32;
5EBC : -10;
5EBD : -19;
5EBE : 15;
5EBF : -18;
5EC0 : -22;
5EC1 : 37;
5EC2 : 23;
5EC3 : -15;
5EC4 : -21;
5EC5 : 24;
5EC6 : 48;
5EC7 : 5;
5EC8 : -5;
5EC9 : -7;
5ECA : 15;
5ECB : 22;
5ECC : -5;
5ECD : 29;
5ECE : 11;
5ECF : 17;
5ED0 : 8;
5ED1 : 17;
5ED2 : -23;
5ED3 : -14;
5ED4 : -24;
5ED5 : -17;
5ED6 : 4;
5ED7 : 2;
5ED8 : -3;
5ED9 : 6;
5EDA : -16;
5EDB : -8;
5EDC : -12;
5EDD : -14;
5EDE : 5;
5EDF : -27;
5EE0 : -3;
5EE1 : -37;
5EE2 : -33;
5EE3 : -1;
5EE4 : 0;
5EE5 : 16;
5EE6 : 32;
5EE7 : 15;
5EE8 : 4;
5EE9 : 17;
5EEA : -13;
5EEB : -5;
5EEC : 27;
5EED : 0;
5EEE : -21;
5EEF : 10;
5EF0 : 3;
5EF1 : -19;
5EF2 : 6;
5EF3 : -13;
5EF4 : 17;
5EF5 : -25;
5EF6 : 6;
5EF7 : 12;
5EF8 : -7;
5EF9 : 5;
5EFA : -9;
5EFB : 5;
5EFC : 6;
5EFD : -15;
5EFE : -22;
5EFF : 18;
5F00 : 14;
5F01 : 18;
5F02 : -14;
5F03 : -12;
5F04 : -26;
5F05 : -25;
5F06 : -11;
5F07 : 19;
5F08 : 13;
5F09 : -3;
5F0A : -23;
5F0B : 15;
5F0C : -12;
5F0D : -8;
5F0E : -16;
5F0F : -18;
5F10 : -1;
5F11 : 4;
5F12 : 8;
5F13 : -21;
5F14 : 10;
5F15 : 11;
5F16 : -11;
5F17 : -22;
5F18 : -22;
5F19 : -16;
5F1A : -4;
5F1B : 13;
5F1C : -1;
5F1D : -24;
5F1E : -23;
5F1F : 13;
5F20 : -7;
5F21 : -10;
5F22 : 8;
5F23 : -22;
5F24 : 20;
5F25 : 15;
5F26 : -12;
5F27 : 5;
5F28 : -12;
5F29 : -6;
5F2A : 18;
5F2B : -19;
5F2C : -23;
5F2D : 15;
5F2E : -12;
5F2F : 16;
5F30 : -3;
5F31 : -1;
5F32 : -14;
5F33 : 9;
5F34 : -10;
5F35 : 2;
5F36 : 3;
5F37 : -5;
5F38 : -21;
5F39 : 15;
5F3A : 10;
5F3B : 11;
5F3C : -24;
5F3D : 12;
5F3E : 20;
5F3F : -16;
5F40 : 15;
5F41 : 3;
5F42 : 17;
5F43 : 12;
5F44 : 10;
5F45 : 20;
5F46 : 22;
5F47 : -11;
5F48 : 13;
5F49 : -6;
5F4A : 3;
5F4B : -16;
5F4C : -21;
5F4D : 2;
5F4E : -17;
5F4F : 1;
5F50 : -2;
5F51 : 6;
5F52 : -7;
5F53 : 17;
5F54 : 8;
5F55 : -12;
5F56 : -4;
5F57 : -19;
5F58 : -3;
5F59 : -10;
5F5A : -4;
5F5B : 15;
5F5C : -18;
5F5D : 10;
5F5E : -25;
5F5F : -25;
5F60 : -3;
5F61 : -7;
5F62 : -22;
5F63 : -13;
5F64 : -20;
5F65 : 14;
5F66 : -25;
5F67 : 12;
5F68 : 10;
5F69 : -21;
5F6A : 2;
5F6B : -11;
5F6C : 12;
5F6D : 12;
5F6E : -15;
5F6F : -14;
5F70 : 13;
5F71 : -2;
5F72 : -22;
5F73 : -15;
5F74 : -7;
5F75 : -6;
5F76 : 14;
5F77 : 5;
5F78 : -13;
5F79 : -9;
5F7A : -11;
5F7B : 10;
5F7C : 12;
5F7D : -2;
5F7E : 2;
5F7F : 22;
5F80 : -23;
5F81 : -14;
5F82 : -8;
5F83 : 9;
5F84 : 21;
5F85 : 2;
5F86 : 20;
5F87 : 21;
5F88 : 11;
5F89 : -12;
5F8A : -1;
5F8B : -24;
5F8C : -8;
5F8D : -23;
5F8E : 8;
5F8F : -18;
5F90 : -20;
5F91 : -5;
5F92 : 22;
5F93 : -20;
5F94 : -16;
5F95 : -14;
5F96 : -13;
5F97 : 5;
5F98 : 2;
5F99 : -9;
5F9A : -17;
5F9B : 8;
5F9C : -14;
5F9D : 8;
5F9E : -11;
5F9F : -12;
5FA0 : 17;
5FA1 : 5;
5FA2 : -2;
5FA3 : -22;
5FA4 : 1;
5FA5 : 4;
5FA6 : -17;
5FA7 : -28;
5FA8 : -21;
5FA9 : -18;
5FAA : 7;
5FAB : 5;
5FAC : -1;
5FAD : -5;
5FAE : -25;
5FAF : -19;
5FB0 : -13;
5FB1 : 5;
5FB2 : -16;
5FB3 : 4;
5FB4 : -9;
5FB5 : -19;
5FB6 : -20;
5FB7 : -23;
5FB8 : 2;
5FB9 : -6;
5FBA : 10;
5FBB : -4;
5FBC : 14;
5FBD : -5;
5FBE : 8;
5FBF : -14;
5FC0 : -20;
5FC1 : -23;
5FC2 : -9;
5FC3 : -15;
5FC4 : -11;
5FC5 : -22;
5FC6 : -5;
5FC7 : 6;
5FC8 : 2;
5FC9 : 21;
5FCA : -17;
5FCB : 2;
5FCC : -1;
5FCD : -23;
5FCE : 12;
5FCF : -14;
5FD0 : 7;
5FD1 : -23;
5FD2 : 8;
5FD3 : 11;
5FD4 : 15;
5FD5 : 5;
5FD6 : -16;
5FD7 : -16;
5FD8 : -25;
5FD9 : -3;
5FDA : -12;
5FDB : 13;
5FDC : -22;
5FDD : -19;
5FDE : -23;
5FDF : -22;
5FE0 : -22;
5FE1 : 6;
5FE2 : -1;
5FE3 : -27;
5FE4 : 14;
5FE5 : 4;
5FE6 : -16;
5FE7 : -22;
5FE8 : 4;
5FE9 : -20;
5FEA : -3;
5FEB : 12;
5FEC : -22;
5FED : 5;
5FEE : -11;
5FEF : 7;
5FF0 : 15;
5FF1 : -2;
5FF2 : -19;
5FF3 : -22;
5FF4 : -2;
5FF5 : 11;
5FF6 : 18;
5FF7 : -16;
5FF8 : 10;
5FF9 : 17;
5FFA : -12;
5FFB : -24;
5FFC : 3;
5FFD : -10;
5FFE : -16;
5FFF : 5;
6000 : 7;
6001 : -22;
6002 : -3;
6003 : 1;
6004 : -26;
6005 : 2;
6006 : 16;
6007 : -10;
6008 : -11;
6009 : 13;
600A : -7;
600B : -12;
600C : -25;
600D : -17;
600E : -7;
600F : 1;
6010 : -17;
6011 : -17;
6012 : -24;
6013 : 17;
6014 : 9;
6015 : -12;
6016 : -21;
6017 : -30;
6018 : -25;
6019 : 2;
601A : 10;
601B : 16;
601C : -18;
601D : -11;
601E : -16;
601F : -21;
6020 : -9;
6021 : -5;
6022 : -21;
6023 : 3;
6024 : -19;
6025 : -23;
6026 : -27;
6027 : 1;
6028 : -19;
6029 : 16;
602A : 8;
602B : -2;
602C : -15;
602D : 14;
602E : -29;
602F : 0;
6030 : 13;
6031 : 15;
6032 : -1;
6033 : -1;
6034 : 3;
6035 : 7;
6036 : 1;
6037 : 9;
6038 : 3;
6039 : -8;
603A : -2;
603B : -10;
603C : -1;
603D : -10;
603E : -23;
603F : 21;
6040 : 8;
6041 : -9;
6042 : -16;
6043 : -11;
6044 : -7;
6045 : -30;
6046 : 1;
6047 : -24;
6048 : -15;
6049 : 17;
604A : 15;
604B : -24;
604C : -24;
604D : -24;
604E : -17;
604F : 12;
6050 : 1;
6051 : -14;
6052 : 6;
6053 : -29;
6054 : 8;
6055 : 2;
6056 : -31;
6057 : -28;
6058 : -19;
6059 : 13;
605A : -8;
605B : -9;
605C : 3;
605D : 15;
605E : -10;
605F : -26;
6060 : -12;
6061 : -13;
6062 : 13;
6063 : 8;
6064 : -25;
6065 : -4;
6066 : -9;
6067 : 2;
6068 : 11;
6069 : -23;
606A : 14;
606B : -2;
606C : -2;
606D : -3;
606E : -3;
606F : -28;
6070 : -12;
6071 : 19;
6072 : -3;
6073 : -7;
6074 : 13;
6075 : -11;
6076 : -6;
6077 : -11;
6078 : -10;
6079 : -7;
607A : 13;
607B : -3;
607C : -26;
607D : 1;
607E : -2;
607F : -17;
6080 : 3;
6081 : -12;
6082 : 5;
6083 : -26;
6084 : 15;
6085 : -1;
6086 : -4;
6087 : -11;
6088 : -13;
6089 : 13;
608A : -12;
608B : -5;
608C : -30;
608D : 8;
608E : -2;
608F : -6;
6090 : -26;
6091 : 6;
6092 : 0;
6093 : -26;
6094 : 14;
6095 : 2;
6096 : 3;
6097 : -3;
6098 : 12;
6099 : 8;
609A : 1;
609B : -18;
609C : -20;
609D : -12;
609E : 14;
609F : 6;
60A0 : -23;
60A1 : -20;
60A2 : 9;
60A3 : -15;
60A4 : 18;
60A5 : -8;
60A6 : 10;
60A7 : 0;
60A8 : 5;
60A9 : -18;
60AA : -16;
60AB : -3;
60AC : 3;
60AD : 6;
60AE : 1;
60AF : -13;
60B0 : 14;
60B1 : 7;
60B2 : -9;
60B3 : 10;
60B4 : 15;
60B5 : -6;
60B6 : -4;
60B7 : 15;
60B8 : 6;
60B9 : 7;
60BA : -2;
60BB : -16;
60BC : 13;
60BD : -17;
60BE : -13;
60BF : -22;
60C0 : 10;
60C1 : -18;
60C2 : 3;
60C3 : -25;
60C4 : 5;
60C5 : -1;
60C6 : 0;
60C7 : -22;
60C8 : 8;
60C9 : -30;
60CA : -26;
60CB : -14;
60CC : -16;
60CD : -1;
60CE : -22;
60CF : -10;
60D0 : 6;
60D1 : 7;
60D2 : -14;
60D3 : 7;
60D4 : -7;
60D5 : -16;
60D6 : -6;
60D7 : -9;
60D8 : -22;
60D9 : 6;
60DA : -17;
60DB : -30;
60DC : 6;
60DD : -8;
60DE : 12;
60DF : -10;
60E0 : -10;
60E1 : 14;
60E2 : -10;
60E3 : -2;
60E4 : -16;
60E5 : -16;
60E6 : -28;
60E7 : 15;
60E8 : -21;
60E9 : 11;
60EA : 4;
60EB : 11;
60EC : -27;
60ED : 2;
60EE : 15;
60EF : 2;
60F0 : -27;
60F1 : -12;
60F2 : -21;
60F3 : 15;
60F4 : 19;
60F5 : -12;
60F6 : 2;
60F7 : -16;
60F8 : -26;
60F9 : -27;
60FA : -10;
60FB : -16;
60FC : -1;
60FD : -19;
60FE : 7;
60FF : -22;
6100 : 9;
6101 : -23;
6102 : -19;
6103 : 5;
6104 : -23;
6105 : -24;
6106 : 2;
6107 : 14;
6108 : 25;
6109 : 18;
610A : 9;
610B : -2;
610C : -21;
610D : 1;
610E : 16;
610F : -35;
6110 : 23;
6111 : 10;
6112 : 9;
6113 : -4;
6114 : -14;
6115 : -4;
6116 : -3;
6117 : -10;
6118 : 52;
6119 : 6;
611A : -5;
611B : 14;
611C : -15;
611D : 2;
611E : 2;
611F : 4;
6120 : 8;
6121 : -1;
6122 : -3;
6123 : -10;
6124 : 1;
6125 : 25;
6126 : -4;
6127 : 23;
6128 : 34;
6129 : 11;
612A : 26;
612B : 20;
612C : -23;
612D : 19;
612E : 9;
612F : -5;
6130 : -13;
6131 : 23;
6132 : 9;
6133 : 10;
6134 : -21;
6135 : 31;
6136 : -6;
6137 : -19;
6138 : 25;
6139 : 0;
613A : -7;
613B : -5;
613C : -14;
613D : 0;
613E : 18;
613F : -11;
6140 : 15;
6141 : -22;
6142 : -17;
6143 : -26;
6144 : 12;
6145 : -28;
6146 : 8;
6147 : -10;
6148 : -12;
6149 : 13;
614A : 17;
614B : 5;
614C : -10;
614D : -3;
614E : 24;
614F : -2;
6150 : -12;
6151 : 23;
6152 : 9;
6153 : 29;
6154 : 19;
6155 : 15;
6156 : 13;
6157 : -4;
6158 : 1;
6159 : -6;
615A : 0;
615B : -9;
615C : 25;
615D : -14;
615E : 16;
615F : 35;
6160 : 21;
6161 : 3;
6162 : -17;
6163 : 24;
6164 : 9;
6165 : 10;
6166 : 18;
6167 : 19;
6168 : 0;
6169 : 19;
616A : -11;
616B : 5;
616C : 21;
616D : -2;
616E : 17;
616F : 21;
6170 : -19;
6171 : 14;
6172 : 4;
6173 : -5;
6174 : 7;
6175 : 11;
6176 : 10;
6177 : -5;
6178 : 10;
6179 : 12;
617A : -17;
617B : 11;
617C : 20;
617D : -23;
617E : 16;
617F : -18;
6180 : 12;
6181 : -7;
6182 : -3;
6183 : 21;
6184 : -12;
6185 : 9;
6186 : 43;
6187 : -10;
6188 : 55;
6189 : -13;
618A : 19;
618B : 6;
618C : 2;
618D : -10;
618E : -2;
618F : 3;
6190 : 7;
6191 : 17;
6192 : -6;
6193 : 3;
6194 : -11;
6195 : 3;
6196 : -11;
6197 : -11;
6198 : 29;
6199 : 23;
619A : 7;
619B : -23;
619C : 37;
619D : -9;
619E : -10;
619F : 14;
61A0 : 15;
61A1 : 25;
61A2 : -19;
61A3 : 28;
61A4 : -4;
61A5 : -9;
61A6 : -3;
61A7 : 26;
61A8 : -2;
61A9 : -6;
61AA : 8;
61AB : -6;
61AC : 8;
61AD : 8;
61AE : 20;
61AF : -22;
61B0 : -4;
61B1 : 27;
61B2 : -26;
61B3 : -29;
61B4 : -5;
61B5 : -9;
61B6 : 3;
61B7 : 15;
61B8 : -3;
61B9 : -37;
61BA : -3;
61BB : -37;
61BC : -3;
61BD : -17;
61BE : -17;
61BF : -5;
61C0 : -10;
61C1 : -24;
61C2 : 11;
61C3 : 14;
61C4 : 2;
61C5 : 31;
61C6 : -16;
61C7 : 18;
61C8 : 39;
61C9 : 16;
61CA : -9;
61CB : 23;
61CC : -26;
61CD : 12;
61CE : -3;
61CF : -25;
61D0 : -11;
61D1 : -22;
61D2 : 4;
61D3 : -14;
61D4 : 8;
61D5 : 8;
61D6 : -20;
61D7 : 4;
61D8 : 37;
61D9 : 18;
61DA : -36;
61DB : -14;
61DC : 28;
61DD : -29;
61DE : -21;
61DF : 22;
61E0 : 2;
61E1 : 18;
61E2 : 9;
61E3 : 13;
61E4 : 20;
61E5 : 7;
61E6 : 32;
61E7 : 2;
61E8 : -31;
61E9 : -13;
61EA : -22;
61EB : -10;
61EC : 8;
61ED : 18;
61EE : -10;
61EF : 1;
61F0 : 17;
61F1 : 6;
61F2 : -10;
61F3 : 20;
61F4 : 17;
61F5 : 1;
61F6 : 31;
61F7 : -8;
61F8 : -11;
61F9 : -12;
61FA : 16;
61FB : -19;
61FC : -9;
61FD : 10;
61FE : -5;
61FF : 7;
6200 : -5;
6201 : 15;
6202 : 7;
6203 : 4;
6204 : -16;
6205 : -11;
6206 : -10;
6207 : -4;
6208 : -4;
6209 : 1;
620A : -2;
620B : 1;
620C : -23;
620D : 8;
620E : -24;
620F : -20;
6210 : -21;
6211 : -5;
6212 : 8;
6213 : -9;
6214 : 1;
6215 : -13;
6216 : 20;
6217 : -16;
6218 : 1;
6219 : -11;
621A : -17;
621B : 13;
621C : -4;
621D : 5;
621E : -4;
621F : 11;
6220 : 3;
6221 : 5;
6222 : -20;
6223 : -8;
6224 : 10;
6225 : 13;
6226 : -6;
6227 : 1;
6228 : 8;
6229 : -15;
622A : -10;
622B : 14;
622C : -24;
622D : 10;
622E : 18;
622F : 12;
6230 : 5;
6231 : -19;
6232 : -26;
6233 : 7;
6234 : -13;
6235 : 16;
6236 : 6;
6237 : -9;
6238 : -19;
6239 : 21;
623A : 25;
623B : -4;
623C : 1;
623D : -5;
623E : -7;
623F : 13;
6240 : 9;
6241 : -19;
6242 : -17;
6243 : -25;
6244 : -20;
6245 : -32;
6246 : -22;
6247 : -4;
6248 : -13;
6249 : 13;
624A : -26;
624B : -23;
624C : -25;
624D : 19;
624E : 12;
624F : -11;
6250 : 1;
6251 : 3;
6252 : 10;
6253 : -9;
6254 : -3;
6255 : 10;
6256 : -22;
6257 : -4;
6258 : 3;
6259 : -25;
625A : 10;
625B : 20;
625C : -14;
625D : -14;
625E : -7;
625F : 13;
6260 : -23;
6261 : -14;
6262 : -5;
6263 : 3;
6264 : -14;
6265 : 15;
6266 : 9;
6267 : -2;
6268 : -9;
6269 : 13;
626A : 12;
626B : 11;
626C : -7;
626D : 2;
626E : -19;
626F : -13;
6270 : -24;
6271 : 19;
6272 : -22;
6273 : 18;
6274 : -18;
6275 : 5;
6276 : 16;
6277 : -12;
6278 : -14;
6279 : -10;
627A : 13;
627B : -22;
627C : 15;
627D : 6;
627E : 10;
627F : -26;
6280 : 17;
6281 : -20;
6282 : 19;
6283 : -9;
6284 : -1;
6285 : 4;
6286 : -20;
6287 : -21;
6288 : -9;
6289 : -17;
628A : 3;
628B : 12;
628C : -17;
628D : -23;
628E : 10;
628F : -12;
6290 : -24;
6291 : 15;
6292 : -25;
6293 : -26;
6294 : -20;
6295 : -20;
6296 : 7;
6297 : -15;
6298 : 16;
6299 : 1;
629A : 8;
629B : -23;
629C : 18;
629D : 13;
629E : 1;
629F : -21;
62A0 : -19;
62A1 : -19;
62A2 : -7;
62A3 : 11;
62A4 : 22;
62A5 : -22;
62A6 : -11;
62A7 : -22;
62A8 : -17;
62A9 : 10;
62AA : -14;
62AB : -20;
62AC : 15;
62AD : -6;
62AE : -7;
62AF : -10;
62B0 : 2;
62B1 : -1;
62B2 : 5;
62B3 : -18;
62B4 : -2;
62B5 : -15;
62B6 : 12;
62B7 : 2;
62B8 : 14;
62B9 : 6;
62BA : -2;
62BB : -26;
62BC : -18;
62BD : -11;
62BE : 7;
62BF : -7;
62C0 : -28;
62C1 : 4;
62C2 : -22;
62C3 : -23;
62C4 : -16;
62C5 : 1;
62C6 : -14;
62C7 : -22;
62C8 : -20;
62C9 : -16;
62CA : 10;
62CB : 6;
62CC : -2;
62CD : -15;
62CE : 3;
62CF : -12;
62D0 : 4;
62D1 : -18;
62D2 : 5;
62D3 : 20;
62D4 : -17;
62D5 : -1;
62D6 : 21;
62D7 : -25;
62D8 : 18;
62D9 : 11;
62DA : 1;
62DB : -20;
62DC : 0;
62DD : -3;
62DE : -3;
62DF : -23;
62E0 : -13;
62E1 : -1;
62E2 : -7;
62E3 : 9;
62E4 : -1;
62E5 : 21;
62E6 : -9;
62E7 : -9;
62E8 : -4;
62E9 : -20;
62EA : 1;
62EB : 2;
62EC : 16;
62ED : 11;
62EE : -9;
62EF : 14;
62F0 : 5;
62F1 : 14;
62F2 : 15;
62F3 : -20;
62F4 : 14;
62F5 : 15;
62F6 : -6;
62F7 : 13;
62F8 : 12;
62F9 : 3;
62FA : 18;
62FB : 17;
62FC : 15;
62FD : -24;
62FE : 9;
62FF : -20;
6300 : 6;
6301 : 25;
6302 : 5;
6303 : 3;
6304 : -5;
6305 : -3;
6306 : 34;
6307 : -23;
6308 : -3;
6309 : -14;
630A : 16;
630B : 11;
630C : -15;
630D : 24;
630E : -19;
630F : 13;
6310 : 4;
6311 : 36;
6312 : 9;
6313 : -8;
6314 : -37;
6315 : -10;
6316 : 42;
6317 : 6;
6318 : -28;
6319 : -12;
631A : -17;
631B : -11;
631C : -11;
631D : -3;
631E : -21;
631F : -26;
6320 : 7;
6321 : -13;
6322 : -73;
6323 : 3;
6324 : 15;
6325 : 20;
6326 : -6;
6327 : 12;
6328 : 12;
6329 : 7;
632A : 22;
632B : 1;
632C : -44;
632D : 16;
632E : 1;
632F : -22;
6330 : 46;
6331 : -21;
6332 : -1;
6333 : 13;
6334 : 28;
6335 : -17;
6336 : -31;
6337 : -19;
6338 : -2;
6339 : -2;
633A : 15;
633B : -15;
633C : -27;
633D : 1;
633E : 16;
633F : 12;
6340 : -22;
6341 : -5;
6342 : 26;
6343 : 12;
6344 : 10;
6345 : -1;
6346 : -15;
6347 : 3;
6348 : 8;
6349 : -44;
634A : -7;
634B : 12;
634C : -16;
634D : 2;
634E : 9;
634F : -8;
6350 : 8;
6351 : -11;
6352 : 9;
6353 : -16;
6354 : -7;
6355 : 37;
6356 : 12;
6357 : -25;
6358 : -8;
6359 : -7;
635A : 15;
635B : -11;
635C : 9;
635D : 1;
635E : -32;
635F : -17;
6360 : -20;
6361 : -8;
6362 : -24;
6363 : -29;
6364 : -22;
6365 : 22;
6366 : -31;
6367 : 4;
6368 : 9;
6369 : -32;
636A : -2;
636B : -4;
636C : -14;
636D : -17;
636E : -25;
636F : 18;
6370 : -22;
6371 : -8;
6372 : -8;
6373 : -45;
6374 : 52;
6375 : 22;
6376 : -24;
6377 : -34;
6378 : 48;
6379 : -25;
637A : 11;
637B : 4;
637C : -7;
637D : -10;
637E : -25;
637F : -16;
6380 : -45;
6381 : -3;
6382 : 27;
6383 : 14;
6384 : 0;
6385 : 26;
6386 : 10;
6387 : 18;
6388 : 2;
6389 : -8;
638A : -2;
638B : -11;
638C : 19;
638D : 3;
638E : -25;
638F : 6;
6390 : -45;
6391 : 13;
6392 : 35;
6393 : 22;
6394 : -40;
6395 : 31;
6396 : 12;
6397 : 2;
6398 : 6;
6399 : 6;
639A : -6;
639B : -20;
639C : 6;
639D : -1;
639E : -15;
639F : 9;
63A0 : -3;
63A1 : -30;
63A2 : 24;
63A3 : -54;
63A4 : -48;
63A5 : -9;
63A6 : 12;
63A7 : -13;
63A8 : 14;
63A9 : 4;
63AA : -37;
63AB : 9;
63AC : 37;
63AD : -52;
63AE : -23;
63AF : -42;
63B0 : -3;
63B1 : 8;
63B2 : 22;
63B3 : -1;
63B4 : 0;
63B5 : 19;
63B6 : -52;
63B7 : -29;
63B8 : 25;
63B9 : -11;
63BA : -33;
63BB : -31;
63BC : 29;
63BD : -32;
63BE : -16;
63BF : -21;
63C0 : -12;
63C1 : 6;
63C2 : -34;
63C3 : 2;
63C4 : 19;
63C5 : 3;
63C6 : -10;
63C7 : 33;
63C8 : -22;
63C9 : 18;
63CA : 10;
63CB : 6;
63CC : 12;
63CD : 30;
63CE : 9;
63CF : -9;
63D0 : -19;
63D1 : 20;
63D2 : -5;
63D3 : 0;
63D4 : 2;
63D5 : -45;
63D6 : 36;
63D7 : 19;
63D8 : -45;
63D9 : -18;
63DA : 8;
63DB : 27;
63DC : 28;
63DD : 28;
63DE : 26;
63DF : 0;
63E0 : -24;
63E1 : 19;
63E2 : 3;
63E3 : -27;
63E4 : -8;
63E5 : -21;
63E6 : 7;
63E7 : -8;
63E8 : 29;
63E9 : -7;
63EA : -37;
63EB : -5;
63EC : 28;
63ED : -22;
63EE : 14;
63EF : -41;
63F0 : 14;
63F1 : 15;
63F2 : -8;
63F3 : 1;
63F4 : 9;
63F5 : -4;
63F6 : -67;
63F7 : 3;
63F8 : 2;
63F9 : 8;
63FA : -19;
63FB : 1;
63FC : -12;
63FD : -30;
63FE : 28;
63FF : -29;
6400 : 4;
6401 : 12;
6402 : 1;
6403 : 35;
6404 : -30;
6405 : 20;
6406 : -33;
6407 : 8;
6408 : -25;
6409 : 21;
640A : 17;
640B : 45;
640C : -5;
640D : 9;
640E : 26;
640F : -8;
6410 : 36;
6411 : 43;
6412 : 25;
6413 : -2;
6414 : -24;
6415 : -1;
6416 : -14;
6417 : -2;
6418 : 34;
6419 : -4;
641A : -6;
641B : 20;
641C : -16;
641D : -24;
641E : 30;
641F : -40;
6420 : 30;
6421 : -52;
6422 : 16;
6423 : -11;
6424 : 3;
6425 : 4;
6426 : 26;
6427 : 28;
6428 : 22;
6429 : 7;
642A : -16;
642B : 17;
642C : -1;
642D : 0;
642E : 41;
642F : 17;
6430 : 1;
6431 : -56;
6432 : 31;
6433 : -24;
6434 : -3;
6435 : 27;
6436 : 45;
6437 : 9;
6438 : 5;
6439 : -5;
643A : 17;
643B : -13;
643C : -14;
643D : -4;
643E : 2;
643F : 16;
6440 : -8;
6441 : -13;
6442 : -7;
6443 : 18;
6444 : -2;
6445 : 7;
6446 : -11;
6447 : 13;
6448 : -2;
6449 : 5;
644A : -13;
644B : -11;
644C : 17;
644D : -36;
644E : 12;
644F : -19;
6450 : 25;
6451 : 14;
6452 : 2;
6453 : 17;
6454 : -3;
6455 : 6;
6456 : 23;
6457 : -12;
6458 : 11;
6459 : -1;
645A : 1;
645B : 7;
645C : 14;
645D : 2;
645E : 9;
645F : -19;
6460 : -9;
6461 : -10;
6462 : 27;
6463 : -3;
6464 : 9;
6465 : 17;
6466 : 7;
6467 : 10;
6468 : 9;
6469 : -14;
646A : -8;
646B : -29;
646C : -12;
646D : -3;
646E : -13;
646F : 26;
6470 : -29;
6471 : -19;
6472 : -9;
6473 : 7;
6474 : 30;
6475 : 6;
6476 : 2;
6477 : 8;
6478 : -38;
6479 : 14;
647A : -3;
647B : -44;
647C : 20;
647D : 14;
647E : 5;
647F : 30;
6480 : -12;
6481 : -6;
6482 : 8;
6483 : 22;
6484 : -6;
6485 : -16;
6486 : -1;
6487 : 23;
6488 : 12;
6489 : -11;
648A : -25;
648B : -12;
648C : 0;
648D : 2;
648E : 6;
648F : -35;
6490 : -23;
6491 : -8;
6492 : 15;
6493 : -8;
6494 : 17;
6495 : 8;
6496 : -6;
6497 : 0;
6498 : 0;
6499 : -18;
649A : 24;
649B : 7;
649C : 13;
649D : -11;
649E : 3;
649F : 28;
64A0 : 13;
64A1 : 12;
64A2 : -21;
64A3 : -9;
64A4 : 16;
64A5 : -5;
64A6 : 21;
64A7 : 9;
64A8 : -17;
64A9 : 6;
64AA : 1;
64AB : -5;
64AC : -7;
64AD : 2;
64AE : -4;
64AF : -25;
64B0 : 26;
64B1 : -9;
64B2 : -20;
64B3 : -11;
64B4 : -18;
64B5 : -20;
64B6 : 10;
64B7 : -20;
64B8 : -2;
64B9 : 29;
64BA : -21;
64BB : -27;
64BC : 6;
64BD : -1;
64BE : 11;
64BF : 2;
64C0 : -7;
64C1 : 8;
64C2 : -16;
64C3 : 34;
64C4 : 25;
64C5 : -23;
64C6 : -6;
64C7 : 16;
64C8 : -31;
64C9 : 18;
64CA : 0;
64CB : -10;
64CC : 20;
64CD : -13;
64CE : -3;
64CF : 35;
64D0 : 6;
64D1 : -2;
64D2 : 0;
64D3 : 16;
64D4 : -13;
64D5 : -24;
64D6 : -23;
64D7 : -1;
64D8 : 32;
64D9 : 15;
64DA : 6;
64DB : 18;
64DC : -10;
64DD : -11;
64DE : 30;
64DF : -12;
64E0 : 5;
64E1 : 2;
64E2 : 4;
64E3 : -9;
64E4 : 13;
64E5 : 7;
64E6 : 11;
64E7 : 5;
64E8 : 4;
64E9 : 11;
64EA : -13;
64EB : 16;
64EC : -11;
64ED : 4;
64EE : 29;
64EF : -18;
64F0 : -5;
64F1 : 7;
64F2 : 10;
64F3 : 1;
64F4 : -13;
64F5 : 3;
64F6 : 6;
64F7 : 13;
64F8 : 17;
64F9 : 29;
64FA : -12;
64FB : 15;
64FC : 37;
64FD : 4;
64FE : -19;
64FF : -16;
6500 : -8;
6501 : 24;
6502 : 15;
6503 : 16;
6504 : -11;
6505 : -2;
6506 : -36;
6507 : 2;
6508 : -12;
6509 : -2;
650A : 16;
650B : -22;
650C : -28;
650D : 15;
650E : 11;
650F : -4;
6510 : -29;
6511 : 5;
6512 : 4;
6513 : 12;
6514 : 28;
6515 : 1;
6516 : -61;
6517 : -22;
6518 : -33;
6519 : -35;
651A : 7;
651B : -17;
651C : -20;
651D : 15;
651E : 18;
651F : 11;
6520 : -7;
6521 : 24;
6522 : -15;
6523 : -18;
6524 : -21;
6525 : 17;
6526 : -15;
6527 : -9;
6528 : -17;
6529 : 8;
652A : -15;
652B : 8;
652C : 11;
652D : -17;
652E : 6;
652F : 26;
6530 : -18;
6531 : 14;
6532 : -23;
6533 : -23;
6534 : 3;
6535 : -7;
6536 : 1;
6537 : -5;
6538 : 37;
6539 : -12;
653A : 19;
653B : 19;
653C : 17;
653D : -16;
653E : 14;
653F : -8;
6540 : 2;
6541 : 13;
6542 : 23;
6543 : 2;
6544 : 18;
6545 : -10;
6546 : -19;
6547 : 0;
6548 : -14;
6549 : 4;
654A : -23;
654B : 11;
654C : -8;
654D : -10;
654E : 4;
654F : -10;
6550 : -1;
6551 : -17;
6552 : 9;
6553 : 11;
6554 : -16;
6555 : 17;
6556 : -16;
6557 : 2;
6558 : -7;
6559 : -4;
655A : 12;
655B : 8;
655C : 8;
655D : -20;
655E : -15;
655F : -11;
6560 : -10;
6561 : 26;
6562 : -3;
6563 : 20;
6564 : -10;
6565 : -1;
6566 : -15;
6567 : 21;
6568 : 13;
6569 : -27;
656A : -20;
656B : 4;
656C : 21;
656D : -45;
656E : 35;
656F : 11;
6570 : -34;
6571 : -14;
6572 : 10;
6573 : -35;
6574 : -39;
6575 : 7;
6576 : 23;
6577 : 3;
6578 : -10;
6579 : 15;
657A : -47;
657B : 27;
657C : 13;
657D : -25;
657E : 1;
657F : 12;
6580 : -25;
6581 : 23;
6582 : 25;
6583 : 22;
6584 : 18;
6585 : 26;
6586 : -35;
6587 : -6;
6588 : -63;
6589 : -16;
658A : 0;
658B : 7;
658C : 33;
658D : 17;
658E : -23;
658F : 8;
6590 : 31;
6591 : 19;
6592 : -3;
6593 : 6;
6594 : 6;
6595 : -10;
6596 : 23;
6597 : 7;
6598 : -17;
6599 : 24;
659A : -3;
659B : 13;
659C : 24;
659D : -2;
659E : -25;
659F : 4;
65A0 : 1;
65A1 : -31;
65A2 : 30;
65A3 : 34;
65A4 : -13;
65A5 : 24;
65A6 : 39;
65A7 : -6;
65A8 : -15;
65A9 : 17;
65AA : 5;
65AB : 0;
65AC : -28;
65AD : -8;
65AE : 13;
65AF : -14;
65B0 : -5;
65B1 : 5;
65B2 : 11;
65B3 : 26;
65B4 : -25;
65B5 : -23;
65B6 : 24;
65B7 : 6;
65B8 : -21;
65B9 : 3;
65BA : -23;
65BB : 5;
65BC : -37;
65BD : -21;
65BE : 13;
65BF : -16;
65C0 : 21;
65C1 : 6;
65C2 : -27;
65C3 : 2;
65C4 : 23;
65C5 : 0;
65C6 : -40;
65C7 : -12;
65C8 : -61;
65C9 : 12;
65CA : -7;
65CB : -18;
65CC : 9;
65CD : -7;
65CE : 9;
65CF : 13;
65D0 : 12;
65D1 : 4;
65D2 : 24;
65D3 : 21;
65D4 : 20;
65D5 : 18;
65D6 : -19;
65D7 : 18;
65D8 : -28;
65D9 : 37;
65DA : 22;
65DB : -5;
65DC : -17;
65DD : 35;
65DE : 13;
65DF : 9;
65E0 : 4;
65E1 : 8;
65E2 : 41;
65E3 : -18;
65E4 : 2;
65E5 : -20;
65E6 : 13;
65E7 : 3;
65E8 : -15;
65E9 : 20;
65EA : 12;
65EB : 4;
65EC : -5;
65ED : 27;
65EE : -11;
65EF : 23;
65F0 : -11;
65F1 : -23;
65F2 : 30;
65F3 : 29;
65F4 : -24;
65F5 : -11;
65F6 : 42;
65F7 : -6;
65F8 : -8;
65F9 : 0;
65FA : 27;
65FB : -4;
65FC : 5;
65FD : 18;
65FE : -2;
65FF : 19;
6600 : -22;
6601 : -3;
6602 : 12;
6603 : 9;
6604 : 14;
6605 : 11;
6606 : 23;
6607 : 19;
6608 : -25;
6609 : 26;
660A : 7;
660B : -19;
660C : 14;
660D : -6;
660E : -6;
660F : 9;
6610 : -11;
6611 : -14;
6612 : -12;
6613 : 21;
6614 : 30;
6615 : -13;
6616 : -35;
6617 : 4;
6618 : -39;
6619 : -7;
661A : 30;
661B : -16;
661C : 8;
661D : -14;
661E : -4;
661F : 4;
6620 : -9;
6621 : -15;
6622 : -2;
6623 : -14;
6624 : -21;
6625 : 0;
6626 : -10;
6627 : 16;
6628 : -13;
6629 : -14;
662A : -25;
662B : -21;
662C : 21;
662D : -27;
662E : 6;
662F : 16;
6630 : 20;
6631 : -24;
6632 : 22;
6633 : 9;
6634 : -2;
6635 : -10;
6636 : 33;
6637 : 3;
6638 : 8;
6639 : -15;
663A : 10;
663B : -22;
663C : 5;
663D : 22;
663E : -20;
663F : -22;
6640 : 7;
6641 : 33;
6642 : 20;
6643 : 22;
6644 : 5;
6645 : 0;
6646 : -12;
6647 : 2;
6648 : 31;
6649 : -21;
664A : -1;
664B : -32;
664C : 19;
664D : 31;
664E : 16;
664F : -4;
6650 : 5;
6651 : 6;
6652 : 8;
6653 : 17;
6654 : -13;
6655 : 24;
6656 : -12;
6657 : -8;
6658 : 27;
6659 : -16;
665A : -23;
665B : 3;
665C : -26;
665D : 44;
665E : -12;
665F : -4;
6660 : 34;
6661 : 21;
6662 : 16;
6663 : 19;
6664 : 18;
6665 : 24;
6666 : 11;
6667 : -5;
6668 : 7;
6669 : -6;
666A : -11;
666B : -10;
666C : 1;
666D : 7;
666E : 9;
666F : -6;
6670 : -2;
6671 : 13;
6672 : 24;
6673 : -5;
6674 : 28;
6675 : 14;
6676 : -19;
6677 : -7;
6678 : 8;
6679 : -17;
667A : 3;
667B : 8;
667C : 26;
667D : 11;
667E : -8;
667F : -4;
6680 : -14;
6681 : 13;
6682 : 28;
6683 : 34;
6684 : 19;
6685 : 23;
6686 : -18;
6687 : 9;
6688 : -17;
6689 : -23;
668A : 11;
668B : -10;
668C : 2;
668D : 0;
668E : 2;
668F : -9;
6690 : 5;
6691 : 6;
6692 : -16;
6693 : 13;
6694 : 7;
6695 : 42;
6696 : -36;
6697 : 26;
6698 : 14;
6699 : -21;
669A : -4;
669B : -58;
669C : 17;
669D : -35;
669E : -29;
669F : 9;
66A0 : 10;
66A1 : 20;
66A2 : 9;
66A3 : -7;
66A4 : -11;
66A5 : -17;
66A6 : -32;
66A7 : 24;
66A8 : 22;
66A9 : 5;
66AA : -31;
66AB : -18;
66AC : -14;
66AD : -30;
66AE : 7;
66AF : 3;
66B0 : 8;
66B1 : 14;
66B2 : 2;
66B3 : -8;
66B4 : 21;
66B5 : -20;
66B6 : -20;
66B7 : -5;
66B8 : -20;
66B9 : -17;
66BA : 5;
66BB : 32;
66BC : -18;
66BD : 13;
66BE : -22;
66BF : -8;
66C0 : -21;
66C1 : 22;
66C2 : -17;
66C3 : -11;
66C4 : -2;
66C5 : 34;
66C6 : -16;
66C7 : -7;
66C8 : -53;
66C9 : 30;
66CA : -2;
66CB : 22;
66CC : 12;
66CD : 15;
66CE : -27;
66CF : -14;
66D0 : -24;
66D1 : 24;
66D2 : -23;
66D3 : 24;
66D4 : 11;
66D5 : 16;
66D6 : 3;
66D7 : -3;
66D8 : -40;
66D9 : 24;
66DA : -3;
66DB : 21;
66DC : -16;
66DD : 26;
66DE : -18;
66DF : -17;
66E0 : 9;
66E1 : 11;
66E2 : -34;
66E3 : -9;
66E4 : 0;
66E5 : 1;
66E6 : 9;
66E7 : 18;
66E8 : 1;
66E9 : 12;
66EA : 24;
66EB : 34;
66EC : -9;
66ED : -8;
66EE : -8;
66EF : 9;
66F0 : 27;
66F1 : -1;
66F2 : 31;
66F3 : -16;
66F4 : 11;
66F5 : -41;
66F6 : 12;
66F7 : -11;
66F8 : 21;
66F9 : 26;
66FA : 40;
66FB : 10;
66FC : 52;
66FD : -21;
66FE : 9;
66FF : -18;
6700 : 30;
6701 : -4;
6702 : 9;
6703 : 39;
6704 : 53;
6705 : 29;
6706 : 13;
6707 : 15;
6708 : 7;
6709 : 15;
670A : 26;
670B : 0;
670C : 21;
670D : -9;
670E : -8;
670F : 6;
6710 : -32;
6711 : 11;
6712 : 2;
6713 : 5;
6714 : 31;
6715 : -31;
6716 : 9;
6717 : -20;
6718 : -33;
6719 : 16;
671A : -21;
671B : -24;
671C : -17;
671D : 26;
671E : 2;
671F : 11;
6720 : 8;
6721 : 9;
6722 : 11;
6723 : -20;
6724 : -32;
6725 : -19;
6726 : -13;
6727 : -31;
6728 : 4;
6729 : -28;
672A : -26;
672B : -4;
672C : 9;
672D : -27;
672E : 8;
672F : 9;
6730 : 12;
6731 : 8;
6732 : -9;
6733 : -2;
6734 : -15;
6735 : -5;
6736 : -8;
6737 : -20;
6738 : 36;
6739 : 37;
673A : 2;
673B : -14;
673C : 3;
673D : -5;
673E : -3;
673F : -4;
6740 : 15;
6741 : -13;
6742 : 7;
6743 : -18;
6744 : 20;
6745 : 10;
6746 : 48;
6747 : 7;
6748 : -11;
6749 : 16;
674A : -7;
674B : 6;
674C : -18;
674D : 33;
674E : 19;
674F : -8;
6750 : -23;
6751 : 9;
6752 : 18;
6753 : 9;
6754 : 14;
6755 : 20;
6756 : 7;
6757 : -12;
6758 : -9;
6759 : 2;
675A : 1;
675B : -4;
675C : 2;
675D : 20;
675E : 9;
675F : 27;
6760 : 6;
6761 : 1;
6762 : 16;
6763 : 33;
6764 : -19;
6765 : -17;
6766 : -19;
6767 : -7;
6768 : 23;
6769 : -20;
676A : 20;
676B : -11;
676C : 2;
676D : -34;
676E : -6;
676F : -30;
6770 : 4;
6771 : 45;
6772 : -6;
6773 : -13;
6774 : -16;
6775 : -3;
6776 : -18;
6777 : -14;
6778 : 13;
6779 : 11;
677A : -13;
677B : 31;
677C : 14;
677D : -27;
677E : 17;
677F : -24;
6780 : 12;
6781 : -9;
6782 : 5;
6783 : 29;
6784 : 0;
6785 : 45;
6786 : -19;
6787 : -5;
6788 : -45;
6789 : -20;
678A : 17;
678B : -17;
678C : 28;
678D : 23;
678E : 19;
678F : -1;
6790 : -17;
6791 : -3;
6792 : -6;
6793 : 39;
6794 : 31;
6795 : -1;
6796 : 28;
6797 : -8;
6798 : -40;
6799 : 14;
679A : 14;
679B : 5;
679C : 21;
679D : 8;
679E : 9;
679F : 25;
67A0 : 8;
67A1 : -24;
67A2 : 26;
67A3 : 36;
67A4 : 21;
67A5 : 5;
67A6 : 41;
67A7 : 21;
67A8 : -10;
67A9 : -3;
67AA : -2;
67AB : 18;
67AC : -29;
67AD : 15;
67AE : 10;
67AF : 24;
67B0 : 25;
67B1 : 17;
67B2 : -8;
67B3 : -4;
67B4 : -23;
67B5 : -23;
67B6 : 26;
67B7 : 10;
67B8 : -19;
67B9 : 8;
67BA : 33;
67BB : 37;
67BC : -30;
67BD : -11;
67BE : -4;
67BF : 3;
67C0 : 28;
67C1 : -22;
67C2 : -24;
67C3 : -12;
67C4 : 31;
67C5 : 16;
67C6 : -65;
67C7 : -23;
67C8 : -50;
67C9 : 21;
67CA : 4;
67CB : -25;
67CC : -6;
67CD : -14;
67CE : 0;
67CF : 19;
67D0 : 20;
67D1 : -16;
67D2 : 16;
67D3 : 36;
67D4 : 34;
67D5 : 24;
67D6 : -8;
67D7 : 33;
67D8 : -36;
67D9 : 16;
67DA : 16;
67DB : -11;
67DC : 6;
67DD : 0;
67DE : -10;
67DF : 0;
67E0 : 13;
67E1 : -26;
67E2 : 33;
67E3 : -7;
67E4 : -20;
67E5 : 8;
67E6 : 2;
67E7 : 27;
67E8 : -38;
67E9 : 14;
67EA : 38;
67EB : -12;
67EC : -11;
67ED : 12;
67EE : -4;
67EF : -17;
67F0 : -24;
67F1 : -12;
67F2 : 17;
67F3 : 10;
67F4 : 4;
67F5 : -11;
67F6 : 11;
67F7 : 2;
67F8 : 1;
67F9 : 15;
67FA : 37;
67FB : 8;
67FC : 12;
67FD : -10;
67FE : -6;
67FF : -7;
6800 : -19;
6801 : 2;
6802 : -21;
6803 : -20;
6804 : -16;
6805 : 16;
6806 : -21;
6807 : -28;
6808 : 8;
6809 : -25;
680A : 26;
680B : -15;
680C : -1;
680D : 18;
680E : -3;
680F : 3;
6810 : -18;
6811 : -16;
6812 : 6;
6813 : 8;
6814 : -16;
6815 : 12;
6816 : -26;
6817 : -14;
6818 : -11;
6819 : 17;
681A : -26;
681B : -9;
681C : 10;
681D : -11;
681E : -11;
681F : -10;
6820 : 21;
6821 : 15;
6822 : -3;
6823 : -17;
6824 : -6;
6825 : -24;
6826 : -17;
6827 : -9;
6828 : -14;
6829 : -13;
682A : 20;
682B : -7;
682C : 11;
682D : -16;
682E : -12;
682F : 15;
6830 : 14;
6831 : 3;
6832 : -20;
6833 : -21;
6834 : 17;
6835 : 18;
6836 : -4;
6837 : -14;
6838 : 4;
6839 : -18;
683A : 1;
683B : -22;
683C : -11;
683D : -27;
683E : -27;
683F : 12;
6840 : -6;
6841 : 16;
6842 : -2;
6843 : 2;
6844 : -2;
6845 : -2;
6846 : 18;
6847 : 9;
6848 : -4;
6849 : -27;
684A : -1;
684B : -10;
684C : -13;
684D : 8;
684E : 13;
684F : -11;
6850 : -22;
6851 : -25;
6852 : -15;
6853 : 13;
6854 : 6;
6855 : -18;
6856 : 10;
6857 : 4;
6858 : -14;
6859 : -20;
685A : -23;
685B : 5;
685C : 9;
685D : -21;
685E : -21;
685F : -15;
6860 : -11;
6861 : -27;
6862 : 7;
6863 : 3;
6864 : -1;
6865 : -8;
6866 : -8;
6867 : -16;
6868 : -13;
6869 : -10;
686A : 7;
686B : 18;
686C : -15;
686D : 17;
686E : 8;
686F : -14;
6870 : 17;
6871 : -3;
6872 : -26;
6873 : 14;
6874 : -1;
6875 : 6;
6876 : 12;
6877 : 6;
6878 : 16;
6879 : -10;
687A : -11;
687B : -18;
687C : -30;
687D : -2;
687E : -24;
687F : 12;
6880 : -1;
6881 : -5;
6882 : 13;
6883 : 10;
6884 : -20;
6885 : -23;
6886 : -11;
6887 : 3;
6888 : 16;
6889 : -8;
688A : -14;
688B : -2;
688C : 11;
688D : -17;
688E : -2;
688F : -21;
6890 : -2;
6891 : 2;
6892 : 14;
6893 : 21;
6894 : -9;
6895 : 19;
6896 : 2;
6897 : 17;
6898 : 2;
6899 : 14;
689A : -19;
689B : -23;
689C : -22;
689D : 22;
689E : -3;
689F : -19;
68A0 : 2;
68A1 : 7;
68A2 : 12;
68A3 : 22;
68A4 : 22;
68A5 : -18;
68A6 : -18;
68A7 : -10;
68A8 : -25;
68A9 : 6;
68AA : -2;
68AB : -10;
68AC : -23;
68AD : -18;
68AE : 16;
68AF : -2;
68B0 : 4;
68B1 : 16;
68B2 : 8;
68B3 : -12;
68B4 : 16;
68B5 : -18;
68B6 : -4;
68B7 : 19;
68B8 : -15;
68B9 : -16;
68BA : -14;
68BB : 19;
68BC : 20;
68BD : -22;
68BE : -16;
68BF : -21;
68C0 : -17;
68C1 : -33;
68C2 : 23;
68C3 : -6;
68C4 : -4;
68C5 : 10;
68C6 : 14;
68C7 : -3;
68C8 : 9;
68C9 : 13;
68CA : -11;
68CB : 9;
68CC : -12;
68CD : -4;
68CE : -30;
68CF : 22;
68D0 : -18;
68D1 : -2;
68D2 : -20;
68D3 : -25;
68D4 : 5;
68D5 : 19;
68D6 : -22;
68D7 : -20;
68D8 : 6;
68D9 : -24;
68DA : -26;
68DB : -14;
68DC : 20;
68DD : -15;
68DE : -6;
68DF : 1;
68E0 : -5;
68E1 : -5;
68E2 : -16;
68E3 : -27;
68E4 : 15;
68E5 : -22;
68E6 : 14;
68E7 : 10;
68E8 : 17;
68E9 : 18;
68EA : -21;
68EB : -12;
68EC : 23;
68ED : -20;
68EE : -22;
68EF : 18;
68F0 : -5;
68F1 : -19;
68F2 : 23;
68F3 : -11;
68F4 : -5;
68F5 : 23;
68F6 : -7;
68F7 : 0;
68F8 : -11;
68F9 : -8;
68FA : 10;
68FB : -21;
68FC : -14;
68FD : -11;
68FE : 18;
68FF : -11;
6900 : 1;
6901 : -25;
6902 : -6;
6903 : -28;
6904 : -1;
6905 : 31;
6906 : -1;
6907 : 3;
6908 : 15;
6909 : -19;
690A : -11;
690B : 6;
690C : 0;
690D : -1;
690E : 28;
690F : 14;
6910 : -5;
6911 : -4;
6912 : 8;
6913 : 4;
6914 : -20;
6915 : -5;
6916 : -11;
6917 : -11;
6918 : 21;
6919 : 5;
691A : 6;
691B : 19;
691C : 5;
691D : 29;
691E : 6;
691F : 5;
6920 : 11;
6921 : -3;
6922 : 14;
6923 : 14;
6924 : -6;
6925 : 34;
6926 : 18;
6927 : 27;
6928 : 17;
6929 : 12;
692A : -1;
692B : -16;
692C : 26;
692D : -19;
692E : 9;
692F : 23;
6930 : -43;
6931 : 18;
6932 : 9;
6933 : 10;
6934 : -1;
6935 : 20;
6936 : -2;
6937 : 19;
6938 : -42;
6939 : 10;
693A : 17;
693B : -7;
693C : 0;
693D : -8;
693E : 3;
693F : 16;
6940 : 26;
6941 : -1;
6942 : -12;
6943 : 11;
6944 : 17;
6945 : 4;
6946 : -31;
6947 : 8;
6948 : 22;
6949 : -28;
694A : 21;
694B : 3;
694C : 3;
694D : -39;
694E : 15;
694F : 22;
6950 : 29;
6951 : -24;
6952 : 19;
6953 : 2;
6954 : -7;
6955 : 15;
6956 : -35;
6957 : -23;
6958 : 2;
6959 : 17;
695A : -9;
695B : -12;
695C : -19;
695D : -16;
695E : -6;
695F : 22;
6960 : 31;
6961 : -7;
6962 : 7;
6963 : -16;
6964 : -7;
6965 : 14;
6966 : 0;
6967 : -12;
6968 : 2;
6969 : 23;
696A : -23;
696B : 22;
696C : 13;
696D : -11;
696E : -6;
696F : 8;
6970 : 21;
6971 : -9;
6972 : -4;
6973 : -12;
6974 : 2;
6975 : -7;
6976 : -5;
6977 : -1;
6978 : 12;
6979 : 26;
697A : -4;
697B : -21;
697C : -21;
697D : 7;
697E : 19;
697F : 6;
6980 : -5;
6981 : 7;
6982 : -5;
6983 : -28;
6984 : 19;
6985 : -16;
6986 : 45;
6987 : -26;
6988 : 8;
6989 : 12;
698A : -24;
698B : 4;
698C : -9;
698D : -20;
698E : -5;
698F : -2;
6990 : 15;
6991 : -18;
6992 : 3;
6993 : -20;
6994 : -23;
6995 : -28;
6996 : 8;
6997 : -9;
6998 : 43;
6999 : 33;
699A : 28;
699B : -2;
699C : 10;
699D : -21;
699E : -17;
699F : 1;
69A0 : 12;
69A1 : -19;
69A2 : 6;
69A3 : 3;
69A4 : 5;
69A5 : -14;
69A6 : -13;
69A7 : 7;
69A8 : 10;
69A9 : 23;
69AA : 24;
69AB : 0;
69AC : 3;
69AD : -8;
69AE : 14;
69AF : -19;
69B0 : 9;
69B1 : 11;
69B2 : -18;
69B3 : 0;
69B4 : -4;
69B5 : -17;
69B6 : 2;
69B7 : -2;
69B8 : 5;
69B9 : 20;
69BA : -3;
69BB : 22;
69BC : -9;
69BD : -1;
69BE : 8;
69BF : -6;
69C0 : 5;
69C1 : 9;
69C2 : 33;
69C3 : -30;
69C4 : -6;
69C5 : 7;
69C6 : 25;
69C7 : 25;
69C8 : 36;
69C9 : -19;
69CA : -35;
69CB : 6;
69CC : 17;
69CD : -5;
69CE : 30;
69CF : 5;
69D0 : 2;
69D1 : 26;
69D2 : 35;
69D3 : -28;
69D4 : -25;
69D5 : 21;
69D6 : 9;
69D7 : -27;
69D8 : 65;
69D9 : -24;
69DA : 4;
69DB : -9;
69DC : 15;
69DD : -28;
69DE : -2;
69DF : -13;
69E0 : -25;
69E1 : 43;
69E2 : 6;
69E3 : -14;
69E4 : -18;
69E5 : 28;
69E6 : 27;
69E7 : -7;
69E8 : 4;
69E9 : -8;
69EA : -21;
69EB : -4;
69EC : -20;
69ED : 2;
69EE : 7;
69EF : 20;
69F0 : -40;
69F1 : 10;
69F2 : -12;
69F3 : 2;
69F4 : 20;
69F5 : 4;
69F6 : 2;
69F7 : -3;
69F8 : 1;
69F9 : -4;
69FA : -20;
69FB : -22;
69FC : -43;
69FD : 33;
69FE : -16;
69FF : 32;
6A00 : -26;
6A01 : 22;
6A02 : -5;
6A03 : 5;
6A04 : -15;
6A05 : -27;
6A06 : -42;
6A07 : 14;
6A08 : -16;
6A09 : -7;
6A0A : 3;
6A0B : 3;
6A0C : 19;
6A0D : -47;
6A0E : 10;
6A0F : -1;
6A10 : 36;
6A11 : 44;
6A12 : 10;
6A13 : 8;
6A14 : 5;
6A15 : 29;
6A16 : -36;
6A17 : 9;
6A18 : -3;
6A19 : -3;
6A1A : -30;
6A1B : -11;
6A1C : -4;
6A1D : -8;
6A1E : -11;
6A1F : 0;
6A20 : 27;
6A21 : -29;
6A22 : 8;
6A23 : 28;
6A24 : 10;
6A25 : 6;
6A26 : 29;
6A27 : 23;
6A28 : 17;
6A29 : 13;
6A2A : 32;
6A2B : 17;
6A2C : -7;
6A2D : -2;
6A2E : 11;
6A2F : -5;
6A30 : 19;
6A31 : -44;
6A32 : 6;
6A33 : 4;
6A34 : 32;
6A35 : 31;
6A36 : 12;
6A37 : -4;
6A38 : 16;
6A39 : -48;
6A3A : 46;
6A3B : -3;
6A3C : -36;
6A3D : 31;
6A3E : 22;
6A3F : -12;
6A40 : -17;
6A41 : -4;
6A42 : 2;
6A43 : -8;
6A44 : 11;
6A45 : -8;
6A46 : 1;
6A47 : 14;
6A48 : 13;
6A49 : 10;
6A4A : -24;
6A4B : -19;
6A4C : 21;
6A4D : -51;
6A4E : 9;
6A4F : -4;
6A50 : -2;
6A51 : 28;
6A52 : 28;
6A53 : -5;
6A54 : 8;
6A55 : 21;
6A56 : 12;
6A57 : 0;
6A58 : 23;
6A59 : -10;
6A5A : -23;
6A5B : -40;
6A5C : -17;
6A5D : -11;
6A5E : -12;
6A5F : -22;
6A60 : -48;
6A61 : -7;
6A62 : 10;
6A63 : -4;
6A64 : 6;
6A65 : 5;
6A66 : 3;
6A67 : -3;
6A68 : 2;
6A69 : 7;
6A6A : 5;
6A6B : -54;
6A6C : 0;
6A6D : -23;
6A6E : -43;
6A6F : 33;
6A70 : -36;
6A71 : -9;
6A72 : 4;
6A73 : -6;
6A74 : 16;
6A75 : 31;
6A76 : -25;
6A77 : -30;
6A78 : -29;
6A79 : -37;
6A7A : 26;
6A7B : -61;
6A7C : 3;
6A7D : 9;
6A7E : -52;
6A7F : 22;
6A80 : 5;
6A81 : -26;
6A82 : -4;
6A83 : 1;
6A84 : 30;
6A85 : 41;
6A86 : -14;
6A87 : 33;
6A88 : 4;
6A89 : -22;
6A8A : -16;
6A8B : 11;
6A8C : -24;
6A8D : -9;
6A8E : -3;
6A8F : 1;
6A90 : 11;
6A91 : 28;
6A92 : 26;
6A93 : 12;
6A94 : -26;
6A95 : -16;
6A96 : -11;
6A97 : 10;
6A98 : -13;
6A99 : -4;
6A9A : -2;
6A9B : -2;
6A9C : 6;
6A9D : -2;
6A9E : 9;
6A9F : 33;
6AA0 : -25;
6AA1 : 13;
6AA2 : -18;
6AA3 : 12;
6AA4 : 1;
6AA5 : 19;
6AA6 : -21;
6AA7 : -6;
6AA8 : -30;
6AA9 : -18;
6AAA : -39;
6AAB : -21;
6AAC : 14;
6AAD : -7;
6AAE : 4;
6AAF : 24;
6AB0 : -8;
6AB1 : 4;
6AB2 : 3;
6AB3 : 5;
6AB4 : -2;
6AB5 : -5;
6AB6 : -34;
6AB7 : -35;
6AB8 : -33;
6AB9 : -23;
6ABA : -47;
6ABB : -56;
6ABC : -2;
6ABD : 18;
6ABE : -33;
6ABF : -2;
6AC0 : 15;
6AC1 : 5;
6AC2 : 15;
6AC3 : 16;
6AC4 : 4;
6AC5 : -10;
6AC6 : 3;
6AC7 : 9;
6AC8 : -19;
6AC9 : 21;
6ACA : -25;
6ACB : 26;
6ACC : 16;
6ACD : 1;
6ACE : -19;
6ACF : 23;
6AD0 : 17;
6AD1 : -2;
6AD2 : 11;
6AD3 : 18;
6AD4 : 7;
6AD5 : 19;
6AD6 : 21;
6AD7 : -15;
6AD8 : 12;
6AD9 : 22;
6ADA : -34;
6ADB : 18;
6ADC : 32;
6ADD : -14;
6ADE : -19;
6ADF : -11;
6AE0 : -37;
6AE1 : 4;
6AE2 : 3;
6AE3 : -16;
6AE4 : -13;
6AE5 : 28;
6AE6 : 1;
6AE7 : 26;
6AE8 : -3;
6AE9 : 34;
6AEA : 8;
6AEB : -25;
6AEC : 29;
6AED : -13;
6AEE : -20;
6AEF : 15;
6AF0 : -24;
6AF1 : -4;
6AF2 : 8;
6AF3 : -3;
6AF4 : -19;
6AF5 : 2;
6AF6 : -11;
6AF7 : -27;
6AF8 : -5;
6AF9 : 22;
6AFA : -36;
6AFB : 28;
6AFC : 49;
6AFD : -23;
6AFE : -10;
6AFF : -9;
6B00 : -31;
6B01 : -32;
6B02 : 12;
6B03 : -10;
6B04 : -36;
6B05 : 4;
6B06 : -5;
6B07 : 10;
6B08 : -35;
6B09 : -44;
6B0A : -27;
6B0B : -24;
6B0C : 13;
6B0D : -33;
6B0E : 17;
6B0F : -45;
6B10 : 4;
6B11 : 30;
6B12 : -6;
6B13 : -8;
6B14 : 0;
6B15 : -12;
6B16 : -11;
6B17 : -7;
6B18 : -57;
6B19 : -4;
6B1A : -7;
6B1B : -6;
6B1C : -21;
6B1D : -17;
6B1E : -14;
6B1F : -32;
6B20 : 10;
6B21 : 17;
6B22 : 19;
6B23 : 20;
6B24 : -20;
6B25 : -6;
6B26 : -10;
6B27 : 13;
6B28 : -35;
6B29 : 13;
6B2A : 24;
6B2B : -2;
6B2C : -3;
6B2D : -22;
6B2E : 5;
6B2F : 2;
6B30 : 25;
6B31 : -19;
6B32 : 14;
6B33 : 14;
6B34 : 16;
6B35 : -25;
6B36 : 9;
6B37 : 5;
6B38 : -28;
6B39 : -10;
6B3A : 17;
6B3B : 20;
6B3C : -24;
6B3D : 11;
6B3E : 22;
6B3F : -17;
6B40 : -25;
6B41 : 0;
6B42 : 21;
6B43 : 28;
6B44 : 19;
6B45 : 29;
6B46 : -33;
6B47 : 1;
6B48 : -34;
6B49 : 21;
6B4A : 8;
6B4B : -31;
6B4C : -10;
6B4D : -6;
6B4E : -37;
6B4F : -17;
6B50 : 19;
6B51 : -14;
6B52 : -11;
6B53 : 19;
6B54 : 1;
6B55 : -11;
6B56 : -32;
6B57 : 27;
6B58 : -35;
6B59 : -9;
6B5A : 29;
6B5B : 11;
6B5C : 8;
6B5D : 20;
6B5E : -16;
6B5F : -3;
6B60 : 2;
6B61 : -13;
6B62 : 37;
6B63 : 9;
6B64 : -25;
6B65 : -27;
6B66 : 0;
6B67 : -11;
6B68 : -10;
6B69 : -3;
6B6A : 3;
6B6B : 3;
6B6C : -10;
6B6D : 14;
6B6E : -23;
6B6F : -19;
6B70 : 1;
6B71 : -13;
6B72 : 26;
6B73 : 28;
6B74 : 3;
6B75 : -4;
6B76 : 29;
6B77 : 10;
6B78 : 10;
6B79 : -2;
6B7A : 35;
6B7B : -16;
6B7C : -5;
6B7D : -4;
6B7E : 3;
6B7F : -23;
6B80 : -12;
6B81 : 17;
6B82 : 16;
6B83 : -11;
6B84 : 11;
6B85 : 17;
6B86 : 20;
6B87 : -14;
6B88 : -53;
6B89 : 59;
6B8A : -18;
6B8B : -16;
6B8C : 22;
6B8D : 40;
6B8E : -17;
6B8F : -5;
6B90 : 3;
6B91 : -15;
6B92 : -5;
6B93 : 9;
6B94 : 8;
6B95 : 3;
6B96 : -23;
6B97 : -5;
6B98 : 14;
6B99 : 17;
6B9A : 8;
6B9B : 22;
6B9C : 5;
6B9D : 39;
6B9E : 3;
6B9F : -12;
6BA0 : 9;
6BA1 : 8;
6BA2 : 7;
6BA3 : 20;
6BA4 : 23;
6BA5 : -5;
6BA6 : -9;
6BA7 : -12;
6BA8 : 18;
6BA9 : 17;
6BAA : -11;
6BAB : -16;
6BAC : 17;
6BAD : 20;
6BAE : 5;
6BAF : 18;
6BB0 : -40;
6BB1 : 6;
6BB2 : -15;
6BB3 : 24;
6BB4 : 9;
6BB5 : 4;
6BB6 : -42;
6BB7 : -2;
6BB8 : -20;
6BB9 : 13;
6BBA : 15;
6BBB : -40;
6BBC : -22;
6BBD : 28;
6BBE : -31;
6BBF : 9;
6BC0 : 23;
6BC1 : 0;
6BC2 : 34;
6BC3 : -1;
6BC4 : 11;
6BC5 : 10;
6BC6 : 13;
6BC7 : 8;
6BC8 : 7;
6BC9 : 4;
6BCA : 0;
6BCB : 17;
6BCC : -18;
6BCD : 34;
6BCE : 33;
6BCF : 21;
6BD0 : 19;
6BD1 : 47;
6BD2 : 19;
6BD3 : -9;
6BD4 : -33;
6BD5 : 0;
6BD6 : 31;
6BD7 : -19;
6BD8 : 33;
6BD9 : -9;
6BDA : -13;
6BDB : -5;
6BDC : -11;
6BDD : -6;
6BDE : 23;
6BDF : -10;
6BE0 : -8;
6BE1 : 33;
6BE2 : -29;
6BE3 : 8;
6BE4 : 7;
6BE5 : 24;
6BE6 : -19;
6BE7 : 14;
6BE8 : 7;
6BE9 : -7;
6BEA : -19;
6BEB : -16;
6BEC : 13;
6BED : -3;
6BEE : 17;
6BEF : 5;
6BF0 : -10;
6BF1 : 13;
6BF2 : -16;
6BF3 : 6;
6BF4 : 7;
6BF5 : 5;
6BF6 : -21;
6BF7 : -27;
6BF8 : -38;
6BF9 : -18;
6BFA : -26;
6BFB : -43;
6BFC : -8;
6BFD : 26;
6BFE : 21;
6BFF : 8;
6C00 : 9;
6C01 : 18;
6C02 : 0;
6C03 : 16;
6C04 : -8;
6C05 : -4;
6C06 : -4;
6C07 : -4;
6C08 : 58;
6C09 : 17;
6C0A : 12;
6C0B : 8;
6C0C : -21;
6C0D : 28;
6C0E : -3;
6C0F : 36;
6C10 : 34;
6C11 : 22;
6C12 : 18;
6C13 : -21;
6C14 : -6;
6C15 : -21;
6C16 : -13;
6C17 : -28;
6C18 : 51;
6C19 : -9;
6C1A : -15;
6C1B : -5;
6C1C : 11;
6C1D : -6;
6C1E : -12;
6C1F : -24;
6C20 : -1;
6C21 : 17;
6C22 : 15;
6C23 : 2;
6C24 : -2;
6C25 : 15;
6C26 : -11;
6C27 : -10;
6C28 : 44;
6C29 : 9;
6C2A : 2;
6C2B : 5;
6C2C : 9;
6C2D : -29;
6C2E : -8;
6C2F : 9;
6C30 : -16;
6C31 : -3;
6C32 : -14;
6C33 : -9;
6C34 : -9;
6C35 : -5;
6C36 : 33;
6C37 : 24;
6C38 : 75;
6C39 : 9;
6C3A : 1;
6C3B : 1;
6C3C : 5;
6C3D : 4;
6C3E : 12;
6C3F : -19;
6C40 : -21;
6C41 : 29;
6C42 : -3;
6C43 : 12;
6C44 : 15;
6C45 : -9;
6C46 : 20;
6C47 : -26;
6C48 : 42;
6C49 : -6;
6C4A : -12;
6C4B : 24;
6C4C : -10;
6C4D : 20;
6C4E : 3;
6C4F : 11;
6C50 : -14;
6C51 : 20;
6C52 : -17;
6C53 : 3;
6C54 : 3;
6C55 : -8;
6C56 : -1;
6C57 : -6;
6C58 : -13;
6C59 : -7;
6C5A : 14;
6C5B : -16;
6C5C : 13;
6C5D : -11;
6C5E : -9;
6C5F : -2;
6C60 : 16;
6C61 : 6;
6C62 : -21;
6C63 : 23;
6C64 : 4;
6C65 : 6;
6C66 : -3;
6C67 : 19;
6C68 : 0;
6C69 : -11;
6C6A : -1;
6C6B : 16;
6C6C : 26;
6C6D : -19;
6C6E : -17;
6C6F : 14;
6C70 : -25;
6C71 : -25;
6C72 : 31;
6C73 : 26;
6C74 : -27;
6C75 : -6;
6C76 : -8;
6C77 : 22;
6C78 : 2;
6C79 : -20;
6C7A : -15;
6C7B : 3;
6C7C : 7;
6C7D : -22;
6C7E : -34;
6C7F : -15;
6C80 : -28;
6C81 : -4;
6C82 : 5;
6C83 : 2;
6C84 : 40;
6C85 : 15;
6C86 : 10;
6C87 : 18;
6C88 : -5;
6C89 : 9;
6C8A : -15;
6C8B : 2;
6C8C : -3;
6C8D : -11;
6C8E : -9;
6C8F : 0;
6C90 : -22;
6C91 : 9;
6C92 : -7;
6C93 : -1;
6C94 : -31;
6C95 : -25;
6C96 : -33;
6C97 : -2;
6C98 : -48;
6C99 : 6;
6C9A : -29;
6C9B : 9;
6C9C : 18;
6C9D : -13;
6C9E : 12;
6C9F : -31;
6CA0 : -3;
6CA1 : -26;
6CA2 : 4;
6CA3 : 20;
6CA4 : 21;
6CA5 : 12;
6CA6 : -27;
6CA7 : -16;
6CA8 : 17;
6CA9 : 29;
6CAA : 21;
6CAB : -23;
6CAC : 37;
6CAD : -9;
6CAE : -21;
6CAF : -9;
6CB0 : 15;
6CB1 : 26;
6CB2 : 18;
6CB3 : 21;
6CB4 : 9;
6CB5 : 0;
6CB6 : -23;
6CB7 : -6;
6CB8 : 1;
6CB9 : 0;
6CBA : -45;
6CBB : -3;
6CBC : -12;
6CBD : 11;
6CBE : -35;
6CBF : 27;
6CC0 : 25;
6CC1 : 7;
6CC2 : 15;
6CC3 : 5;
6CC4 : -34;
6CC5 : 5;
6CC6 : -26;
6CC7 : -18;
6CC8 : 31;
6CC9 : -35;
6CCA : 17;
6CCB : -28;
6CCC : -11;
6CCD : 37;
6CCE : 4;
6CCF : 2;
6CD0 : 38;
6CD1 : -7;
6CD2 : -24;
6CD3 : 8;
6CD4 : -24;
6CD5 : 8;
6CD6 : -16;
6CD7 : -15;
6CD8 : 5;
6CD9 : -35;
6CDA : -16;
6CDB : 5;
6CDC : 1;
6CDD : -3;
6CDE : 18;
6CDF : -22;
6CE0 : -2;
6CE1 : -4;
6CE2 : -57;
6CE3 : 24;
6CE4 : 45;
6CE5 : -9;
6CE6 : -13;
6CE7 : -6;
6CE8 : 4;
6CE9 : -26;
6CEA : -19;
6CEB : -27;
6CEC : 18;
6CED : 12;
6CEE : 10;
6CEF : 19;
6CF0 : 9;
6CF1 : -12;
6CF2 : -9;
6CF3 : 51;
6CF4 : 2;
6CF5 : -25;
6CF6 : 4;
6CF7 : -25;
6CF8 : -15;
6CF9 : -53;
6CFA : 7;
6CFB : 24;
6CFC : -23;
6CFD : 43;
6CFE : -19;
6CFF : 8;
6D00 : 21;
6D01 : 32;
6D02 : -4;
6D03 : 7;
6D04 : -5;
6D05 : -9;
6D06 : -5;
6D07 : 25;
6D08 : 46;
6D09 : 14;
6D0A : -8;
6D0B : 13;
6D0C : 9;
6D0D : 2;
6D0E : 16;
6D0F : -21;
6D10 : -11;
6D11 : -24;
6D12 : 6;
6D13 : -13;
6D14 : 7;
6D15 : 9;
6D16 : 45;
6D17 : -25;
6D18 : 36;
6D19 : -9;
6D1A : 20;
6D1B : 21;
6D1C : -10;
6D1D : 28;
6D1E : 26;
6D1F : 8;
6D20 : 26;
6D21 : 1;
6D22 : -2;
6D23 : 18;
6D24 : 18;
6D25 : -1;
6D26 : 30;
6D27 : -16;
6D28 : 16;
6D29 : -25;
6D2A : 15;
6D2B : 7;
6D2C : -6;
6D2D : -12;
6D2E : 16;
6D2F : 8;
6D30 : 1;
6D31 : 2;
6D32 : 7;
6D33 : -6;
6D34 : 16;
6D35 : 28;
6D36 : 30;
6D37 : -2;
6D38 : -30;
6D39 : -15;
6D3A : 36;
6D3B : -30;
6D3C : -9;
6D3D : 11;
6D3E : -20;
6D3F : 9;
6D40 : -12;
6D41 : 3;
6D42 : 14;
6D43 : -6;
6D44 : -27;
6D45 : -3;
6D46 : 7;
6D47 : 1;
6D48 : 5;
6D49 : -14;
6D4A : -2;
6D4B : 18;
6D4C : -5;
6D4D : -9;
6D4E : 9;
6D4F : -31;
6D50 : -17;
6D51 : -6;
6D52 : -1;
6D53 : 6;
6D54 : -22;
6D55 : 26;
6D56 : 4;
6D57 : -17;
6D58 : 16;
6D59 : 23;
6D5A : -29;
6D5B : 14;
6D5C : -24;
6D5D : 5;
6D5E : 36;
6D5F : -8;
6D60 : 28;
6D61 : 18;
6D62 : 29;
6D63 : -15;
6D64 : -13;
6D65 : 14;
6D66 : 2;
6D67 : 2;
6D68 : 26;
6D69 : 16;
6D6A : 26;
6D6B : 13;
6D6C : 15;
6D6D : -20;
6D6E : -1;
6D6F : 4;
6D70 : -26;
6D71 : 32;
6D72 : 19;
6D73 : 17;
6D74 : 19;
6D75 : 9;
6D76 : -20;
6D77 : -2;
6D78 : -31;
6D79 : 27;
6D7A : -6;
6D7B : 20;
6D7C : 37;
6D7D : 29;
6D7E : -12;
6D7F : 27;
6D80 : -16;
6D81 : 6;
6D82 : 0;
6D83 : 5;
6D84 : -12;
6D85 : 18;
6D86 : 4;
6D87 : 34;
6D88 : -11;
6D89 : 0;
6D8A : 1;
6D8B : 13;
6D8C : 28;
6D8D : -13;
6D8E : -21;
6D8F : -4;
6D90 : -31;
6D91 : 7;
6D92 : 7;
6D93 : 13;
6D94 : -15;
6D95 : -10;
6D96 : 30;
6D97 : 3;
6D98 : 10;
6D99 : 11;
6D9A : -12;
6D9B : 5;
6D9C : -13;
6D9D : -12;
6D9E : 2;
6D9F : -16;
6DA0 : 26;
6DA1 : -19;
6DA2 : -1;
6DA3 : -2;
6DA4 : -31;
6DA5 : 18;
6DA6 : -1;
6DA7 : 24;
6DA8 : -24;
6DA9 : -1;
6DAA : 6;
6DAB : 17;
6DAC : 22;
6DAD : 0;
6DAE : -2;
6DAF : -15;
6DB0 : 55;
6DB1 : -16;
6DB2 : -1;
6DB3 : -2;
6DB4 : 3;
6DB5 : 5;
6DB6 : -9;
6DB7 : 12;
6DB8 : 8;
6DB9 : 38;
6DBA : 13;
6DBB : 25;
6DBC : 13;
6DBD : 1;
6DBE : 27;
6DBF : -29;
6DC0 : 11;
6DC1 : 8;
6DC2 : -27;
6DC3 : 9;
6DC4 : 14;
6DC5 : -26;
6DC6 : -12;
6DC7 : -4;
6DC8 : -17;
6DC9 : 8;
6DCA : 11;
6DCB : -13;
6DCC : -16;
6DCD : 1;
6DCE : 0;
6DCF : -3;
6DD0 : -18;
6DD1 : 17;
6DD2 : -23;
6DD3 : 23;
6DD4 : -9;
6DD5 : 2;
6DD6 : -5;
6DD7 : -17;
6DD8 : -23;
6DD9 : -9;
6DDA : 1;
6DDB : -9;
6DDC : -15;
6DDD : 34;
6DDE : -13;
6DDF : -6;
6DE0 : -30;
6DE1 : -9;
6DE2 : 23;
6DE3 : 31;
6DE4 : 0;
6DE5 : 7;
6DE6 : -4;
6DE7 : -11;
6DE8 : 0;
6DE9 : 5;
6DEA : 6;
6DEB : 22;
6DEC : -24;
6DED : 27;
6DEE : 24;
6DEF : -8;
6DF0 : 20;
6DF1 : -7;
6DF2 : -17;
6DF3 : 2;
6DF4 : 18;
6DF5 : -18;
6DF6 : -19;
6DF7 : -9;
6DF8 : 23;
6DF9 : -22;
6DFA : 28;
6DFB : 9;
6DFC : 17;
6DFD : 13;
6DFE : 18;
6DFF : 17;
6E00 : -20;
6E01 : 3;
6E02 : 0;
6E03 : -2;
6E04 : -25;
6E05 : -20;
6E06 : -3;
6E07 : 6;
6E08 : -16;
6E09 : -8;
6E0A : -8;
6E0B : -19;
6E0C : 7;
6E0D : -17;
6E0E : -16;
6E0F : 17;
6E10 : 19;
6E11 : -11;
6E12 : 13;
6E13 : 3;
6E14 : -9;
6E15 : -24;
6E16 : -24;
6E17 : 14;
6E18 : 7;
6E19 : -18;
6E1A : -14;
6E1B : -4;
6E1C : 3;
6E1D : -18;
6E1E : -20;
6E1F : -14;
6E20 : -16;
6E21 : -17;
6E22 : -1;
6E23 : 11;
6E24 : 9;
6E25 : 14;
6E26 : -14;
6E27 : -5;
6E28 : -1;
6E29 : 8;
6E2A : -19;
6E2B : -10;
6E2C : -2;
6E2D : -16;
6E2E : 5;
6E2F : 7;
6E30 : -18;
6E31 : 18;
6E32 : -15;
6E33 : 21;
6E34 : -19;
6E35 : -24;
6E36 : 1;
6E37 : 8;
6E38 : -22;
6E39 : 14;
6E3A : -2;
6E3B : 10;
6E3C : -19;
6E3D : -9;
6E3E : -23;
6E3F : -4;
6E40 : -19;
6E41 : -14;
6E42 : -3;
6E43 : 17;
6E44 : -16;
6E45 : -17;
6E46 : -7;
6E47 : 21;
6E48 : 21;
6E49 : -19;
6E4A : 8;
6E4B : -5;
6E4C : -11;
6E4D : -3;
6E4E : 21;
6E4F : 12;
6E50 : -11;
6E51 : -2;
6E52 : -4;
6E53 : 2;
6E54 : -5;
6E55 : -26;
6E56 : -22;
6E57 : -14;
6E58 : 14;
6E59 : 16;
6E5A : 10;
6E5B : -16;
6E5C : -7;
6E5D : 9;
6E5E : 11;
6E5F : 7;
6E60 : -12;
6E61 : -14;
6E62 : -26;
6E63 : -16;
6E64 : 14;
6E65 : 3;
6E66 : 8;
6E67 : 11;
6E68 : -3;
6E69 : 6;
6E6A : 8;
6E6B : 19;
6E6C : -4;
6E6D : 15;
6E6E : 17;
6E6F : -26;
6E70 : 12;
6E71 : -21;
6E72 : -23;
6E73 : 17;
6E74 : -16;
6E75 : -8;
6E76 : 16;
6E77 : 15;
6E78 : -8;
6E79 : 15;
6E7A : -18;
6E7B : -11;
6E7C : -6;
6E7D : 14;
6E7E : -5;
6E7F : -17;
6E80 : 16;
6E81 : 1;
6E82 : 10;
6E83 : -3;
6E84 : 17;
6E85 : -24;
6E86 : -8;
6E87 : -18;
6E88 : -21;
6E89 : 6;
6E8A : -19;
6E8B : -21;
6E8C : 2;
6E8D : 5;
6E8E : -9;
6E8F : 18;
6E90 : 14;
6E91 : -26;
6E92 : 3;
6E93 : -10;
6E94 : 4;
6E95 : -16;
6E96 : -23;
6E97 : 9;
6E98 : 11;
6E99 : -18;
6E9A : 11;
6E9B : 7;
6E9C : 2;
6E9D : -25;
6E9E : -8;
6E9F : -13;
6EA0 : 13;
6EA1 : -3;
6EA2 : -15;
6EA3 : 11;
6EA4 : 4;
6EA5 : -14;
6EA6 : -21;
6EA7 : -15;
6EA8 : -17;
6EA9 : -14;
6EAA : 10;
6EAB : 9;
6EAC : -25;
6EAD : -3;
6EAE : -13;
6EAF : 9;
6EB0 : -22;
6EB1 : -20;
6EB2 : -2;
6EB3 : -12;
6EB4 : -25;
6EB5 : -21;
6EB6 : -27;
6EB7 : -18;
6EB8 : -9;
6EB9 : 19;
6EBA : -20;
6EBB : -4;
6EBC : -27;
6EBD : 14;
6EBE : -25;
6EBF : -9;
6EC0 : -13;
6EC1 : 11;
6EC2 : 11;
6EC3 : -3;
6EC4 : -8;
6EC5 : -9;
6EC6 : 8;
6EC7 : 7;
6EC8 : 4;
6EC9 : -9;
6ECA : -9;
6ECB : 16;
6ECC : -26;
6ECD : 0;
6ECE : -15;
6ECF : 14;
6ED0 : -19;
6ED1 : 9;
6ED2 : -2;
6ED3 : 11;
6ED4 : -3;
6ED5 : -15;
6ED6 : 8;
6ED7 : 21;
6ED8 : -2;
6ED9 : -22;
6EDA : -26;
6EDB : 3;
6EDC : -26;
6EDD : -5;
6EDE : 3;
6EDF : 4;
6EE0 : -24;
6EE1 : 13;
6EE2 : -8;
6EE3 : 21;
6EE4 : 11;
6EE5 : 15;
6EE6 : 7;
6EE7 : -23;
6EE8 : -16;
6EE9 : 3;
6EEA : 6;
6EEB : 6;
6EEC : -25;
6EED : 3;
6EEE : -12;
6EEF : -27;
6EF0 : 21;
6EF1 : 14;
6EF2 : -12;
6EF3 : -4;
6EF4 : 7;
6EF5 : -12;
6EF6 : 8;
6EF7 : -3;
6EF8 : -12;
6EF9 : 15;
6EFA : 18;
6EFB : -10;
6EFC : -6;
6EFD : 17;
6EFE : -21;
6EFF : -8;
6F00 : -31;
6F01 : -10;
6F02 : -4;
6F03 : 3;
6F04 : 11;
6F05 : 12;
6F06 : -12;
6F07 : 15;
6F08 : -18;
6F09 : -11;
6F0A : 0;
6F0B : -17;
6F0C : 25;
6F0D : -38;
6F0E : -11;
6F0F : 8;
6F10 : -4;
6F11 : -4;
6F12 : -11;
6F13 : 18;
6F14 : 12;
6F15 : -13;
6F16 : -4;
6F17 : 14;
6F18 : 18;
6F19 : 16;
6F1A : 8;
6F1B : -4;
6F1C : -19;
6F1D : 14;
6F1E : 27;
6F1F : 9;
6F20 : 1;
6F21 : -23;
6F22 : -13;
6F23 : 17;
6F24 : 0;
6F25 : -4;
6F26 : -3;
6F27 : 2;
6F28 : 5;
6F29 : 0;
6F2A : 13;
6F2B : -20;
6F2C : -13;
6F2D : -6;
6F2E : 32;
6F2F : -12;
6F30 : -5;
6F31 : 1;
6F32 : 14;
6F33 : 2;
6F34 : 32;
6F35 : -8;
6F36 : 14;
6F37 : 17;
6F38 : -2;
6F39 : -20;
6F3A : 20;
6F3B : -30;
6F3C : 6;
6F3D : -10;
6F3E : 2;
6F3F : -3;
6F40 : -7;
6F41 : 0;
6F42 : 20;
6F43 : 8;
6F44 : 12;
6F45 : -17;
6F46 : -7;
6F47 : 20;
6F48 : -6;
6F49 : -1;
6F4A : -6;
6F4B : -19;
6F4C : -8;
6F4D : -33;
6F4E : 28;
6F4F : -50;
6F50 : -21;
6F51 : -3;
6F52 : 3;
6F53 : 20;
6F54 : 0;
6F55 : 8;
6F56 : 20;
6F57 : 22;
6F58 : 24;
6F59 : -23;
6F5A : -2;
6F5B : -19;
6F5C : -8;
6F5D : -13;
6F5E : -3;
6F5F : -2;
6F60 : -25;
6F61 : 1;
6F62 : 9;
6F63 : 20;
6F64 : 13;
6F65 : -8;
6F66 : -11;
6F67 : -5;
6F68 : -19;
6F69 : -3;
6F6A : -24;
6F6B : 13;
6F6C : 0;
6F6D : -20;
6F6E : 22;
6F6F : -13;
6F70 : -10;
6F71 : -5;
6F72 : -6;
6F73 : 7;
6F74 : 15;
6F75 : -5;
6F76 : 18;
6F77 : 13;
6F78 : -16;
6F79 : 0;
6F7A : -16;
6F7B : -23;
6F7C : 22;
6F7D : -10;
6F7E : 26;
6F7F : -8;
6F80 : -10;
6F81 : 17;
6F82 : -11;
6F83 : 38;
6F84 : 17;
6F85 : 7;
6F86 : -46;
6F87 : 13;
6F88 : -13;
6F89 : 23;
6F8A : -7;
6F8B : 10;
6F8C : 15;
6F8D : -7;
6F8E : -31;
6F8F : 22;
6F90 : 12;
6F91 : -17;
6F92 : 12;
6F93 : 24;
6F94 : -10;
6F95 : -22;
6F96 : -9;
6F97 : 28;
6F98 : 6;
6F99 : -15;
6F9A : -8;
6F9B : 6;
6F9C : 1;
6F9D : -3;
6F9E : -5;
6F9F : 24;
6FA0 : 1;
6FA1 : -2;
6FA2 : 30;
6FA3 : -6;
6FA4 : -3;
6FA5 : 13;
6FA6 : 17;
6FA7 : 20;
6FA8 : -13;
6FA9 : 20;
6FAA : -21;
6FAB : 1;
6FAC : -23;
6FAD : -18;
6FAE : 23;
6FAF : -28;
6FB0 : 11;
6FB1 : -37;
6FB2 : 17;
6FB3 : -15;
6FB4 : -29;
6FB5 : -17;
6FB6 : 14;
6FB7 : 16;
6FB8 : -7;
6FB9 : 34;
6FBA : 9;
6FBB : 35;
6FBC : -4;
6FBD : 22;
6FBE : 22;
6FBF : 2;
6FC0 : 10;
6FC1 : -16;
6FC2 : -39;
6FC3 : 2;
6FC4 : 6;
6FC5 : -7;
6FC6 : 17;
6FC7 : 9;
6FC8 : -40;
6FC9 : 41;
6FCA : 32;
6FCB : -20;
6FCC : 15;
6FCD : 7;
6FCE : 2;
6FCF : 35;
6FD0 : 0;
6FD1 : 4;
6FD2 : 31;
6FD3 : 18;
6FD4 : -9;
6FD5 : -1;
6FD6 : -14;
6FD7 : 23;
6FD8 : 10;
6FD9 : -15;
6FDA : 33;
6FDB : 23;
6FDC : 14;
6FDD : 21;
6FDE : 18;
6FDF : -18;
6FE0 : 20;
6FE1 : -3;
6FE2 : 32;
6FE3 : 3;
6FE4 : 2;
6FE5 : 6;
6FE6 : 27;
6FE7 : 23;
6FE8 : 16;
6FE9 : 29;
6FEA : 4;
6FEB : -17;
6FEC : -25;
6FED : -4;
6FEE : 3;
6FEF : -5;
6FF0 : 8;
6FF1 : 14;
6FF2 : 38;
6FF3 : 7;
6FF4 : -14;
6FF5 : 18;
6FF6 : 8;
6FF7 : 16;
6FF8 : 35;
6FF9 : 32;
6FFA : 20;
6FFB : 24;
6FFC : -8;
6FFD : 2;
6FFE : -1;
6FFF : 16;
7000 : 14;
7001 : 8;
7002 : -13;
7003 : -12;
7004 : 13;
7005 : 2;
7006 : -43;
7007 : 3;
7008 : 2;
7009 : -2;
700A : -16;
700B : -16;
700C : 20;
700D : -14;
700E : 12;
700F : -6;
7010 : 10;
7011 : 18;
7012 : 2;
7013 : -8;
7014 : -13;
7015 : -2;
7016 : 4;
7017 : 23;
7018 : 21;
7019 : -6;
701A : 14;
701B : 7;
701C : 22;
701D : -21;
701E : 15;
701F : -36;
7020 : 13;
7021 : 20;
7022 : -36;
7023 : -15;
7024 : 1;
7025 : 17;
7026 : 15;
7027 : 19;
7028 : -5;
7029 : 12;
702A : -29;
702B : -8;
702C : -16;
702D : -10;
702E : 26;
702F : -16;
7030 : 14;
7031 : -28;
7032 : -11;
7033 : -29;
7034 : -4;
7035 : -26;
7036 : 12;
7037 : -14;
7038 : 50;
7039 : 17;
703A : -11;
703B : 16;
703C : -24;
703D : 4;
703E : 8;
703F : -23;
7040 : 18;
7041 : 32;
7042 : -42;
7043 : -6;
7044 : 18;
7045 : -5;
7046 : -3;
7047 : 9;
7048 : -1;
7049 : 1;
704A : 14;
704B : -6;
704C : -12;
704D : 1;
704E : 6;
704F : -1;
7050 : 9;
7051 : 16;
7052 : -1;
7053 : 7;
7054 : 23;
7055 : 7;
7056 : -18;
7057 : -2;
7058 : 12;
7059 : -7;
705A : -12;
705B : 12;
705C : 27;
705D : 23;
705E : -8;
705F : -3;
7060 : 9;
7061 : 14;
7062 : -24;
7063 : 27;
7064 : 17;
7065 : -8;
7066 : 34;
7067 : 11;
7068 : 2;
7069 : 17;
706A : -36;
706B : 22;
706C : 0;
706D : 7;
706E : 19;
706F : 20;
7070 : -16;
7071 : -36;
7072 : -6;
7073 : 14;
7074 : -2;
7075 : 19;
7076 : 34;
7077 : 14;
7078 : 45;
7079 : -15;
707A : -7;
707B : 3;
707C : 7;
707D : -10;
707E : -11;
707F : -27;
7080 : -7;
7081 : -13;
7082 : -3;
7083 : 5;
7084 : -5;
7085 : -1;
7086 : 7;
7087 : -5;
7088 : -8;
7089 : 20;
708A : -20;
708B : -7;
708C : -16;
708D : -15;
708E : -2;
708F : -2;
7090 : -24;
7091 : -16;
7092 : 10;
7093 : 10;
7094 : -3;
7095 : -7;
7096 : -5;
7097 : -20;
7098 : -13;
7099 : -4;
709A : -7;
709B : -13;
709C : 18;
709D : 1;
709E : -8;
709F : 8;
70A0 : -23;
70A1 : -3;
70A2 : 11;
70A3 : 6;
70A4 : -23;
70A5 : -2;
70A6 : -23;
70A7 : 9;
70A8 : -23;
70A9 : -13;
70AA : -12;
70AB : -19;
70AC : 14;
70AD : -7;
70AE : 13;
70AF : 4;
70B0 : -5;
70B1 : -9;
70B2 : -8;
70B3 : -15;
70B4 : -13;
70B5 : 9;
70B6 : 10;
70B7 : 25;
70B8 : 13;
70B9 : -32;
70BA : -14;
70BB : 1;
70BC : -1;
70BD : 8;
70BE : -1;
70BF : 25;
70C0 : 23;
70C1 : -17;
70C2 : 9;
70C3 : -29;
70C4 : -11;
70C5 : 23;
70C6 : 29;
70C7 : -9;
70C8 : 15;
70C9 : -25;
70CA : -10;
70CB : -8;
70CC : -18;
70CD : 7;
70CE : 10;
70CF : -19;
70D0 : 9;
70D1 : -9;
70D2 : 18;
70D3 : 13;
70D4 : 4;
70D5 : 3;
70D6 : -17;
70D7 : -3;
70D8 : 0;
70D9 : -22;
70DA : -20;
70DB : 13;
70DC : 8;
70DD : -18;
70DE : -1;
70DF : 0;
70E0 : 8;
70E1 : 10;
70E2 : 10;
70E3 : 35;
70E4 : -4;
70E5 : 14;
70E6 : -7;
70E7 : 19;
70E8 : 2;
70E9 : 3;
70EA : -14;
70EB : 15;
70EC : -4;
70ED : 0;
70EE : -10;
70EF : 13;
70F0 : 20;
70F1 : 10;
70F2 : -14;
70F3 : 19;
70F4 : 3;
70F5 : -32;
70F6 : -34;
70F7 : -4;
70F8 : -23;
70F9 : -8;
70FA : 6;
70FB : -31;
70FC : -13;
70FD : -26;
70FE : -22;
70FF : 18;
7100 : -3;
7101 : 28;
7102 : 22;
7103 : 24;
7104 : -28;
7105 : -5;
7106 : 15;
7107 : -27;
7108 : 10;
7109 : 7;
710A : -10;
710B : 13;
710C : -20;
710D : -4;
710E : 31;
710F : -26;
7110 : 15;
7111 : 8;
7112 : 32;
7113 : -13;
7114 : 10;
7115 : -12;
7116 : 6;
7117 : 17;
7118 : 6;
7119 : 8;
711A : -15;
711B : 5;
711C : 2;
711D : 24;
711E : -12;
711F : 5;
7120 : 7;
7121 : -40;
7122 : 31;
7123 : 0;
7124 : 17;
7125 : -4;
7126 : 25;
7127 : 23;
7128 : 17;
7129 : -30;
712A : 33;
712B : -4;
712C : -11;
712D : -7;
712E : 4;
712F : 17;
7130 : -15;
7131 : -26;
7132 : 20;
7133 : 5;
7134 : 17;
7135 : 2;
7136 : 40;
7137 : 22;
7138 : -2;
7139 : -23;
713A : 44;
713B : 20;
713C : -31;
713D : 13;
713E : -6;
713F : 22;
7140 : 12;
7141 : 26;
7142 : 35;
7143 : -17;
7144 : 6;
7145 : 26;
7146 : 3;
7147 : -23;
7148 : 10;
7149 : 0;
714A : 5;
714B : -11;
714C : 9;
714D : 13;
714E : -3;
714F : -18;
7150 : -12;
7151 : 12;
7152 : -9;
7153 : 13;
7154 : 4;
7155 : 20;
7156 : 9;
7157 : 1;
7158 : -19;
7159 : -17;
715A : 28;
715B : 22;
715C : -16;
715D : -4;
715E : -2;
715F : 0;
7160 : -26;
7161 : 16;
7162 : -12;
7163 : 7;
7164 : 16;
7165 : 1;
7166 : -10;
7167 : 22;
7168 : -14;
7169 : 0;
716A : 5;
716B : -3;
716C : 6;
716D : -25;
716E : 8;
716F : 6;
7170 : -15;
7171 : 12;
7172 : 12;
7173 : -17;
7174 : 34;
7175 : 33;
7176 : -4;
7177 : -31;
7178 : -22;
7179 : 20;
717A : 4;
717B : -8;
717C : -7;
717D : 23;
717E : -16;
717F : 21;
7180 : -35;
7181 : 9;
7182 : 13;
7183 : 16;
7184 : 18;
7185 : 14;
7186 : -22;
7187 : -7;
7188 : -41;
7189 : -14;
718A : 9;
718B : -13;
718C : 17;
718D : -10;
718E : -34;
718F : -17;
7190 : -9;
7191 : -27;
7192 : -11;
7193 : 5;
7194 : -22;
7195 : 3;
7196 : -21;
7197 : -17;
7198 : 12;
7199 : -4;
719A : -17;
719B : 25;
719C : -5;
719D : 11;
719E : 12;
719F : -1;
71A0 : -3;
71A1 : -10;
71A2 : 3;
71A3 : 3;
71A4 : -15;
71A5 : 24;
71A6 : 8;
71A7 : 15;
71A8 : 15;
71A9 : -11;
71AA : 29;
71AB : 14;
71AC : 10;
71AD : 23;
71AE : -9;
71AF : 15;
71B0 : 14;
71B1 : 18;
71B2 : -1;
71B3 : -7;
71B4 : -27;
71B5 : -6;
71B6 : -23;
71B7 : -14;
71B8 : 26;
71B9 : 16;
71BA : -17;
71BB : 20;
71BC : -33;
71BD : -16;
71BE : -26;
71BF : -27;
71C0 : -3;
71C1 : -49;
71C2 : -2;
71C3 : 19;
71C4 : -5;
71C5 : -5;
71C6 : 1;
71C7 : -13;
71C8 : -30;
71C9 : -3;
71CA : -15;
71CB : 4;
71CC : 8;
71CD : 19;
71CE : -18;
71CF : 23;
71D0 : -11;
71D1 : 11;
71D2 : 25;
71D3 : -1;
71D4 : -23;
71D5 : 10;
71D6 : -12;
71D7 : -18;
71D8 : -22;
71D9 : 7;
71DA : -8;
71DB : 23;
71DC : -4;
71DD : 12;
71DE : 21;
71DF : -26;
71E0 : -25;
71E1 : 1;
71E2 : -4;
71E3 : 25;
71E4 : -18;
71E5 : 23;
71E6 : -38;
71E7 : 7;
71E8 : -15;
71E9 : -19;
71EA : -27;
71EB : 14;
71EC : -8;
71ED : -38;
71EE : -22;
71EF : -24;
71F0 : 7;
71F1 : -6;
71F2 : -42;
71F3 : -4;
71F4 : -21;
71F5 : 18;
71F6 : -5;
71F7 : 19;
71F8 : -49;
71F9 : 1;
71FA : 2;
71FB : -31;
71FC : -34;
71FD : 18;
71FE : -17;
71FF : -6;
7200 : 8;
7201 : -44;
7202 : 21;
7203 : -5;
7204 : 12;
7205 : -8;
7206 : 47;
7207 : 9;
7208 : 38;
7209 : 25;
720A : 42;
720B : 1;
720C : -13;
720D : 4;
720E : -15;
720F : 23;
7210 : 4;
7211 : -22;
7212 : 8;
7213 : -10;
7214 : 13;
7215 : 12;
7216 : 22;
7217 : -17;
7218 : -26;
7219 : -4;
721A : 4;
721B : 14;
721C : 21;
721D : -3;
721E : -8;
721F : 25;
7220 : -8;
7221 : 35;
7222 : 3;
7223 : 26;
7224 : 17;
7225 : 9;
7226 : 19;
7227 : -15;
7228 : -46;
7229 : 2;
722A : 6;
722B : -9;
722C : 7;
722D : -8;
722E : -13;
722F : -7;
7230 : 13;
7231 : 40;
7232 : 3;
7233 : 29;
7234 : -21;
7235 : 40;
7236 : -31;
7237 : 17;
7238 : -69;
7239 : 1;
723A : -14;
723B : 1;
723C : -17;
723D : -20;
723E : -10;
723F : 12;
7240 : -7;
7241 : -12;
7242 : 30;
7243 : -1;
7244 : -17;
7245 : 33;
7246 : -25;
7247 : 5;
7248 : 8;
7249 : -21;
724A : -21;
724B : 4;
724C : 25;
724D : -20;
724E : -17;
724F : 2;
7250 : -6;
7251 : -1;
7252 : 15;
7253 : 9;
7254 : 7;
7255 : 27;
7256 : 11;
7257 : 10;
7258 : -2;
7259 : 22;
725A : -5;
725B : 11;
725C : -16;
725D : -4;
725E : 22;
725F : -10;
7260 : -6;
7261 : -2;
7262 : 27;
7263 : 35;
7264 : 24;
7265 : 16;
7266 : 10;
7267 : 37;
7268 : -5;
7269 : 25;
726A : -29;
726B : -15;
726C : 0;
726D : 19;
726E : -2;
726F : -4;
7270 : -9;
7271 : -4;
7272 : -32;
7273 : 26;
7274 : 15;
7275 : 7;
7276 : -31;
7277 : -9;
7278 : -9;
7279 : -4;
727A : -3;
727B : -24;
727C : -5;
727D : -11;
727E : -21;
727F : -10;
7280 : 1;
7281 : 11;
7282 : -12;
7283 : 12;
7284 : -13;
7285 : 10;
7286 : -6;
7287 : -12;
7288 : 36;
7289 : 2;
728A : -23;
728B : -6;
728C : -3;
728D : -9;
728E : 27;
728F : -23;
7290 : -11;
7291 : 44;
7292 : 2;
7293 : -16;
7294 : 0;
7295 : 27;
7296 : -35;
7297 : 17;
7298 : 9;
7299 : 26;
729A : 9;
729B : 19;
729C : 27;
729D : -3;
729E : 1;
729F : 4;
72A0 : 30;
72A1 : 3;
72A2 : -41;
72A3 : 27;
72A4 : 28;
72A5 : -20;
72A6 : -54;
72A7 : -2;
72A8 : -8;
72A9 : 14;
72AA : -27;
72AB : 2;
72AC : 29;
72AD : 5;
72AE : -25;
72AF : 23;
72B0 : 14;
72B1 : 0;
72B2 : 4;
72B3 : -3;
72B4 : 15;
72B5 : -39;
72B6 : -26;
72B7 : 7;
72B8 : 16;
72B9 : -13;
72BA : -41;
72BB : -2;
72BC : -13;
72BD : 37;
72BE : -11;
72BF : -2;
72C0 : 7;
72C1 : 24;
72C2 : 9;
72C3 : 21;
72C4 : 17;
72C5 : 14;
72C6 : -20;
72C7 : -27;
72C8 : 18;
72C9 : 11;
72CA : -23;
72CB : -16;
72CC : 14;
72CD : 1;
72CE : -17;
72CF : -16;
72D0 : 9;
72D1 : 18;
72D2 : -16;
72D3 : 35;
72D4 : 29;
72D5 : 4;
72D6 : -20;
72D7 : -9;
72D8 : 13;
72D9 : -18;
72DA : -34;
72DB : -9;
72DC : 18;
72DD : -14;
72DE : -6;
72DF : -6;
72E0 : 12;
72E1 : 25;
72E2 : -44;
72E3 : 4;
72E4 : 26;
72E5 : -18;
72E6 : -9;
72E7 : -2;
72E8 : 9;
72E9 : 7;
72EA : -21;
72EB : 7;
72EC : -4;
72ED : 10;
72EE : -2;
72EF : 30;
72F0 : 29;
72F1 : -19;
72F2 : -27;
72F3 : 21;
72F4 : 18;
72F5 : -53;
72F6 : 0;
72F7 : -8;
72F8 : 35;
72F9 : -47;
72FA : 27;
72FB : 2;
72FC : -26;
72FD : -25;
72FE : 20;
72FF : -33;
7300 : -29;
7301 : -3;
7302 : 5;
7303 : 19;
7304 : 0;
7305 : 0;
7306 : -28;
7307 : -10;
7308 : 2;
7309 : -32;
730A : -41;
730B : -37;
730C : -21;
730D : -11;
730E : -35;
730F : -23;
7310 : -30;
7311 : 27;
7312 : 3;
7313 : -5;
7314 : -10;
7315 : 34;
7316 : -45;
7317 : -9;
7318 : -31;
7319 : 3;
731A : -29;
731B : -38;
731C : -29;
731D : -30;
731E : 6;
731F : 25;
7320 : 3;
7321 : 24;
7322 : -20;
7323 : -6;
7324 : -7;
7325 : -18;
7326 : -48;
7327 : 16;
7328 : -24;
7329 : -14;
732A : 17;
732B : 15;
732C : -36;
732D : -16;
732E : -13;
732F : 8;
7330 : 3;
7331 : 11;
7332 : 1;
7333 : -21;
7334 : 45;
7335 : -39;
7336 : -6;
7337 : 5;
7338 : -11;
7339 : -10;
733A : 23;
733B : 12;
733C : -4;
733D : 11;
733E : 2;
733F : -20;
7340 : -40;
7341 : 13;
7342 : -20;
7343 : 21;
7344 : 5;
7345 : -9;
7346 : 4;
7347 : 16;
7348 : -19;
7349 : -2;
734A : -7;
734B : -30;
734C : 4;
734D : 3;
734E : 10;
734F : -20;
7350 : -21;
7351 : 23;
7352 : -10;
7353 : 20;
7354 : 7;
7355 : 15;
7356 : -32;
7357 : -33;
7358 : -45;
7359 : -15;
735A : -17;
735B : -19;
735C : -19;
735D : -34;
735E : -12;
735F : -25;
7360 : -5;
7361 : 11;
7362 : -27;
7363 : 10;
7364 : 40;
7365 : -24;
7366 : 20;
7367 : -8;
7368 : -29;
7369 : -2;
736A : -18;
736B : -19;
736C : -44;
736D : 13;
736E : -25;
736F : 2;
7370 : -7;
7371 : -24;
7372 : 11;
7373 : -7;
7374 : -2;
7375 : -3;
7376 : 1;
7377 : 1;
7378 : 21;
7379 : 10;
737A : 43;
737B : 24;
737C : -2;
737D : 3;
737E : 17;
737F : -27;
7380 : -38;
7381 : 11;
7382 : 21;
7383 : 3;
7384 : 2;
7385 : -4;
7386 : 42;
7387 : -7;
7388 : 5;
7389 : -17;
738A : -12;
738B : 12;
738C : -28;
738D : 15;
738E : -32;
738F : 3;
7390 : -13;
7391 : 1;
7392 : -19;
7393 : -26;
7394 : 16;
7395 : 12;
7396 : -26;
7397 : 2;
7398 : -7;
7399 : -45;
739A : -29;
739B : -13;
739C : -14;
739D : -25;
739E : 0;
739F : -5;
73A0 : -24;
73A1 : 17;
73A2 : -10;
73A3 : 1;
73A4 : -28;
73A5 : -23;
73A6 : -18;
73A7 : -3;
73A8 : 24;
73A9 : -28;
73AA : -35;
73AB : -25;
73AC : 2;
73AD : 36;
73AE : 16;
73AF : 8;
73B0 : -18;
73B1 : -40;
73B2 : 6;
73B3 : -24;
73B4 : -7;
73B5 : 32;
73B6 : 20;
73B7 : -20;
73B8 : 3;
73B9 : -18;
73BA : 20;
73BB : 13;
73BC : 22;
73BD : -3;
73BE : -4;
73BF : -22;
73C0 : 22;
73C1 : -11;
73C2 : 14;
73C3 : 9;
73C4 : -11;
73C5 : 22;
73C6 : 41;
73C7 : -8;
73C8 : -15;
73C9 : 24;
73CA : 23;
73CB : 14;
73CC : 4;
73CD : -3;
73CE : -6;
73CF : -13;
73D0 : -22;
73D1 : -34;
73D2 : 16;
73D3 : -3;
73D4 : 10;
73D5 : 16;
73D6 : 15;
73D7 : 2;
73D8 : 7;
73D9 : 22;
73DA : -22;
73DB : 21;
73DC : 21;
73DD : 8;
73DE : -3;
73DF : 0;
73E0 : -19;
73E1 : -1;
73E2 : 13;
73E3 : -2;
73E4 : -23;
73E5 : -24;
73E6 : -32;
73E7 : -13;
73E8 : 3;
73E9 : 6;
73EA : -17;
73EB : -9;
73EC : -2;
73ED : 2;
73EE : -32;
73EF : -17;
73F0 : 9;
73F1 : 15;
73F2 : -6;
73F3 : -25;
73F4 : -3;
73F5 : 24;
73F6 : -34;
73F7 : 6;
73F8 : 2;
73F9 : -25;
73FA : -11;
73FB : -16;
73FC : -1;
73FD : -42;
73FE : 6;
73FF : 6;
7400 : -15;
7401 : -3;
7402 : 25;
7403 : -12;
7404 : -54;
7405 : -30;
7406 : -33;
7407 : -15;
7408 : -17;
7409 : 12;
740A : -4;
740B : 27;
740C : 16;
740D : -17;
740E : -8;
740F : -20;
7410 : -25;
7411 : -9;
7412 : -4;
7413 : 13;
7414 : 8;
7415 : 2;
7416 : 1;
7417 : 4;
7418 : 43;
7419 : 11;
741A : -47;
741B : 11;
741C : -9;
741D : -15;
741E : 17;
741F : -19;
7420 : -5;
7421 : 4;
7422 : -19;
7423 : 9;
7424 : 22;
7425 : 25;
7426 : -12;
7427 : 4;
7428 : 28;
7429 : -21;
742A : -20;
742B : -7;
742C : 12;
742D : 30;
742E : -4;
742F : -4;
7430 : 10;
7431 : -19;
7432 : -4;
7433 : -34;
7434 : 23;
7435 : -2;
7436 : -3;
7437 : -9;
7438 : 51;
7439 : 3;
743A : 14;
743B : -4;
743C : -3;
743D : 4;
743E : -8;
743F : 12;
7440 : 9;
7441 : 6;
7442 : 14;
7443 : 21;
7444 : 2;
7445 : -15;
7446 : -30;
7447 : 28;
7448 : -4;
7449 : -10;
744A : -16;
744B : -26;
744C : -22;
744D : -10;
744E : 25;
744F : 0;
7450 : -23;
7451 : -12;
7452 : 24;
7453 : 18;
7454 : -4;
7455 : 8;
7456 : 21;
7457 : 11;
7458 : -4;
7459 : -19;
745A : -4;
745B : 3;
745C : 6;
745D : -21;
745E : -7;
745F : 1;
7460 : 5;
7461 : -10;
7462 : 21;
7463 : 27;
7464 : 16;
7465 : 3;
7466 : 17;
7467 : 18;
7468 : 3;
7469 : 3;
746A : 11;
746B : 21;
746C : -7;
746D : 0;
746E : 15;
746F : -2;
7470 : 7;
7471 : 1;
7472 : 18;
7473 : 8;
7474 : -7;
7475 : -4;
7476 : 16;
7477 : -14;
7478 : 14;
7479 : -10;
747A : -5;
747B : 3;
747C : -3;
747D : -3;
747E : 2;
747F : -7;
7480 : 9;
7481 : 29;
7482 : -16;
7483 : 29;
7484 : -9;
7485 : -11;
7486 : -21;
7487 : 10;
7488 : -41;
7489 : -11;
748A : 21;
748B : -10;
748C : 13;
748D : -11;
748E : -10;
748F : -18;
7490 : -5;
7491 : -27;
7492 : -6;
7493 : 22;
7494 : 22;
7495 : 11;
7496 : -14;
7497 : 9;
7498 : -34;
7499 : 14;
749A : -2;
749B : -21;
749C : -22;
749D : -10;
749E : 25;
749F : -4;
74A0 : 13;
74A1 : -34;
74A2 : 15;
74A3 : -30;
74A4 : 23;
74A5 : 16;
74A6 : 41;
74A7 : -2;
74A8 : -17;
74A9 : 5;
74AA : 6;
74AB : -4;
74AC : -25;
74AD : 0;
74AE : 10;
74AF : -5;
74B0 : -21;
74B1 : -9;
74B2 : -27;
74B3 : 11;
74B4 : 17;
74B5 : -2;
74B6 : 38;
74B7 : -24;
74B8 : -23;
74B9 : 23;
74BA : 34;
74BB : 5;
74BC : 14;
74BD : -22;
74BE : 13;
74BF : 0;
74C0 : 29;
74C1 : 9;
74C2 : 5;
74C3 : 23;
74C4 : 15;
74C5 : -54;
74C6 : 42;
74C7 : 9;
74C8 : 9;
74C9 : 7;
74CA : 14;
74CB : -13;
74CC : 19;
74CD : 10;
74CE : 2;
74CF : -7;
74D0 : 14;
74D1 : 10;
74D2 : -11;
74D3 : -28;
74D4 : -16;
74D5 : -35;
74D6 : 16;
74D7 : 32;
74D8 : 4;
74D9 : -12;
74DA : 40;
74DB : 13;
74DC : 14;
74DD : -15;
74DE : 22;
74DF : 20;
74E0 : 13;
74E1 : 14;
74E2 : 47;
74E3 : -33;
74E4 : -30;
74E5 : -1;
74E6 : -18;
74E7 : 25;
74E8 : 24;
74E9 : 22;
74EA : 3;
74EB : 7;
74EC : -37;
74ED : -14;
74EE : 26;
74EF : -20;
74F0 : -16;
74F1 : 24;
74F2 : -6;
74F3 : -27;
74F4 : -14;
74F5 : 7;
74F6 : -18;
74F7 : -27;
74F8 : 9;
74F9 : -2;
74FA : -8;
74FB : -17;
74FC : 9;
74FD : 16;
74FE : 10;
74FF : 1;
7500 : -21;
7501 : -11;
7502 : -13;
7503 : 23;
7504 : -10;
7505 : -17;
7506 : -38;
7507 : 8;
7508 : -57;
7509 : 0;
750A : 27;
750B : -34;
750C : -18;
750D : -24;
750E : 32;
750F : -15;
7510 : -36;
7511 : -11;
7512 : -10;
7513 : 1;
7514 : 22;
7515 : 4;
7516 : -38;
7517 : -10;
7518 : -49;
7519 : -27;
751A : -17;
751B : -21;
751C : -29;
751D : -34;
751E : 16;
751F : -38;
7520 : -6;
7521 : -21;
7522 : -3;
7523 : 17;
7524 : -6;
7525 : 6;
7526 : -8;
7527 : 25;
7528 : -57;
7529 : -9;
752A : -17;
752B : 16;
752C : 4;
752D : -20;
752E : -8;
752F : 9;
7530 : -1;
7531 : 45;
7532 : -2;
7533 : 6;
7534 : -28;
7535 : 14;
7536 : -6;
7537 : 15;
7538 : -32;
7539 : 2;
753A : -1;
753B : -22;
753C : -8;
753D : -18;
753E : 20;
753F : -17;
7540 : -27;
7541 : -4;
7542 : -15;
7543 : 18;
7544 : 18;
7545 : 14;
7546 : 5;
7547 : 17;
7548 : -29;
7549 : 14;
754A : 24;
754B : 19;
754C : -20;
754D : 17;
754E : 18;
754F : 18;
7550 : 27;
7551 : 14;
7552 : 2;
7553 : 0;
7554 : 10;
7555 : -2;
7556 : -14;
7557 : 13;
7558 : -54;
7559 : 22;
755A : 42;
755B : 6;
755C : 32;
755D : 16;
755E : 5;
755F : 28;
7560 : -1;
7561 : -8;
7562 : -26;
7563 : -5;
7564 : -3;
7565 : -4;
7566 : 6;
7567 : 5;
7568 : -5;
7569 : 0;
756A : -18;
756B : 13;
756C : 27;
756D : 12;
756E : 8;
756F : -19;
7570 : -18;
7571 : -35;
7572 : 7;
7573 : 20;
7574 : -4;
7575 : 1;
7576 : -5;
7577 : 17;
7578 : -3;
7579 : -8;
757A : 9;
757B : -18;
757C : -24;
757D : 26;
757E : -39;
757F : -31;
7580 : 18;
7581 : -11;
7582 : 34;
7583 : 18;
7584 : -7;
7585 : 14;
7586 : 33;
7587 : -26;
7588 : 29;
7589 : 23;
758A : 32;
758B : 33;
758C : -10;
758D : 36;
758E : 13;
758F : 34;
7590 : -1;
7591 : 24;
7592 : 5;
7593 : -10;
7594 : 19;
7595 : -24;
7596 : 10;
7597 : 4;
7598 : 5;
7599 : -18;
759A : 8;
759B : 33;
759C : -6;
759D : 3;
759E : -8;
759F : 13;
75A0 : 13;
75A1 : 17;
75A2 : -20;
75A3 : 2;
75A4 : 32;
75A5 : 2;
75A6 : -13;
75A7 : 1;
75A8 : 43;
75A9 : -10;
75AA : -6;
75AB : 25;
75AC : 18;
75AD : -16;
75AE : 13;
75AF : 17;
75B0 : -16;
75B1 : -12;
75B2 : -3;
75B3 : -9;
75B4 : -15;
75B5 : -14;
75B6 : -4;
75B7 : 0;
75B8 : 5;
75B9 : -18;
75BA : 29;
75BB : -18;
75BC : -17;
75BD : 22;
75BE : -16;
75BF : -12;
75C0 : -16;
75C1 : -7;
75C2 : 16;
75C3 : -11;
75C4 : -38;
75C5 : 6;
75C6 : 18;
75C7 : -28;
75C8 : 0;
75C9 : -6;
75CA : 0;
75CB : 2;
75CC : 6;
75CD : 1;
75CE : 10;
75CF : 2;
75D0 : 12;
75D1 : 12;
75D2 : 18;
75D3 : -7;
75D4 : 9;
75D5 : 28;
75D6 : 3;
75D7 : -17;
75D8 : -10;
75D9 : -7;
75DA : 17;
75DB : -15;
75DC : -1;
75DD : -21;
75DE : 11;
75DF : 8;
75E0 : -8;
75E1 : 14;
75E2 : -8;
75E3 : 4;
75E4 : -2;
75E5 : 17;
75E6 : 4;
75E7 : -23;
75E8 : 34;
75E9 : 9;
75EA : -1;
75EB : 1;
75EC : 20;
75ED : -27;
75EE : 8;
75EF : 23;
75F0 : -33;
75F1 : -5;
75F2 : 9;
75F3 : -9;
75F4 : 14;
75F5 : 20;
75F6 : -2;
75F7 : -28;
75F8 : -36;
75F9 : 1;
75FA : 4;
75FB : -33;
75FC : -11;
75FD : 6;
75FE : -13;
75FF : 4;
7600 : -23;
7601 : 4;
7602 : -20;
7603 : -14;
7604 : 13;
7605 : 4;
7606 : 0;
7607 : -20;
7608 : -23;
7609 : 11;
760A : -4;
760B : -6;
760C : -5;
760D : -12;
760E : 3;
760F : -11;
7610 : -17;
7611 : 11;
7612 : -3;
7613 : 19;
7614 : -2;
7615 : 16;
7616 : -24;
7617 : -10;
7618 : -14;
7619 : 12;
761A : -17;
761B : -12;
761C : 20;
761D : 20;
761E : 3;
761F : -11;
7620 : 1;
7621 : -9;
7622 : 10;
7623 : -14;
7624 : -17;
7625 : -18;
7626 : 3;
7627 : 7;
7628 : -6;
7629 : -20;
762A : 19;
762B : -13;
762C : -26;
762D : -15;
762E : -13;
762F : -26;
7630 : 9;
7631 : -17;
7632 : -20;
7633 : 7;
7634 : 7;
7635 : -1;
7636 : -25;
7637 : -14;
7638 : -10;
7639 : 7;
763A : -23;
763B : 1;
763C : -14;
763D : -18;
763E : 10;
763F : -6;
7640 : 16;
7641 : 2;
7642 : 1;
7643 : 2;
7644 : -9;
7645 : -23;
7646 : -2;
7647 : -12;
7648 : 17;
7649 : 17;
764A : 10;
764B : -1;
764C : 17;
764D : -4;
764E : 13;
764F : -20;
7650 : -15;
7651 : 5;
7652 : -14;
7653 : -24;
7654 : -19;
7655 : -2;
7656 : -24;
7657 : 16;
7658 : 21;
7659 : 10;
765A : -14;
765B : 13;
765C : -25;
765D : -19;
765E : 5;
765F : -8;
7660 : -15;
7661 : 20;
7662 : 18;
7663 : -22;
7664 : 2;
7665 : -23;
7666 : -6;
7667 : 20;
7668 : 16;
7669 : -14;
766A : -6;
766B : 3;
766C : 21;
766D : 2;
766E : -24;
766F : 5;
7670 : -16;
7671 : -20;
7672 : 8;
7673 : -17;
7674 : -10;
7675 : 17;
7676 : -10;
7677 : -20;
7678 : -19;
7679 : 18;
767A : -18;
767B : -25;
767C : -23;
767D : -16;
767E : -19;
767F : 10;
7680 : 13;
7681 : -5;
7682 : -15;
7683 : -25;
7684 : -25;
7685 : -14;
7686 : -11;
7687 : -17;
7688 : -21;
7689 : -3;
768A : -19;
768B : 10;
768C : -10;
768D : 7;
768E : 1;
768F : -13;
7690 : -4;
7691 : 17;
7692 : 6;
7693 : 12;
7694 : -14;
7695 : -18;
7696 : 9;
7697 : 2;
7698 : -23;
7699 : -18;
769A : 19;
769B : 3;
769C : -5;
769D : 0;
769E : -15;
769F : 8;
76A0 : 1;
76A1 : -3;
76A2 : -10;
76A3 : -3;
76A4 : 6;
76A5 : 18;
76A6 : 8;
76A7 : 0;
76A8 : 1;
76A9 : -5;
76AA : -5;
76AB : 3;
76AC : -3;
76AD : 21;
76AE : 11;
76AF : -24;
76B0 : 21;
76B1 : 17;
76B2 : 14;
76B3 : -10;
76B4 : 0;
76B5 : 10;
76B6 : -13;
76B7 : -18;
76B8 : 15;
76B9 : -23;
76BA : 18;
76BB : -25;
76BC : 10;
76BD : -3;
76BE : -14;
76BF : -5;
76C0 : -10;
76C1 : 12;
76C2 : -16;
76C3 : 0;
76C4 : -3;
76C5 : -12;
76C6 : -7;
76C7 : -18;
76C8 : 12;
76C9 : 16;
76CA : -7;
76CB : -21;
76CC : 7;
76CD : -17;
76CE : -24;
76CF : -10;
76D0 : -3;
76D1 : 14;
76D2 : 1;
76D3 : -24;
76D4 : -1;
76D5 : -4;
76D6 : 3;
76D7 : -24;
76D8 : -5;
76D9 : -20;
76DA : -16;
76DB : -3;
76DC : 21;
76DD : -11;
76DE : -6;
76DF : -15;
76E0 : 2;
76E1 : -7;
76E2 : -26;
76E3 : 5;
76E4 : -2;
76E5 : -17;
76E6 : -22;
76E7 : -6;
76E8 : 14;
76E9 : 6;
76EA : -16;
76EB : 20;
76EC : 19;
76ED : -7;
76EE : -8;
76EF : -24;
76F0 : 7;
76F1 : 4;
76F2 : -25;
76F3 : -13;
76F4 : -6;
76F5 : -22;
76F6 : -1;
76F7 : 3;
76F8 : 16;
76F9 : -21;
76FA : -7;
76FB : 8;
76FC : 18;
76FD : -12;
76FE : 16;
76FF : -12;
7700 : -48;
7701 : 7;
7702 : -2;
7703 : -41;
7704 : 21;
7705 : 21;
7706 : 74;
7707 : -22;
7708 : 39;
7709 : 12;
770A : 30;
770B : -42;
770C : 6;
770D : 41;
770E : -17;
770F : 19;
7710 : -58;
7711 : -9;
7712 : 31;
7713 : -27;
7714 : 32;
7715 : 50;
7716 : 2;
7717 : -3;
7718 : 2;
7719 : 0;
771A : 17;
771B : -20;
771C : 37;
771D : -1;
771E : -27;
771F : 36;
7720 : -53;
7721 : 1;
7722 : 0;
7723 : 4;
7724 : 2;
7725 : -5;
7726 : -7;
7727 : -14;
7728 : -18;
7729 : 3;
772A : 24;
772B : -49;
772C : 14;
772D : -18;
772E : -27;
772F : -6;
7730 : -8;
7731 : 9;
7732 : 7;
7733 : 34;
7734 : -17;
7735 : 6;
7736 : -1;
7737 : -18;
7738 : 12;
7739 : 6;
773A : -35;
773B : -32;
773C : 7;
773D : -27;
773E : -41;
773F : 35;
7740 : 2;
7741 : -26;
7742 : 23;
7743 : 13;
7744 : -20;
7745 : 12;
7746 : 21;
7747 : 17;
7748 : -14;
7749 : -26;
774A : -24;
774B : 23;
774C : -10;
774D : -12;
774E : -19;
774F : 15;
7750 : -13;
7751 : 7;
7752 : -2;
7753 : -14;
7754 : -2;
7755 : 0;
7756 : 14;
7757 : -30;
7758 : -36;
7759 : 6;
775A : -40;
775B : 25;
775C : 34;
775D : 24;
775E : 18;
775F : 4;
7760 : 15;
7761 : -10;
7762 : -17;
7763 : 34;
7764 : 0;
7765 : 15;
7766 : 1;
7767 : 12;
7768 : -27;
7769 : 5;
776A : -12;
776B : 25;
776C : 12;
776D : 21;
776E : 23;
776F : 12;
7770 : 37;
7771 : 2;
7772 : 27;
7773 : 34;
7774 : -26;
7775 : 6;
7776 : -6;
7777 : 27;
7778 : -33;
7779 : -16;
777A : 28;
777B : 7;
777C : 20;
777D : -6;
777E : -7;
777F : -27;
7780 : 4;
7781 : -24;
7782 : -9;
7783 : 15;
7784 : -5;
7785 : 31;
7786 : 9;
7787 : 6;
7788 : -3;
7789 : -25;
778A : -11;
778B : -15;
778C : 11;
778D : -16;
778E : -11;
778F : 6;
7790 : -1;
7791 : 6;
7792 : 27;
7793 : 13;
7794 : 29;
7795 : 23;
7796 : -12;
7797 : 26;
7798 : 5;
7799 : -6;
779A : 6;
779B : 30;
779C : -4;
779D : -30;
779E : -16;
779F : -14;
77A0 : 10;
77A1 : -9;
77A2 : -3;
77A3 : -1;
77A4 : 10;
77A5 : 8;
77A6 : -20;
77A7 : -11;
77A8 : 18;
77A9 : 3;
77AA : 12;
77AB : 35;
77AC : 20;
77AD : -15;
77AE : 15;
77AF : 4;
77B0 : 27;
77B1 : 38;
77B2 : -15;
77B3 : 6;
77B4 : -1;
77B5 : -13;
77B6 : -10;
77B7 : 2;
77B8 : -22;
77B9 : 25;
77BA : -8;
77BB : -33;
77BC : -3;
77BD : 14;
77BE : 4;
77BF : -8;
77C0 : 9;
77C1 : 31;
77C2 : -3;
77C3 : 27;
77C4 : -1;
77C5 : 23;
77C6 : 0;
77C7 : -22;
77C8 : 20;
77C9 : -8;
77CA : 5;
77CB : -7;
77CC : 1;
77CD : 35;
77CE : -20;
77CF : 19;
77D0 : 32;
77D1 : 11;
77D2 : -27;
77D3 : -9;
77D4 : -9;
77D5 : 24;
77D6 : -39;
77D7 : 10;
77D8 : 18;
77D9 : -3;
77DA : -10;
77DB : 6;
77DC : 12;
77DD : 22;
77DE : 4;
77DF : 20;
77E0 : 1;
77E1 : -5;
77E2 : -4;
77E3 : 11;
77E4 : -5;
77E5 : -4;
77E6 : -15;
77E7 : -26;
77E8 : 28;
77E9 : -19;
77EA : -1;
77EB : -32;
77EC : -75;
77ED : -17;
77EE : -10;
77EF : 8;
77F0 : -15;
77F1 : -28;
77F2 : -32;
77F3 : -11;
77F4 : -10;
77F5 : 16;
77F6 : -5;
77F7 : 18;
77F8 : 23;
77F9 : -6;
77FA : -3;
77FB : 26;
77FC : -19;
77FD : 5;
77FE : -6;
77FF : 10;
END;
