DEPTH = 30720;
WIDTH = 8;
ADDRESS_RADIX = HEX;
DATA_RADIX = DEC;
CONTENT BEGIN
0000 : 13;
0001 : 8;
0002 : 3;
0003 : 19;
0004 : -38;
0005 : -10;
0006 : -32;
0007 : -19;
0008 : -4;
0009 : 36;
000A : -19;
000B : 27;
000C : 9;
000D : -6;
000E : -6;
000F : 22;
0010 : 1;
0011 : 8;
0012 : 12;
0013 : 0;
0014 : -7;
0015 : -43;
0016 : 2;
0017 : -25;
0018 : 17;
0019 : 9;
001A : -7;
001B : -17;
001C : 13;
001D : 47;
001E : 3;
001F : -25;
0020 : -24;
0021 : 21;
0022 : 31;
0023 : -1;
0024 : 3;
0025 : -27;
0026 : -1;
0027 : 14;
0028 : 12;
0029 : 18;
002A : 20;
002B : 28;
002C : -12;
002D : 32;
002E : 8;
002F : 9;
0030 : 1;
0031 : -42;
0032 : 37;
0033 : -33;
0034 : -25;
0035 : -12;
0036 : -19;
0037 : -43;
0038 : -36;
0039 : 19;
003A : 21;
003B : 27;
003C : 26;
003D : 14;
003E : 6;
003F : 17;
0040 : 39;
0041 : -16;
0042 : -25;
0043 : 6;
0044 : -17;
0045 : 33;
0046 : 35;
0047 : 1;
0048 : 36;
0049 : 19;
004A : -37;
004B : -21;
004C : -11;
004D : -38;
004E : 34;
004F : 28;
0050 : 15;
0051 : -5;
0052 : -5;
0053 : -4;
0054 : 2;
0055 : 4;
0056 : 45;
0057 : -35;
0058 : -10;
0059 : -12;
005A : 22;
005B : -8;
005C : 33;
005D : -9;
005E : -15;
005F : -17;
0060 : -15;
0061 : 6;
0062 : 11;
0063 : -14;
0064 : -21;
0065 : 9;
0066 : 9;
0067 : -8;
0068 : 21;
0069 : 3;
006A : 35;
006B : -21;
006C : -23;
006D : 6;
006E : -22;
006F : -8;
0070 : 11;
0071 : -27;
0072 : 12;
0073 : 32;
0074 : -8;
0075 : 16;
0076 : 2;
0077 : -65;
0078 : -37;
0079 : -34;
007A : 28;
007B : 12;
007C : -35;
007D : 16;
007E : 22;
007F : -13;
0080 : -24;
0081 : -7;
0082 : 16;
0083 : 61;
0084 : -46;
0085 : 24;
0086 : 23;
0087 : -15;
0088 : -18;
0089 : 28;
008A : -3;
008B : -39;
008C : 38;
008D : 15;
008E : -12;
008F : -16;
0090 : 21;
0091 : -3;
0092 : 11;
0093 : 1;
0094 : 19;
0095 : 32;
0096 : 38;
0097 : -46;
0098 : -20;
0099 : 13;
009A : 3;
009B : 19;
009C : 22;
009D : 13;
009E : -9;
009F : -13;
00A0 : -11;
00A1 : 6;
00A2 : 35;
00A3 : -5;
00A4 : 18;
00A5 : -48;
00A6 : 4;
00A7 : 6;
00A8 : -13;
00A9 : 20;
00AA : -41;
00AB : -27;
00AC : 10;
00AD : -2;
00AE : 7;
00AF : 42;
00B0 : -1;
00B1 : -15;
00B2 : 47;
00B3 : 46;
00B4 : 24;
00B5 : -31;
00B6 : 33;
00B7 : -26;
00B8 : -26;
00B9 : -13;
00BA : -44;
00BB : 3;
00BC : 10;
00BD : -12;
00BE : 77;
00BF : -24;
00C0 : 24;
00C1 : -8;
00C2 : -3;
00C3 : -24;
00C4 : 55;
00C5 : 27;
00C6 : -1;
00C7 : 18;
00C8 : -10;
00C9 : 4;
00CA : -8;
00CB : 15;
00CC : -25;
00CD : 72;
00CE : -23;
00CF : -15;
00D0 : 7;
00D1 : -17;
00D2 : -22;
00D3 : 8;
00D4 : -49;
00D5 : -19;
00D6 : -7;
00D7 : 46;
00D8 : -3;
00D9 : 0;
00DA : -2;
00DB : 3;
00DC : 25;
00DD : -11;
00DE : -40;
00DF : -27;
00E0 : -33;
00E1 : -20;
00E2 : 45;
00E3 : -40;
00E4 : -25;
00E5 : -15;
00E6 : -36;
00E7 : 62;
00E8 : 9;
00E9 : -6;
00EA : -26;
00EB : -10;
00EC : 0;
00ED : -33;
00EE : 39;
00EF : -8;
00F0 : -29;
00F1 : -34;
00F2 : -8;
00F3 : 7;
00F4 : -14;
00F5 : 13;
00F6 : -48;
00F7 : -8;
00F8 : -28;
00F9 : -12;
00FA : -28;
00FB : 22;
00FC : -19;
00FD : 19;
00FE : 90;
00FF : 1;
0100 : -42;
0101 : 25;
0102 : 11;
0103 : -33;
0104 : -26;
0105 : 1;
0106 : -34;
0107 : 6;
0108 : -6;
0109 : 13;
010A : -18;
010B : 34;
010C : -7;
010D : -34;
010E : 30;
010F : -8;
0110 : -25;
0111 : 23;
0112 : 32;
0113 : -36;
0114 : -19;
0115 : 24;
0116 : -36;
0117 : -4;
0118 : -2;
0119 : -5;
011A : 7;
011B : 16;
011C : -41;
011D : -18;
011E : 3;
011F : 12;
0120 : -50;
0121 : 4;
0122 : -15;
0123 : -10;
0124 : -13;
0125 : -26;
0126 : -29;
0127 : 48;
0128 : 2;
0129 : -15;
012A : -12;
012B : 32;
012C : -5;
012D : -62;
012E : -2;
012F : -23;
0130 : 23;
0131 : -3;
0132 : 20;
0133 : -39;
0134 : 30;
0135 : -32;
0136 : 16;
0137 : 20;
0138 : 12;
0139 : 40;
013A : 16;
013B : 62;
013C : 31;
013D : -43;
013E : 49;
013F : -42;
0140 : -21;
0141 : 25;
0142 : 30;
0143 : 2;
0144 : -28;
0145 : -43;
0146 : -13;
0147 : 30;
0148 : 43;
0149 : 15;
014A : 1;
014B : -9;
014C : 17;
014D : -29;
014E : -2;
014F : -22;
0150 : 15;
0151 : 12;
0152 : 3;
0153 : 16;
0154 : 31;
0155 : 3;
0156 : -31;
0157 : -20;
0158 : -10;
0159 : 9;
015A : 29;
015B : 4;
015C : -4;
015D : -11;
015E : -7;
015F : 18;
0160 : -31;
0161 : 27;
0162 : 11;
0163 : 19;
0164 : 2;
0165 : 8;
0166 : 5;
0167 : 21;
0168 : -29;
0169 : -18;
016A : -7;
016B : 19;
016C : 30;
016D : -3;
016E : 0;
016F : 15;
0170 : 50;
0171 : -30;
0172 : 2;
0173 : 16;
0174 : 43;
0175 : 14;
0176 : 3;
0177 : -13;
0178 : -23;
0179 : -40;
017A : 45;
017B : 1;
017C : 6;
017D : 38;
017E : -12;
017F : -13;
0180 : 14;
0181 : -28;
0182 : 13;
0183 : 13;
0184 : 39;
0185 : -13;
0186 : 16;
0187 : 13;
0188 : 40;
0189 : -11;
018A : 4;
018B : -4;
018C : 31;
018D : 25;
018E : 18;
018F : -3;
0190 : 27;
0191 : 0;
0192 : 34;
0193 : 54;
0194 : 39;
0195 : 53;
0196 : 7;
0197 : -32;
0198 : -25;
0199 : -12;
019A : -15;
019B : -22;
019C : 9;
019D : 12;
019E : 9;
019F : 4;
01A0 : 19;
01A1 : -20;
01A2 : 25;
01A3 : 20;
01A4 : -8;
01A5 : 42;
01A6 : 13;
01A7 : -57;
01A8 : -3;
01A9 : 5;
01AA : 19;
01AB : 9;
01AC : 21;
01AD : 24;
01AE : 21;
01AF : 27;
01B0 : -31;
01B1 : 4;
01B2 : 20;
01B3 : 20;
01B4 : 0;
01B5 : 25;
01B6 : -10;
01B7 : 17;
01B8 : 26;
01B9 : -12;
01BA : 1;
01BB : -11;
01BC : -40;
01BD : 15;
01BE : 36;
01BF : -5;
01C0 : 29;
01C1 : 1;
01C2 : 4;
01C3 : 45;
01C4 : 10;
01C5 : 19;
01C6 : -9;
01C7 : 24;
01C8 : -1;
01C9 : -15;
01CA : 20;
01CB : 8;
01CC : 1;
01CD : 6;
01CE : 0;
01CF : -10;
01D0 : -30;
01D1 : -14;
01D2 : -4;
01D3 : -5;
01D4 : -8;
01D5 : -14;
01D6 : -14;
01D7 : -20;
01D8 : -2;
01D9 : 26;
01DA : 20;
01DB : 14;
01DC : 16;
01DD : 12;
01DE : -47;
01DF : 21;
01E0 : -7;
01E1 : 33;
01E2 : 28;
01E3 : -9;
01E4 : -2;
01E5 : 3;
01E6 : -5;
01E7 : 29;
01E8 : 26;
01E9 : -13;
01EA : -33;
01EB : -36;
01EC : 5;
01ED : 7;
01EE : 22;
01EF : 11;
01F0 : -31;
01F1 : 55;
01F2 : 36;
01F3 : 13;
01F4 : 11;
01F5 : -17;
01F6 : 48;
01F7 : 29;
01F8 : -27;
01F9 : 19;
01FA : -41;
01FB : -27;
01FC : 2;
01FD : -3;
01FE : 33;
01FF : 47;
0200 : -10;
0201 : 18;
0202 : -11;
0203 : 1;
0204 : -9;
0205 : 17;
0206 : 12;
0207 : 18;
0208 : -33;
0209 : -13;
020A : 23;
020B : -12;
020C : 1;
020D : -6;
020E : -24;
020F : -28;
0210 : 17;
0211 : 1;
0212 : -7;
0213 : -10;
0214 : -31;
0215 : 19;
0216 : -5;
0217 : -30;
0218 : -8;
0219 : -4;
021A : 17;
021B : 10;
021C : 24;
021D : -16;
021E : 25;
021F : -26;
0220 : 17;
0221 : -22;
0222 : 19;
0223 : 3;
0224 : -28;
0225 : -22;
0226 : -15;
0227 : -22;
0228 : 4;
0229 : -13;
022A : -9;
022B : 23;
022C : -2;
022D : 12;
022E : -1;
022F : -2;
0230 : -17;
0231 : -15;
0232 : 17;
0233 : 12;
0234 : -6;
0235 : 11;
0236 : 14;
0237 : -2;
0238 : 3;
0239 : -20;
023A : 7;
023B : -20;
023C : -4;
023D : -11;
023E : -33;
023F : 7;
0240 : -17;
0241 : 13;
0242 : -22;
0243 : 6;
0244 : -12;
0245 : -22;
0246 : -4;
0247 : 17;
0248 : 0;
0249 : -15;
024A : 14;
024B : 14;
024C : -7;
024D : -27;
024E : 26;
024F : -20;
0250 : -12;
0251 : -29;
0252 : 0;
0253 : -28;
0254 : 22;
0255 : -1;
0256 : -7;
0257 : -7;
0258 : -10;
0259 : -12;
025A : -20;
025B : 16;
025C : -29;
025D : -8;
025E : -5;
025F : -13;
0260 : 15;
0261 : 23;
0262 : -1;
0263 : 29;
0264 : 14;
0265 : -19;
0266 : 6;
0267 : -1;
0268 : 3;
0269 : 5;
026A : 21;
026B : -20;
026C : -27;
026D : 1;
026E : 7;
026F : -15;
0270 : -8;
0271 : 4;
0272 : -29;
0273 : -32;
0274 : -1;
0275 : 14;
0276 : 9;
0277 : -14;
0278 : 18;
0279 : -6;
027A : 25;
027B : 8;
027C : -14;
027D : -22;
027E : -12;
027F : -16;
0280 : -18;
0281 : 8;
0282 : -24;
0283 : 6;
0284 : 21;
0285 : -24;
0286 : 12;
0287 : 11;
0288 : 14;
0289 : 21;
028A : -14;
028B : -12;
028C : -26;
028D : 11;
028E : 16;
028F : 4;
0290 : -9;
0291 : 22;
0292 : -2;
0293 : -27;
0294 : 8;
0295 : -6;
0296 : -17;
0297 : 24;
0298 : 8;
0299 : 15;
029A : 21;
029B : -16;
029C : 14;
029D : 8;
029E : -9;
029F : -14;
02A0 : -26;
02A1 : 15;
02A2 : 15;
02A3 : -21;
02A4 : 6;
02A5 : 16;
02A6 : -13;
02A7 : 3;
02A8 : -17;
02A9 : -26;
02AA : -17;
02AB : -10;
02AC : -21;
02AD : -10;
02AE : -15;
02AF : -10;
02B0 : -15;
02B1 : -8;
02B2 : 20;
02B3 : -6;
02B4 : -17;
02B5 : -27;
02B6 : 15;
02B7 : 15;
02B8 : -32;
02B9 : -6;
02BA : 12;
02BB : 13;
02BC : -27;
02BD : 18;
02BE : -3;
02BF : -14;
02C0 : -24;
02C1 : -17;
02C2 : -23;
02C3 : -34;
02C4 : -3;
02C5 : 14;
02C6 : -9;
02C7 : -12;
02C8 : -31;
02C9 : 21;
02CA : 27;
02CB : -18;
02CC : -14;
02CD : -16;
02CE : -31;
02CF : 13;
02D0 : -12;
02D1 : -18;
02D2 : -20;
02D3 : -1;
02D4 : -31;
02D5 : -18;
02D6 : 22;
02D7 : -17;
02D8 : -28;
02D9 : 1;
02DA : 9;
02DB : -15;
02DC : 19;
02DD : -16;
02DE : -22;
02DF : -28;
02E0 : -31;
02E1 : -33;
02E2 : -10;
02E3 : -17;
02E4 : 13;
02E5 : 15;
02E6 : 14;
02E7 : 22;
02E8 : -4;
02E9 : 6;
02EA : -15;
02EB : -4;
02EC : -24;
02ED : -25;
02EE : -14;
02EF : -25;
02F0 : 13;
02F1 : -6;
02F2 : -4;
02F3 : -16;
02F4 : 21;
02F5 : -11;
02F6 : -7;
02F7 : 7;
02F8 : 6;
02F9 : 0;
02FA : 16;
02FB : -31;
02FC : -22;
02FD : -26;
02FE : -8;
02FF : -11;
0300 : -2;
0301 : -17;
0302 : 33;
0303 : -43;
0304 : 17;
0305 : -13;
0306 : 9;
0307 : 12;
0308 : -29;
0309 : -12;
030A : 2;
030B : 6;
030C : 27;
030D : -6;
030E : 8;
030F : -6;
0310 : 13;
0311 : -21;
0312 : 16;
0313 : -5;
0314 : 20;
0315 : 9;
0316 : 22;
0317 : -2;
0318 : -25;
0319 : -2;
031A : -3;
031B : 21;
031C : -8;
031D : -19;
031E : -5;
031F : -13;
0320 : 7;
0321 : 17;
0322 : -16;
0323 : -8;
0324 : 37;
0325 : 17;
0326 : -18;
0327 : 3;
0328 : -12;
0329 : -15;
032A : 17;
032B : -49;
032C : -18;
032D : 10;
032E : 14;
032F : -15;
0330 : 38;
0331 : 8;
0332 : -46;
0333 : 20;
0334 : 13;
0335 : 30;
0336 : -1;
0337 : -50;
0338 : 18;
0339 : 9;
033A : 30;
033B : 2;
033C : 47;
033D : 35;
033E : -96;
033F : -22;
0340 : -9;
0341 : -40;
0342 : 23;
0343 : -13;
0344 : -28;
0345 : 29;
0346 : -41;
0347 : 23;
0348 : -36;
0349 : 19;
034A : -25;
034B : 0;
034C : 27;
034D : 38;
034E : -8;
034F : 9;
0350 : 6;
0351 : 14;
0352 : -8;
0353 : -24;
0354 : 17;
0355 : 51;
0356 : 48;
0357 : -32;
0358 : 4;
0359 : 9;
035A : 14;
035B : 23;
035C : 40;
035D : 29;
035E : -2;
035F : 8;
0360 : 52;
0361 : 11;
0362 : -26;
0363 : 0;
0364 : -16;
0365 : 50;
0366 : -30;
0367 : 1;
0368 : 27;
0369 : 8;
036A : 37;
036B : -15;
036C : 37;
036D : 48;
036E : -15;
036F : -6;
0370 : 7;
0371 : 3;
0372 : -35;
0373 : 38;
0374 : -10;
0375 : 60;
0376 : 2;
0377 : -87;
0378 : 12;
0379 : 13;
037A : -1;
037B : -35;
037C : -11;
037D : 29;
037E : -27;
037F : 16;
0380 : 39;
0381 : 27;
0382 : -34;
0383 : 7;
0384 : -72;
0385 : 14;
0386 : 17;
0387 : 8;
0388 : 24;
0389 : 11;
038A : -5;
038B : -24;
038C : -29;
038D : 34;
038E : -14;
038F : 25;
0390 : -9;
0391 : -12;
0392 : 6;
0393 : -3;
0394 : -5;
0395 : -14;
0396 : -35;
0397 : -13;
0398 : 24;
0399 : -19;
039A : 13;
039B : 1;
039C : 31;
039D : 30;
039E : -30;
039F : -15;
03A0 : -3;
03A1 : -14;
03A2 : 32;
03A3 : -18;
03A4 : -6;
03A5 : 8;
03A6 : 3;
03A7 : -16;
03A8 : 33;
03A9 : 38;
03AA : -5;
03AB : -12;
03AC : 1;
03AD : 5;
03AE : -6;
03AF : 9;
03B0 : -17;
03B1 : 9;
03B2 : 13;
03B3 : 37;
03B4 : -54;
03B5 : 11;
03B6 : -10;
03B7 : 15;
03B8 : 8;
03B9 : -5;
03BA : -4;
03BB : 2;
03BC : -9;
03BD : -36;
03BE : 51;
03BF : -17;
03C0 : 44;
03C1 : 0;
03C2 : -37;
03C3 : -3;
03C4 : -28;
03C5 : 15;
03C6 : -42;
03C7 : 30;
03C8 : 46;
03C9 : 2;
03CA : 11;
03CB : -68;
03CC : -7;
03CD : -4;
03CE : 21;
03CF : 7;
03D0 : 17;
03D1 : 16;
03D2 : -25;
03D3 : -3;
03D4 : -29;
03D5 : -12;
03D6 : -5;
03D7 : 53;
03D8 : 35;
03D9 : 11;
03DA : -5;
03DB : -36;
03DC : -27;
03DD : 15;
03DE : 2;
03DF : 12;
03E0 : -31;
03E1 : -30;
03E2 : -13;
03E3 : -34;
03E4 : 11;
03E5 : -4;
03E6 : -11;
03E7 : 58;
03E8 : 30;
03E9 : -2;
03EA : -5;
03EB : -6;
03EC : 25;
03ED : -1;
03EE : 51;
03EF : 17;
03F0 : -16;
03F1 : -34;
03F2 : 6;
03F3 : -49;
03F4 : -20;
03F5 : 5;
03F6 : -39;
03F7 : 20;
03F8 : -5;
03F9 : 2;
03FA : 13;
03FB : 12;
03FC : -43;
03FD : -42;
03FE : 80;
03FF : -5;
0400 : -42;
0401 : -45;
0402 : -4;
0403 : 27;
0404 : -29;
0405 : -9;
0406 : 19;
0407 : 15;
0408 : -22;
0409 : -8;
040A : 3;
040B : 26;
040C : -18;
040D : 41;
040E : -7;
040F : -22;
0410 : -4;
0411 : -28;
0412 : 26;
0413 : 24;
0414 : -26;
0415 : -28;
0416 : -24;
0417 : -10;
0418 : 13;
0419 : -5;
041A : 5;
041B : 9;
041C : -35;
041D : 4;
041E : 10;
041F : -15;
0420 : 9;
0421 : 3;
0422 : -35;
0423 : -31;
0424 : -3;
0425 : 59;
0426 : 21;
0427 : 20;
0428 : 3;
0429 : 2;
042A : 25;
042B : 11;
042C : -12;
042D : -36;
042E : -21;
042F : 27;
0430 : -12;
0431 : -28;
0432 : -22;
0433 : -28;
0434 : -26;
0435 : 78;
0436 : 15;
0437 : -30;
0438 : 21;
0439 : -1;
043A : -19;
043B : 3;
043C : -7;
043D : -1;
043E : -73;
043F : -25;
0440 : 31;
0441 : 1;
0442 : 2;
0443 : -8;
0444 : 3;
0445 : -26;
0446 : 26;
0447 : 29;
0448 : -18;
0449 : 5;
044A : -1;
044B : 6;
044C : 47;
044D : -20;
044E : 22;
044F : -26;
0450 : 20;
0451 : 22;
0452 : 14;
0453 : 16;
0454 : -9;
0455 : -10;
0456 : 18;
0457 : 21;
0458 : 35;
0459 : -25;
045A : 4;
045B : -41;
045C : 8;
045D : 17;
045E : 28;
045F : -8;
0460 : 35;
0461 : 31;
0462 : -43;
0463 : 23;
0464 : 23;
0465 : 31;
0466 : 21;
0467 : 8;
0468 : -39;
0469 : -13;
046A : 12;
046B : 22;
046C : 14;
046D : -16;
046E : -11;
046F : -20;
0470 : -23;
0471 : 47;
0472 : 6;
0473 : 31;
0474 : -23;
0475 : 49;
0476 : 48;
0477 : -44;
0478 : 27;
0479 : 7;
047A : -1;
047B : -67;
047C : 7;
047D : 13;
047E : -10;
047F : -11;
0480 : -9;
0481 : 10;
0482 : 14;
0483 : -42;
0484 : 26;
0485 : -2;
0486 : -1;
0487 : -10;
0488 : -8;
0489 : 31;
048A : 18;
048B : 32;
048C : 37;
048D : -17;
048E : 26;
048F : 26;
0490 : 38;
0491 : -10;
0492 : -9;
0493 : -22;
0494 : 29;
0495 : -12;
0496 : 4;
0497 : 23;
0498 : 13;
0499 : -25;
049A : 53;
049B : 41;
049C : 14;
049D : 10;
049E : -25;
049F : -9;
04A0 : 40;
04A1 : -1;
04A2 : -15;
04A3 : 5;
04A4 : 2;
04A5 : -11;
04A6 : -12;
04A7 : 4;
04A8 : 41;
04A9 : -16;
04AA : 5;
04AB : -25;
04AC : 10;
04AD : -22;
04AE : -33;
04AF : -9;
04B0 : 21;
04B1 : -25;
04B2 : 9;
04B3 : 15;
04B4 : 8;
04B5 : 9;
04B6 : -12;
04B7 : 21;
04B8 : 30;
04B9 : -1;
04BA : -11;
04BB : -42;
04BC : 4;
04BD : 31;
04BE : -15;
04BF : 21;
04C0 : -6;
04C1 : -41;
04C2 : 25;
04C3 : 18;
04C4 : -60;
04C5 : -10;
04C6 : -42;
04C7 : -25;
04C8 : -35;
04C9 : -13;
04CA : -7;
04CB : -7;
04CC : -18;
04CD : 7;
04CE : -19;
04CF : 29;
04D0 : -33;
04D1 : -12;
04D2 : -38;
04D3 : 12;
04D4 : -26;
04D5 : 56;
04D6 : 35;
04D7 : -48;
04D8 : -25;
04D9 : 34;
04DA : -19;
04DB : 17;
04DC : 22;
04DD : 3;
04DE : -7;
04DF : 22;
04E0 : 30;
04E1 : -3;
04E2 : 0;
04E3 : 17;
04E4 : 18;
04E5 : 8;
04E6 : -6;
04E7 : 17;
04E8 : 17;
04E9 : 12;
04EA : -31;
04EB : -31;
04EC : 20;
04ED : 18;
04EE : -44;
04EF : -29;
04F0 : -19;
04F1 : -3;
04F2 : 2;
04F3 : -33;
04F4 : -5;
04F5 : -35;
04F6 : 16;
04F7 : 3;
04F8 : 16;
04F9 : 25;
04FA : -29;
04FB : 15;
04FC : 7;
04FD : 15;
04FE : -29;
04FF : -14;
0500 : 3;
0501 : 39;
0502 : 33;
0503 : -19;
0504 : 9;
0505 : -12;
0506 : -23;
0507 : 0;
0508 : 6;
0509 : -28;
050A : 20;
050B : 34;
050C : 40;
050D : -16;
050E : 1;
050F : 3;
0510 : 11;
0511 : 19;
0512 : 23;
0513 : -19;
0514 : 15;
0515 : -14;
0516 : 18;
0517 : -15;
0518 : -23;
0519 : 8;
051A : -13;
051B : 42;
051C : 31;
051D : 17;
051E : -8;
051F : 25;
0520 : -24;
0521 : 3;
0522 : -19;
0523 : 24;
0524 : 12;
0525 : 35;
0526 : 8;
0527 : 46;
0528 : -36;
0529 : -20;
052A : 0;
052B : 42;
052C : -25;
052D : -11;
052E : 26;
052F : 23;
0530 : -19;
0531 : 23;
0532 : -10;
0533 : -2;
0534 : -32;
0535 : 37;
0536 : -6;
0537 : -20;
0538 : 25;
0539 : 1;
053A : -31;
053B : 4;
053C : 12;
053D : 25;
053E : 32;
053F : 17;
0540 : -26;
0541 : -27;
0542 : 23;
0543 : -32;
0544 : 63;
0545 : -16;
0546 : -18;
0547 : 1;
0548 : -24;
0549 : -5;
054A : 22;
054B : 42;
054C : 1;
054D : -29;
054E : 20;
054F : -21;
0550 : -36;
0551 : -19;
0552 : 10;
0553 : -39;
0554 : 46;
0555 : -9;
0556 : 1;
0557 : 17;
0558 : 9;
0559 : -14;
055A : -31;
055B : 25;
055C : -12;
055D : -51;
055E : -12;
055F : -13;
0560 : -18;
0561 : -41;
0562 : -11;
0563 : 17;
0564 : -15;
0565 : 42;
0566 : 17;
0567 : 40;
0568 : 30;
0569 : -37;
056A : 11;
056B : 17;
056C : -40;
056D : -27;
056E : 42;
056F : 4;
0570 : -21;
0571 : 2;
0572 : 19;
0573 : 5;
0574 : -33;
0575 : -33;
0576 : -17;
0577 : 6;
0578 : 29;
0579 : 44;
057A : 19;
057B : 10;
057C : -14;
057D : 35;
057E : 29;
057F : 2;
0580 : -29;
0581 : 9;
0582 : 9;
0583 : -30;
0584 : 23;
0585 : 36;
0586 : -42;
0587 : -26;
0588 : -42;
0589 : 12;
058A : -30;
058B : 31;
058C : -6;
058D : -17;
058E : -31;
058F : 23;
0590 : -18;
0591 : 22;
0592 : 17;
0593 : -13;
0594 : 7;
0595 : -17;
0596 : 3;
0597 : 9;
0598 : 4;
0599 : -10;
059A : -10;
059B : 31;
059C : 9;
059D : -54;
059E : 31;
059F : 20;
05A0 : -19;
05A1 : -13;
05A2 : 11;
05A3 : -9;
05A4 : 8;
05A5 : 19;
05A6 : 20;
05A7 : -27;
05A8 : 20;
05A9 : 3;
05AA : -29;
05AB : 10;
05AC : 3;
05AD : -25;
05AE : 4;
05AF : -26;
05B0 : 16;
05B1 : 17;
05B2 : -17;
05B3 : 21;
05B4 : -8;
05B5 : -32;
05B6 : -17;
05B7 : 4;
05B8 : 21;
05B9 : 21;
05BA : -2;
05BB : -11;
05BC : 43;
05BD : -17;
05BE : 19;
05BF : 0;
05C0 : 10;
05C1 : 17;
05C2 : 0;
05C3 : 16;
05C4 : -48;
05C5 : 10;
05C6 : -21;
05C7 : -11;
05C8 : 28;
05C9 : -9;
05CA : -19;
05CB : 5;
05CC : -26;
05CD : -7;
05CE : -53;
05CF : 22;
05D0 : 22;
05D1 : -26;
05D2 : 32;
05D3 : 27;
05D4 : 6;
05D5 : 38;
05D6 : 13;
05D7 : 4;
05D8 : 4;
05D9 : -1;
05DA : -40;
05DB : -21;
05DC : -29;
05DD : 44;
05DE : -12;
05DF : 0;
05E0 : 31;
05E1 : 1;
05E2 : -5;
05E3 : 23;
05E4 : 22;
05E5 : 12;
05E6 : -5;
05E7 : 10;
05E8 : -42;
05E9 : -27;
05EA : 22;
05EB : 2;
05EC : 24;
05ED : 29;
05EE : 30;
05EF : 7;
05F0 : -16;
05F1 : -23;
05F2 : -9;
05F3 : -22;
05F4 : -20;
05F5 : -7;
05F6 : -5;
05F7 : -47;
05F8 : -35;
05F9 : -10;
05FA : -5;
05FB : 7;
05FC : 3;
05FD : -10;
05FE : -67;
05FF : -8;
0600 : 18;
0601 : -10;
0602 : -9;
0603 : 34;
0604 : 5;
0605 : 12;
0606 : -4;
0607 : 5;
0608 : -17;
0609 : -23;
060A : 14;
060B : 16;
060C : -2;
060D : -30;
060E : 3;
060F : 19;
0610 : -1;
0611 : -12;
0612 : 11;
0613 : 29;
0614 : 19;
0615 : 30;
0616 : -29;
0617 : -29;
0618 : -13;
0619 : 20;
061A : 38;
061B : -23;
061C : 2;
061D : -36;
061E : 7;
061F : 7;
0620 : 1;
0621 : 7;
0622 : -19;
0623 : -15;
0624 : -7;
0625 : -10;
0626 : -42;
0627 : 25;
0628 : -3;
0629 : -3;
062A : 16;
062B : -16;
062C : 0;
062D : 5;
062E : 19;
062F : -3;
0630 : 37;
0631 : 20;
0632 : 25;
0633 : 6;
0634 : 39;
0635 : -18;
0636 : 17;
0637 : 0;
0638 : 2;
0639 : 41;
063A : -22;
063B : 6;
063C : -14;
063D : 25;
063E : -20;
063F : 16;
0640 : -8;
0641 : -13;
0642 : 0;
0643 : 44;
0644 : -37;
0645 : -18;
0646 : -8;
0647 : 21;
0648 : -23;
0649 : -9;
064A : 23;
064B : 15;
064C : -35;
064D : 5;
064E : 19;
064F : -10;
0650 : -34;
0651 : 37;
0652 : 19;
0653 : 24;
0654 : -9;
0655 : -5;
0656 : -17;
0657 : 24;
0658 : 19;
0659 : 17;
065A : 20;
065B : 2;
065C : 13;
065D : -26;
065E : -2;
065F : -24;
0660 : -15;
0661 : 30;
0662 : -13;
0663 : 26;
0664 : -14;
0665 : -16;
0666 : 4;
0667 : 32;
0668 : -28;
0669 : -9;
066A : 18;
066B : 16;
066C : -11;
066D : -2;
066E : -13;
066F : -27;
0670 : 43;
0671 : 8;
0672 : -37;
0673 : -19;
0674 : 23;
0675 : -9;
0676 : -32;
0677 : 4;
0678 : -21;
0679 : 24;
067A : 1;
067B : -23;
067C : 6;
067D : -24;
067E : -62;
067F : 17;
0680 : 0;
0681 : -19;
0682 : -4;
0683 : 11;
0684 : 20;
0685 : -28;
0686 : 39;
0687 : -6;
0688 : -17;
0689 : 22;
068A : 6;
068B : -15;
068C : 26;
068D : 13;
068E : -15;
068F : 13;
0690 : -13;
0691 : -33;
0692 : 4;
0693 : -25;
0694 : -2;
0695 : 22;
0696 : 11;
0697 : -1;
0698 : 3;
0699 : 20;
069A : -19;
069B : -10;
069C : 22;
069D : 13;
069E : -28;
069F : -32;
06A0 : 0;
06A1 : -3;
06A2 : 8;
06A3 : 1;
06A4 : -12;
06A5 : -10;
06A6 : -8;
06A7 : -43;
06A8 : -16;
06A9 : 12;
06AA : 6;
06AB : 7;
06AC : -10;
06AD : -9;
06AE : -4;
06AF : -4;
06B0 : 15;
06B1 : 31;
06B2 : -7;
06B3 : 25;
06B4 : -12;
06B5 : 56;
06B6 : -39;
06B7 : -36;
06B8 : -13;
06B9 : -35;
06BA : 24;
06BB : 7;
06BC : 19;
06BD : 5;
06BE : -21;
06BF : 16;
06C0 : 20;
06C1 : 25;
06C2 : 41;
06C3 : -16;
06C4 : -4;
06C5 : -47;
06C6 : 15;
06C7 : -38;
06C8 : -31;
06C9 : -24;
06CA : -2;
06CB : 30;
06CC : 17;
06CD : -37;
06CE : 7;
06CF : -19;
06D0 : 1;
06D1 : -13;
06D2 : 13;
06D3 : -14;
06D4 : 16;
06D5 : 4;
06D6 : -31;
06D7 : -63;
06D8 : -11;
06D9 : 10;
06DA : 23;
06DB : 3;
06DC : -12;
06DD : -25;
06DE : -8;
06DF : -15;
06E0 : 10;
06E1 : 35;
06E2 : -4;
06E3 : -28;
06E4 : -22;
06E5 : 4;
06E6 : 27;
06E7 : -32;
06E8 : 16;
06E9 : -4;
06EA : -28;
06EB : -29;
06EC : 17;
06ED : 18;
06EE : 27;
06EF : 28;
06F0 : -28;
06F1 : 35;
06F2 : 13;
06F3 : 30;
06F4 : -38;
06F5 : -38;
06F6 : 17;
06F7 : 41;
06F8 : 44;
06F9 : 28;
06FA : -15;
06FB : -3;
06FC : 30;
06FD : -29;
06FE : 53;
06FF : 6;
0700 : 20;
0701 : 25;
0702 : -3;
0703 : -5;
0704 : 16;
0705 : -26;
0706 : 18;
0707 : -22;
0708 : 0;
0709 : -11;
070A : 4;
070B : -3;
070C : 41;
070D : 32;
070E : -21;
070F : 6;
0710 : 6;
0711 : 26;
0712 : -27;
0713 : 10;
0714 : 24;
0715 : -3;
0716 : 9;
0717 : 12;
0718 : 10;
0719 : 13;
071A : -14;
071B : 26;
071C : 25;
071D : -41;
071E : -15;
071F : -21;
0720 : 11;
0721 : -15;
0722 : -9;
0723 : -16;
0724 : -5;
0725 : -23;
0726 : 14;
0727 : -23;
0728 : 6;
0729 : 3;
072A : -20;
072B : 24;
072C : -26;
072D : 2;
072E : 17;
072F : -11;
0730 : -19;
0731 : 14;
0732 : -10;
0733 : 10;
0734 : 15;
0735 : -12;
0736 : -11;
0737 : 40;
0738 : -12;
0739 : 8;
073A : 19;
073B : 33;
073C : 23;
073D : 39;
073E : -10;
073F : -17;
0740 : 9;
0741 : 16;
0742 : 27;
0743 : 6;
0744 : -27;
0745 : 22;
0746 : 48;
0747 : 13;
0748 : -5;
0749 : 11;
074A : 29;
074B : 35;
074C : -15;
074D : -19;
074E : 11;
074F : -36;
0750 : 14;
0751 : 0;
0752 : -1;
0753 : 25;
0754 : 16;
0755 : 32;
0756 : 38;
0757 : -30;
0758 : 5;
0759 : -28;
075A : 1;
075B : 1;
075C : 12;
075D : -4;
075E : 0;
075F : -8;
0760 : 8;
0761 : -8;
0762 : -20;
0763 : -21;
0764 : 12;
0765 : 33;
0766 : 18;
0767 : 10;
0768 : 9;
0769 : 3;
076A : 3;
076B : 16;
076C : 8;
076D : 16;
076E : -3;
076F : 29;
0770 : 6;
0771 : 43;
0772 : 8;
0773 : -4;
0774 : 14;
0775 : -14;
0776 : 32;
0777 : -15;
0778 : 0;
0779 : 9;
077A : -6;
077B : 10;
077C : 14;
077D : 9;
077E : 42;
077F : -20;
0780 : 8;
0781 : 10;
0782 : 18;
0783 : 10;
0784 : -23;
0785 : -13;
0786 : -22;
0787 : -26;
0788 : -19;
0789 : -36;
078A : 30;
078B : 36;
078C : 22;
078D : -1;
078E : -22;
078F : -25;
0790 : 25;
0791 : 36;
0792 : 12;
0793 : -12;
0794 : -28;
0795 : 20;
0796 : 9;
0797 : 2;
0798 : -28;
0799 : 8;
079A : -49;
079B : 8;
079C : -4;
079D : -8;
079E : 18;
079F : 9;
07A0 : 0;
07A1 : -20;
07A2 : 27;
07A3 : 15;
07A4 : -23;
07A5 : -25;
07A6 : 57;
07A7 : 14;
07A8 : -11;
07A9 : -20;
07AA : -15;
07AB : 19;
07AC : 29;
07AD : -4;
07AE : 10;
07AF : -6;
07B0 : 33;
07B1 : 11;
07B2 : -26;
07B3 : -12;
07B4 : 19;
07B5 : -13;
07B6 : -15;
07B7 : 46;
07B8 : -34;
07B9 : 13;
07BA : 19;
07BB : 4;
07BC : 0;
07BD : 2;
07BE : 46;
07BF : 10;
07C0 : 39;
07C1 : 20;
07C2 : 0;
07C3 : -73;
07C4 : 22;
07C5 : 11;
07C6 : -54;
07C7 : 28;
07C8 : 41;
07C9 : -3;
07CA : -50;
07CB : 0;
07CC : -13;
07CD : -4;
07CE : -28;
07CF : -24;
07D0 : -39;
07D1 : -73;
07D2 : 17;
07D3 : -39;
07D4 : 13;
07D5 : -57;
07D6 : -50;
07D7 : 7;
07D8 : -28;
07D9 : -21;
07DA : -22;
07DB : 28;
07DC : -31;
07DD : -30;
07DE : 54;
07DF : 10;
07E0 : 37;
07E1 : -88;
07E2 : 54;
07E3 : -30;
07E4 : 49;
07E5 : -30;
07E6 : -41;
07E7 : 12;
07E8 : -92;
07E9 : -37;
07EA : 3;
07EB : 8;
07EC : -2;
07ED : -38;
07EE : 65;
07EF : -16;
07F0 : 20;
07F1 : -79;
07F2 : 45;
07F3 : -40;
07F4 : 13;
07F5 : 45;
07F6 : -24;
07F7 : -46;
07F8 : -75;
07F9 : -3;
07FA : 34;
07FB : 7;
07FC : -50;
07FD : -25;
07FE : 65;
07FF : -19;
0800 : 36;
0801 : 26;
0802 : -57;
0803 : -14;
0804 : 3;
0805 : 8;
0806 : 14;
0807 : 25;
0808 : 39;
0809 : 2;
080A : -25;
080B : -91;
080C : 32;
080D : -2;
080E : -29;
080F : 0;
0810 : 28;
0811 : -24;
0812 : -37;
0813 : 22;
0814 : 1;
0815 : -6;
0816 : -11;
0817 : 20;
0818 : 34;
0819 : -20;
081A : -12;
081B : -28;
081C : 42;
081D : 29;
081E : -17;
081F : 31;
0820 : 28;
0821 : -15;
0822 : 38;
0823 : 42;
0824 : 19;
0825 : -10;
0826 : -22;
0827 : -1;
0828 : -31;
0829 : -39;
082A : -11;
082B : 2;
082C : 7;
082D : 49;
082E : 26;
082F : 24;
0830 : -14;
0831 : 12;
0832 : 21;
0833 : -22;
0834 : -18;
0835 : -42;
0836 : -15;
0837 : -32;
0838 : -14;
0839 : 14;
083A : -38;
083B : 12;
083C : -2;
083D : 11;
083E : 17;
083F : -21;
0840 : 37;
0841 : 23;
0842 : -22;
0843 : -18;
0844 : 19;
0845 : 50;
0846 : -4;
0847 : 24;
0848 : 44;
0849 : -18;
084A : 25;
084B : -56;
084C : 2;
084D : 32;
084E : -13;
084F : 6;
0850 : 5;
0851 : 31;
0852 : 5;
0853 : -11;
0854 : -43;
0855 : 2;
0856 : -27;
0857 : 38;
0858 : -26;
0859 : -6;
085A : -19;
085B : -5;
085C : -37;
085D : -26;
085E : 11;
085F : -19;
0860 : -50;
0861 : 3;
0862 : 7;
0863 : -35;
0864 : 7;
0865 : -4;
0866 : 33;
0867 : 3;
0868 : 24;
0869 : 22;
086A : 7;
086B : 9;
086C : -25;
086D : -60;
086E : -4;
086F : -10;
0870 : -15;
0871 : -24;
0872 : -14;
0873 : -36;
0874 : -8;
0875 : -33;
0876 : 38;
0877 : 22;
0878 : -19;
0879 : -45;
087A : 22;
087B : -1;
087C : 7;
087D : 14;
087E : -59;
087F : -33;
0880 : 34;
0881 : 9;
0882 : -8;
0883 : -28;
0884 : 6;
0885 : 17;
0886 : 28;
0887 : 14;
0888 : 42;
0889 : 23;
088A : -28;
088B : -44;
088C : 18;
088D : -45;
088E : -9;
088F : -22;
0890 : -41;
0891 : 47;
0892 : -5;
0893 : 5;
0894 : -3;
0895 : 22;
0896 : -8;
0897 : -15;
0898 : -16;
0899 : 6;
089A : -14;
089B : -44;
089C : -13;
089D : -36;
089E : 38;
089F : 6;
08A0 : -15;
08A1 : 20;
08A2 : 30;
08A3 : 30;
08A4 : 30;
08A5 : 34;
08A6 : 7;
08A7 : 15;
08A8 : 5;
08A9 : -4;
08AA : -15;
08AB : 5;
08AC : -22;
08AD : -2;
08AE : -11;
08AF : -29;
08B0 : 38;
08B1 : 19;
08B2 : -29;
08B3 : 43;
08B4 : 0;
08B5 : 31;
08B6 : 35;
08B7 : 34;
08B8 : 17;
08B9 : -8;
08BA : 30;
08BB : -16;
08BC : -32;
08BD : 5;
08BE : -59;
08BF : -6;
08C0 : -6;
08C1 : -49;
08C2 : 39;
08C3 : -47;
08C4 : 2;
08C5 : -25;
08C6 : -12;
08C7 : 6;
08C8 : -17;
08C9 : -7;
08CA : -14;
08CB : 17;
08CC : 21;
08CD : -41;
08CE : 25;
08CF : 5;
08D0 : 11;
08D1 : -28;
08D2 : 23;
08D3 : 0;
08D4 : 35;
08D5 : -15;
08D6 : 10;
08D7 : -10;
08D8 : -10;
08D9 : -25;
08DA : 32;
08DB : -15;
08DC : 7;
08DD : 10;
08DE : 25;
08DF : -23;
08E0 : -8;
08E1 : 5;
08E2 : 6;
08E3 : 17;
08E4 : 26;
08E5 : 16;
08E6 : -4;
08E7 : -67;
08E8 : -8;
08E9 : -13;
08EA : -8;
08EB : 21;
08EC : 25;
08ED : 32;
08EE : 1;
08EF : -17;
08F0 : 10;
08F1 : 7;
08F2 : -1;
08F3 : 38;
08F4 : -16;
08F5 : -14;
08F6 : 35;
08F7 : -52;
08F8 : 28;
08F9 : 19;
08FA : -23;
08FB : -39;
08FC : 23;
08FD : 46;
08FE : -62;
08FF : -34;
0900 : -7;
0901 : -20;
0902 : -40;
0903 : 30;
0904 : -17;
0905 : -22;
0906 : -30;
0907 : -20;
0908 : 4;
0909 : 20;
090A : -38;
090B : -78;
090C : 16;
090D : 5;
090E : -31;
090F : -15;
0910 : -17;
0911 : -21;
0912 : -13;
0913 : -8;
0914 : -15;
0915 : -1;
0916 : 11;
0917 : -13;
0918 : 31;
0919 : -17;
091A : -46;
091B : 26;
091C : 16;
091D : 30;
091E : 44;
091F : 15;
0920 : -21;
0921 : -19;
0922 : 7;
0923 : -1;
0924 : -40;
0925 : -29;
0926 : 8;
0927 : 30;
0928 : -18;
0929 : -9;
092A : -33;
092B : 3;
092C : -12;
092D : 33;
092E : -26;
092F : 22;
0930 : -51;
0931 : -13;
0932 : 13;
0933 : 5;
0934 : 8;
0935 : 1;
0936 : -28;
0937 : 47;
0938 : -1;
0939 : 11;
093A : -12;
093B : 9;
093C : 5;
093D : -10;
093E : 35;
093F : -5;
0940 : 11;
0941 : 37;
0942 : -45;
0943 : 8;
0944 : 24;
0945 : 13;
0946 : 3;
0947 : -5;
0948 : 45;
0949 : 6;
094A : -42;
094B : -26;
094C : -21;
094D : 15;
094E : 4;
094F : 7;
0950 : 10;
0951 : -3;
0952 : 11;
0953 : 1;
0954 : 4;
0955 : 18;
0956 : -17;
0957 : 13;
0958 : 14;
0959 : -11;
095A : -26;
095B : -5;
095C : -33;
095D : 2;
095E : -10;
095F : 18;
0960 : -42;
0961 : -6;
0962 : 32;
0963 : 23;
0964 : -9;
0965 : 6;
0966 : 53;
0967 : 9;
0968 : -5;
0969 : 36;
096A : -26;
096B : -9;
096C : -2;
096D : -41;
096E : 3;
096F : -17;
0970 : 0;
0971 : -19;
0972 : 21;
0973 : 9;
0974 : 22;
0975 : -47;
0976 : 52;
0977 : 35;
0978 : -37;
0979 : 18;
097A : -29;
097B : 37;
097C : -10;
097D : -11;
097E : -18;
097F : 20;
0980 : 34;
0981 : 40;
0982 : 10;
0983 : 3;
0984 : 34;
0985 : 20;
0986 : -2;
0987 : -5;
0988 : 3;
0989 : 10;
098A : -19;
098B : -1;
098C : 5;
098D : -45;
098E : -6;
098F : -23;
0990 : -30;
0991 : -5;
0992 : 12;
0993 : -28;
0994 : 5;
0995 : 15;
0996 : 44;
0997 : -15;
0998 : -9;
0999 : 11;
099A : 7;
099B : 33;
099C : 3;
099D : -30;
099E : 30;
099F : 4;
09A0 : 40;
09A1 : 0;
09A2 : -15;
09A3 : -25;
09A4 : -24;
09A5 : -2;
09A6 : 8;
09A7 : 37;
09A8 : -10;
09A9 : -12;
09AA : -18;
09AB : 12;
09AC : 8;
09AD : -7;
09AE : 39;
09AF : -18;
09B0 : 55;
09B1 : -18;
09B2 : -26;
09B3 : -14;
09B4 : 11;
09B5 : 7;
09B6 : -12;
09B7 : 13;
09B8 : -5;
09B9 : -31;
09BA : 9;
09BB : -19;
09BC : 25;
09BD : 16;
09BE : 0;
09BF : -34;
09C0 : -5;
09C1 : -34;
09C2 : 16;
09C3 : 4;
09C4 : 17;
09C5 : -5;
09C6 : 23;
09C7 : 31;
09C8 : -14;
09C9 : 4;
09CA : 0;
09CB : 7;
09CC : 22;
09CD : -25;
09CE : 25;
09CF : -15;
09D0 : -2;
09D1 : -28;
09D2 : 43;
09D3 : 22;
09D4 : 24;
09D5 : 19;
09D6 : -2;
09D7 : 14;
09D8 : 27;
09D9 : -31;
09DA : 22;
09DB : -13;
09DC : 40;
09DD : -4;
09DE : -6;
09DF : 9;
09E0 : 7;
09E1 : -22;
09E2 : 17;
09E3 : 34;
09E4 : 12;
09E5 : -12;
09E6 : -25;
09E7 : 11;
09E8 : -29;
09E9 : -5;
09EA : -19;
09EB : 12;
09EC : 9;
09ED : -2;
09EE : 9;
09EF : 21;
09F0 : 17;
09F1 : -7;
09F2 : 29;
09F3 : 42;
09F4 : 26;
09F5 : 31;
09F6 : 8;
09F7 : -49;
09F8 : -34;
09F9 : -21;
09FA : 19;
09FB : 23;
09FC : 28;
09FD : -20;
09FE : -20;
09FF : 2;
0A00 : 47;
0A01 : -10;
0A02 : -5;
0A03 : 1;
0A04 : -13;
0A05 : -30;
0A06 : -5;
0A07 : -18;
0A08 : -13;
0A09 : 28;
0A0A : -13;
0A0B : -69;
0A0C : 53;
0A0D : 40;
0A0E : 13;
0A0F : 18;
0A10 : 42;
0A11 : 18;
0A12 : 4;
0A13 : 3;
0A14 : 1;
0A15 : -44;
0A16 : -4;
0A17 : -16;
0A18 : 17;
0A19 : -9;
0A1A : 9;
0A1B : 15;
0A1C : 19;
0A1D : 15;
0A1E : 4;
0A1F : 20;
0A20 : 23;
0A21 : 25;
0A22 : 16;
0A23 : 34;
0A24 : 22;
0A25 : -35;
0A26 : -30;
0A27 : -11;
0A28 : -28;
0A29 : -12;
0A2A : -35;
0A2B : -35;
0A2C : 21;
0A2D : -24;
0A2E : 29;
0A2F : 0;
0A30 : -22;
0A31 : -1;
0A32 : -11;
0A33 : -12;
0A34 : 7;
0A35 : 6;
0A36 : -18;
0A37 : 2;
0A38 : -27;
0A39 : -9;
0A3A : -56;
0A3B : -44;
0A3C : -37;
0A3D : -31;
0A3E : -33;
0A3F : 5;
0A40 : 44;
0A41 : 0;
0A42 : -7;
0A43 : -51;
0A44 : -54;
0A45 : 49;
0A46 : -15;
0A47 : 27;
0A48 : 0;
0A49 : 9;
0A4A : 3;
0A4B : -6;
0A4C : -35;
0A4D : 11;
0A4E : 26;
0A4F : 15;
0A50 : -18;
0A51 : -14;
0A52 : 13;
0A53 : -39;
0A54 : 1;
0A55 : 26;
0A56 : -38;
0A57 : -3;
0A58 : 4;
0A59 : -4;
0A5A : -29;
0A5B : 10;
0A5C : 9;
0A5D : 0;
0A5E : 16;
0A5F : 32;
0A60 : -33;
0A61 : -31;
0A62 : 26;
0A63 : 24;
0A64 : 15;
0A65 : 16;
0A66 : 23;
0A67 : -12;
0A68 : 8;
0A69 : -21;
0A6A : 10;
0A6B : 19;
0A6C : 29;
0A6D : -50;
0A6E : 11;
0A6F : -30;
0A70 : -7;
0A71 : -24;
0A72 : -23;
0A73 : 14;
0A74 : -23;
0A75 : 19;
0A76 : 58;
0A77 : 31;
0A78 : -43;
0A79 : -24;
0A7A : -52;
0A7B : -4;
0A7C : -26;
0A7D : -8;
0A7E : -30;
0A7F : 2;
0A80 : -24;
0A81 : 23;
0A82 : -20;
0A83 : -2;
0A84 : 2;
0A85 : 69;
0A86 : 3;
0A87 : -4;
0A88 : 26;
0A89 : -33;
0A8A : -24;
0A8B : -64;
0A8C : -38;
0A8D : -34;
0A8E : 8;
0A8F : -20;
0A90 : -15;
0A91 : 41;
0A92 : -28;
0A93 : -2;
0A94 : 26;
0A95 : 29;
0A96 : -25;
0A97 : -2;
0A98 : 39;
0A99 : 31;
0A9A : -3;
0A9B : -20;
0A9C : 15;
0A9D : 9;
0A9E : -18;
0A9F : -11;
0AA0 : -25;
0AA1 : -18;
0AA2 : 13;
0AA3 : -1;
0AA4 : -19;
0AA5 : 55;
0AA6 : -35;
0AA7 : 54;
0AA8 : -18;
0AA9 : 45;
0AAA : 2;
0AAB : 25;
0AAC : -19;
0AAD : -30;
0AAE : 31;
0AAF : 15;
0AB0 : 10;
0AB1 : -12;
0AB2 : 10;
0AB3 : 33;
0AB4 : -12;
0AB5 : 0;
0AB6 : 15;
0AB7 : -1;
0AB8 : -19;
0AB9 : 9;
0ABA : -9;
0ABB : -16;
0ABC : -30;
0ABD : 2;
0ABE : -13;
0ABF : -35;
0AC0 : -23;
0AC1 : 0;
0AC2 : -11;
0AC3 : 16;
0AC4 : 46;
0AC5 : 14;
0AC6 : 32;
0AC7 : -10;
0AC8 : 27;
0AC9 : -8;
0ACA : 16;
0ACB : -14;
0ACC : 5;
0ACD : 20;
0ACE : 14;
0ACF : -2;
0AD0 : 9;
0AD1 : -12;
0AD2 : -11;
0AD3 : 9;
0AD4 : 5;
0AD5 : 39;
0AD6 : 34;
0AD7 : 26;
0AD8 : 4;
0AD9 : 13;
0ADA : 28;
0ADB : -8;
0ADC : 34;
0ADD : 6;
0ADE : 2;
0ADF : 10;
0AE0 : -21;
0AE1 : -2;
0AE2 : -17;
0AE3 : -7;
0AE4 : -6;
0AE5 : 56;
0AE6 : 8;
0AE7 : 26;
0AE8 : 26;
0AE9 : -32;
0AEA : 3;
0AEB : 14;
0AEC : -14;
0AED : 5;
0AEE : 47;
0AEF : 5;
0AF0 : -15;
0AF1 : 38;
0AF2 : -7;
0AF3 : 23;
0AF4 : -3;
0AF5 : 20;
0AF6 : 56;
0AF7 : 1;
0AF8 : 21;
0AF9 : 9;
0AFA : 22;
0AFB : -24;
0AFC : -26;
0AFD : 19;
0AFE : 39;
0AFF : -25;
0B00 : 12;
0B01 : -14;
0B02 : 19;
0B03 : -3;
0B04 : -11;
0B05 : 29;
0B06 : 23;
0B07 : 19;
0B08 : -15;
0B09 : 4;
0B0A : 3;
0B0B : 12;
0B0C : 21;
0B0D : 3;
0B0E : 7;
0B0F : 3;
0B10 : -23;
0B11 : -35;
0B12 : 21;
0B13 : 11;
0B14 : -3;
0B15 : -2;
0B16 : -5;
0B17 : -39;
0B18 : -20;
0B19 : 10;
0B1A : -25;
0B1B : 53;
0B1C : 11;
0B1D : 31;
0B1E : 23;
0B1F : -17;
0B20 : -31;
0B21 : -16;
0B22 : -39;
0B23 : 5;
0B24 : -5;
0B25 : 11;
0B26 : 0;
0B27 : -53;
0B28 : 1;
0B29 : -7;
0B2A : -10;
0B2B : -13;
0B2C : -11;
0B2D : -10;
0B2E : 17;
0B2F : 24;
0B30 : -18;
0B31 : 19;
0B32 : -30;
0B33 : -3;
0B34 : 5;
0B35 : 30;
0B36 : 28;
0B37 : 24;
0B38 : 40;
0B39 : 4;
0B3A : -8;
0B3B : -21;
0B3C : -23;
0B3D : 6;
0B3E : -19;
0B3F : 22;
0B40 : -30;
0B41 : 3;
0B42 : 14;
0B43 : 36;
0B44 : 3;
0B45 : 36;
0B46 : 27;
0B47 : 0;
0B48 : 35;
0B49 : 38;
0B4A : 16;
0B4B : 27;
0B4C : 26;
0B4D : -33;
0B4E : 20;
0B4F : 7;
0B50 : -26;
0B51 : -17;
0B52 : 33;
0B53 : -6;
0B54 : 23;
0B55 : -24;
0B56 : 22;
0B57 : -6;
0B58 : 15;
0B59 : -23;
0B5A : 14;
0B5B : -9;
0B5C : -24;
0B5D : -13;
0B5E : 5;
0B5F : -23;
0B60 : 25;
0B61 : -10;
0B62 : 11;
0B63 : -17;
0B64 : 14;
0B65 : -29;
0B66 : 12;
0B67 : -39;
0B68 : 0;
0B69 : -12;
0B6A : 22;
0B6B : -12;
0B6C : 5;
0B6D : -20;
0B6E : 17;
0B6F : 0;
0B70 : -18;
0B71 : -22;
0B72 : -16;
0B73 : 4;
0B74 : -9;
0B75 : 10;
0B76 : -16;
0B77 : 55;
0B78 : -18;
0B79 : 18;
0B7A : 15;
0B7B : -36;
0B7C : -21;
0B7D : 14;
0B7E : 27;
0B7F : 18;
0B80 : -22;
0B81 : 4;
0B82 : 23;
0B83 : -34;
0B84 : 49;
0B85 : -15;
0B86 : 39;
0B87 : 47;
0B88 : -7;
0B89 : 33;
0B8A : 23;
0B8B : -32;
0B8C : 32;
0B8D : -47;
0B8E : 18;
0B8F : 25;
0B90 : -10;
0B91 : -17;
0B92 : 6;
0B93 : -35;
0B94 : 68;
0B95 : -5;
0B96 : 13;
0B97 : 21;
0B98 : 24;
0B99 : -13;
0B9A : 29;
0B9B : 42;
0B9C : -4;
0B9D : -2;
0B9E : -15;
0B9F : 19;
0BA0 : -6;
0BA1 : 2;
0BA2 : 7;
0BA3 : -12;
0BA4 : 35;
0BA5 : -15;
0BA6 : -31;
0BA7 : 32;
0BA8 : 22;
0BA9 : 21;
0BAA : 14;
0BAB : -6;
0BAC : -8;
0BAD : -29;
0BAE : -46;
0BAF : 8;
0BB0 : 46;
0BB1 : 32;
0BB2 : -6;
0BB3 : 14;
0BB4 : 33;
0BB5 : 8;
0BB6 : 9;
0BB7 : 27;
0BB8 : -11;
0BB9 : 36;
0BBA : 7;
0BBB : -17;
0BBC : 13;
0BBD : 39;
0BBE : -36;
0BBF : -30;
0BC0 : -39;
0BC1 : -32;
0BC2 : 42;
0BC3 : 0;
0BC4 : -5;
0BC5 : -7;
0BC6 : -28;
0BC7 : -22;
0BC8 : -55;
0BC9 : 19;
0BCA : 46;
0BCB : 88;
0BCC : 10;
0BCD : -41;
0BCE : -4;
0BCF : -20;
0BD0 : 2;
0BD1 : -21;
0BD2 : -38;
0BD3 : 26;
0BD4 : 22;
0BD5 : 16;
0BD6 : 15;
0BD7 : -17;
0BD8 : -37;
0BD9 : 35;
0BDA : 34;
0BDB : 13;
0BDC : 20;
0BDD : -11;
0BDE : -11;
0BDF : 22;
0BE0 : 10;
0BE1 : 25;
0BE2 : 2;
0BE3 : 8;
0BE4 : 23;
0BE5 : -8;
0BE6 : -24;
0BE7 : -21;
0BE8 : 34;
0BE9 : 34;
0BEA : 6;
0BEB : -20;
0BEC : 30;
0BED : -8;
0BEE : -45;
0BEF : 20;
0BF0 : 2;
0BF1 : 15;
0BF2 : -17;
0BF3 : -17;
0BF4 : 1;
0BF5 : 10;
0BF6 : -3;
0BF7 : 29;
0BF8 : 81;
0BF9 : 31;
0BFA : -2;
0BFB : -10;
0BFC : -10;
0BFD : 44;
0BFE : -45;
0BFF : 26;
0C00 : -20;
0C01 : 30;
0C02 : 16;
0C03 : 48;
0C04 : -35;
0C05 : -8;
0C06 : 26;
0C07 : -27;
0C08 : 5;
0C09 : 3;
0C0A : -32;
0C0B : 9;
0C0C : 6;
0C0D : -10;
0C0E : -25;
0C0F : 46;
0C10 : -54;
0C11 : -25;
0C12 : 22;
0C13 : 31;
0C14 : -3;
0C15 : -29;
0C16 : 24;
0C17 : -11;
0C18 : -22;
0C19 : 31;
0C1A : -24;
0C1B : 16;
0C1C : 3;
0C1D : -27;
0C1E : -8;
0C1F : -15;
0C20 : -18;
0C21 : -29;
0C22 : 25;
0C23 : 0;
0C24 : -14;
0C25 : -47;
0C26 : -21;
0C27 : 40;
0C28 : -2;
0C29 : -18;
0C2A : 1;
0C2B : 18;
0C2C : -12;
0C2D : -8;
0C2E : -17;
0C2F : -16;
0C30 : -24;
0C31 : -5;
0C32 : 21;
0C33 : 19;
0C34 : 26;
0C35 : -7;
0C36 : 4;
0C37 : 81;
0C38 : -20;
0C39 : 26;
0C3A : 9;
0C3B : 55;
0C3C : -10;
0C3D : -45;
0C3E : 0;
0C3F : -11;
0C40 : 14;
0C41 : 29;
0C42 : 5;
0C43 : -20;
0C44 : -5;
0C45 : -34;
0C46 : 40;
0C47 : 6;
0C48 : 34;
0C49 : -3;
0C4A : -38;
0C4B : 23;
0C4C : -7;
0C4D : 7;
0C4E : 33;
0C4F : 49;
0C50 : -29;
0C51 : -40;
0C52 : 6;
0C53 : -15;
0C54 : 25;
0C55 : -9;
0C56 : 23;
0C57 : 7;
0C58 : 3;
0C59 : 10;
0C5A : -41;
0C5B : 20;
0C5C : -21;
0C5D : 30;
0C5E : 3;
0C5F : 18;
0C60 : 6;
0C61 : 21;
0C62 : 29;
0C63 : 36;
0C64 : -9;
0C65 : -24;
0C66 : 51;
0C67 : 14;
0C68 : 10;
0C69 : -25;
0C6A : -13;
0C6B : 22;
0C6C : -18;
0C6D : 26;
0C6E : 7;
0C6F : -4;
0C70 : -43;
0C71 : -12;
0C72 : 7;
0C73 : 10;
0C74 : 21;
0C75 : -12;
0C76 : -5;
0C77 : -10;
0C78 : -15;
0C79 : -15;
0C7A : 11;
0C7B : -1;
0C7C : -39;
0C7D : -21;
0C7E : 17;
0C7F : 28;
0C80 : 23;
0C81 : -9;
0C82 : -1;
0C83 : -22;
0C84 : 42;
0C85 : 29;
0C86 : -22;
0C87 : -8;
0C88 : -11;
0C89 : -24;
0C8A : 40;
0C8B : 29;
0C8C : 30;
0C8D : 10;
0C8E : -30;
0C8F : -12;
0C90 : -29;
0C91 : 9;
0C92 : 19;
0C93 : 4;
0C94 : -17;
0C95 : -8;
0C96 : 0;
0C97 : -17;
0C98 : 1;
0C99 : -10;
0C9A : -1;
0C9B : 28;
0C9C : -3;
0C9D : -2;
0C9E : -13;
0C9F : -22;
0CA0 : 19;
0CA1 : 3;
0CA2 : -3;
0CA3 : -5;
0CA4 : 32;
0CA5 : 22;
0CA6 : -4;
0CA7 : 2;
0CA8 : -6;
0CA9 : -25;
0CAA : 5;
0CAB : -4;
0CAC : -19;
0CAD : 17;
0CAE : 42;
0CAF : 23;
0CB0 : 23;
0CB1 : 36;
0CB2 : 7;
0CB3 : 44;
0CB4 : 16;
0CB5 : -23;
0CB6 : -20;
0CB7 : 17;
0CB8 : -12;
0CB9 : -3;
0CBA : 48;
0CBB : 33;
0CBC : -12;
0CBD : 56;
0CBE : 34;
0CBF : 34;
0CC0 : -32;
0CC1 : 23;
0CC2 : -13;
0CC3 : -42;
0CC4 : 23;
0CC5 : 6;
0CC6 : -33;
0CC7 : -10;
0CC8 : 21;
0CC9 : 23;
0CCA : 19;
0CCB : 36;
0CCC : -1;
0CCD : -52;
0CCE : 17;
0CCF : 5;
0CD0 : -4;
0CD1 : -15;
0CD2 : -4;
0CD3 : -17;
0CD4 : 3;
0CD5 : -11;
0CD6 : 0;
0CD7 : 36;
0CD8 : 30;
0CD9 : 13;
0CDA : 6;
0CDB : 26;
0CDC : -6;
0CDD : -42;
0CDE : 15;
0CDF : 0;
0CE0 : 1;
0CE1 : -8;
0CE2 : 20;
0CE3 : 2;
0CE4 : -24;
0CE5 : -34;
0CE6 : 26;
0CE7 : 49;
0CE8 : -32;
0CE9 : -5;
0CEA : 10;
0CEB : -26;
0CEC : -18;
0CED : -2;
0CEE : -6;
0CEF : -25;
0CF0 : 30;
0CF1 : 27;
0CF2 : 14;
0CF3 : 8;
0CF4 : -5;
0CF5 : 16;
0CF6 : 4;
0CF7 : 2;
0CF8 : -7;
0CF9 : -11;
0CFA : 29;
0CFB : 24;
0CFC : 21;
0CFD : -11;
0CFE : 1;
0CFF : -30;
0D00 : -22;
0D01 : 8;
0D02 : 8;
0D03 : -13;
0D04 : -72;
0D05 : 17;
0D06 : 22;
0D07 : -5;
0D08 : 12;
0D09 : -35;
0D0A : -4;
0D0B : 64;
0D0C : -13;
0D0D : -46;
0D0E : 36;
0D0F : -26;
0D10 : -10;
0D11 : 14;
0D12 : 35;
0D13 : 4;
0D14 : 18;
0D15 : 58;
0D16 : -3;
0D17 : 23;
0D18 : -7;
0D19 : 9;
0D1A : 28;
0D1B : 54;
0D1C : -11;
0D1D : -17;
0D1E : 5;
0D1F : -13;
0D20 : 15;
0D21 : 20;
0D22 : -42;
0D23 : -21;
0D24 : 48;
0D25 : -40;
0D26 : 24;
0D27 : -14;
0D28 : 30;
0D29 : -1;
0D2A : 23;
0D2B : 6;
0D2C : 2;
0D2D : -39;
0D2E : 15;
0D2F : -6;
0D30 : 71;
0D31 : 18;
0D32 : 10;
0D33 : -10;
0D34 : 19;
0D35 : -8;
0D36 : 33;
0D37 : 7;
0D38 : 28;
0D39 : -9;
0D3A : 46;
0D3B : 33;
0D3C : 0;
0D3D : 27;
0D3E : -3;
0D3F : -3;
0D40 : -56;
0D41 : -30;
0D42 : 26;
0D43 : -26;
0D44 : -74;
0D45 : -7;
0D46 : -15;
0D47 : 23;
0D48 : 9;
0D49 : -35;
0D4A : -24;
0D4B : -32;
0D4C : -19;
0D4D : -39;
0D4E : 4;
0D4F : -22;
0D50 : -35;
0D51 : -38;
0D52 : 30;
0D53 : 44;
0D54 : -7;
0D55 : 11;
0D56 : 35;
0D57 : -50;
0D58 : 4;
0D59 : -11;
0D5A : 32;
0D5B : 32;
0D5C : 1;
0D5D : -10;
0D5E : 23;
0D5F : -26;
0D60 : 3;
0D61 : 35;
0D62 : 5;
0D63 : 24;
0D64 : -13;
0D65 : 35;
0D66 : -31;
0D67 : -44;
0D68 : 3;
0D69 : -25;
0D6A : -15;
0D6B : 36;
0D6C : 37;
0D6D : 23;
0D6E : -17;
0D6F : -14;
0D70 : 49;
0D71 : 3;
0D72 : -1;
0D73 : -30;
0D74 : 29;
0D75 : 23;
0D76 : -42;
0D77 : -33;
0D78 : 51;
0D79 : 24;
0D7A : 15;
0D7B : -15;
0D7C : 24;
0D7D : -9;
0D7E : 1;
0D7F : 2;
0D80 : -63;
0D81 : -23;
0D82 : 16;
0D83 : 12;
0D84 : -24;
0D85 : -67;
0D86 : 31;
0D87 : 3;
0D88 : -32;
0D89 : -4;
0D8A : -7;
0D8B : -14;
0D8C : 0;
0D8D : -8;
0D8E : 27;
0D8F : 9;
0D90 : 11;
0D91 : -12;
0D92 : 36;
0D93 : 23;
0D94 : 8;
0D95 : 0;
0D96 : -21;
0D97 : 19;
0D98 : 7;
0D99 : -38;
0D9A : -12;
0D9B : 38;
0D9C : 1;
0D9D : 34;
0D9E : -17;
0D9F : 32;
0DA0 : 13;
0DA1 : 8;
0DA2 : -14;
0DA3 : -2;
0DA4 : -13;
0DA5 : -4;
0DA6 : -8;
0DA7 : -33;
0DA8 : -29;
0DA9 : -28;
0DAA : 1;
0DAB : 26;
0DAC : 29;
0DAD : 5;
0DAE : -17;
0DAF : 13;
0DB0 : 23;
0DB1 : -19;
0DB2 : -33;
0DB3 : -2;
0DB4 : -5;
0DB5 : 29;
0DB6 : -44;
0DB7 : -66;
0DB8 : -39;
0DB9 : -5;
0DBA : -47;
0DBB : -29;
0DBC : 22;
0DBD : -14;
0DBE : -4;
0DBF : -37;
0DC0 : -21;
0DC1 : 4;
0DC2 : -29;
0DC3 : -17;
0DC4 : -3;
0DC5 : 10;
0DC6 : -46;
0DC7 : 10;
0DC8 : -4;
0DC9 : -1;
0DCA : -28;
0DCB : 26;
0DCC : -15;
0DCD : -18;
0DCE : 7;
0DCF : -1;
0DD0 : -11;
0DD1 : -13;
0DD2 : 36;
0DD3 : 19;
0DD4 : -7;
0DD5 : -49;
0DD6 : -15;
0DD7 : -11;
0DD8 : -36;
0DD9 : 4;
0DDA : -4;
0DDB : 29;
0DDC : 3;
0DDD : 8;
0DDE : -3;
0DDF : -19;
0DE0 : -1;
0DE1 : -13;
0DE2 : -5;
0DE3 : -34;
0DE4 : 3;
0DE5 : 23;
0DE6 : -14;
0DE7 : 14;
0DE8 : -6;
0DE9 : 39;
0DEA : -10;
0DEB : 27;
0DEC : -13;
0DED : -16;
0DEE : -4;
0DEF : 25;
0DF0 : -27;
0DF1 : -22;
0DF2 : -39;
0DF3 : -27;
0DF4 : 14;
0DF5 : -1;
0DF6 : -6;
0DF7 : -14;
0DF8 : -57;
0DF9 : -3;
0DFA : -24;
0DFB : 1;
0DFC : -23;
0DFD : -35;
0DFE : -37;
0DFF : -14;
0E00 : -6;
0E01 : 12;
0E02 : -10;
0E03 : -9;
0E04 : 33;
0E05 : 2;
0E06 : 19;
0E07 : 25;
0E08 : -29;
0E09 : -28;
0E0A : -6;
0E0B : 52;
0E0C : -3;
0E0D : 2;
0E0E : 27;
0E0F : -16;
0E10 : 18;
0E11 : 13;
0E12 : -28;
0E13 : -21;
0E14 : 42;
0E15 : 30;
0E16 : -38;
0E17 : -16;
0E18 : -14;
0E19 : -20;
0E1A : 36;
0E1B : 40;
0E1C : -18;
0E1D : 11;
0E1E : -21;
0E1F : 38;
0E20 : 11;
0E21 : 8;
0E22 : -37;
0E23 : 32;
0E24 : 21;
0E25 : 36;
0E26 : -20;
0E27 : -51;
0E28 : -3;
0E29 : -9;
0E2A : 22;
0E2B : -2;
0E2C : 12;
0E2D : -10;
0E2E : 9;
0E2F : 24;
0E30 : 57;
0E31 : -10;
0E32 : -26;
0E33 : 5;
0E34 : -19;
0E35 : 10;
0E36 : -2;
0E37 : -62;
0E38 : 7;
0E39 : 26;
0E3A : -18;
0E3B : 1;
0E3C : 14;
0E3D : 37;
0E3E : -16;
0E3F : -3;
0E40 : -23;
0E41 : -37;
0E42 : -10;
0E43 : 41;
0E44 : 1;
0E45 : -50;
0E46 : -26;
0E47 : 4;
0E48 : -20;
0E49 : 13;
0E4A : -11;
0E4B : 21;
0E4C : -33;
0E4D : 15;
0E4E : 21;
0E4F : 20;
0E50 : -12;
0E51 : 13;
0E52 : 23;
0E53 : 23;
0E54 : -32;
0E55 : 45;
0E56 : -21;
0E57 : -14;
0E58 : 36;
0E59 : -15;
0E5A : 35;
0E5B : 11;
0E5C : 13;
0E5D : 8;
0E5E : 5;
0E5F : 20;
0E60 : 26;
0E61 : 28;
0E62 : -13;
0E63 : 32;
0E64 : 21;
0E65 : 41;
0E66 : -44;
0E67 : -43;
0E68 : 19;
0E69 : 9;
0E6A : -34;
0E6B : -2;
0E6C : -24;
0E6D : -14;
0E6E : -12;
0E6F : -3;
0E70 : -11;
0E71 : -2;
0E72 : 15;
0E73 : -7;
0E74 : -22;
0E75 : -10;
0E76 : -51;
0E77 : -35;
0E78 : 0;
0E79 : -16;
0E7A : -17;
0E7B : -30;
0E7C : -7;
0E7D : 20;
0E7E : -21;
0E7F : 19;
0E80 : 18;
0E81 : -51;
0E82 : 39;
0E83 : -16;
0E84 : 8;
0E85 : -40;
0E86 : -23;
0E87 : 3;
0E88 : -14;
0E89 : 8;
0E8A : -45;
0E8B : -25;
0E8C : -2;
0E8D : 9;
0E8E : -10;
0E8F : -11;
0E90 : -12;
0E91 : -1;
0E92 : 18;
0E93 : 8;
0E94 : 9;
0E95 : -18;
0E96 : -24;
0E97 : -2;
0E98 : -17;
0E99 : -15;
0E9A : -26;
0E9B : 27;
0E9C : -12;
0E9D : -22;
0E9E : -19;
0E9F : 0;
0EA0 : -19;
0EA1 : -13;
0EA2 : -22;
0EA3 : 13;
0EA4 : -5;
0EA5 : -16;
0EA6 : 7;
0EA7 : -19;
0EA8 : 30;
0EA9 : 20;
0EAA : -36;
0EAB : -24;
0EAC : 3;
0EAD : -2;
0EAE : -22;
0EAF : -14;
0EB0 : -20;
0EB1 : 8;
0EB2 : -21;
0EB3 : -9;
0EB4 : -10;
0EB5 : 6;
0EB6 : -22;
0EB7 : -13;
0EB8 : 27;
0EB9 : -5;
0EBA : -31;
0EBB : -36;
0EBC : 18;
0EBD : -16;
0EBE : 16;
0EBF : 9;
0EC0 : -27;
0EC1 : -57;
0EC2 : 2;
0EC3 : -7;
0EC4 : -9;
0EC5 : -48;
0EC6 : -24;
0EC7 : 7;
0EC8 : -12;
0EC9 : -9;
0ECA : -30;
0ECB : -26;
0ECC : 22;
0ECD : -42;
0ECE : 23;
0ECF : 9;
0ED0 : -6;
0ED1 : -4;
0ED2 : 7;
0ED3 : 39;
0ED4 : -21;
0ED5 : 31;
0ED6 : -4;
0ED7 : -41;
0ED8 : 2;
0ED9 : 19;
0EDA : 3;
0EDB : 15;
0EDC : -19;
0EDD : -11;
0EDE : 40;
0EDF : -2;
0EE0 : -13;
0EE1 : 24;
0EE2 : -9;
0EE3 : 33;
0EE4 : -33;
0EE5 : -6;
0EE6 : -41;
0EE7 : 18;
0EE8 : 12;
0EE9 : 55;
0EEA : -24;
0EEB : -12;
0EEC : 23;
0EED : -28;
0EEE : -20;
0EEF : -12;
0EF0 : -52;
0EF1 : 4;
0EF2 : -19;
0EF3 : -2;
0EF4 : 29;
0EF5 : -82;
0EF6 : 12;
0EF7 : -12;
0EF8 : -52;
0EF9 : -18;
0EFA : -3;
0EFB : -18;
0EFC : -5;
0EFD : -14;
0EFE : 27;
0EFF : 25;
0F00 : -11;
0F01 : 9;
0F02 : -21;
0F03 : 23;
0F04 : -28;
0F05 : -5;
0F06 : 23;
0F07 : -26;
0F08 : -8;
0F09 : 17;
0F0A : 27;
0F0B : -36;
0F0C : -22;
0F0D : 11;
0F0E : 0;
0F0F : -3;
0F10 : 17;
0F11 : 15;
0F12 : -10;
0F13 : 37;
0F14 : 5;
0F15 : 15;
0F16 : 16;
0F17 : -1;
0F18 : 31;
0F19 : 11;
0F1A : 13;
0F1B : 18;
0F1C : 0;
0F1D : 8;
0F1E : 23;
0F1F : -7;
0F20 : 47;
0F21 : 32;
0F22 : -13;
0F23 : 34;
0F24 : 5;
0F25 : -9;
0F26 : 14;
0F27 : -15;
0F28 : -15;
0F29 : -19;
0F2A : 13;
0F2B : -37;
0F2C : -9;
0F2D : 16;
0F2E : -29;
0F2F : -4;
0F30 : 12;
0F31 : 27;
0F32 : -22;
0F33 : 7;
0F34 : -2;
0F35 : -16;
0F36 : -18;
0F37 : 7;
0F38 : -17;
0F39 : -19;
0F3A : -30;
0F3B : -20;
0F3C : -26;
0F3D : 27;
0F3E : -3;
0F3F : -34;
0F40 : -31;
0F41 : -24;
0F42 : 18;
0F43 : 15;
0F44 : -92;
0F45 : -15;
0F46 : -35;
0F47 : -21;
0F48 : 22;
0F49 : 0;
0F4A : 34;
0F4B : -10;
0F4C : 11;
0F4D : 12;
0F4E : -20;
0F4F : 1;
0F50 : -9;
0F51 : 5;
0F52 : -10;
0F53 : -2;
0F54 : -10;
0F55 : -21;
0F56 : -27;
0F57 : 3;
0F58 : -6;
0F59 : -4;
0F5A : 1;
0F5B : -10;
0F5C : 26;
0F5D : -13;
0F5E : 0;
0F5F : -17;
0F60 : -2;
0F61 : -6;
0F62 : 10;
0F63 : -28;
0F64 : -12;
0F65 : -12;
0F66 : 13;
0F67 : 2;
0F68 : -9;
0F69 : 11;
0F6A : 23;
0F6B : 27;
0F6C : 4;
0F6D : -2;
0F6E : -46;
0F6F : -13;
0F70 : 34;
0F71 : -13;
0F72 : -4;
0F73 : 7;
0F74 : 34;
0F75 : 7;
0F76 : 2;
0F77 : 20;
0F78 : -24;
0F79 : -21;
0F7A : -3;
0F7B : 20;
0F7C : 26;
0F7D : 13;
0F7E : -40;
0F7F : 18;
0F80 : 33;
0F81 : 4;
0F82 : -1;
0F83 : 9;
0F84 : 21;
0F85 : -21;
0F86 : 24;
0F87 : 39;
0F88 : 9;
0F89 : -10;
0F8A : -9;
0F8B : 14;
0F8C : -22;
0F8D : 6;
0F8E : 5;
0F8F : -11;
0F90 : -53;
0F91 : -12;
0F92 : 3;
0F93 : -33;
0F94 : 25;
0F95 : -24;
0F96 : -38;
0F97 : -17;
0F98 : 15;
0F99 : 1;
0F9A : -19;
0F9B : -3;
0F9C : 17;
0F9D : -36;
0F9E : 14;
0F9F : -14;
0FA0 : 26;
0FA1 : -23;
0FA2 : -15;
0FA3 : 8;
0FA4 : 39;
0FA5 : 20;
0FA6 : 7;
0FA7 : -5;
0FA8 : 11;
0FA9 : -23;
0FAA : -2;
0FAB : 15;
0FAC : -3;
0FAD : -9;
0FAE : -4;
0FAF : 14;
0FB0 : 61;
0FB1 : 31;
0FB2 : -66;
0FB3 : 13;
0FB4 : -23;
0FB5 : 23;
0FB6 : 6;
0FB7 : 11;
0FB8 : -16;
0FB9 : -31;
0FBA : 18;
0FBB : -19;
0FBC : 26;
0FBD : 44;
0FBE : -63;
0FBF : -14;
0FC0 : 0;
0FC1 : -32;
0FC2 : 14;
0FC3 : -29;
0FC4 : -15;
0FC5 : -8;
0FC6 : 0;
0FC7 : 36;
0FC8 : -5;
0FC9 : 0;
0FCA : 32;
0FCB : 65;
0FCC : 14;
0FCD : -21;
0FCE : 32;
0FCF : -2;
0FD0 : -33;
0FD1 : -19;
0FD2 : 6;
0FD3 : 17;
0FD4 : 34;
0FD5 : -8;
0FD6 : -13;
0FD7 : -20;
0FD8 : 1;
0FD9 : -35;
0FDA : 16;
0FDB : 14;
0FDC : -24;
0FDD : -23;
0FDE : 33;
0FDF : 16;
0FE0 : 6;
0FE1 : 12;
0FE2 : 15;
0FE3 : -13;
0FE4 : -5;
0FE5 : 48;
0FE6 : -1;
0FE7 : -41;
0FE8 : -22;
0FE9 : -19;
0FEA : 18;
0FEB : 5;
0FEC : 18;
0FED : 29;
0FEE : -8;
0FEF : -23;
0FF0 : 33;
0FF1 : 17;
0FF2 : 8;
0FF3 : 13;
0FF4 : -3;
0FF5 : 36;
0FF6 : 19;
0FF7 : -32;
0FF8 : -35;
0FF9 : -38;
0FFA : 1;
0FFB : -31;
0FFC : -10;
0FFD : 37;
0FFE : -38;
0FFF : -9;
1000 : -35;
1001 : -13;
1002 : -17;
1003 : -34;
1004 : 24;
1005 : 40;
1006 : -32;
1007 : -25;
1008 : 22;
1009 : 14;
100A : 16;
100B : 33;
100C : -24;
100D : 6;
100E : 32;
100F : 14;
1010 : 16;
1011 : 12;
1012 : 39;
1013 : 4;
1014 : -7;
1015 : 58;
1016 : -18;
1017 : -23;
1018 : 26;
1019 : 15;
101A : 7;
101B : 8;
101C : 4;
101D : -16;
101E : -17;
101F : 28;
1020 : 10;
1021 : -13;
1022 : 8;
1023 : -18;
1024 : 10;
1025 : 49;
1026 : 12;
1027 : -31;
1028 : 14;
1029 : -1;
102A : 15;
102B : -12;
102C : 21;
102D : 31;
102E : -25;
102F : 13;
1030 : 6;
1031 : -15;
1032 : 2;
1033 : 19;
1034 : 23;
1035 : 7;
1036 : 13;
1037 : -22;
1038 : -12;
1039 : 17;
103A : -7;
103B : -37;
103C : 22;
103D : 17;
103E : -43;
103F : -23;
1040 : -30;
1041 : 18;
1042 : 16;
1043 : 16;
1044 : -45;
1045 : 24;
1046 : 4;
1047 : -13;
1048 : 25;
1049 : -23;
104A : -12;
104B : -11;
104C : 11;
104D : 6;
104E : -35;
104F : -8;
1050 : -9;
1051 : -30;
1052 : 1;
1053 : -10;
1054 : 15;
1055 : 41;
1056 : 13;
1057 : -36;
1058 : -15;
1059 : 24;
105A : -22;
105B : -25;
105C : -2;
105D : 11;
105E : 17;
105F : -13;
1060 : 37;
1061 : -13;
1062 : -25;
1063 : 16;
1064 : 4;
1065 : 10;
1066 : -21;
1067 : -41;
1068 : 17;
1069 : -25;
106A : 10;
106B : 9;
106C : 12;
106D : 27;
106E : 3;
106F : -6;
1070 : 42;
1071 : -21;
1072 : -5;
1073 : -6;
1074 : -12;
1075 : 12;
1076 : 28;
1077 : 3;
1078 : 11;
1079 : -23;
107A : -21;
107B : 5;
107C : -16;
107D : 57;
107E : -5;
107F : 14;
1080 : 1;
1081 : -3;
1082 : -29;
1083 : 25;
1084 : -35;
1085 : 12;
1086 : 4;
1087 : 1;
1088 : 17;
1089 : -23;
108A : 4;
108B : -15;
108C : 32;
108D : 0;
108E : 1;
108F : -6;
1090 : 45;
1091 : 0;
1092 : -7;
1093 : -17;
1094 : -35;
1095 : 9;
1096 : -27;
1097 : -25;
1098 : -13;
1099 : -4;
109A : -11;
109B : -28;
109C : 1;
109D : 7;
109E : -34;
109F : -3;
10A0 : 19;
10A1 : 7;
10A2 : 1;
10A3 : -16;
10A4 : -20;
10A5 : 6;
10A6 : 6;
10A7 : 33;
10A8 : 17;
10A9 : -6;
10AA : -9;
10AB : -12;
10AC : 23;
10AD : -26;
10AE : 5;
10AF : 1;
10B0 : -5;
10B1 : 13;
10B2 : 5;
10B3 : 1;
10B4 : 0;
10B5 : 2;
10B6 : 1;
10B7 : -30;
10B8 : -40;
10B9 : 1;
10BA : -8;
10BB : 24;
10BC : -35;
10BD : -35;
10BE : -8;
10BF : -29;
10C0 : -3;
10C1 : 11;
10C2 : -44;
10C3 : 33;
10C4 : 24;
10C5 : 36;
10C6 : 34;
10C7 : 8;
10C8 : 44;
10C9 : 19;
10CA : 18;
10CB : -68;
10CC : 17;
10CD : 6;
10CE : 37;
10CF : 15;
10D0 : 5;
10D1 : -2;
10D2 : -2;
10D3 : 21;
10D4 : 20;
10D5 : -7;
10D6 : -22;
10D7 : 22;
10D8 : 41;
10D9 : -14;
10DA : 1;
10DB : 21;
10DC : -3;
10DD : 5;
10DE : -19;
10DF : 19;
10E0 : 4;
10E1 : -2;
10E2 : 2;
10E3 : -23;
10E4 : -11;
10E5 : -22;
10E6 : 10;
10E7 : 41;
10E8 : 40;
10E9 : -15;
10EA : 3;
10EB : -12;
10EC : -5;
10ED : -16;
10EE : -14;
10EF : 4;
10F0 : -30;
10F1 : -10;
10F2 : -5;
10F3 : -16;
10F4 : 13;
10F5 : 24;
10F6 : 15;
10F7 : 53;
10F8 : -34;
10F9 : -11;
10FA : 46;
10FB : 22;
10FC : -18;
10FD : 10;
10FE : 50;
10FF : 0;
1100 : 10;
1101 : 21;
1102 : -32;
1103 : 5;
1104 : 1;
1105 : -28;
1106 : -19;
1107 : 20;
1108 : -6;
1109 : -13;
110A : 18;
110B : -23;
110C : 23;
110D : -35;
110E : 14;
110F : -31;
1110 : -7;
1111 : 25;
1112 : -8;
1113 : -35;
1114 : 14;
1115 : -5;
1116 : 19;
1117 : 10;
1118 : -6;
1119 : 24;
111A : -25;
111B : -34;
111C : 10;
111D : -16;
111E : -25;
111F : -17;
1120 : 3;
1121 : -11;
1122 : 3;
1123 : -40;
1124 : -13;
1125 : -31;
1126 : -3;
1127 : -7;
1128 : 12;
1129 : 0;
112A : 16;
112B : 5;
112C : -2;
112D : 3;
112E : 22;
112F : -5;
1130 : 15;
1131 : -32;
1132 : 23;
1133 : 5;
1134 : -1;
1135 : -37;
1136 : -1;
1137 : -12;
1138 : 25;
1139 : 1;
113A : 15;
113B : -39;
113C : -30;
113D : -12;
113E : 7;
113F : 16;
1140 : 15;
1141 : -7;
1142 : 14;
1143 : 13;
1144 : 15;
1145 : 4;
1146 : -31;
1147 : -9;
1148 : 5;
1149 : 23;
114A : -27;
114B : -8;
114C : -27;
114D : 11;
114E : -37;
114F : 8;
1150 : 15;
1151 : -32;
1152 : -11;
1153 : -17;
1154 : -21;
1155 : -22;
1156 : 5;
1157 : -39;
1158 : 3;
1159 : 18;
115A : 8;
115B : 17;
115C : -3;
115D : -21;
115E : -28;
115F : 32;
1160 : -32;
1161 : -5;
1162 : -4;
1163 : -26;
1164 : 4;
1165 : -41;
1166 : -16;
1167 : -8;
1168 : 12;
1169 : 4;
116A : 11;
116B : 0;
116C : -4;
116D : 8;
116E : 7;
116F : -19;
1170 : 9;
1171 : 12;
1172 : -13;
1173 : -16;
1174 : 20;
1175 : -19;
1176 : -38;
1177 : -7;
1178 : 20;
1179 : 27;
117A : -24;
117B : 2;
117C : -17;
117D : -5;
117E : 29;
117F : 19;
1180 : -11;
1181 : 3;
1182 : -18;
1183 : -35;
1184 : 15;
1185 : -15;
1186 : 24;
1187 : -26;
1188 : 7;
1189 : -32;
118A : 5;
118B : -15;
118C : 2;
118D : -38;
118E : -10;
118F : -32;
1190 : -11;
1191 : -35;
1192 : -32;
1193 : 13;
1194 : 0;
1195 : 4;
1196 : -11;
1197 : 20;
1198 : 33;
1199 : -8;
119A : 8;
119B : 16;
119C : -35;
119D : -13;
119E : 16;
119F : -33;
11A0 : 5;
11A1 : 7;
11A2 : -16;
11A3 : -32;
11A4 : -7;
11A5 : -4;
11A6 : 1;
11A7 : 22;
11A8 : 26;
11A9 : 11;
11AA : 28;
11AB : -21;
11AC : 20;
11AD : -4;
11AE : -17;
11AF : -25;
11B0 : -45;
11B1 : -33;
11B2 : 23;
11B3 : -32;
11B4 : 15;
11B5 : 3;
11B6 : 6;
11B7 : 10;
11B8 : 10;
11B9 : -30;
11BA : 39;
11BB : -8;
11BC : -15;
11BD : -38;
11BE : 3;
11BF : -16;
11C0 : 8;
11C1 : -33;
11C2 : -3;
11C3 : 30;
11C4 : -23;
11C5 : -17;
11C6 : 6;
11C7 : -16;
11C8 : -17;
11C9 : 29;
11CA : 19;
11CB : 2;
11CC : 15;
11CD : -8;
11CE : -33;
11CF : -20;
11D0 : -25;
11D1 : 3;
11D2 : -10;
11D3 : 5;
11D4 : 3;
11D5 : -12;
11D6 : -11;
11D7 : 4;
11D8 : 18;
11D9 : -16;
11DA : 14;
11DB : -9;
11DC : 13;
11DD : 19;
11DE : -29;
11DF : -25;
11E0 : -29;
11E1 : -14;
11E2 : -31;
11E3 : 26;
11E4 : -8;
11E5 : -10;
11E6 : -29;
11E7 : -37;
11E8 : -14;
11E9 : 12;
11EA : 3;
11EB : -1;
11EC : -30;
11ED : 6;
11EE : -29;
11EF : -28;
11F0 : -28;
11F1 : -22;
11F2 : -12;
11F3 : -17;
11F4 : -26;
11F5 : 10;
11F6 : -20;
11F7 : -33;
11F8 : 19;
11F9 : 12;
11FA : -39;
11FB : -32;
11FC : -20;
11FD : -25;
11FE : 25;
11FF : 0;
1200 : 17;
1201 : -18;
1202 : -28;
1203 : -4;
1204 : -38;
1205 : 13;
1206 : -7;
1207 : -2;
1208 : -4;
1209 : 21;
120A : 16;
120B : -14;
120C : -6;
120D : 13;
120E : -13;
120F : 22;
1210 : -8;
1211 : -17;
1212 : 28;
1213 : 8;
1214 : 5;
1215 : -53;
1216 : -16;
1217 : -2;
1218 : 25;
1219 : 34;
121A : -10;
121B : -6;
121C : 8;
121D : 26;
121E : -19;
121F : 5;
1220 : 15;
1221 : 31;
1222 : 4;
1223 : -16;
1224 : -14;
1225 : -27;
1226 : -40;
1227 : -8;
1228 : -37;
1229 : 22;
122A : 4;
122B : 11;
122C : 7;
122D : 39;
122E : -9;
122F : 9;
1230 : 0;
1231 : -22;
1232 : -7;
1233 : -25;
1234 : 23;
1235 : 8;
1236 : -5;
1237 : 66;
1238 : -6;
1239 : 18;
123A : -3;
123B : 37;
123C : 4;
123D : -56;
123E : -24;
123F : -26;
1240 : 54;
1241 : -6;
1242 : -29;
1243 : -16;
1244 : 7;
1245 : -7;
1246 : 21;
1247 : 19;
1248 : 31;
1249 : -21;
124A : -5;
124B : -32;
124C : -21;
124D : 52;
124E : -26;
124F : 10;
1250 : -9;
1251 : -24;
1252 : -22;
1253 : -28;
1254 : -27;
1255 : -32;
1256 : 16;
1257 : 13;
1258 : -13;
1259 : 7;
125A : 0;
125B : -23;
125C : -2;
125D : -8;
125E : -15;
125F : 26;
1260 : -27;
1261 : 0;
1262 : 36;
1263 : -28;
1264 : -3;
1265 : -14;
1266 : 18;
1267 : 13;
1268 : 20;
1269 : -7;
126A : -29;
126B : 16;
126C : 25;
126D : 10;
126E : 0;
126F : -1;
1270 : 24;
1271 : -15;
1272 : -32;
1273 : -8;
1274 : 16;
1275 : 0;
1276 : -18;
1277 : -60;
1278 : -47;
1279 : 2;
127A : 36;
127B : 20;
127C : -24;
127D : -7;
127E : -47;
127F : 13;
1280 : 21;
1281 : 26;
1282 : -43;
1283 : 57;
1284 : -12;
1285 : 33;
1286 : -5;
1287 : 29;
1288 : -2;
1289 : -15;
128A : 24;
128B : -6;
128C : -3;
128D : 25;
128E : 4;
128F : -14;
1290 : -5;
1291 : 15;
1292 : -16;
1293 : 16;
1294 : -34;
1295 : -8;
1296 : -25;
1297 : -18;
1298 : -5;
1299 : -9;
129A : 6;
129B : -38;
129C : -33;
129D : 35;
129E : -6;
129F : 6;
12A0 : 40;
12A1 : 26;
12A2 : 0;
12A3 : 1;
12A4 : 19;
12A5 : -3;
12A6 : 13;
12A7 : 8;
12A8 : 4;
12A9 : -34;
12AA : 30;
12AB : -15;
12AC : -1;
12AD : 33;
12AE : -14;
12AF : -12;
12B0 : 31;
12B1 : -7;
12B2 : -23;
12B3 : 18;
12B4 : 9;
12B5 : 6;
12B6 : -3;
12B7 : -2;
12B8 : 49;
12B9 : 28;
12BA : 36;
12BB : 7;
12BC : -3;
12BD : 42;
12BE : 12;
12BF : -1;
12C0 : 14;
12C1 : 16;
12C2 : 19;
12C3 : 32;
12C4 : 55;
12C5 : -2;
12C6 : 6;
12C7 : 11;
12C8 : 38;
12C9 : 31;
12CA : 14;
12CB : 2;
12CC : -21;
12CD : -8;
12CE : -5;
12CF : 14;
12D0 : 1;
12D1 : 37;
12D2 : 7;
12D3 : -16;
12D4 : -33;
12D5 : -45;
12D6 : -17;
12D7 : 43;
12D8 : -9;
12D9 : -22;
12DA : 5;
12DB : 6;
12DC : -9;
12DD : -21;
12DE : -10;
12DF : 36;
12E0 : 17;
12E1 : -7;
12E2 : -10;
12E3 : 9;
12E4 : -8;
12E5 : 27;
12E6 : 24;
12E7 : 26;
12E8 : -41;
12E9 : 11;
12EA : -17;
12EB : 9;
12EC : 31;
12ED : -12;
12EE : 34;
12EF : 29;
12F0 : -10;
12F1 : 35;
12F2 : 28;
12F3 : 63;
12F4 : 14;
12F5 : -1;
12F6 : 27;
12F7 : -10;
12F8 : -27;
12F9 : 43;
12FA : -17;
12FB : -25;
12FC : -12;
12FD : 24;
12FE : 47;
12FF : 25;
1300 : -44;
1301 : -13;
1302 : -14;
1303 : -37;
1304 : 2;
1305 : 8;
1306 : 2;
1307 : 26;
1308 : 34;
1309 : -36;
130A : -34;
130B : -82;
130C : -43;
130D : -42;
130E : 7;
130F : 15;
1310 : 29;
1311 : -10;
1312 : 1;
1313 : -25;
1314 : -31;
1315 : -10;
1316 : 15;
1317 : -25;
1318 : -16;
1319 : -16;
131A : 1;
131B : -11;
131C : -23;
131D : -14;
131E : 38;
131F : -31;
1320 : -9;
1321 : -2;
1322 : 17;
1323 : 19;
1324 : 0;
1325 : 1;
1326 : 22;
1327 : -23;
1328 : 19;
1329 : -6;
132A : -3;
132B : 29;
132C : 20;
132D : -21;
132E : 26;
132F : -49;
1330 : 31;
1331 : -25;
1332 : 37;
1333 : 19;
1334 : -12;
1335 : -40;
1336 : -5;
1337 : -13;
1338 : 9;
1339 : -4;
133A : 71;
133B : -17;
133C : 42;
133D : -2;
133E : -8;
133F : -27;
1340 : -9;
1341 : 27;
1342 : -1;
1343 : 41;
1344 : 24;
1345 : 2;
1346 : -8;
1347 : 15;
1348 : 10;
1349 : -15;
134A : 3;
134B : -21;
134C : -40;
134D : -8;
134E : 9;
134F : -1;
1350 : 0;
1351 : -2;
1352 : -4;
1353 : -8;
1354 : -32;
1355 : -5;
1356 : -3;
1357 : -39;
1358 : -27;
1359 : -14;
135A : 44;
135B : -4;
135C : -22;
135D : 0;
135E : 25;
135F : -8;
1360 : -6;
1361 : -24;
1362 : 41;
1363 : 9;
1364 : -22;
1365 : -7;
1366 : 14;
1367 : -40;
1368 : 1;
1369 : -8;
136A : 24;
136B : 17;
136C : -34;
136D : 14;
136E : 10;
136F : 1;
1370 : 17;
1371 : 24;
1372 : 31;
1373 : 26;
1374 : 14;
1375 : -31;
1376 : -17;
1377 : -33;
1378 : 20;
1379 : -24;
137A : 58;
137B : -2;
137C : 6;
137D : 42;
137E : -4;
137F : -27;
1380 : -44;
1381 : 20;
1382 : 14;
1383 : 62;
1384 : -12;
1385 : -63;
1386 : 9;
1387 : -21;
1388 : -19;
1389 : 7;
138A : 13;
138B : 29;
138C : -41;
138D : -19;
138E : 2;
138F : -8;
1390 : -51;
1391 : -3;
1392 : 7;
1393 : 46;
1394 : 15;
1395 : -26;
1396 : -3;
1397 : -11;
1398 : -15;
1399 : 20;
139A : -28;
139B : -16;
139C : -20;
139D : -55;
139E : 13;
139F : 15;
13A0 : -58;
13A1 : -7;
13A2 : 29;
13A3 : -21;
13A4 : 15;
13A5 : -48;
13A6 : 12;
13A7 : 1;
13A8 : -18;
13A9 : -5;
13AA : -48;
13AB : -24;
13AC : -10;
13AD : -15;
13AE : -7;
13AF : -26;
13B0 : -44;
13B1 : 12;
13B2 : 4;
13B3 : -10;
13B4 : -12;
13B5 : -44;
13B6 : 8;
13B7 : -42;
13B8 : -40;
13B9 : -6;
13BA : -35;
13BB : 35;
13BC : 28;
13BD : -2;
13BE : 31;
13BF : -3;
13C0 : 32;
13C1 : -11;
13C2 : 21;
13C3 : 41;
13C4 : -32;
13C5 : -11;
13C6 : -15;
13C7 : -33;
13C8 : -15;
13C9 : 19;
13CA : -26;
13CB : -21;
13CC : 11;
13CD : 61;
13CE : 20;
13CF : 46;
13D0 : 15;
13D1 : -7;
13D2 : -3;
13D3 : 12;
13D4 : -9;
13D5 : -47;
13D6 : 29;
13D7 : -1;
13D8 : -23;
13D9 : 39;
13DA : -56;
13DB : -20;
13DC : 25;
13DD : 35;
13DE : -33;
13DF : 17;
13E0 : -4;
13E1 : 2;
13E2 : -5;
13E3 : -8;
13E4 : -14;
13E5 : -27;
13E6 : -20;
13E7 : 38;
13E8 : 12;
13E9 : 30;
13EA : -22;
13EB : -6;
13EC : 44;
13ED : -27;
13EE : -18;
13EF : -3;
13F0 : 24;
13F1 : -32;
13F2 : 1;
13F3 : -39;
13F4 : -8;
13F5 : -2;
13F6 : -51;
13F7 : 58;
13F8 : 24;
13F9 : 6;
13FA : 6;
13FB : 30;
13FC : -32;
13FD : -4;
13FE : -10;
13FF : -1;
1400 : 2;
1401 : -37;
1402 : -8;
1403 : -46;
1404 : 7;
1405 : 11;
1406 : 4;
1407 : 4;
1408 : 19;
1409 : -17;
140A : 25;
140B : -13;
140C : -10;
140D : -11;
140E : -16;
140F : 7;
1410 : 38;
1411 : -6;
1412 : -4;
1413 : 3;
1414 : 37;
1415 : 40;
1416 : 29;
1417 : 9;
1418 : 38;
1419 : -37;
141A : -12;
141B : 25;
141C : -5;
141D : 15;
141E : -10;
141F : -10;
1420 : 28;
1421 : 12;
1422 : -40;
1423 : -4;
1424 : 11;
1425 : 38;
1426 : -12;
1427 : -1;
1428 : -2;
1429 : 16;
142A : 12;
142B : -14;
142C : 12;
142D : 32;
142E : 12;
142F : 20;
1430 : 26;
1431 : 7;
1432 : -38;
1433 : -17;
1434 : -43;
1435 : 52;
1436 : -20;
1437 : -73;
1438 : -12;
1439 : 12;
143A : 26;
143B : -18;
143C : -6;
143D : 47;
143E : -22;
143F : -25;
1440 : 5;
1441 : 7;
1442 : 5;
1443 : -4;
1444 : 12;
1445 : 37;
1446 : -2;
1447 : 31;
1448 : -22;
1449 : -21;
144A : 12;
144B : -5;
144C : 23;
144D : -13;
144E : 2;
144F : -30;
1450 : 35;
1451 : 3;
1452 : -22;
1453 : -3;
1454 : 9;
1455 : 43;
1456 : 40;
1457 : 11;
1458 : 22;
1459 : 18;
145A : 40;
145B : -18;
145C : -6;
145D : 35;
145E : 27;
145F : -28;
1460 : 8;
1461 : 12;
1462 : -30;
1463 : 2;
1464 : 32;
1465 : 1;
1466 : 6;
1467 : -32;
1468 : -15;
1469 : -25;
146A : 11;
146B : -16;
146C : -17;
146D : 22;
146E : -11;
146F : -23;
1470 : 31;
1471 : -10;
1472 : -31;
1473 : 42;
1474 : -24;
1475 : 31;
1476 : -3;
1477 : -9;
1478 : 7;
1479 : 15;
147A : 10;
147B : -40;
147C : -38;
147D : 27;
147E : -11;
147F : -12;
1480 : 16;
1481 : 2;
1482 : 10;
1483 : 27;
1484 : -17;
1485 : 11;
1486 : 9;
1487 : 0;
1488 : -16;
1489 : 42;
148A : 6;
148B : -37;
148C : 28;
148D : 20;
148E : 26;
148F : -10;
1490 : 3;
1491 : 14;
1492 : -12;
1493 : 20;
1494 : 20;
1495 : -35;
1496 : 7;
1497 : -3;
1498 : 21;
1499 : -23;
149A : 1;
149B : -29;
149C : 3;
149D : 13;
149E : 34;
149F : -29;
14A0 : 6;
14A1 : -10;
14A2 : 36;
14A3 : -17;
14A4 : -19;
14A5 : -14;
14A6 : -18;
14A7 : 37;
14A8 : 26;
14A9 : -12;
14AA : -1;
14AB : 13;
14AC : 4;
14AD : -1;
14AE : 1;
14AF : 22;
14B0 : -35;
14B1 : -28;
14B2 : -5;
14B3 : 4;
14B4 : -17;
14B5 : -45;
14B6 : -18;
14B7 : 26;
14B8 : -25;
14B9 : 14;
14BA : -7;
14BB : -5;
14BC : 1;
14BD : -2;
14BE : 9;
14BF : -22;
14C0 : -13;
14C1 : 20;
14C2 : 17;
14C3 : 12;
14C4 : -31;
14C5 : 26;
14C6 : 27;
14C7 : 15;
14C8 : -19;
14C9 : 23;
14CA : -29;
14CB : -70;
14CC : -12;
14CD : 38;
14CE : 1;
14CF : -9;
14D0 : 20;
14D1 : 27;
14D2 : -1;
14D3 : -16;
14D4 : -4;
14D5 : -11;
14D6 : 0;
14D7 : 0;
14D8 : 9;
14D9 : 21;
14DA : -22;
14DB : -25;
14DC : 41;
14DD : 33;
14DE : 10;
14DF : 2;
14E0 : 8;
14E1 : 2;
14E2 : -18;
14E3 : -19;
14E4 : 1;
14E5 : -16;
14E6 : 15;
14E7 : 0;
14E8 : -6;
14E9 : 5;
14EA : -28;
14EB : 21;
14EC : 4;
14ED : -14;
14EE : -19;
14EF : -4;
14F0 : 2;
14F1 : -21;
14F2 : -36;
14F3 : 14;
14F4 : 11;
14F5 : -25;
14F6 : 19;
14F7 : 9;
14F8 : 0;
14F9 : -10;
14FA : -11;
14FB : 17;
14FC : 20;
14FD : 3;
14FE : -23;
14FF : 31;
1500 : -17;
1501 : -30;
1502 : -33;
1503 : 18;
1504 : 1;
1505 : 22;
1506 : -7;
1507 : 4;
1508 : -1;
1509 : 22;
150A : -24;
150B : -75;
150C : -10;
150D : -18;
150E : -16;
150F : -27;
1510 : -5;
1511 : 27;
1512 : -10;
1513 : 5;
1514 : 1;
1515 : 9;
1516 : 17;
1517 : 13;
1518 : 18;
1519 : -11;
151A : -7;
151B : -31;
151C : 2;
151D : -1;
151E : 23;
151F : -27;
1520 : 33;
1521 : 13;
1522 : 6;
1523 : -12;
1524 : 17;
1525 : 30;
1526 : 21;
1527 : 26;
1528 : 37;
1529 : -24;
152A : -17;
152B : -22;
152C : -16;
152D : 50;
152E : 1;
152F : 9;
1530 : 9;
1531 : 42;
1532 : -5;
1533 : 21;
1534 : 16;
1535 : -8;
1536 : 33;
1537 : -12;
1538 : 13;
1539 : 15;
153A : -12;
153B : -9;
153C : -21;
153D : 17;
153E : 5;
153F : 20;
1540 : -6;
1541 : -2;
1542 : -7;
1543 : -23;
1544 : 14;
1545 : -16;
1546 : 49;
1547 : 11;
1548 : 15;
1549 : 28;
154A : 10;
154B : -35;
154C : 3;
154D : -16;
154E : -15;
154F : -22;
1550 : 13;
1551 : 6;
1552 : -12;
1553 : -12;
1554 : 11;
1555 : 1;
1556 : 8;
1557 : -13;
1558 : 10;
1559 : -25;
155A : 12;
155B : 15;
155C : 27;
155D : -15;
155E : 17;
155F : 24;
1560 : -7;
1561 : 10;
1562 : -16;
1563 : -7;
1564 : 7;
1565 : -4;
1566 : -14;
1567 : 38;
1568 : -28;
1569 : 25;
156A : 18;
156B : 20;
156C : 0;
156D : -29;
156E : 17;
156F : -21;
1570 : 10;
1571 : 5;
1572 : -14;
1573 : -6;
1574 : 12;
1575 : 35;
1576 : -10;
1577 : -28;
1578 : -4;
1579 : 21;
157A : 6;
157B : 3;
157C : 33;
157D : 3;
157E : 6;
157F : -22;
1580 : 51;
1581 : 14;
1582 : 14;
1583 : -20;
1584 : -15;
1585 : 17;
1586 : -29;
1587 : -9;
1588 : 1;
1589 : -25;
158A : 10;
158B : 27;
158C : -29;
158D : 26;
158E : -13;
158F : -3;
1590 : -13;
1591 : 11;
1592 : 6;
1593 : 32;
1594 : 18;
1595 : 8;
1596 : 13;
1597 : -3;
1598 : 3;
1599 : 3;
159A : -32;
159B : 29;
159C : 30;
159D : -11;
159E : 27;
159F : 15;
15A0 : 31;
15A1 : -34;
15A2 : -19;
15A3 : -6;
15A4 : 22;
15A5 : 24;
15A6 : 19;
15A7 : 15;
15A8 : -45;
15A9 : 0;
15AA : -35;
15AB : -7;
15AC : 33;
15AD : -1;
15AE : -25;
15AF : -1;
15B0 : 16;
15B1 : 9;
15B2 : -19;
15B3 : 2;
15B4 : -27;
15B5 : -9;
15B6 : -36;
15B7 : 41;
15B8 : -22;
15B9 : 22;
15BA : 18;
15BB : 6;
15BC : 32;
15BD : 37;
15BE : 6;
15BF : 30;
15C0 : -1;
15C1 : -33;
15C2 : -27;
15C3 : -91;
15C4 : -19;
15C5 : -36;
15C6 : 0;
15C7 : 22;
15C8 : 34;
15C9 : 15;
15CA : -5;
15CB : 10;
15CC : -3;
15CD : -37;
15CE : 12;
15CF : -19;
15D0 : -45;
15D1 : -60;
15D2 : 62;
15D3 : -35;
15D4 : 9;
15D5 : 0;
15D6 : -40;
15D7 : 14;
15D8 : 13;
15D9 : -31;
15DA : -24;
15DB : 45;
15DC : -32;
15DD : -59;
15DE : 18;
15DF : -43;
15E0 : 11;
15E1 : -100;
15E2 : 23;
15E3 : -17;
15E4 : 42;
15E5 : 54;
15E6 : -46;
15E7 : -5;
15E8 : -99;
15E9 : -44;
15EA : -10;
15EB : 32;
15EC : -30;
15ED : 32;
15EE : 47;
15EF : -50;
15F0 : 41;
15F1 : -17;
15F2 : -48;
15F3 : -25;
15F4 : 16;
15F5 : 15;
15F6 : -93;
15F7 : -42;
15F8 : -70;
15F9 : -43;
15FA : 17;
15FB : 19;
15FC : -27;
15FD : 34;
15FE : 2;
15FF : -31;
1600 : -26;
1601 : 8;
1602 : 14;
1603 : 23;
1604 : -16;
1605 : -27;
1606 : -13;
1607 : -8;
1608 : 8;
1609 : -30;
160A : 16;
160B : 2;
160C : 16;
160D : 14;
160E : -2;
160F : 10;
1610 : 8;
1611 : -18;
1612 : 20;
1613 : 9;
1614 : -7;
1615 : -3;
1616 : -23;
1617 : 14;
1618 : 12;
1619 : -22;
161A : -36;
161B : 30;
161C : -32;
161D : -21;
161E : 4;
161F : 3;
1620 : 19;
1621 : 16;
1622 : -1;
1623 : -29;
1624 : -29;
1625 : -3;
1626 : 3;
1627 : -10;
1628 : 16;
1629 : 6;
162A : 15;
162B : -25;
162C : -18;
162D : -11;
162E : -21;
162F : 15;
1630 : -4;
1631 : -31;
1632 : -28;
1633 : -35;
1634 : 7;
1635 : 13;
1636 : 20;
1637 : -9;
1638 : -31;
1639 : -17;
163A : -15;
163B : -6;
163C : 17;
163D : -12;
163E : -34;
163F : 11;
1640 : -1;
1641 : 2;
1642 : -31;
1643 : 12;
1644 : 8;
1645 : -5;
1646 : -10;
1647 : 3;
1648 : 0;
1649 : 10;
164A : -26;
164B : 27;
164C : 9;
164D : 17;
164E : -18;
164F : -10;
1650 : -13;
1651 : 0;
1652 : 1;
1653 : -34;
1654 : -17;
1655 : 33;
1656 : -22;
1657 : -26;
1658 : -35;
1659 : 9;
165A : -22;
165B : 13;
165C : 19;
165D : 27;
165E : -14;
165F : 13;
1660 : -14;
1661 : -33;
1662 : -23;
1663 : -27;
1664 : 14;
1665 : 19;
1666 : 14;
1667 : -17;
1668 : -7;
1669 : -11;
166A : 5;
166B : 14;
166C : -16;
166D : 21;
166E : -30;
166F : 12;
1670 : 7;
1671 : -11;
1672 : -25;
1673 : -10;
1674 : -23;
1675 : 7;
1676 : 3;
1677 : -10;
1678 : 26;
1679 : 21;
167A : -33;
167B : 22;
167C : 15;
167D : 15;
167E : -1;
167F : -21;
1680 : -12;
1681 : 7;
1682 : -6;
1683 : -10;
1684 : -23;
1685 : -11;
1686 : 12;
1687 : 14;
1688 : -14;
1689 : -17;
168A : 19;
168B : 33;
168C : -9;
168D : -23;
168E : -23;
168F : -30;
1690 : -9;
1691 : -24;
1692 : -26;
1693 : -20;
1694 : 3;
1695 : 10;
1696 : 8;
1697 : -5;
1698 : 10;
1699 : -20;
169A : -33;
169B : -12;
169C : -8;
169D : 26;
169E : 15;
169F : 18;
16A0 : -13;
16A1 : -35;
16A2 : -26;
16A3 : -24;
16A4 : 14;
16A5 : 24;
16A6 : -18;
16A7 : -1;
16A8 : -6;
16A9 : 17;
16AA : -36;
16AB : -24;
16AC : -22;
16AD : -23;
16AE : 10;
16AF : 6;
16B0 : -8;
16B1 : -26;
16B2 : -11;
16B3 : -19;
16B4 : -24;
16B5 : -37;
16B6 : 14;
16B7 : 10;
16B8 : -7;
16B9 : -5;
16BA : 2;
16BB : -12;
16BC : 14;
16BD : 21;
16BE : 18;
16BF : -10;
16C0 : -21;
16C1 : 6;
16C2 : 22;
16C3 : -18;
16C4 : 16;
16C5 : 0;
16C6 : -22;
16C7 : 19;
16C8 : 16;
16C9 : -10;
16CA : 0;
16CB : 19;
16CC : -35;
16CD : 11;
16CE : 4;
16CF : -28;
16D0 : 24;
16D1 : -20;
16D2 : -20;
16D3 : -20;
16D4 : 19;
16D5 : -28;
16D6 : -5;
16D7 : -29;
16D8 : -33;
16D9 : -12;
16DA : -6;
16DB : 22;
16DC : -2;
16DD : 25;
16DE : 24;
16DF : 0;
16E0 : 0;
16E1 : -9;
16E2 : 1;
16E3 : -8;
16E4 : 23;
16E5 : -20;
16E6 : -13;
16E7 : 19;
16E8 : -30;
16E9 : -11;
16EA : -9;
16EB : -24;
16EC : -27;
16ED : -33;
16EE : -27;
16EF : -18;
16F0 : 10;
16F1 : -24;
16F2 : -8;
16F3 : -15;
16F4 : -11;
16F5 : -16;
16F6 : -31;
16F7 : -14;
16F8 : -25;
16F9 : 19;
16FA : -7;
16FB : 7;
16FC : -1;
16FD : -1;
16FE : 11;
16FF : 6;
1700 : 42;
1701 : 17;
1702 : -13;
1703 : 8;
1704 : -24;
1705 : 17;
1706 : -23;
1707 : 12;
1708 : -34;
1709 : -3;
170A : 2;
170B : -38;
170C : 38;
170D : 4;
170E : -1;
170F : -25;
1710 : -3;
1711 : 9;
1712 : 37;
1713 : 31;
1714 : 14;
1715 : -28;
1716 : 22;
1717 : -4;
1718 : -42;
1719 : 7;
171A : 17;
171B : 16;
171C : -8;
171D : 39;
171E : -18;
171F : 8;
1720 : 34;
1721 : -32;
1722 : 6;
1723 : 22;
1724 : 6;
1725 : 49;
1726 : -20;
1727 : 22;
1728 : -21;
1729 : 28;
172A : -43;
172B : 23;
172C : -3;
172D : -5;
172E : -56;
172F : -19;
1730 : -19;
1731 : 0;
1732 : -4;
1733 : -1;
1734 : -45;
1735 : 46;
1736 : 32;
1737 : -13;
1738 : -15;
1739 : 8;
173A : -36;
173B : -8;
173C : -2;
173D : 32;
173E : -70;
173F : -41;
1740 : -8;
1741 : -15;
1742 : -10;
1743 : -60;
1744 : 14;
1745 : 5;
1746 : -2;
1747 : -2;
1748 : -40;
1749 : -19;
174A : 16;
174B : 41;
174C : 22;
174D : 17;
174E : 11;
174F : 11;
1750 : -10;
1751 : 19;
1752 : 6;
1753 : -21;
1754 : -9;
1755 : 59;
1756 : 25;
1757 : 18;
1758 : 28;
1759 : -20;
175A : 2;
175B : -1;
175C : 27;
175D : -12;
175E : 4;
175F : 19;
1760 : 2;
1761 : 16;
1762 : 11;
1763 : 0;
1764 : 4;
1765 : 43;
1766 : -1;
1767 : -27;
1768 : -26;
1769 : 11;
176A : 0;
176B : 4;
176C : 34;
176D : -39;
176E : -51;
176F : -26;
1770 : 37;
1771 : 2;
1772 : -53;
1773 : -40;
1774 : -8;
1775 : 43;
1776 : -31;
1777 : -60;
1778 : -22;
1779 : 11;
177A : 21;
177B : -41;
177C : -9;
177D : 20;
177E : -45;
177F : -27;
1780 : 8;
1781 : 4;
1782 : -40;
1783 : -34;
1784 : -79;
1785 : 31;
1786 : 16;
1787 : -14;
1788 : 6;
1789 : 25;
178A : -13;
178B : -6;
178C : -16;
178D : 1;
178E : 0;
178F : -23;
1790 : 4;
1791 : -24;
1792 : -12;
1793 : -13;
1794 : -49;
1795 : 29;
1796 : 12;
1797 : -26;
1798 : -6;
1799 : -26;
179A : 13;
179B : -62;
179C : 4;
179D : 43;
179E : 29;
179F : -7;
17A0 : 2;
17A1 : -23;
17A2 : 1;
17A3 : 58;
17A4 : 1;
17A5 : 2;
17A6 : 2;
17A7 : -69;
17A8 : 2;
17A9 : 6;
17AA : 40;
17AB : -8;
17AC : -28;
17AD : 4;
17AE : 2;
17AF : 31;
17B0 : -9;
17B1 : -1;
17B2 : 14;
17B3 : 22;
17B4 : -40;
17B5 : 2;
17B6 : 17;
17B7 : -12;
17B8 : 26;
17B9 : -19;
17BA : -26;
17BB : -19;
17BC : -49;
17BD : -17;
17BE : 51;
17BF : -10;
17C0 : 7;
17C1 : 55;
17C2 : -71;
17C3 : 42;
17C4 : -2;
17C5 : 37;
17C6 : -13;
17C7 : 13;
17C8 : -9;
17C9 : -26;
17CA : -1;
17CB : -108;
17CC : 7;
17CD : 31;
17CE : -32;
17CF : -28;
17D0 : 4;
17D1 : 46;
17D2 : -22;
17D3 : 9;
17D4 : -47;
17D5 : 28;
17D6 : 7;
17D7 : -22;
17D8 : 32;
17D9 : 53;
17DA : 24;
17DB : -88;
17DC : 26;
17DD : 32;
17DE : 2;
17DF : 19;
17E0 : -21;
17E1 : 20;
17E2 : -7;
17E3 : -10;
17E4 : -21;
17E5 : 2;
17E6 : 15;
17E7 : 31;
17E8 : 42;
17E9 : 17;
17EA : -64;
17EB : 6;
17EC : 9;
17ED : 29;
17EE : 33;
17EF : 19;
17F0 : -31;
17F1 : 25;
17F2 : 9;
17F3 : 18;
17F4 : 14;
17F5 : -40;
17F6 : 5;
17F7 : 92;
17F8 : 56;
17F9 : 23;
17FA : -26;
17FB : -36;
17FC : 9;
17FD : -17;
17FE : 35;
17FF : -15;
1800 : 39;
1801 : -17;
1802 : 24;
1803 : 19;
1804 : -16;
1805 : -45;
1806 : 26;
1807 : -29;
1808 : 14;
1809 : -1;
180A : -11;
180B : -34;
180C : -26;
180D : 59;
180E : 4;
180F : -6;
1810 : 10;
1811 : -40;
1812 : 9;
1813 : 13;
1814 : 15;
1815 : -14;
1816 : 12;
1817 : -38;
1818 : -37;
1819 : -23;
181A : -21;
181B : -6;
181C : -14;
181D : 21;
181E : 22;
181F : -17;
1820 : 36;
1821 : 34;
1822 : 0;
1823 : 18;
1824 : 21;
1825 : -53;
1826 : 20;
1827 : -22;
1828 : -8;
1829 : 0;
182A : -7;
182B : -21;
182C : 0;
182D : 26;
182E : 19;
182F : -11;
1830 : 11;
1831 : -8;
1832 : -19;
1833 : 38;
1834 : 8;
1835 : -55;
1836 : 13;
1837 : 2;
1838 : 14;
1839 : -27;
183A : -15;
183B : -11;
183C : 25;
183D : 6;
183E : 11;
183F : -5;
1840 : -44;
1841 : -23;
1842 : 4;
1843 : 14;
1844 : -47;
1845 : -44;
1846 : -19;
1847 : 15;
1848 : 36;
1849 : 26;
184A : 24;
184B : 18;
184C : 15;
184D : -30;
184E : 30;
184F : -16;
1850 : -2;
1851 : 4;
1852 : 8;
1853 : -23;
1854 : -39;
1855 : -37;
1856 : -4;
1857 : 29;
1858 : 14;
1859 : 11;
185A : 0;
185B : 33;
185C : 24;
185D : -42;
185E : -24;
185F : 0;
1860 : -1;
1861 : -7;
1862 : 11;
1863 : -28;
1864 : -28;
1865 : 3;
1866 : -11;
1867 : 25;
1868 : 25;
1869 : 3;
186A : 19;
186B : -30;
186C : 29;
186D : -35;
186E : -1;
186F : -5;
1870 : -11;
1871 : 5;
1872 : 6;
1873 : -14;
1874 : -14;
1875 : 6;
1876 : -55;
1877 : 13;
1878 : 32;
1879 : 3;
187A : -13;
187B : -7;
187C : 44;
187D : -12;
187E : 31;
187F : 23;
1880 : -16;
1881 : 25;
1882 : -5;
1883 : 5;
1884 : 30;
1885 : -47;
1886 : -26;
1887 : 28;
1888 : 33;
1889 : 3;
188A : -2;
188B : 33;
188C : -39;
188D : -1;
188E : 16;
188F : 25;
1890 : -43;
1891 : 18;
1892 : 10;
1893 : 25;
1894 : -8;
1895 : -31;
1896 : -1;
1897 : 26;
1898 : -43;
1899 : 1;
189A : -27;
189B : 60;
189C : 23;
189D : -31;
189E : -17;
189F : 21;
18A0 : -7;
18A1 : -12;
18A2 : 5;
18A3 : 15;
18A4 : 30;
18A5 : -33;
18A6 : 15;
18A7 : 12;
18A8 : 3;
18A9 : -20;
18AA : -14;
18AB : 17;
18AC : 27;
18AD : 1;
18AE : -37;
18AF : -8;
18B0 : 7;
18B1 : -19;
18B2 : -21;
18B3 : 6;
18B4 : 5;
18B5 : -3;
18B6 : -44;
18B7 : 49;
18B8 : -9;
18B9 : -3;
18BA : -49;
18BB : 22;
18BC : -7;
18BD : 4;
18BE : -10;
18BF : -9;
18C0 : 29;
18C1 : 7;
18C2 : 26;
18C3 : -7;
18C4 : 23;
18C5 : 29;
18C6 : -13;
18C7 : 6;
18C8 : 8;
18C9 : 29;
18CA : -5;
18CB : 16;
18CC : -21;
18CD : -28;
18CE : 24;
18CF : 4;
18D0 : -25;
18D1 : -3;
18D2 : 44;
18D3 : 11;
18D4 : 34;
18D5 : 44;
18D6 : -5;
18D7 : 8;
18D8 : 12;
18D9 : -17;
18DA : 1;
18DB : 40;
18DC : -38;
18DD : -35;
18DE : -16;
18DF : 24;
18E0 : 14;
18E1 : -7;
18E2 : 26;
18E3 : -69;
18E4 : 26;
18E5 : -16;
18E6 : -49;
18E7 : 16;
18E8 : -2;
18E9 : -29;
18EA : -2;
18EB : 5;
18EC : -27;
18ED : 11;
18EE : 7;
18EF : -42;
18F0 : -4;
18F1 : -70;
18F2 : -6;
18F3 : -82;
18F4 : -31;
18F5 : 21;
18F6 : -104;
18F7 : 30;
18F8 : 0;
18F9 : -18;
18FA : 25;
18FB : 11;
18FC : -28;
18FD : -16;
18FE : -19;
18FF : -12;
1900 : -93;
1901 : -10;
1902 : 44;
1903 : 3;
1904 : -51;
1905 : -30;
1906 : -27;
1907 : 2;
1908 : -33;
1909 : 22;
190A : -42;
190B : 53;
190C : -30;
190D : -77;
190E : 28;
190F : 45;
1910 : -78;
1911 : -37;
1912 : 25;
1913 : 15;
1914 : -33;
1915 : -6;
1916 : -3;
1917 : 34;
1918 : 2;
1919 : 15;
191A : -29;
191B : 62;
191C : -56;
191D : -94;
191E : -25;
191F : -35;
1920 : -65;
1921 : -10;
1922 : 0;
1923 : -21;
1924 : 18;
1925 : -6;
1926 : 28;
1927 : 26;
1928 : 19;
1929 : -25;
192A : -7;
192B : 52;
192C : -12;
192D : -63;
192E : -26;
192F : -44;
1930 : 13;
1931 : 19;
1932 : -7;
1933 : -30;
1934 : 10;
1935 : 36;
1936 : 27;
1937 : 71;
1938 : 46;
1939 : -5;
193A : 72;
193B : 79;
193C : 44;
193D : -2;
193E : -19;
193F : -10;
1940 : -44;
1941 : 7;
1942 : 6;
1943 : -18;
1944 : 9;
1945 : -35;
1946 : 21;
1947 : -13;
1948 : -1;
1949 : 23;
194A : -2;
194B : 61;
194C : -1;
194D : 11;
194E : 5;
194F : 19;
1950 : -28;
1951 : 28;
1952 : -17;
1953 : 40;
1954 : -13;
1955 : -3;
1956 : 19;
1957 : 33;
1958 : -24;
1959 : 17;
195A : -22;
195B : 34;
195C : -16;
195D : 4;
195E : 14;
195F : -17;
1960 : 25;
1961 : -9;
1962 : 15;
1963 : 10;
1964 : 32;
1965 : 5;
1966 : 19;
1967 : 25;
1968 : -28;
1969 : 27;
196A : 20;
196B : -8;
196C : -22;
196D : 31;
196E : 32;
196F : 28;
1970 : -12;
1971 : -2;
1972 : 1;
1973 : -18;
1974 : -15;
1975 : 4;
1976 : 22;
1977 : -31;
1978 : 29;
1979 : 8;
197A : 29;
197B : 12;
197C : -26;
197D : 41;
197E : 30;
197F : 18;
1980 : 28;
1981 : 8;
1982 : -6;
1983 : 20;
1984 : 4;
1985 : -2;
1986 : -19;
1987 : -26;
1988 : -3;
1989 : -16;
198A : 14;
198B : 25;
198C : 26;
198D : -12;
198E : 4;
198F : 20;
1990 : -8;
1991 : 3;
1992 : -9;
1993 : 11;
1994 : 2;
1995 : -16;
1996 : 7;
1997 : 5;
1998 : 10;
1999 : -28;
199A : 9;
199B : 8;
199C : 8;
199D : 0;
199E : -4;
199F : -4;
19A0 : -4;
19A1 : 19;
19A2 : 25;
19A3 : 17;
19A4 : -16;
19A5 : -26;
19A6 : 25;
19A7 : 10;
19A8 : 12;
19A9 : 18;
19AA : 14;
19AB : -26;
19AC : 31;
19AD : -5;
19AE : -10;
19AF : -22;
19B0 : 37;
19B1 : 27;
19B2 : -26;
19B3 : 12;
19B4 : -17;
19B5 : -2;
19B6 : 1;
19B7 : 27;
19B8 : 21;
19B9 : 40;
19BA : 8;
19BB : -14;
19BC : 10;
19BD : -22;
19BE : 25;
19BF : -8;
19C0 : -25;
19C1 : 9;
19C2 : -18;
19C3 : -6;
19C4 : 18;
19C5 : 17;
19C6 : -41;
19C7 : 3;
19C8 : -19;
19C9 : -28;
19CA : -31;
19CB : 45;
19CC : 9;
19CD : 26;
19CE : -3;
19CF : 15;
19D0 : -19;
19D1 : -23;
19D2 : 32;
19D3 : -7;
19D4 : 6;
19D5 : -44;
19D6 : 22;
19D7 : 39;
19D8 : 24;
19D9 : -15;
19DA : 22;
19DB : 8;
19DC : -18;
19DD : 15;
19DE : 23;
19DF : -21;
19E0 : -12;
19E1 : -36;
19E2 : 5;
19E3 : -21;
19E4 : 24;
19E5 : -2;
19E6 : -8;
19E7 : 15;
19E8 : 5;
19E9 : 15;
19EA : 25;
19EB : -11;
19EC : 20;
19ED : -12;
19EE : 3;
19EF : -10;
19F0 : -3;
19F1 : -45;
19F2 : -21;
19F3 : 12;
19F4 : 34;
19F5 : 21;
19F6 : 9;
19F7 : -37;
19F8 : -9;
19F9 : 35;
19FA : -33;
19FB : -19;
19FC : 20;
19FD : 18;
19FE : 17;
19FF : 1;
1A00 : -50;
1A01 : -19;
1A02 : 30;
1A03 : -22;
1A04 : -3;
1A05 : -21;
1A06 : 18;
1A07 : 4;
1A08 : -16;
1A09 : 9;
1A0A : 13;
1A0B : 64;
1A0C : 13;
1A0D : -3;
1A0E : 39;
1A0F : 10;
1A10 : 18;
1A11 : 1;
1A12 : 1;
1A13 : 23;
1A14 : -2;
1A15 : 9;
1A16 : 29;
1A17 : -12;
1A18 : -31;
1A19 : -28;
1A1A : -19;
1A1B : 63;
1A1C : 4;
1A1D : -15;
1A1E : 10;
1A1F : -1;
1A20 : -22;
1A21 : -6;
1A22 : -40;
1A23 : -8;
1A24 : -1;
1A25 : 106;
1A26 : 24;
1A27 : -21;
1A28 : 2;
1A29 : -21;
1A2A : -23;
1A2B : -5;
1A2C : 12;
1A2D : 13;
1A2E : -75;
1A2F : -34;
1A30 : 37;
1A31 : 20;
1A32 : -37;
1A33 : -13;
1A34 : -16;
1A35 : 11;
1A36 : -4;
1A37 : -44;
1A38 : 32;
1A39 : 32;
1A3A : -15;
1A3B : -28;
1A3C : -5;
1A3D : 25;
1A3E : -87;
1A3F : -25;
1A40 : -7;
1A41 : -12;
1A42 : 42;
1A43 : 34;
1A44 : -6;
1A45 : 25;
1A46 : -15;
1A47 : 19;
1A48 : -29;
1A49 : 18;
1A4A : -29;
1A4B : 54;
1A4C : 37;
1A4D : 31;
1A4E : -7;
1A4F : -19;
1A50 : -15;
1A51 : 0;
1A52 : -10;
1A53 : -10;
1A54 : 47;
1A55 : 17;
1A56 : 34;
1A57 : -42;
1A58 : -2;
1A59 : -24;
1A5A : -6;
1A5B : 41;
1A5C : -8;
1A5D : 15;
1A5E : -15;
1A5F : 19;
1A60 : 46;
1A61 : -4;
1A62 : -16;
1A63 : 1;
1A64 : -14;
1A65 : 32;
1A66 : 7;
1A67 : -26;
1A68 : -19;
1A69 : -15;
1A6A : 10;
1A6B : -31;
1A6C : -15;
1A6D : 5;
1A6E : 30;
1A6F : 9;
1A70 : 5;
1A71 : -2;
1A72 : -8;
1A73 : -2;
1A74 : -17;
1A75 : 42;
1A76 : 5;
1A77 : -31;
1A78 : 13;
1A79 : 4;
1A7A : -20;
1A7B : -65;
1A7C : -42;
1A7D : 98;
1A7E : -17;
1A7F : -24;
1A80 : 26;
1A81 : 6;
1A82 : 18;
1A83 : 1;
1A84 : -16;
1A85 : -10;
1A86 : -26;
1A87 : -10;
1A88 : -9;
1A89 : 42;
1A8A : -35;
1A8B : -11;
1A8C : 22;
1A8D : 9;
1A8E : -1;
1A8F : -1;
1A90 : -1;
1A91 : 11;
1A92 : -39;
1A93 : -8;
1A94 : 18;
1A95 : 24;
1A96 : 14;
1A97 : -16;
1A98 : 32;
1A99 : 13;
1A9A : -30;
1A9B : -19;
1A9C : 26;
1A9D : -32;
1A9E : -18;
1A9F : -5;
1AA0 : -9;
1AA1 : 7;
1AA2 : 32;
1AA3 : 1;
1AA4 : -22;
1AA5 : -23;
1AA6 : -35;
1AA7 : 26;
1AA8 : 0;
1AA9 : -10;
1AAA : 16;
1AAB : -49;
1AAC : -28;
1AAD : 2;
1AAE : 25;
1AAF : 38;
1AB0 : -3;
1AB1 : 19;
1AB2 : 24;
1AB3 : 18;
1AB4 : -51;
1AB5 : -20;
1AB6 : -10;
1AB7 : -8;
1AB8 : 35;
1AB9 : 32;
1ABA : -16;
1ABB : -47;
1ABC : -8;
1ABD : -7;
1ABE : 38;
1ABF : -26;
1AC0 : -13;
1AC1 : 27;
1AC2 : -33;
1AC3 : -4;
1AC4 : -10;
1AC5 : 40;
1AC6 : 0;
1AC7 : 8;
1AC8 : 37;
1AC9 : 27;
1ACA : 4;
1ACB : -58;
1ACC : -10;
1ACD : 7;
1ACE : -4;
1ACF : 0;
1AD0 : 22;
1AD1 : -1;
1AD2 : -29;
1AD3 : 23;
1AD4 : 4;
1AD5 : 33;
1AD6 : 2;
1AD7 : -9;
1AD8 : 15;
1AD9 : -9;
1ADA : 22;
1ADB : -15;
1ADC : -15;
1ADD : 6;
1ADE : -38;
1ADF : -9;
1AE0 : 10;
1AE1 : 6;
1AE2 : 24;
1AE3 : -5;
1AE4 : -17;
1AE5 : -38;
1AE6 : 9;
1AE7 : 8;
1AE8 : 37;
1AE9 : 10;
1AEA : -41;
1AEB : -11;
1AEC : 20;
1AED : -6;
1AEE : -17;
1AEF : 17;
1AF0 : -15;
1AF1 : 7;
1AF2 : -16;
1AF3 : 12;
1AF4 : -7;
1AF5 : -71;
1AF6 : -11;
1AF7 : 38;
1AF8 : 18;
1AF9 : 6;
1AFA : 11;
1AFB : 20;
1AFC : -24;
1AFD : 9;
1AFE : -22;
1AFF : -12;
1B00 : -53;
1B01 : -6;
1B02 : 8;
1B03 : 12;
1B04 : -37;
1B05 : 21;
1B06 : -35;
1B07 : 38;
1B08 : 24;
1B09 : 25;
1B0A : 8;
1B0B : 43;
1B0C : -37;
1B0D : -33;
1B0E : 37;
1B0F : -21;
1B10 : -9;
1B11 : -18;
1B12 : 35;
1B13 : -34;
1B14 : 25;
1B15 : -20;
1B16 : -7;
1B17 : 37;
1B18 : -9;
1B19 : 11;
1B1A : 34;
1B1B : 8;
1B1C : -35;
1B1D : -53;
1B1E : 22;
1B1F : -14;
1B20 : -44;
1B21 : -9;
1B22 : -31;
1B23 : -25;
1B24 : 18;
1B25 : -65;
1B26 : -19;
1B27 : 5;
1B28 : -15;
1B29 : -9;
1B2A : 38;
1B2B : 11;
1B2C : -10;
1B2D : -65;
1B2E : 16;
1B2F : -5;
1B30 : -23;
1B31 : 2;
1B32 : 25;
1B33 : -15;
1B34 : -7;
1B35 : -38;
1B36 : 20;
1B37 : 41;
1B38 : 29;
1B39 : 16;
1B3A : 18;
1B3B : 26;
1B3C : -17;
1B3D : -35;
1B3E : 5;
1B3F : -29;
1B40 : -41;
1B41 : 21;
1B42 : -24;
1B43 : -16;
1B44 : 27;
1B45 : -10;
1B46 : 5;
1B47 : 32;
1B48 : 9;
1B49 : 8;
1B4A : 7;
1B4B : 10;
1B4C : 5;
1B4D : -38;
1B4E : 17;
1B4F : 18;
1B50 : -23;
1B51 : -9;
1B52 : 21;
1B53 : 27;
1B54 : 3;
1B55 : -7;
1B56 : -2;
1B57 : -2;
1B58 : 20;
1B59 : 25;
1B5A : 0;
1B5B : 17;
1B5C : -8;
1B5D : -26;
1B5E : 26;
1B5F : -3;
1B60 : -11;
1B61 : 30;
1B62 : 27;
1B63 : -20;
1B64 : -20;
1B65 : -16;
1B66 : 17;
1B67 : -15;
1B68 : 17;
1B69 : 20;
1B6A : 7;
1B6B : 36;
1B6C : -11;
1B6D : 19;
1B6E : 25;
1B6F : 24;
1B70 : -19;
1B71 : 19;
1B72 : -5;
1B73 : -8;
1B74 : 3;
1B75 : 0;
1B76 : -31;
1B77 : 9;
1B78 : -20;
1B79 : -29;
1B7A : 30;
1B7B : 5;
1B7C : 5;
1B7D : -47;
1B7E : 42;
1B7F : -19;
1B80 : 1;
1B81 : -3;
1B82 : 17;
1B83 : 49;
1B84 : 46;
1B85 : 55;
1B86 : 39;
1B87 : 15;
1B88 : 21;
1B89 : 28;
1B8A : 2;
1B8B : 16;
1B8C : 20;
1B8D : -10;
1B8E : 14;
1B8F : 20;
1B90 : 45;
1B91 : 40;
1B92 : -22;
1B93 : -11;
1B94 : 7;
1B95 : 18;
1B96 : -4;
1B97 : 21;
1B98 : 18;
1B99 : -1;
1B9A : -12;
1B9B : -1;
1B9C : -3;
1B9D : -2;
1B9E : -25;
1B9F : -11;
1BA0 : 11;
1BA1 : -9;
1BA2 : 34;
1BA3 : 16;
1BA4 : -3;
1BA5 : 0;
1BA6 : 5;
1BA7 : -12;
1BA8 : -28;
1BA9 : 17;
1BAA : -6;
1BAB : 14;
1BAC : 30;
1BAD : 15;
1BAE : 7;
1BAF : 4;
1BB0 : 8;
1BB1 : 6;
1BB2 : -32;
1BB3 : -6;
1BB4 : -24;
1BB5 : 44;
1BB6 : 17;
1BB7 : 11;
1BB8 : -39;
1BB9 : 39;
1BBA : 28;
1BBB : 10;
1BBC : 7;
1BBD : 2;
1BBE : 43;
1BBF : 26;
1BC0 : 18;
1BC1 : 18;
1BC2 : -3;
1BC3 : 0;
1BC4 : 21;
1BC5 : 14;
1BC6 : 8;
1BC7 : -3;
1BC8 : 11;
1BC9 : -51;
1BCA : -1;
1BCB : 42;
1BCC : 32;
1BCD : 47;
1BCE : -21;
1BCF : -3;
1BD0 : -11;
1BD1 : 9;
1BD2 : 26;
1BD3 : -22;
1BD4 : 6;
1BD5 : 24;
1BD6 : -21;
1BD7 : 14;
1BD8 : 14;
1BD9 : -56;
1BDA : -25;
1BDB : 34;
1BDC : -5;
1BDD : 29;
1BDE : 2;
1BDF : -9;
1BE0 : -9;
1BE1 : 9;
1BE2 : 0;
1BE3 : -19;
1BE4 : 20;
1BE5 : 9;
1BE6 : 34;
1BE7 : -11;
1BE8 : -37;
1BE9 : -8;
1BEA : 12;
1BEB : 27;
1BEC : -18;
1BED : -16;
1BEE : -5;
1BEF : 30;
1BF0 : 14;
1BF1 : -23;
1BF2 : 0;
1BF3 : 34;
1BF4 : -40;
1BF5 : 31;
1BF6 : 54;
1BF7 : -4;
1BF8 : -61;
1BF9 : -10;
1BFA : 5;
1BFB : -41;
1BFC : 12;
1BFD : 47;
1BFE : 90;
1BFF : 3;
1C00 : 33;
1C01 : 14;
1C02 : -2;
1C03 : -11;
1C04 : -1;
1C05 : 24;
1C06 : -1;
1C07 : 9;
1C08 : 22;
1C09 : 27;
1C0A : -20;
1C0B : 8;
1C0C : 31;
1C0D : -9;
1C0E : -23;
1C0F : 17;
1C10 : -16;
1C11 : -26;
1C12 : -26;
1C13 : 18;
1C14 : 17;
1C15 : 16;
1C16 : 13;
1C17 : -27;
1C18 : -4;
1C19 : -2;
1C1A : -11;
1C1B : -12;
1C1C : -7;
1C1D : 11;
1C1E : -10;
1C1F : 7;
1C20 : -41;
1C21 : 3;
1C22 : -10;
1C23 : -1;
1C24 : 2;
1C25 : -49;
1C26 : -6;
1C27 : -9;
1C28 : 13;
1C29 : 1;
1C2A : -18;
1C2B : 27;
1C2C : -26;
1C2D : 14;
1C2E : -32;
1C2F : 4;
1C30 : 5;
1C31 : 7;
1C32 : 3;
1C33 : 4;
1C34 : 27;
1C35 : -25;
1C36 : 2;
1C37 : 36;
1C38 : -10;
1C39 : -7;
1C3A : -24;
1C3B : -6;
1C3C : -27;
1C3D : -10;
1C3E : 31;
1C3F : -16;
1C40 : 16;
1C41 : 52;
1C42 : -25;
1C43 : 14;
1C44 : -18;
1C45 : -21;
1C46 : 10;
1C47 : -11;
1C48 : 5;
1C49 : -17;
1C4A : 14;
1C4B : 16;
1C4C : 16;
1C4D : -27;
1C4E : 1;
1C4F : 32;
1C50 : -14;
1C51 : -2;
1C52 : -8;
1C53 : -6;
1C54 : -6;
1C55 : 4;
1C56 : 4;
1C57 : -9;
1C58 : -2;
1C59 : 19;
1C5A : -28;
1C5B : -26;
1C5C : 15;
1C5D : 26;
1C5E : 11;
1C5F : 30;
1C60 : -27;
1C61 : -27;
1C62 : -4;
1C63 : 1;
1C64 : 12;
1C65 : -2;
1C66 : 19;
1C67 : -1;
1C68 : -17;
1C69 : 4;
1C6A : -17;
1C6B : -1;
1C6C : 17;
1C6D : -4;
1C6E : -30;
1C6F : 0;
1C70 : 3;
1C71 : 11;
1C72 : 13;
1C73 : -5;
1C74 : 22;
1C75 : 2;
1C76 : -30;
1C77 : 49;
1C78 : 24;
1C79 : -23;
1C7A : -10;
1C7B : 3;
1C7C : 24;
1C7D : -37;
1C7E : 6;
1C7F : 17;
1C80 : 12;
1C81 : 11;
1C82 : -19;
1C83 : 20;
1C84 : 85;
1C85 : -31;
1C86 : 19;
1C87 : 36;
1C88 : -23;
1C89 : 15;
1C8A : 6;
1C8B : 3;
1C8C : 33;
1C8D : -3;
1C8E : 11;
1C8F : -17;
1C90 : -15;
1C91 : 15;
1C92 : 33;
1C93 : 19;
1C94 : 18;
1C95 : -27;
1C96 : 15;
1C97 : 8;
1C98 : 15;
1C99 : -16;
1C9A : 13;
1C9B : 43;
1C9C : 14;
1C9D : 7;
1C9E : -20;
1C9F : -17;
1CA0 : -18;
1CA1 : 9;
1CA2 : -4;
1CA3 : 32;
1CA4 : -9;
1CA5 : 27;
1CA6 : -23;
1CA7 : -13;
1CA8 : -1;
1CA9 : -33;
1CAA : 30;
1CAB : -30;
1CAC : 27;
1CAD : -17;
1CAE : -10;
1CAF : -11;
1CB0 : -7;
1CB1 : 33;
1CB2 : -12;
1CB3 : 8;
1CB4 : 23;
1CB5 : 6;
1CB6 : 39;
1CB7 : -1;
1CB8 : -18;
1CB9 : -6;
1CBA : 32;
1CBB : -26;
1CBC : -1;
1CBD : -17;
1CBE : -30;
1CBF : 24;
1CC0 : -43;
1CC1 : -1;
1CC2 : 1;
1CC3 : 17;
1CC4 : -28;
1CC5 : -50;
1CC6 : -27;
1CC7 : 16;
1CC8 : -41;
1CC9 : -18;
1CCA : 24;
1CCB : 67;
1CCC : 21;
1CCD : 0;
1CCE : 13;
1CCF : -24;
1CD0 : -21;
1CD1 : 10;
1CD2 : -32;
1CD3 : 28;
1CD4 : -38;
1CD5 : 15;
1CD6 : 9;
1CD7 : -16;
1CD8 : -7;
1CD9 : 46;
1CDA : 50;
1CDB : 37;
1CDC : 10;
1CDD : 31;
1CDE : -12;
1CDF : 1;
1CE0 : 0;
1CE1 : 43;
1CE2 : -24;
1CE3 : 5;
1CE4 : -26;
1CE5 : -3;
1CE6 : -28;
1CE7 : 5;
1CE8 : -13;
1CE9 : 28;
1CEA : 33;
1CEB : -3;
1CEC : 9;
1CED : 31;
1CEE : -18;
1CEF : -18;
1CF0 : -6;
1CF1 : 20;
1CF2 : -11;
1CF3 : 38;
1CF4 : 7;
1CF5 : -38;
1CF6 : 39;
1CF7 : 62;
1CF8 : 75;
1CF9 : 28;
1CFA : -62;
1CFB : -50;
1CFC : 44;
1CFD : 19;
1CFE : -20;
1CFF : -7;
1D00 : 31;
1D01 : -8;
1D02 : -24;
1D03 : -7;
1D04 : -32;
1D05 : 14;
1D06 : -28;
1D07 : 23;
1D08 : 0;
1D09 : 6;
1D0A : -15;
1D0B : 14;
1D0C : 1;
1D0D : -1;
1D0E : -22;
1D0F : 29;
1D10 : -41;
1D11 : 0;
1D12 : 5;
1D13 : -17;
1D14 : -46;
1D15 : -50;
1D16 : -21;
1D17 : 43;
1D18 : -24;
1D19 : 0;
1D1A : -14;
1D1B : -38;
1D1C : -27;
1D1D : -9;
1D1E : 37;
1D1F : -14;
1D20 : -14;
1D21 : -2;
1D22 : 43;
1D23 : -10;
1D24 : -27;
1D25 : -17;
1D26 : -22;
1D27 : 68;
1D28 : 14;
1D29 : -14;
1D2A : -50;
1D2B : 20;
1D2C : -2;
1D2D : -9;
1D2E : -26;
1D2F : 18;
1D30 : -29;
1D31 : -17;
1D32 : -43;
1D33 : -23;
1D34 : -8;
1D35 : 37;
1D36 : 9;
1D37 : 3;
1D38 : -2;
1D39 : -16;
1D3A : 42;
1D3B : 45;
1D3C : -12;
1D3D : 6;
1D3E : -22;
1D3F : 33;
1D40 : 52;
1D41 : 2;
1D42 : -47;
1D43 : -38;
1D44 : 26;
1D45 : 24;
1D46 : -12;
1D47 : 11;
1D48 : 37;
1D49 : 16;
1D4A : -8;
1D4B : 14;
1D4C : -12;
1D4D : 17;
1D4E : 17;
1D4F : -30;
1D50 : -5;
1D51 : -14;
1D52 : 19;
1D53 : -21;
1D54 : 29;
1D55 : -13;
1D56 : 37;
1D57 : 36;
1D58 : 12;
1D59 : 8;
1D5A : 8;
1D5B : 4;
1D5C : -22;
1D5D : -23;
1D5E : 18;
1D5F : -14;
1D60 : 8;
1D61 : 7;
1D62 : -22;
1D63 : 30;
1D64 : 36;
1D65 : 2;
1D66 : -3;
1D67 : -4;
1D68 : -20;
1D69 : -11;
1D6A : 17;
1D6B : -3;
1D6C : 22;
1D6D : 6;
1D6E : 21;
1D6F : -13;
1D70 : -9;
1D71 : 6;
1D72 : -31;
1D73 : 35;
1D74 : 20;
1D75 : 19;
1D76 : 17;
1D77 : -55;
1D78 : 15;
1D79 : -13;
1D7A : 9;
1D7B : 1;
1D7C : 22;
1D7D : -26;
1D7E : 6;
1D7F : 17;
1D80 : -29;
1D81 : 21;
1D82 : -39;
1D83 : 13;
1D84 : -45;
1D85 : 11;
1D86 : 11;
1D87 : 5;
1D88 : 39;
1D89 : 6;
1D8A : -25;
1D8B : 17;
1D8C : -4;
1D8D : 14;
1D8E : 32;
1D8F : 9;
1D90 : -12;
1D91 : 1;
1D92 : 19;
1D93 : 25;
1D94 : -39;
1D95 : 14;
1D96 : -7;
1D97 : 4;
1D98 : 30;
1D99 : -6;
1D9A : 7;
1D9B : -74;
1D9C : 12;
1D9D : 21;
1D9E : 25;
1D9F : 24;
1DA0 : 17;
1DA1 : 13;
1DA2 : -36;
1DA3 : 46;
1DA4 : 18;
1DA5 : 23;
1DA6 : 7;
1DA7 : 12;
1DA8 : -12;
1DA9 : 16;
1DAA : 61;
1DAB : 0;
1DAC : -3;
1DAD : 3;
1DAE : 26;
1DAF : -7;
1DB0 : -10;
1DB1 : 40;
1DB2 : 35;
1DB3 : 27;
1DB4 : 6;
1DB5 : -31;
1DB6 : 20;
1DB7 : 1;
1DB8 : 39;
1DB9 : 2;
1DBA : -54;
1DBB : -9;
1DBC : 32;
1DBD : 4;
1DBE : -38;
1DBF : -20;
1DC0 : -13;
1DC1 : -5;
1DC2 : -12;
1DC3 : 46;
1DC4 : -26;
1DC5 : 5;
1DC6 : -9;
1DC7 : -7;
1DC8 : 22;
1DC9 : 37;
1DCA : 6;
1DCB : -16;
1DCC : 0;
1DCD : 29;
1DCE : -3;
1DCF : 16;
1DD0 : 19;
1DD1 : -1;
1DD2 : -40;
1DD3 : -20;
1DD4 : -30;
1DD5 : 19;
1DD6 : 16;
1DD7 : 21;
1DD8 : 5;
1DD9 : 1;
1DDA : 15;
1DDB : -63;
1DDC : -6;
1DDD : 6;
1DDE : 11;
1DDF : 2;
1DE0 : 13;
1DE1 : 18;
1DE2 : -53;
1DE3 : -24;
1DE4 : 23;
1DE5 : -18;
1DE6 : -4;
1DE7 : -29;
1DE8 : 35;
1DE9 : -1;
1DEA : -20;
1DEB : 16;
1DEC : 7;
1DED : 29;
1DEE : -4;
1DEF : 12;
1DF0 : -56;
1DF1 : -24;
1DF2 : 13;
1DF3 : -11;
1DF4 : 33;
1DF5 : 40;
1DF6 : -14;
1DF7 : 23;
1DF8 : 33;
1DF9 : -17;
1DFA : -42;
1DFB : 30;
1DFC : -8;
1DFD : -48;
1DFE : -75;
1DFF : 26;
1E00 : 1;
1E01 : -8;
1E02 : -23;
1E03 : 36;
1E04 : -45;
1E05 : -40;
1E06 : -13;
1E07 : 3;
1E08 : 4;
1E09 : 13;
1E0A : -6;
1E0B : -8;
1E0C : -11;
1E0D : 7;
1E0E : -31;
1E0F : -19;
1E10 : 8;
1E11 : -8;
1E12 : 17;
1E13 : -31;
1E14 : -46;
1E15 : 12;
1E16 : 16;
1E17 : -10;
1E18 : -33;
1E19 : 18;
1E1A : 3;
1E1B : 10;
1E1C : 19;
1E1D : 20;
1E1E : 36;
1E1F : -8;
1E20 : -5;
1E21 : -22;
1E22 : 29;
1E23 : -27;
1E24 : -1;
1E25 : 56;
1E26 : -23;
1E27 : 42;
1E28 : -25;
1E29 : 5;
1E2A : 0;
1E2B : 42;
1E2C : 18;
1E2D : 9;
1E2E : -17;
1E2F : -51;
1E30 : 4;
1E31 : -4;
1E32 : -30;
1E33 : -21;
1E34 : 43;
1E35 : 25;
1E36 : 8;
1E37 : 36;
1E38 : 3;
1E39 : 4;
1E3A : -19;
1E3B : 48;
1E3C : 32;
1E3D : -15;
1E3E : -81;
1E3F : 7;
1E40 : 58;
1E41 : 3;
1E42 : -11;
1E43 : 20;
1E44 : -39;
1E45 : -27;
1E46 : 1;
1E47 : 14;
1E48 : 42;
1E49 : -8;
1E4A : 9;
1E4B : -29;
1E4C : -19;
1E4D : 14;
1E4E : 12;
1E4F : 30;
1E50 : -5;
1E51 : -11;
1E52 : 10;
1E53 : 9;
1E54 : -10;
1E55 : 8;
1E56 : -3;
1E57 : 15;
1E58 : -5;
1E59 : -5;
1E5A : -20;
1E5B : -14;
1E5C : -3;
1E5D : 16;
1E5E : 24;
1E5F : -3;
1E60 : -23;
1E61 : -17;
1E62 : 25;
1E63 : 2;
1E64 : 9;
1E65 : 30;
1E66 : 26;
1E67 : 2;
1E68 : -42;
1E69 : -41;
1E6A : -23;
1E6B : 20;
1E6C : 28;
1E6D : 13;
1E6E : -4;
1E6F : -22;
1E70 : 62;
1E71 : 0;
1E72 : -30;
1E73 : -31;
1E74 : 41;
1E75 : 46;
1E76 : -49;
1E77 : -127;
1E78 : -49;
1E79 : -55;
1E7A : 19;
1E7B : 15;
1E7C : 8;
1E7D : 14;
1E7E : -60;
1E7F : 21;
1E80 : 47;
1E81 : 11;
1E82 : -44;
1E83 : 37;
1E84 : 16;
1E85 : -8;
1E86 : 9;
1E87 : -4;
1E88 : 1;
1E89 : -14;
1E8A : 18;
1E8B : -16;
1E8C : -27;
1E8D : 45;
1E8E : -8;
1E8F : 1;
1E90 : 9;
1E91 : -23;
1E92 : 30;
1E93 : -9;
1E94 : -27;
1E95 : -4;
1E96 : 21;
1E97 : 2;
1E98 : 24;
1E99 : -14;
1E9A : -9;
1E9B : -32;
1E9C : 24;
1E9D : 31;
1E9E : 1;
1E9F : -18;
1EA0 : 23;
1EA1 : -8;
1EA2 : -10;
1EA3 : 5;
1EA4 : -45;
1EA5 : -19;
1EA6 : -8;
1EA7 : -58;
1EA8 : 18;
1EA9 : -29;
1EAA : 45;
1EAB : -12;
1EAC : -34;
1EAD : -4;
1EAE : 3;
1EAF : 35;
1EB0 : -27;
1EB1 : 25;
1EB2 : 21;
1EB3 : 48;
1EB4 : 11;
1EB5 : 36;
1EB6 : 11;
1EB7 : -11;
1EB8 : 22;
1EB9 : 21;
1EBA : -37;
1EBB : -21;
1EBC : 18;
1EBD : 25;
1EBE : 1;
1EBF : 2;
1EC0 : 17;
1EC1 : 41;
1EC2 : -29;
1EC3 : 32;
1EC4 : 34;
1EC5 : -4;
1EC6 : -23;
1EC7 : 8;
1EC8 : -17;
1EC9 : -10;
1ECA : 1;
1ECB : -10;
1ECC : -33;
1ECD : 36;
1ECE : -14;
1ECF : 26;
1ED0 : -20;
1ED1 : 26;
1ED2 : -18;
1ED3 : 13;
1ED4 : -23;
1ED5 : 31;
1ED6 : -20;
1ED7 : 4;
1ED8 : 6;
1ED9 : 41;
1EDA : -14;
1EDB : -40;
1EDC : -21;
1EDD : -4;
1EDE : 14;
1EDF : -4;
1EE0 : 21;
1EE1 : 37;
1EE2 : -25;
1EE3 : -23;
1EE4 : 4;
1EE5 : -52;
1EE6 : 21;
1EE7 : 38;
1EE8 : 2;
1EE9 : 44;
1EEA : -21;
1EEB : -32;
1EEC : -18;
1EED : 22;
1EEE : 23;
1EEF : -22;
1EF0 : 10;
1EF1 : 13;
1EF2 : 41;
1EF3 : 11;
1EF4 : 38;
1EF5 : -40;
1EF6 : -21;
1EF7 : 50;
1EF8 : 7;
1EF9 : 12;
1EFA : -12;
1EFB : 27;
1EFC : 19;
1EFD : -46;
1EFE : 18;
1EFF : 3;
1F00 : -19;
1F01 : -33;
1F02 : -14;
1F03 : 4;
1F04 : -45;
1F05 : 10;
1F06 : 20;
1F07 : -8;
1F08 : 0;
1F09 : -6;
1F0A : 8;
1F0B : 22;
1F0C : -2;
1F0D : -9;
1F0E : 0;
1F0F : -1;
1F10 : -4;
1F11 : -25;
1F12 : -5;
1F13 : -20;
1F14 : -2;
1F15 : 10;
1F16 : 28;
1F17 : -31;
1F18 : 32;
1F19 : -32;
1F1A : 12;
1F1B : 20;
1F1C : 2;
1F1D : 29;
1F1E : -22;
1F1F : -1;
1F20 : -17;
1F21 : -33;
1F22 : 12;
1F23 : 36;
1F24 : -1;
1F25 : 0;
1F26 : -19;
1F27 : -45;
1F28 : -22;
1F29 : 31;
1F2A : -14;
1F2B : -11;
1F2C : -4;
1F2D : 27;
1F2E : -17;
1F2F : 33;
1F30 : -22;
1F31 : -2;
1F32 : -37;
1F33 : 17;
1F34 : -10;
1F35 : -7;
1F36 : -2;
1F37 : -44;
1F38 : -54;
1F39 : -10;
1F3A : -29;
1F3B : -11;
1F3C : 13;
1F3D : 40;
1F3E : -13;
1F3F : 26;
1F40 : 31;
1F41 : -6;
1F42 : -47;
1F43 : -3;
1F44 : -29;
1F45 : 61;
1F46 : 18;
1F47 : 20;
1F48 : 23;
1F49 : -12;
1F4A : -12;
1F4B : -25;
1F4C : -47;
1F4D : 12;
1F4E : -17;
1F4F : -14;
1F50 : -6;
1F51 : -25;
1F52 : -5;
1F53 : -1;
1F54 : -22;
1F55 : 45;
1F56 : 0;
1F57 : 12;
1F58 : 18;
1F59 : -41;
1F5A : 8;
1F5B : 12;
1F5C : -59;
1F5D : -15;
1F5E : -38;
1F5F : 8;
1F60 : 47;
1F61 : -3;
1F62 : 5;
1F63 : 10;
1F64 : 6;
1F65 : -36;
1F66 : -4;
1F67 : -23;
1F68 : 8;
1F69 : -29;
1F6A : -32;
1F6B : 10;
1F6C : -9;
1F6D : -10;
1F6E : -21;
1F6F : -31;
1F70 : -8;
1F71 : 9;
1F72 : 8;
1F73 : -35;
1F74 : -16;
1F75 : -35;
1F76 : 5;
1F77 : -2;
1F78 : -3;
1F79 : -18;
1F7A : -26;
1F7B : -58;
1F7C : -4;
1F7D : 28;
1F7E : -14;
1F7F : -26;
1F80 : -34;
1F81 : 0;
1F82 : -41;
1F83 : 27;
1F84 : -22;
1F85 : 31;
1F86 : -8;
1F87 : 24;
1F88 : -2;
1F89 : -12;
1F8A : -15;
1F8B : -25;
1F8C : -13;
1F8D : 18;
1F8E : 1;
1F8F : -15;
1F90 : 37;
1F91 : 20;
1F92 : -21;
1F93 : 13;
1F94 : 42;
1F95 : -27;
1F96 : 9;
1F97 : 43;
1F98 : 5;
1F99 : 6;
1F9A : 19;
1F9B : -12;
1F9C : 14;
1F9D : 14;
1F9E : -28;
1F9F : -34;
1FA0 : 7;
1FA1 : -26;
1FA2 : -37;
1FA3 : 53;
1FA4 : 59;
1FA5 : 42;
1FA6 : 4;
1FA7 : -46;
1FA8 : -21;
1FA9 : -12;
1FAA : 11;
1FAB : -20;
1FAC : 2;
1FAD : 20;
1FAE : -27;
1FAF : 13;
1FB0 : -23;
1FB1 : -30;
1FB2 : 27;
1FB3 : 19;
1FB4 : -17;
1FB5 : -3;
1FB6 : -20;
1FB7 : -58;
1FB8 : 19;
1FB9 : 16;
1FBA : -1;
1FBB : -19;
1FBC : -38;
1FBD : 16;
1FBE : 14;
1FBF : -10;
1FC0 : 22;
1FC1 : 16;
1FC2 : -25;
1FC3 : -22;
1FC4 : 37;
1FC5 : 6;
1FC6 : -29;
1FC7 : -40;
1FC8 : -27;
1FC9 : -8;
1FCA : 13;
1FCB : -42;
1FCC : 15;
1FCD : 39;
1FCE : -44;
1FCF : -6;
1FD0 : 9;
1FD1 : -41;
1FD2 : 11;
1FD3 : 5;
1FD4 : 22;
1FD5 : 57;
1FD6 : -16;
1FD7 : 2;
1FD8 : 31;
1FD9 : -26;
1FDA : 69;
1FDB : -9;
1FDC : -24;
1FDD : -7;
1FDE : -19;
1FDF : -16;
1FE0 : -31;
1FE1 : -8;
1FE2 : 10;
1FE3 : 24;
1FE4 : -47;
1FE5 : 2;
1FE6 : -9;
1FE7 : 20;
1FE8 : 17;
1FE9 : -6;
1FEA : -15;
1FEB : -1;
1FEC : -43;
1FED : 13;
1FEE : 11;
1FEF : -11;
1FF0 : -14;
1FF1 : 26;
1FF2 : 22;
1FF3 : -18;
1FF4 : -16;
1FF5 : 12;
1FF6 : 32;
1FF7 : 33;
1FF8 : 27;
1FF9 : -6;
1FFA : -78;
1FFB : -5;
1FFC : -37;
1FFD : -31;
1FFE : 46;
1FFF : -13;
2000 : -25;
2001 : 0;
2002 : -37;
2003 : -29;
2004 : -32;
2005 : 2;
2006 : -6;
2007 : -3;
2008 : 7;
2009 : 9;
200A : 15;
200B : 15;
200C : 30;
200D : -35;
200E : -36;
200F : -46;
2010 : -33;
2011 : 19;
2012 : -19;
2013 : -9;
2014 : -16;
2015 : 38;
2016 : 4;
2017 : 46;
2018 : 34;
2019 : -1;
201A : 29;
201B : -70;
201C : 6;
201D : 0;
201E : 7;
201F : -29;
2020 : 31;
2021 : 28;
2022 : 31;
2023 : -26;
2024 : 34;
2025 : 38;
2026 : 25;
2027 : 47;
2028 : 6;
2029 : -7;
202A : 37;
202B : -11;
202C : 2;
202D : -28;
202E : -22;
202F : -23;
2030 : 24;
2031 : 30;
2032 : -7;
2033 : -9;
2034 : 6;
2035 : 46;
2036 : 10;
2037 : -19;
2038 : -27;
2039 : 37;
203A : 1;
203B : 23;
203C : -20;
203D : 4;
203E : -26;
203F : 0;
2040 : 2;
2041 : 28;
2042 : -3;
2043 : 7;
2044 : 4;
2045 : 43;
2046 : -14;
2047 : 1;
2048 : -6;
2049 : 23;
204A : -16;
204B : 48;
204C : 11;
204D : 19;
204E : -23;
204F : 20;
2050 : -8;
2051 : 8;
2052 : -12;
2053 : -24;
2054 : -36;
2055 : 36;
2056 : -6;
2057 : 53;
2058 : 15;
2059 : 14;
205A : 24;
205B : -36;
205C : 31;
205D : -19;
205E : -18;
205F : 1;
2060 : -33;
2061 : 20;
2062 : 18;
2063 : -62;
2064 : -8;
2065 : 4;
2066 : -64;
2067 : 68;
2068 : 17;
2069 : -1;
206A : 0;
206B : 12;
206C : -6;
206D : -35;
206E : 29;
206F : -24;
2070 : -25;
2071 : -46;
2072 : -27;
2073 : -54;
2074 : -13;
2075 : 34;
2076 : -32;
2077 : 88;
2078 : -30;
2079 : -63;
207A : 40;
207B : 31;
207C : 14;
207D : -16;
207E : -12;
207F : -14;
2080 : 9;
2081 : 50;
2082 : 33;
2083 : 1;
2084 : 14;
2085 : -8;
2086 : -9;
2087 : -9;
2088 : 19;
2089 : -8;
208A : -27;
208B : 1;
208C : 34;
208D : 23;
208E : 22;
208F : -53;
2090 : 32;
2091 : 0;
2092 : 20;
2093 : -51;
2094 : 20;
2095 : -25;
2096 : -19;
2097 : 3;
2098 : -7;
2099 : 17;
209A : 24;
209B : -7;
209C : -23;
209D : -1;
209E : -8;
209F : 10;
20A0 : -66;
20A1 : -42;
20A2 : 10;
20A3 : -66;
20A4 : -17;
20A5 : -10;
20A6 : -46;
20A7 : 53;
20A8 : -28;
20A9 : -6;
20AA : 33;
20AB : 52;
20AC : 21;
20AD : -64;
20AE : -12;
20AF : -38;
20B0 : -8;
20B1 : -7;
20B2 : -19;
20B3 : -82;
20B4 : -39;
20B5 : -8;
20B6 : 21;
20B7 : 49;
20B8 : 8;
20B9 : -30;
20BA : -11;
20BB : 47;
20BC : -17;
20BD : -4;
20BE : -44;
20BF : 11;
20C0 : 31;
20C1 : -52;
20C2 : 0;
20C3 : -66;
20C4 : 50;
20C5 : 45;
20C6 : 6;
20C7 : -8;
20C8 : 6;
20C9 : 10;
20CA : 24;
20CB : 21;
20CC : -6;
20CD : 3;
20CE : 20;
20CF : 35;
20D0 : -50;
20D1 : -69;
20D2 : 2;
20D3 : -6;
20D4 : 45;
20D5 : 30;
20D6 : 34;
20D7 : 45;
20D8 : -1;
20D9 : -63;
20DA : 26;
20DB : 52;
20DC : 11;
20DD : -23;
20DE : 9;
20DF : -23;
20E0 : -32;
20E1 : -44;
20E2 : -37;
20E3 : 38;
20E4 : 11;
20E5 : 52;
20E6 : 12;
20E7 : 7;
20E8 : 28;
20E9 : -5;
20EA : -7;
20EB : -4;
20EC : -39;
20ED : 29;
20EE : 30;
20EF : -12;
20F0 : -17;
20F1 : 53;
20F2 : -45;
20F3 : -4;
20F4 : -2;
20F5 : 15;
20F6 : 18;
20F7 : 10;
20F8 : 42;
20F9 : 21;
20FA : 120;
20FB : 10;
20FC : 11;
20FD : 7;
20FE : 45;
20FF : -27;
2100 : 12;
2101 : -17;
2102 : 7;
2103 : -23;
2104 : 9;
2105 : 14;
2106 : 2;
2107 : 3;
2108 : 11;
2109 : -16;
210A : -22;
210B : -18;
210C : -17;
210D : -12;
210E : -3;
210F : -29;
2110 : -14;
2111 : 4;
2112 : -20;
2113 : -3;
2114 : 14;
2115 : -9;
2116 : 2;
2117 : -1;
2118 : 17;
2119 : -6;
211A : 17;
211B : 3;
211C : -19;
211D : -11;
211E : 16;
211F : 3;
2120 : -1;
2121 : -19;
2122 : 23;
2123 : -34;
2124 : 2;
2125 : -17;
2126 : -16;
2127 : -17;
2128 : -1;
2129 : 19;
212A : -12;
212B : -12;
212C : -22;
212D : -15;
212E : 2;
212F : -3;
2130 : -11;
2131 : -25;
2132 : -12;
2133 : -9;
2134 : 22;
2135 : -3;
2136 : 7;
2137 : -13;
2138 : 26;
2139 : -29;
213A : 20;
213B : -1;
213C : 12;
213D : -6;
213E : 19;
213F : -19;
2140 : 22;
2141 : -7;
2142 : -16;
2143 : -14;
2144 : 22;
2145 : -28;
2146 : -30;
2147 : -28;
2148 : 8;
2149 : -18;
214A : 20;
214B : 18;
214C : 23;
214D : 13;
214E : -20;
214F : -33;
2150 : 21;
2151 : -19;
2152 : -15;
2153 : 15;
2154 : -21;
2155 : -38;
2156 : -4;
2157 : 3;
2158 : -14;
2159 : -8;
215A : 5;
215B : 6;
215C : 1;
215D : -5;
215E : 4;
215F : -10;
2160 : 24;
2161 : -11;
2162 : 6;
2163 : -1;
2164 : -29;
2165 : -21;
2166 : 1;
2167 : -4;
2168 : -12;
2169 : 21;
216A : 21;
216B : -17;
216C : -22;
216D : 14;
216E : -8;
216F : -32;
2170 : -23;
2171 : -30;
2172 : -8;
2173 : -7;
2174 : -10;
2175 : -9;
2176 : -11;
2177 : 31;
2178 : -15;
2179 : 9;
217A : 13;
217B : -4;
217C : -4;
217D : -9;
217E : 20;
217F : -8;
2180 : -29;
2181 : 9;
2182 : -5;
2183 : -1;
2184 : -18;
2185 : -28;
2186 : 27;
2187 : 16;
2188 : -15;
2189 : -19;
218A : -11;
218B : -29;
218C : -5;
218D : -11;
218E : 10;
218F : -13;
2190 : 31;
2191 : 14;
2192 : -6;
2193 : -8;
2194 : -20;
2195 : 15;
2196 : -1;
2197 : 4;
2198 : 19;
2199 : 0;
219A : 7;
219B : -6;
219C : 21;
219D : -29;
219E : 10;
219F : -27;
21A0 : 5;
21A1 : 24;
21A2 : -6;
21A3 : 8;
21A4 : -25;
21A5 : 14;
21A6 : -29;
21A7 : -12;
21A8 : -12;
21A9 : -31;
21AA : -26;
21AB : 21;
21AC : -26;
21AD : -9;
21AE : -24;
21AF : -11;
21B0 : -15;
21B1 : 7;
21B2 : -30;
21B3 : -4;
21B4 : -22;
21B5 : -32;
21B6 : -22;
21B7 : -21;
21B8 : 1;
21B9 : -24;
21BA : -8;
21BB : -16;
21BC : -5;
21BD : -2;
21BE : -2;
21BF : 13;
21C0 : -13;
21C1 : 15;
21C2 : 6;
21C3 : -19;
21C4 : 17;
21C5 : -27;
21C6 : 8;
21C7 : -13;
21C8 : -37;
21C9 : -19;
21CA : -21;
21CB : -9;
21CC : 12;
21CD : 10;
21CE : -11;
21CF : -29;
21D0 : 21;
21D1 : -1;
21D2 : -1;
21D3 : -7;
21D4 : -14;
21D5 : -13;
21D6 : 5;
21D7 : -28;
21D8 : -7;
21D9 : -39;
21DA : -6;
21DB : -9;
21DC : 24;
21DD : -17;
21DE : -20;
21DF : 21;
21E0 : -16;
21E1 : -27;
21E2 : -26;
21E3 : -5;
21E4 : 2;
21E5 : -20;
21E6 : -13;
21E7 : -12;
21E8 : 7;
21E9 : -3;
21EA : -30;
21EB : 22;
21EC : -11;
21ED : -16;
21EE : 4;
21EF : 7;
21F0 : -19;
21F1 : -3;
21F2 : -14;
21F3 : -9;
21F4 : -26;
21F5 : 17;
21F6 : -22;
21F7 : -27;
21F8 : -9;
21F9 : -24;
21FA : 24;
21FB : -23;
21FC : -3;
21FD : 19;
21FE : -31;
21FF : -18;
2200 : -13;
2201 : 10;
2202 : 2;
2203 : 21;
2204 : -5;
2205 : 8;
2206 : 3;
2207 : -3;
2208 : 17;
2209 : 15;
220A : -29;
220B : 17;
220C : -15;
220D : -14;
220E : 22;
220F : -3;
2210 : -43;
2211 : 22;
2212 : -32;
2213 : -25;
2214 : -12;
2215 : 10;
2216 : 0;
2217 : 26;
2218 : 5;
2219 : 17;
221A : -41;
221B : 54;
221C : 25;
221D : -44;
221E : -26;
221F : -36;
2220 : -46;
2221 : -10;
2222 : 28;
2223 : -26;
2224 : -52;
2225 : -10;
2226 : -7;
2227 : 25;
2228 : 12;
2229 : -32;
222A : 4;
222B : 10;
222C : 0;
222D : 14;
222E : -8;
222F : -23;
2230 : -5;
2231 : -6;
2232 : 53;
2233 : 2;
2234 : 2;
2235 : -43;
2236 : -17;
2237 : 50;
2238 : 14;
2239 : -23;
223A : 35;
223B : 58;
223C : -3;
223D : 2;
223E : 50;
223F : 5;
2240 : 17;
2241 : 53;
2242 : -15;
2243 : 24;
2244 : 14;
2245 : -20;
2246 : 50;
2247 : 2;
2248 : 11;
2249 : 21;
224A : 0;
224B : -46;
224C : -16;
224D : 28;
224E : 12;
224F : 36;
2250 : -10;
2251 : -13;
2252 : -11;
2253 : 3;
2254 : -5;
2255 : 20;
2256 : 9;
2257 : 0;
2258 : -15;
2259 : 22;
225A : -27;
225B : -8;
225C : -11;
225D : 19;
225E : 1;
225F : 2;
2260 : -65;
2261 : -5;
2262 : 12;
2263 : -38;
2264 : -18;
2265 : -3;
2266 : 18;
2267 : 22;
2268 : 1;
2269 : -15;
226A : -30;
226B : -8;
226C : 16;
226D : -36;
226E : 2;
226F : -15;
2270 : 14;
2271 : -6;
2272 : -4;
2273 : -30;
2274 : 10;
2275 : -44;
2276 : -2;
2277 : -9;
2278 : -26;
2279 : -28;
227A : 10;
227B : 50;
227C : -8;
227D : -18;
227E : 22;
227F : 19;
2280 : 35;
2281 : -7;
2282 : 9;
2283 : 13;
2284 : 51;
2285 : 15;
2286 : -21;
2287 : 16;
2288 : 5;
2289 : -37;
228A : 30;
228B : -11;
228C : -8;
228D : 38;
228E : 9;
228F : 10;
2290 : 11;
2291 : -26;
2292 : -18;
2293 : -34;
2294 : 37;
2295 : 35;
2296 : -32;
2297 : 18;
2298 : 22;
2299 : -11;
229A : -4;
229B : -15;
229C : 12;
229D : 37;
229E : -5;
229F : -9;
22A0 : 28;
22A1 : -37;
22A2 : -29;
22A3 : -6;
22A4 : 18;
22A5 : -12;
22A6 : -13;
22A7 : 20;
22A8 : -47;
22A9 : 2;
22AA : 12;
22AB : -2;
22AC : 4;
22AD : 47;
22AE : 21;
22AF : 7;
22B0 : 30;
22B1 : -6;
22B2 : 21;
22B3 : -48;
22B4 : -17;
22B5 : 23;
22B6 : -12;
22B7 : 3;
22B8 : 3;
22B9 : 36;
22BA : 1;
22BB : 27;
22BC : -39;
22BD : 10;
22BE : -1;
22BF : 29;
22C0 : -25;
22C1 : 23;
22C2 : 47;
22C3 : 13;
22C4 : -1;
22C5 : 37;
22C6 : 17;
22C7 : 19;
22C8 : 4;
22C9 : 36;
22CA : 35;
22CB : -16;
22CC : 7;
22CD : -33;
22CE : -13;
22CF : -3;
22D0 : -24;
22D1 : -25;
22D2 : 8;
22D3 : 9;
22D4 : 70;
22D5 : -29;
22D6 : 13;
22D7 : -17;
22D8 : 19;
22D9 : -29;
22DA : 22;
22DB : 32;
22DC : 8;
22DD : -19;
22DE : 21;
22DF : 10;
22E0 : -2;
22E1 : -28;
22E2 : 7;
22E3 : 8;
22E4 : 25;
22E5 : 23;
22E6 : 41;
22E7 : -6;
22E8 : 7;
22E9 : -1;
22EA : 13;
22EB : -14;
22EC : -22;
22ED : 29;
22EE : -13;
22EF : 4;
22F0 : 23;
22F1 : 31;
22F2 : -6;
22F3 : -18;
22F4 : 1;
22F5 : 15;
22F6 : 32;
22F7 : -35;
22F8 : 17;
22F9 : -2;
22FA : -19;
22FB : 9;
22FC : 6;
22FD : 38;
22FE : -1;
22FF : -31;
2300 : -7;
2301 : -36;
2302 : -54;
2303 : -28;
2304 : -47;
2305 : 8;
2306 : -4;
2307 : -27;
2308 : -3;
2309 : -8;
230A : 2;
230B : -43;
230C : -56;
230D : 13;
230E : -23;
230F : -41;
2310 : 30;
2311 : -9;
2312 : -36;
2313 : -4;
2314 : -54;
2315 : 0;
2316 : -13;
2317 : -4;
2318 : -8;
2319 : -8;
231A : 5;
231B : -65;
231C : -34;
231D : -6;
231E : -4;
231F : -12;
2320 : 27;
2321 : -23;
2322 : -2;
2323 : 0;
2324 : -40;
2325 : -8;
2326 : -29;
2327 : -3;
2328 : -21;
2329 : -5;
232A : -14;
232B : 25;
232C : 16;
232D : -21;
232E : 0;
232F : -20;
2330 : -23;
2331 : 12;
2332 : -9;
2333 : 9;
2334 : -18;
2335 : 0;
2336 : 2;
2337 : 5;
2338 : -16;
2339 : 2;
233A : -46;
233B : 11;
233C : 7;
233D : -30;
233E : -33;
233F : -1;
2340 : -6;
2341 : 44;
2342 : -41;
2343 : 50;
2344 : 5;
2345 : 31;
2346 : 3;
2347 : 27;
2348 : 7;
2349 : -15;
234A : -28;
234B : -59;
234C : -46;
234D : 36;
234E : -10;
234F : -22;
2350 : 38;
2351 : 35;
2352 : -11;
2353 : 15;
2354 : -24;
2355 : -14;
2356 : -16;
2357 : -5;
2358 : 8;
2359 : 8;
235A : 25;
235B : -79;
235C : -3;
235D : 14;
235E : -8;
235F : 14;
2360 : 8;
2361 : -6;
2362 : -14;
2363 : 19;
2364 : 15;
2365 : -3;
2366 : 0;
2367 : -44;
2368 : 0;
2369 : -18;
236A : 44;
236B : -9;
236C : 17;
236D : -11;
236E : 10;
236F : 28;
2370 : -13;
2371 : -19;
2372 : 13;
2373 : -28;
2374 : 7;
2375 : 5;
2376 : -17;
2377 : -56;
2378 : -6;
2379 : -11;
237A : 26;
237B : -8;
237C : 3;
237D : 0;
237E : -38;
237F : -24;
2380 : 32;
2381 : 20;
2382 : 1;
2383 : 50;
2384 : 9;
2385 : -53;
2386 : 6;
2387 : -4;
2388 : 27;
2389 : -5;
238A : 27;
238B : -56;
238C : 1;
238D : -10;
238E : -8;
238F : 18;
2390 : 23;
2391 : 8;
2392 : -14;
2393 : 13;
2394 : 24;
2395 : -29;
2396 : 31;
2397 : 16;
2398 : 24;
2399 : 1;
239A : -9;
239B : -62;
239C : -26;
239D : 11;
239E : 33;
239F : 8;
23A0 : -11;
23A1 : 44;
23A2 : 2;
23A3 : 44;
23A4 : 19;
23A5 : 27;
23A6 : -3;
23A7 : -13;
23A8 : -13;
23A9 : -13;
23AA : 1;
23AB : -27;
23AC : 19;
23AD : -30;
23AE : 13;
23AF : -12;
23B0 : -6;
23B1 : 1;
23B2 : -6;
23B3 : 5;
23B4 : 32;
23B5 : 33;
23B6 : -11;
23B7 : 11;
23B8 : -18;
23B9 : 15;
23BA : -42;
23BB : -10;
23BC : -12;
23BD : -42;
23BE : -25;
23BF : -26;
23C0 : -15;
23C1 : -32;
23C2 : 24;
23C3 : 42;
23C4 : -21;
23C5 : -21;
23C6 : 36;
23C7 : -6;
23C8 : 0;
23C9 : -3;
23CA : -22;
23CB : -9;
23CC : 38;
23CD : 40;
23CE : 19;
23CF : 28;
23D0 : 14;
23D1 : 22;
23D2 : -28;
23D3 : -21;
23D4 : -38;
23D5 : -21;
23D6 : -6;
23D7 : 18;
23D8 : 16;
23D9 : 10;
23DA : -20;
23DB : -14;
23DC : 29;
23DD : 12;
23DE : -30;
23DF : 10;
23E0 : 28;
23E1 : -11;
23E2 : -2;
23E3 : -31;
23E4 : -13;
23E5 : -51;
23E6 : -43;
23E7 : 13;
23E8 : -5;
23E9 : -35;
23EA : -34;
23EB : -2;
23EC : 36;
23ED : 2;
23EE : -13;
23EF : -18;
23F0 : -30;
23F1 : -37;
23F2 : -3;
23F3 : -1;
23F4 : 2;
23F5 : 14;
23F6 : -15;
23F7 : 23;
23F8 : -5;
23F9 : -2;
23FA : 16;
23FB : 18;
23FC : 18;
23FD : 9;
23FE : -42;
23FF : 13;
2400 : 8;
2401 : -23;
2402 : -8;
2403 : 22;
2404 : 5;
2405 : -11;
2406 : 11;
2407 : 1;
2408 : 24;
2409 : 13;
240A : 18;
240B : 15;
240C : -31;
240D : -1;
240E : -12;
240F : -24;
2410 : -30;
2411 : -22;
2412 : 14;
2413 : -5;
2414 : -23;
2415 : -6;
2416 : 9;
2417 : -6;
2418 : 15;
2419 : 13;
241A : 13;
241B : -9;
241C : -29;
241D : 1;
241E : 13;
241F : 6;
2420 : -27;
2421 : -5;
2422 : 1;
2423 : -7;
2424 : -1;
2425 : -19;
2426 : 0;
2427 : 6;
2428 : -24;
2429 : 2;
242A : -8;
242B : -31;
242C : -26;
242D : 2;
242E : -27;
242F : 4;
2430 : -31;
2431 : -12;
2432 : 2;
2433 : -24;
2434 : 25;
2435 : -8;
2436 : -29;
2437 : 10;
2438 : 15;
2439 : -23;
243A : 21;
243B : -1;
243C : 6;
243D : -10;
243E : 24;
243F : 20;
2440 : -21;
2441 : -12;
2442 : -6;
2443 : 17;
2444 : 19;
2445 : 5;
2446 : 23;
2447 : 8;
2448 : 11;
2449 : 23;
244A : -14;
244B : -13;
244C : -10;
244D : -16;
244E : -28;
244F : 5;
2450 : 24;
2451 : -19;
2452 : 9;
2453 : -20;
2454 : -24;
2455 : -6;
2456 : 23;
2457 : 8;
2458 : -29;
2459 : 26;
245A : 10;
245B : -8;
245C : -1;
245D : -15;
245E : 2;
245F : 0;
2460 : -19;
2461 : -2;
2462 : -2;
2463 : 15;
2464 : -11;
2465 : 3;
2466 : -10;
2467 : -19;
2468 : -8;
2469 : -9;
246A : -5;
246B : 0;
246C : -17;
246D : 9;
246E : 18;
246F : 0;
2470 : -25;
2471 : -5;
2472 : 24;
2473 : 13;
2474 : 18;
2475 : -9;
2476 : 19;
2477 : 4;
2478 : -16;
2479 : -30;
247A : 15;
247B : 6;
247C : -6;
247D : 7;
247E : -21;
247F : 7;
2480 : 14;
2481 : 3;
2482 : -29;
2483 : -25;
2484 : -8;
2485 : 25;
2486 : -15;
2487 : 21;
2488 : -15;
2489 : 12;
248A : -15;
248B : -35;
248C : -4;
248D : 1;
248E : -19;
248F : -5;
2490 : 0;
2491 : 4;
2492 : 19;
2493 : 1;
2494 : 15;
2495 : 5;
2496 : 9;
2497 : -26;
2498 : 12;
2499 : 10;
249A : -22;
249B : 14;
249C : -29;
249D : -3;
249E : 9;
249F : -5;
24A0 : -18;
24A1 : 16;
24A2 : 21;
24A3 : 6;
24A4 : 10;
24A5 : 21;
24A6 : -22;
24A7 : -29;
24A8 : -16;
24A9 : -6;
24AA : 20;
24AB : -1;
24AC : -16;
24AD : 22;
24AE : -1;
24AF : -18;
24B0 : 2;
24B1 : -4;
24B2 : 5;
24B3 : -15;
24B4 : 5;
24B5 : 9;
24B6 : -15;
24B7 : 9;
24B8 : 30;
24B9 : 22;
24BA : -10;
24BB : -26;
24BC : 11;
24BD : -20;
24BE : -21;
24BF : -29;
24C0 : 6;
24C1 : -27;
24C2 : 11;
24C3 : 4;
24C4 : -1;
24C5 : 14;
24C6 : -15;
24C7 : -33;
24C8 : -19;
24C9 : 7;
24CA : -6;
24CB : -19;
24CC : 14;
24CD : -14;
24CE : -10;
24CF : 17;
24D0 : -4;
24D1 : -25;
24D2 : 4;
24D3 : 3;
24D4 : -12;
24D5 : 11;
24D6 : -25;
24D7 : -24;
24D8 : 7;
24D9 : -27;
24DA : -9;
24DB : -10;
24DC : 11;
24DD : -31;
24DE : -26;
24DF : 0;
24E0 : -11;
24E1 : 14;
24E2 : -20;
24E3 : 9;
24E4 : 17;
24E5 : -11;
24E6 : 4;
24E7 : -4;
24E8 : -19;
24E9 : -31;
24EA : 13;
24EB : 0;
24EC : -6;
24ED : 3;
24EE : -23;
24EF : -8;
24F0 : -2;
24F1 : -28;
24F2 : -3;
24F3 : -13;
24F4 : -28;
24F5 : -29;
24F6 : 21;
24F7 : 12;
24F8 : 10;
24F9 : -21;
24FA : -17;
24FB : 19;
24FC : -25;
24FD : 11;
24FE : -22;
24FF : 20;
2500 : 0;
2501 : 44;
2502 : 21;
2503 : 4;
2504 : 55;
2505 : 31;
2506 : -18;
2507 : -13;
2508 : -2;
2509 : 9;
250A : 26;
250B : 26;
250C : 4;
250D : -3;
250E : 20;
250F : -25;
2510 : 14;
2511 : -2;
2512 : 16;
2513 : 9;
2514 : -7;
2515 : 19;
2516 : 22;
2517 : 17;
2518 : 19;
2519 : 18;
251A : -1;
251B : -27;
251C : 44;
251D : -8;
251E : 1;
251F : 11;
2520 : 46;
2521 : -28;
2522 : 19;
2523 : 3;
2524 : -15;
2525 : -9;
2526 : -7;
2527 : -63;
2528 : 31;
2529 : 13;
252A : -13;
252B : 0;
252C : 1;
252D : -9;
252E : -6;
252F : -8;
2530 : -6;
2531 : -20;
2532 : 32;
2533 : 28;
2534 : 26;
2535 : -3;
2536 : 25;
2537 : -62;
2538 : -19;
2539 : -3;
253A : 29;
253B : -9;
253C : -14;
253D : 6;
253E : -7;
253F : 24;
2540 : -10;
2541 : -21;
2542 : -5;
2543 : 27;
2544 : 45;
2545 : -18;
2546 : 20;
2547 : -27;
2548 : -19;
2549 : 22;
254A : -11;
254B : 0;
254C : -14;
254D : -27;
254E : 18;
254F : 30;
2550 : -10;
2551 : 25;
2552 : -22;
2553 : -9;
2554 : 24;
2555 : 6;
2556 : 13;
2557 : -16;
2558 : -14;
2559 : -2;
255A : 18;
255B : -23;
255C : -21;
255D : 14;
255E : -24;
255F : 33;
2560 : -22;
2561 : -36;
2562 : -26;
2563 : -27;
2564 : 4;
2565 : -35;
2566 : -7;
2567 : -36;
2568 : 15;
2569 : -14;
256A : -19;
256B : -2;
256C : 25;
256D : 18;
256E : -5;
256F : -7;
2570 : 27;
2571 : -19;
2572 : 0;
2573 : 3;
2574 : -20;
2575 : -7;
2576 : 10;
2577 : 22;
2578 : 6;
2579 : 25;
257A : 3;
257B : -8;
257C : 29;
257D : 16;
257E : 55;
257F : 2;
2580 : 4;
2581 : -4;
2582 : 17;
2583 : 12;
2584 : -32;
2585 : -22;
2586 : -18;
2587 : -4;
2588 : -43;
2589 : -16;
258A : -1;
258B : -31;
258C : -14;
258D : 2;
258E : 14;
258F : -11;
2590 : 34;
2591 : 6;
2592 : 3;
2593 : 25;
2594 : -38;
2595 : 3;
2596 : -11;
2597 : -9;
2598 : -34;
2599 : 0;
259A : -4;
259B : 3;
259C : -16;
259D : -22;
259E : 14;
259F : 26;
25A0 : 25;
25A1 : 24;
25A2 : 7;
25A3 : -17;
25A4 : -20;
25A5 : -6;
25A6 : 24;
25A7 : 28;
25A8 : 2;
25A9 : 9;
25AA : -51;
25AB : -29;
25AC : 0;
25AD : -29;
25AE : -19;
25AF : -21;
25B0 : -4;
25B1 : -4;
25B2 : 44;
25B3 : -1;
25B4 : -3;
25B5 : -19;
25B6 : -36;
25B7 : 29;
25B8 : 30;
25B9 : 14;
25BA : 1;
25BB : -16;
25BC : 25;
25BD : -24;
25BE : 48;
25BF : -4;
25C0 : -3;
25C1 : -20;
25C2 : -21;
25C3 : 1;
25C4 : -43;
25C5 : -44;
25C6 : 17;
25C7 : 16;
25C8 : 29;
25C9 : 24;
25CA : -40;
25CB : -58;
25CC : 23;
25CD : 39;
25CE : 15;
25CF : -6;
25D0 : 20;
25D1 : 6;
25D2 : -12;
25D3 : 22;
25D4 : 33;
25D5 : 8;
25D6 : -8;
25D7 : -21;
25D8 : 21;
25D9 : -11;
25DA : 12;
25DB : 5;
25DC : 8;
25DD : 8;
25DE : -5;
25DF : -14;
25E0 : -20;
25E1 : 33;
25E2 : -44;
25E3 : -9;
25E4 : 35;
25E5 : -38;
25E6 : -9;
25E7 : -23;
25E8 : 11;
25E9 : 15;
25EA : 12;
25EB : -12;
25EC : 9;
25ED : 10;
25EE : -62;
25EF : -25;
25F0 : 20;
25F1 : -26;
25F2 : -17;
25F3 : -68;
25F4 : 0;
25F5 : -11;
25F6 : -5;
25F7 : 27;
25F8 : -10;
25F9 : -24;
25FA : 0;
25FB : 28;
25FC : -19;
25FD : -1;
25FE : -17;
25FF : 9;
2600 : -23;
2601 : -14;
2602 : -5;
2603 : -9;
2604 : 6;
2605 : -10;
2606 : -22;
2607 : 2;
2608 : 37;
2609 : 21;
260A : -22;
260B : 19;
260C : -27;
260D : -4;
260E : -21;
260F : 36;
2610 : -41;
2611 : 12;
2612 : 5;
2613 : 12;
2614 : 12;
2615 : -63;
2616 : -26;
2617 : 15;
2618 : 10;
2619 : 25;
261A : -3;
261B : 46;
261C : -18;
261D : -49;
261E : -18;
261F : 24;
2620 : -20;
2621 : 24;
2622 : -3;
2623 : 18;
2624 : 22;
2625 : -72;
2626 : 19;
2627 : 47;
2628 : 32;
2629 : 26;
262A : 17;
262B : 7;
262C : -22;
262D : 2;
262E : 20;
262F : -6;
2630 : 3;
2631 : -14;
2632 : 30;
2633 : -44;
2634 : 23;
2635 : -30;
2636 : -5;
2637 : 20;
2638 : 12;
2639 : 18;
263A : 24;
263B : 66;
263C : -12;
263D : 4;
263E : 47;
263F : -25;
2640 : -12;
2641 : 32;
2642 : 28;
2643 : 10;
2644 : 25;
2645 : -50;
2646 : 18;
2647 : -11;
2648 : -7;
2649 : -13;
264A : -17;
264B : 24;
264C : -8;
264D : -20;
264E : 18;
264F : -21;
2650 : 20;
2651 : 7;
2652 : -27;
2653 : 35;
2654 : -20;
2655 : 29;
2656 : 7;
2657 : -10;
2658 : -20;
2659 : -17;
265A : -8;
265B : 27;
265C : 11;
265D : -3;
265E : -7;
265F : 1;
2660 : -19;
2661 : 14;
2662 : 30;
2663 : -2;
2664 : -7;
2665 : -4;
2666 : 16;
2667 : -7;
2668 : -9;
2669 : 4;
266A : -29;
266B : -1;
266C : -5;
266D : -19;
266E : 43;
266F : 12;
2670 : -6;
2671 : -8;
2672 : -25;
2673 : -20;
2674 : 35;
2675 : 15;
2676 : -7;
2677 : 16;
2678 : -6;
2679 : -28;
267A : 18;
267B : 16;
267C : 22;
267D : -28;
267E : 0;
267F : 15;
2680 : 24;
2681 : -39;
2682 : 37;
2683 : 34;
2684 : 0;
2685 : 0;
2686 : -17;
2687 : -34;
2688 : 18;
2689 : -23;
268A : 8;
268B : 30;
268C : 24;
268D : 28;
268E : -2;
268F : -9;
2690 : 2;
2691 : 13;
2692 : -27;
2693 : 36;
2694 : -19;
2695 : -7;
2696 : 15;
2697 : -7;
2698 : -20;
2699 : -1;
269A : -16;
269B : -14;
269C : 15;
269D : 27;
269E : -11;
269F : -20;
26A0 : 22;
26A1 : 17;
26A2 : 0;
26A3 : -23;
26A4 : -20;
26A5 : -12;
26A6 : 22;
26A7 : 27;
26A8 : -5;
26A9 : 27;
26AA : -12;
26AB : 41;
26AC : 2;
26AD : 8;
26AE : 21;
26AF : -2;
26B0 : -13;
26B1 : -23;
26B2 : -22;
26B3 : 22;
26B4 : 7;
26B5 : 11;
26B6 : 12;
26B7 : 6;
26B8 : -23;
26B9 : -6;
26BA : 0;
26BB : 7;
26BC : -41;
26BD : -39;
26BE : 28;
26BF : 24;
26C0 : 20;
26C1 : -25;
26C2 : -51;
26C3 : 11;
26C4 : 30;
26C5 : 58;
26C6 : -3;
26C7 : -7;
26C8 : 21;
26C9 : -40;
26CA : -11;
26CB : 4;
26CC : -6;
26CD : -10;
26CE : -33;
26CF : 14;
26D0 : -11;
26D1 : -5;
26D2 : -5;
26D3 : -22;
26D4 : 26;
26D5 : -54;
26D6 : -26;
26D7 : 13;
26D8 : 26;
26D9 : -37;
26DA : -12;
26DB : 8;
26DC : 14;
26DD : 17;
26DE : 17;
26DF : -9;
26E0 : 0;
26E1 : -31;
26E2 : 60;
26E3 : -5;
26E4 : -4;
26E5 : 29;
26E6 : -10;
26E7 : 21;
26E8 : -51;
26E9 : -27;
26EA : -11;
26EB : -7;
26EC : -36;
26ED : -5;
26EE : 71;
26EF : -26;
26F0 : 34;
26F1 : -14;
26F2 : 43;
26F3 : 44;
26F4 : 4;
26F5 : -3;
26F6 : -5;
26F7 : -33;
26F8 : -94;
26F9 : 48;
26FA : 32;
26FB : 32;
26FC : 5;
26FD : 2;
26FE : 85;
26FF : -2;
2700 : -27;
2701 : -7;
2702 : 6;
2703 : -11;
2704 : -39;
2705 : -1;
2706 : -39;
2707 : -9;
2708 : 8;
2709 : 2;
270A : -1;
270B : 6;
270C : -63;
270D : -13;
270E : 35;
270F : -10;
2710 : -31;
2711 : 5;
2712 : 20;
2713 : -4;
2714 : -51;
2715 : -49;
2716 : -27;
2717 : 12;
2718 : -12;
2719 : 25;
271A : -12;
271B : 4;
271C : -8;
271D : -18;
271E : 24;
271F : -26;
2720 : -13;
2721 : 10;
2722 : 20;
2723 : 22;
2724 : -6;
2725 : 1;
2726 : -10;
2727 : 14;
2728 : 8;
2729 : 27;
272A : 13;
272B : 27;
272C : -17;
272D : -53;
272E : -21;
272F : 1;
2730 : -35;
2731 : 1;
2732 : -27;
2733 : -6;
2734 : 29;
2735 : -19;
2736 : 16;
2737 : 9;
2738 : 3;
2739 : -36;
273A : 37;
273B : 22;
273C : -13;
273D : -54;
273E : -43;
273F : -10;
2740 : -25;
2741 : -21;
2742 : -17;
2743 : -20;
2744 : 15;
2745 : -30;
2746 : 16;
2747 : 44;
2748 : 7;
2749 : 18;
274A : -45;
274B : -44;
274C : 24;
274D : -22;
274E : 18;
274F : 14;
2750 : -48;
2751 : -28;
2752 : 24;
2753 : 28;
2754 : 39;
2755 : -31;
2756 : -12;
2757 : 8;
2758 : -29;
2759 : -6;
275A : -20;
275B : 26;
275C : 24;
275D : -12;
275E : 21;
275F : 20;
2760 : -30;
2761 : 3;
2762 : -13;
2763 : 26;
2764 : -15;
2765 : -16;
2766 : 32;
2767 : -12;
2768 : -3;
2769 : -13;
276A : 18;
276B : 39;
276C : -18;
276D : -14;
276E : 17;
276F : 44;
2770 : -8;
2771 : 28;
2772 : 30;
2773 : 42;
2774 : 24;
2775 : -8;
2776 : 29;
2777 : -54;
2778 : -32;
2779 : 10;
277A : 33;
277B : 31;
277C : 18;
277D : 9;
277E : -36;
277F : -22;
2780 : 13;
2781 : -23;
2782 : 41;
2783 : -1;
2784 : 7;
2785 : 3;
2786 : -38;
2787 : -25;
2788 : -24;
2789 : -3;
278A : 11;
278B : -30;
278C : -2;
278D : 4;
278E : 15;
278F : 19;
2790 : -1;
2791 : -16;
2792 : 9;
2793 : 28;
2794 : 20;
2795 : -4;
2796 : -48;
2797 : -26;
2798 : -12;
2799 : 17;
279A : -4;
279B : 20;
279C : 33;
279D : 40;
279E : -27;
279F : -3;
27A0 : 23;
27A1 : 4;
27A2 : 26;
27A3 : 39;
27A4 : -6;
27A5 : -26;
27A6 : -2;
27A7 : -1;
27A8 : -64;
27A9 : 15;
27AA : 14;
27AB : 8;
27AC : 36;
27AD : -9;
27AE : -6;
27AF : 13;
27B0 : -18;
27B1 : -16;
27B2 : -24;
27B3 : -22;
27B4 : 31;
27B5 : -21;
27B6 : 5;
27B7 : -5;
27B8 : -66;
27B9 : 13;
27BA : 21;
27BB : 20;
27BC : -20;
27BD : -9;
27BE : 34;
27BF : 23;
27C0 : 22;
27C1 : 13;
27C2 : -21;
27C3 : -52;
27C4 : 1;
27C5 : 36;
27C6 : -16;
27C7 : 5;
27C8 : 30;
27C9 : 9;
27CA : 2;
27CB : 15;
27CC : 34;
27CD : -1;
27CE : -41;
27CF : -12;
27D0 : 5;
27D1 : -32;
27D2 : -11;
27D3 : -53;
27D4 : 32;
27D5 : 23;
27D6 : -41;
27D7 : -5;
27D8 : 24;
27D9 : -1;
27DA : -23;
27DB : 10;
27DC : 22;
27DD : 13;
27DE : -3;
27DF : -21;
27E0 : 2;
27E1 : -66;
27E2 : 18;
27E3 : -20;
27E4 : 31;
27E5 : 30;
27E6 : 2;
27E7 : 0;
27E8 : 8;
27E9 : -51;
27EA : -28;
27EB : 13;
27EC : -6;
27ED : 25;
27EE : 23;
27EF : 39;
27F0 : 31;
27F1 : -7;
27F2 : -13;
27F3 : -3;
27F4 : 37;
27F5 : -6;
27F6 : -10;
27F7 : -8;
27F8 : -13;
27F9 : -29;
27FA : -6;
27FB : -19;
27FC : -40;
27FD : 15;
27FE : 22;
27FF : -2;
2800 : -15;
2801 : -17;
2802 : -11;
2803 : 20;
2804 : -33;
2805 : 7;
2806 : 1;
2807 : 23;
2808 : -14;
2809 : 11;
280A : 19;
280B : -11;
280C : -8;
280D : -7;
280E : 11;
280F : 17;
2810 : 14;
2811 : 24;
2812 : 8;
2813 : 27;
2814 : 27;
2815 : 6;
2816 : 38;
2817 : -18;
2818 : -16;
2819 : -22;
281A : 11;
281B : -6;
281C : -14;
281D : 22;
281E : 10;
281F : -25;
2820 : 7;
2821 : -18;
2822 : 1;
2823 : -10;
2824 : -12;
2825 : 25;
2826 : 12;
2827 : -15;
2828 : -3;
2829 : -22;
282A : -28;
282B : -10;
282C : 7;
282D : 20;
282E : -23;
282F : -23;
2830 : -38;
2831 : 2;
2832 : 17;
2833 : -16;
2834 : 14;
2835 : 27;
2836 : -7;
2837 : -30;
2838 : -16;
2839 : -13;
283A : 7;
283B : 1;
283C : -25;
283D : -10;
283E : 9;
283F : 0;
2840 : -3;
2841 : -22;
2842 : 17;
2843 : -16;
2844 : -1;
2845 : -29;
2846 : 31;
2847 : 7;
2848 : 12;
2849 : 20;
284A : -26;
284B : -23;
284C : -14;
284D : 18;
284E : 26;
284F : -32;
2850 : 20;
2851 : 12;
2852 : -1;
2853 : -18;
2854 : 14;
2855 : 15;
2856 : -14;
2857 : 10;
2858 : 7;
2859 : -26;
285A : -18;
285B : -1;
285C : -10;
285D : -19;
285E : -19;
285F : 21;
2860 : 39;
2861 : 14;
2862 : 15;
2863 : -2;
2864 : -1;
2865 : -14;
2866 : 21;
2867 : -4;
2868 : -25;
2869 : -22;
286A : -28;
286B : 17;
286C : -14;
286D : 35;
286E : -30;
286F : 23;
2870 : 35;
2871 : -3;
2872 : 29;
2873 : 5;
2874 : -2;
2875 : 7;
2876 : -16;
2877 : 19;
2878 : 22;
2879 : -16;
287A : -28;
287B : -22;
287C : -21;
287D : 12;
287E : 24;
287F : 7;
2880 : -28;
2881 : -32;
2882 : 34;
2883 : -31;
2884 : 14;
2885 : 18;
2886 : -11;
2887 : -19;
2888 : 4;
2889 : -28;
288A : 0;
288B : 12;
288C : -15;
288D : 16;
288E : -25;
288F : 20;
2890 : -37;
2891 : -35;
2892 : -27;
2893 : 20;
2894 : -8;
2895 : -13;
2896 : 8;
2897 : 14;
2898 : -7;
2899 : 19;
289A : -23;
289B : 6;
289C : 32;
289D : -2;
289E : -8;
289F : -26;
28A0 : -35;
28A1 : 21;
28A2 : 17;
28A3 : -22;
28A4 : -27;
28A5 : 20;
28A6 : 4;
28A7 : 17;
28A8 : 18;
28A9 : -23;
28AA : -3;
28AB : 1;
28AC : 5;
28AD : -23;
28AE : -21;
28AF : 3;
28B0 : -28;
28B1 : -1;
28B2 : -27;
28B3 : -8;
28B4 : 14;
28B5 : 18;
28B6 : 6;
28B7 : 31;
28B8 : 29;
28B9 : 7;
28BA : 13;
28BB : -7;
28BC : -13;
28BD : -14;
28BE : 28;
28BF : -24;
28C0 : 0;
28C1 : -7;
28C2 : -14;
28C3 : -7;
28C4 : -26;
28C5 : -5;
28C6 : -15;
28C7 : -12;
28C8 : 27;
28C9 : -11;
28CA : 6;
28CB : 35;
28CC : -11;
28CD : -34;
28CE : 20;
28CF : -4;
28D0 : -21;
28D1 : -8;
28D2 : -2;
28D3 : -17;
28D4 : -20;
28D5 : 22;
28D6 : -15;
28D7 : 13;
28D8 : 11;
28D9 : 15;
28DA : 21;
28DB : -15;
28DC : -9;
28DD : -9;
28DE : 5;
28DF : 11;
28E0 : 0;
28E1 : 27;
28E2 : -12;
28E3 : -10;
28E4 : 19;
28E5 : -20;
28E6 : 6;
28E7 : -9;
28E8 : -23;
28E9 : 3;
28EA : 31;
28EB : -22;
28EC : -26;
28ED : 11;
28EE : 1;
28EF : 10;
28F0 : -24;
28F1 : -34;
28F2 : 28;
28F3 : -13;
28F4 : 10;
28F5 : 13;
28F6 : 6;
28F7 : 17;
28F8 : 13;
28F9 : 22;
28FA : 0;
28FB : 31;
28FC : 8;
28FD : 2;
28FE : -21;
28FF : -6;
2900 : 0;
2901 : 39;
2902 : -3;
2903 : -9;
2904 : 10;
2905 : -1;
2906 : 2;
2907 : 3;
2908 : 26;
2909 : -7;
290A : -42;
290B : -8;
290C : 24;
290D : -40;
290E : -8;
290F : 8;
2910 : -25;
2911 : 1;
2912 : -44;
2913 : -2;
2914 : -19;
2915 : -10;
2916 : 21;
2917 : 24;
2918 : 18;
2919 : 20;
291A : -2;
291B : -1;
291C : 5;
291D : 14;
291E : -30;
291F : -15;
2920 : -5;
2921 : 26;
2922 : -9;
2923 : -22;
2924 : -23;
2925 : -21;
2926 : -32;
2927 : 3;
2928 : 4;
2929 : -14;
292A : -20;
292B : 22;
292C : 26;
292D : -17;
292E : -50;
292F : -40;
2930 : -6;
2931 : -36;
2932 : 12;
2933 : -1;
2934 : -37;
2935 : -26;
2936 : -25;
2937 : -8;
2938 : 9;
2939 : -21;
293A : 45;
293B : -12;
293C : -44;
293D : 17;
293E : 34;
293F : 17;
2940 : -1;
2941 : 31;
2942 : -22;
2943 : 2;
2944 : 25;
2945 : 24;
2946 : -5;
2947 : -28;
2948 : -23;
2949 : -22;
294A : 20;
294B : -2;
294C : 38;
294D : 39;
294E : -10;
294F : -25;
2950 : 6;
2951 : 18;
2952 : -53;
2953 : 3;
2954 : 34;
2955 : -13;
2956 : -25;
2957 : 15;
2958 : -4;
2959 : -21;
295A : -22;
295B : 2;
295C : -15;
295D : 6;
295E : -24;
295F : -20;
2960 : -18;
2961 : -4;
2962 : -34;
2963 : -11;
2964 : -58;
2965 : -18;
2966 : 37;
2967 : 24;
2968 : -10;
2969 : -32;
296A : 4;
296B : -31;
296C : -18;
296D : -16;
296E : -9;
296F : -30;
2970 : -8;
2971 : 1;
2972 : -19;
2973 : -46;
2974 : -44;
2975 : -28;
2976 : 9;
2977 : 51;
2978 : 13;
2979 : 17;
297A : 8;
297B : 6;
297C : -23;
297D : -26;
297E : 22;
297F : -17;
2980 : 3;
2981 : 6;
2982 : -25;
2983 : 8;
2984 : 12;
2985 : 14;
2986 : -16;
2987 : -8;
2988 : -35;
2989 : -10;
298A : -5;
298B : -6;
298C : 9;
298D : 42;
298E : -53;
298F : 3;
2990 : -32;
2991 : 11;
2992 : -44;
2993 : -12;
2994 : 34;
2995 : -6;
2996 : 29;
2997 : -19;
2998 : 1;
2999 : -25;
299A : -30;
299B : -15;
299C : -17;
299D : 26;
299E : 6;
299F : 2;
29A0 : 28;
29A1 : 23;
29A2 : 4;
29A3 : 6;
29A4 : 48;
29A5 : 37;
29A6 : 43;
29A7 : -14;
29A8 : -12;
29A9 : 23;
29AA : 1;
29AB : -15;
29AC : 0;
29AD : 5;
29AE : 3;
29AF : -29;
29B0 : 36;
29B1 : 22;
29B2 : -4;
29B3 : 5;
29B4 : 29;
29B5 : -31;
29B6 : 4;
29B7 : -21;
29B8 : -42;
29B9 : -19;
29BA : 31;
29BB : -17;
29BC : 11;
29BD : 0;
29BE : 6;
29BF : -32;
29C0 : 33;
29C1 : -30;
29C2 : -18;
29C3 : -16;
29C4 : -18;
29C5 : 13;
29C6 : 19;
29C7 : 10;
29C8 : 12;
29C9 : -52;
29CA : -4;
29CB : 19;
29CC : -4;
29CD : 1;
29CE : -19;
29CF : -4;
29D0 : 10;
29D1 : -21;
29D2 : -23;
29D3 : -20;
29D4 : -40;
29D5 : -19;
29D6 : -31;
29D7 : 14;
29D8 : -18;
29D9 : -33;
29DA : 46;
29DB : -26;
29DC : -3;
29DD : 24;
29DE : -14;
29DF : -25;
29E0 : 12;
29E1 : -39;
29E2 : -30;
29E3 : -46;
29E4 : 17;
29E5 : 1;
29E6 : 2;
29E7 : 4;
29E8 : 4;
29E9 : -47;
29EA : 0;
29EB : -10;
29EC : -45;
29ED : 16;
29EE : -10;
29EF : -40;
29F0 : -18;
29F1 : -45;
29F2 : -4;
29F3 : -14;
29F4 : -1;
29F5 : 40;
29F6 : -13;
29F7 : -37;
29F8 : 37;
29F9 : -24;
29FA : -2;
29FB : -14;
29FC : -29;
29FD : -19;
29FE : -6;
29FF : -45;
2A00 : 31;
2A01 : 12;
2A02 : 38;
2A03 : -42;
2A04 : 38;
2A05 : 16;
2A06 : 8;
2A07 : -3;
2A08 : 27;
2A09 : -4;
2A0A : 49;
2A0B : 5;
2A0C : -23;
2A0D : -2;
2A0E : -17;
2A0F : -18;
2A10 : -18;
2A11 : -9;
2A12 : 40;
2A13 : 10;
2A14 : -10;
2A15 : 23;
2A16 : -27;
2A17 : -34;
2A18 : -21;
2A19 : -10;
2A1A : 17;
2A1B : 47;
2A1C : -20;
2A1D : 10;
2A1E : 8;
2A1F : 26;
2A20 : -10;
2A21 : -30;
2A22 : 44;
2A23 : 7;
2A24 : 7;
2A25 : -20;
2A26 : -41;
2A27 : -57;
2A28 : -23;
2A29 : -6;
2A2A : 12;
2A2B : 16;
2A2C : 0;
2A2D : -3;
2A2E : -12;
2A2F : 15;
2A30 : 2;
2A31 : -28;
2A32 : 5;
2A33 : 18;
2A34 : 13;
2A35 : 1;
2A36 : -8;
2A37 : 22;
2A38 : 3;
2A39 : -16;
2A3A : -38;
2A3B : -10;
2A3C : -8;
2A3D : -54;
2A3E : 57;
2A3F : -46;
2A40 : 2;
2A41 : -6;
2A42 : 23;
2A43 : 48;
2A44 : -42;
2A45 : -8;
2A46 : 7;
2A47 : -8;
2A48 : 0;
2A49 : -15;
2A4A : 6;
2A4B : -23;
2A4C : -22;
2A4D : 18;
2A4E : -21;
2A4F : 44;
2A50 : -12;
2A51 : -36;
2A52 : -3;
2A53 : 7;
2A54 : -22;
2A55 : 31;
2A56 : -12;
2A57 : -60;
2A58 : -5;
2A59 : 28;
2A5A : -32;
2A5B : -3;
2A5C : 4;
2A5D : -11;
2A5E : -17;
2A5F : 43;
2A60 : -37;
2A61 : -11;
2A62 : 30;
2A63 : -22;
2A64 : -40;
2A65 : -7;
2A66 : 33;
2A67 : -33;
2A68 : -20;
2A69 : -7;
2A6A : -35;
2A6B : 15;
2A6C : -20;
2A6D : -44;
2A6E : 36;
2A6F : 7;
2A70 : -19;
2A71 : -13;
2A72 : 54;
2A73 : 11;
2A74 : 21;
2A75 : -14;
2A76 : 14;
2A77 : 55;
2A78 : 16;
2A79 : -7;
2A7A : -23;
2A7B : -5;
2A7C : -8;
2A7D : -62;
2A7E : -7;
2A7F : 23;
2A80 : 20;
2A81 : 9;
2A82 : -24;
2A83 : -8;
2A84 : 21;
2A85 : 26;
2A86 : 21;
2A87 : -7;
2A88 : 1;
2A89 : -4;
2A8A : 6;
2A8B : -34;
2A8C : 36;
2A8D : 21;
2A8E : -12;
2A8F : 5;
2A90 : 10;
2A91 : 6;
2A92 : -22;
2A93 : 13;
2A94 : 7;
2A95 : -12;
2A96 : -13;
2A97 : 20;
2A98 : 21;
2A99 : 8;
2A9A : -24;
2A9B : 12;
2A9C : 2;
2A9D : 22;
2A9E : -5;
2A9F : 35;
2AA0 : 11;
2AA1 : 24;
2AA2 : -9;
2AA3 : -19;
2AA4 : -6;
2AA5 : -16;
2AA6 : -10;
2AA7 : 28;
2AA8 : -22;
2AA9 : 21;
2AAA : -21;
2AAB : 20;
2AAC : -15;
2AAD : 9;
2AAE : 25;
2AAF : -14;
2AB0 : 32;
2AB1 : 22;
2AB2 : -8;
2AB3 : -46;
2AB4 : -11;
2AB5 : 31;
2AB6 : 13;
2AB7 : 8;
2AB8 : -2;
2AB9 : 23;
2ABA : 4;
2ABB : -4;
2ABC : 24;
2ABD : 19;
2ABE : 8;
2ABF : -25;
2AC0 : -40;
2AC1 : -8;
2AC2 : 47;
2AC3 : 22;
2AC4 : 23;
2AC5 : -1;
2AC6 : 38;
2AC7 : 14;
2AC8 : -15;
2AC9 : 5;
2ACA : 18;
2ACB : 57;
2ACC : -21;
2ACD : -20;
2ACE : 39;
2ACF : 15;
2AD0 : -3;
2AD1 : -1;
2AD2 : 5;
2AD3 : 1;
2AD4 : -14;
2AD5 : -9;
2AD6 : -4;
2AD7 : 15;
2AD8 : -14;
2AD9 : -4;
2ADA : 2;
2ADB : 31;
2ADC : 38;
2ADD : 4;
2ADE : 16;
2ADF : 24;
2AE0 : -25;
2AE1 : 43;
2AE2 : 1;
2AE3 : 28;
2AE4 : 12;
2AE5 : -16;
2AE6 : -16;
2AE7 : -41;
2AE8 : 3;
2AE9 : -13;
2AEA : 34;
2AEB : -1;
2AEC : 18;
2AED : -33;
2AEE : -17;
2AEF : -21;
2AF0 : -10;
2AF1 : 31;
2AF2 : -14;
2AF3 : 36;
2AF4 : 3;
2AF5 : 16;
2AF6 : 46;
2AF7 : 6;
2AF8 : -17;
2AF9 : 8;
2AFA : 36;
2AFB : 0;
2AFC : -7;
2AFD : -23;
2AFE : -24;
2AFF : -1;
2B00 : 9;
2B01 : -11;
2B02 : 13;
2B03 : -4;
2B04 : -17;
2B05 : -10;
2B06 : -22;
2B07 : -9;
2B08 : -25;
2B09 : -22;
2B0A : 5;
2B0B : 8;
2B0C : -4;
2B0D : 29;
2B0E : 8;
2B0F : -28;
2B10 : 23;
2B11 : -14;
2B12 : -22;
2B13 : 4;
2B14 : 8;
2B15 : -3;
2B16 : 5;
2B17 : -2;
2B18 : 2;
2B19 : -31;
2B1A : -26;
2B1B : -15;
2B1C : -29;
2B1D : 1;
2B1E : -10;
2B1F : 16;
2B20 : 2;
2B21 : 3;
2B22 : -16;
2B23 : 11;
2B24 : 1;
2B25 : -3;
2B26 : -32;
2B27 : -7;
2B28 : -17;
2B29 : -10;
2B2A : -11;
2B2B : 5;
2B2C : -6;
2B2D : 22;
2B2E : -18;
2B2F : -25;
2B30 : -3;
2B31 : -4;
2B32 : -9;
2B33 : -14;
2B34 : 8;
2B35 : 27;
2B36 : -18;
2B37 : -7;
2B38 : -36;
2B39 : -25;
2B3A : 21;
2B3B : -4;
2B3C : -6;
2B3D : 15;
2B3E : 5;
2B3F : -31;
2B40 : 2;
2B41 : 11;
2B42 : -3;
2B43 : -37;
2B44 : 6;
2B45 : -27;
2B46 : -6;
2B47 : -29;
2B48 : -18;
2B49 : -17;
2B4A : -31;
2B4B : 12;
2B4C : -17;
2B4D : 19;
2B4E : -27;
2B4F : 23;
2B50 : 2;
2B51 : -5;
2B52 : -19;
2B53 : -36;
2B54 : 16;
2B55 : 9;
2B56 : -22;
2B57 : 14;
2B58 : 3;
2B59 : -14;
2B5A : -11;
2B5B : 5;
2B5C : 25;
2B5D : 8;
2B5E : -3;
2B5F : -20;
2B60 : -6;
2B61 : -34;
2B62 : -2;
2B63 : 2;
2B64 : 22;
2B65 : 10;
2B66 : 21;
2B67 : -1;
2B68 : 6;
2B69 : -5;
2B6A : 5;
2B6B : -27;
2B6C : 5;
2B6D : -1;
2B6E : -2;
2B6F : -6;
2B70 : -6;
2B71 : -34;
2B72 : -31;
2B73 : -7;
2B74 : 13;
2B75 : -10;
2B76 : 9;
2B77 : -22;
2B78 : -33;
2B79 : 17;
2B7A : 2;
2B7B : -1;
2B7C : -12;
2B7D : 16;
2B7E : 0;
2B7F : -9;
2B80 : -30;
2B81 : -19;
2B82 : -27;
2B83 : 22;
2B84 : -2;
2B85 : -11;
2B86 : -28;
2B87 : -13;
2B88 : -8;
2B89 : -18;
2B8A : 2;
2B8B : 10;
2B8C : -20;
2B8D : -7;
2B8E : -2;
2B8F : 19;
2B90 : -5;
2B91 : -13;
2B92 : -2;
2B93 : 18;
2B94 : -24;
2B95 : -24;
2B96 : -17;
2B97 : 8;
2B98 : 10;
2B99 : -5;
2B9A : -26;
2B9B : 2;
2B9C : 13;
2B9D : -2;
2B9E : 2;
2B9F : -26;
2BA0 : 26;
2BA1 : -14;
2BA2 : -19;
2BA3 : 17;
2BA4 : -8;
2BA5 : -1;
2BA6 : -17;
2BA7 : 27;
2BA8 : -20;
2BA9 : 2;
2BAA : 25;
2BAB : 13;
2BAC : 1;
2BAD : 11;
2BAE : -2;
2BAF : 10;
2BB0 : 24;
2BB1 : -30;
2BB2 : 9;
2BB3 : -1;
2BB4 : -24;
2BB5 : -20;
2BB6 : -26;
2BB7 : -8;
2BB8 : -13;
2BB9 : -15;
2BBA : -19;
2BBB : -23;
2BBC : 19;
2BBD : -25;
2BBE : 7;
2BBF : -14;
2BC0 : -20;
2BC1 : -21;
2BC2 : 16;
2BC3 : 24;
2BC4 : -23;
2BC5 : -11;
2BC6 : -1;
2BC7 : 6;
2BC8 : -20;
2BC9 : 27;
2BCA : -12;
2BCB : -17;
2BCC : -29;
2BCD : -1;
2BCE : -18;
2BCF : 21;
2BD0 : -23;
2BD1 : -10;
2BD2 : 23;
2BD3 : -11;
2BD4 : -25;
2BD5 : 28;
2BD6 : -23;
2BD7 : -23;
2BD8 : -26;
2BD9 : 27;
2BDA : 23;
2BDB : -12;
2BDC : -9;
2BDD : 5;
2BDE : -20;
2BDF : -16;
2BE0 : -11;
2BE1 : -13;
2BE2 : -29;
2BE3 : -24;
2BE4 : 0;
2BE5 : -20;
2BE6 : -13;
2BE7 : -22;
2BE8 : 8;
2BE9 : -28;
2BEA : -12;
2BEB : 10;
2BEC : 3;
2BED : -23;
2BEE : -5;
2BEF : -10;
2BF0 : -3;
2BF1 : -22;
2BF2 : -6;
2BF3 : 9;
2BF4 : -37;
2BF5 : -21;
2BF6 : -31;
2BF7 : -1;
2BF8 : 27;
2BF9 : 10;
2BFA : 18;
2BFB : -25;
2BFC : -22;
2BFD : -2;
2BFE : 10;
2BFF : -32;
2C00 : -6;
2C01 : 31;
2C02 : -8;
2C03 : -6;
2C04 : 4;
2C05 : -19;
2C06 : 17;
2C07 : -2;
2C08 : 6;
2C09 : 15;
2C0A : -33;
2C0B : 31;
2C0C : 14;
2C0D : 1;
2C0E : -33;
2C0F : 32;
2C10 : -36;
2C11 : 4;
2C12 : -15;
2C13 : 5;
2C14 : -32;
2C15 : -31;
2C16 : 12;
2C17 : 2;
2C18 : -23;
2C19 : -32;
2C1A : 5;
2C1B : 13;
2C1C : -3;
2C1D : -33;
2C1E : -3;
2C1F : -28;
2C20 : -44;
2C21 : -19;
2C22 : -1;
2C23 : 6;
2C24 : -29;
2C25 : 24;
2C26 : 0;
2C27 : 43;
2C28 : -5;
2C29 : -33;
2C2A : -3;
2C2B : -27;
2C2C : 11;
2C2D : -35;
2C2E : -9;
2C2F : -3;
2C30 : -54;
2C31 : -3;
2C32 : -4;
2C33 : -2;
2C34 : -18;
2C35 : 29;
2C36 : 13;
2C37 : 39;
2C38 : -7;
2C39 : 20;
2C3A : -20;
2C3B : -10;
2C3C : 31;
2C3D : -7;
2C3E : -23;
2C3F : -37;
2C40 : -28;
2C41 : -15;
2C42 : -31;
2C43 : -33;
2C44 : 7;
2C45 : 50;
2C46 : 30;
2C47 : 19;
2C48 : -19;
2C49 : 16;
2C4A : -30;
2C4B : 53;
2C4C : 7;
2C4D : -19;
2C4E : 18;
2C4F : 36;
2C50 : 16;
2C51 : -25;
2C52 : -1;
2C53 : 5;
2C54 : -12;
2C55 : -22;
2C56 : 0;
2C57 : -14;
2C58 : -2;
2C59 : -16;
2C5A : 0;
2C5B : 43;
2C5C : -2;
2C5D : 9;
2C5E : 4;
2C5F : 23;
2C60 : 2;
2C61 : 15;
2C62 : 10;
2C63 : 4;
2C64 : -7;
2C65 : -50;
2C66 : 30;
2C67 : 13;
2C68 : 30;
2C69 : -13;
2C6A : 23;
2C6B : -4;
2C6C : -29;
2C6D : 6;
2C6E : -4;
2C6F : 3;
2C70 : -8;
2C71 : -34;
2C72 : 2;
2C73 : 23;
2C74 : -22;
2C75 : -13;
2C76 : 59;
2C77 : -15;
2C78 : -18;
2C79 : 20;
2C7A : 12;
2C7B : -6;
2C7C : 8;
2C7D : 8;
2C7E : -12;
2C7F : 22;
2C80 : -19;
2C81 : 2;
2C82 : -22;
2C83 : -3;
2C84 : -7;
2C85 : -5;
2C86 : 22;
2C87 : 22;
2C88 : 15;
2C89 : -17;
2C8A : 0;
2C8B : 18;
2C8C : 8;
2C8D : -19;
2C8E : 42;
2C8F : 15;
2C90 : 15;
2C91 : 32;
2C92 : 2;
2C93 : 15;
2C94 : -10;
2C95 : 26;
2C96 : -1;
2C97 : 20;
2C98 : 11;
2C99 : 21;
2C9A : 47;
2C9B : -7;
2C9C : -12;
2C9D : -9;
2C9E : 13;
2C9F : 26;
2CA0 : 38;
2CA1 : 43;
2CA2 : 28;
2CA3 : 46;
2CA4 : 10;
2CA5 : -4;
2CA6 : 9;
2CA7 : 25;
2CA8 : 27;
2CA9 : 24;
2CAA : 14;
2CAB : -43;
2CAC : -2;
2CAD : -22;
2CAE : 9;
2CAF : -8;
2CB0 : 1;
2CB1 : 23;
2CB2 : 3;
2CB3 : 12;
2CB4 : 5;
2CB5 : -3;
2CB6 : 13;
2CB7 : 40;
2CB8 : 34;
2CB9 : 28;
2CBA : 16;
2CBB : -25;
2CBC : -11;
2CBD : 43;
2CBE : -3;
2CBF : 20;
2CC0 : -30;
2CC1 : -30;
2CC2 : 46;
2CC3 : -2;
2CC4 : -26;
2CC5 : 4;
2CC6 : -26;
2CC7 : 18;
2CC8 : -31;
2CC9 : 5;
2CCA : -1;
2CCB : -2;
2CCC : -34;
2CCD : -5;
2CCE : -1;
2CCF : -33;
2CD0 : 34;
2CD1 : 4;
2CD2 : -17;
2CD3 : 14;
2CD4 : -26;
2CD5 : -23;
2CD6 : 14;
2CD7 : -13;
2CD8 : 25;
2CD9 : 39;
2CDA : 27;
2CDB : -13;
2CDC : 4;
2CDD : 0;
2CDE : 9;
2CDF : 34;
2CE0 : 2;
2CE1 : 34;
2CE2 : -36;
2CE3 : 28;
2CE4 : 29;
2CE5 : -33;
2CE6 : 15;
2CE7 : -27;
2CE8 : -13;
2CE9 : 2;
2CEA : 19;
2CEB : -28;
2CEC : 39;
2CED : 23;
2CEE : -40;
2CEF : 12;
2CF0 : 3;
2CF1 : -36;
2CF2 : 4;
2CF3 : -29;
2CF4 : 19;
2CF5 : 35;
2CF6 : -41;
2CF7 : -13;
2CF8 : 48;
2CF9 : -12;
2CFA : -36;
2CFB : -1;
2CFC : 15;
2CFD : -2;
2CFE : -58;
2CFF : 20;
2D00 : 8;
2D01 : -28;
2D02 : -13;
2D03 : -3;
2D04 : -18;
2D05 : -33;
2D06 : -14;
2D07 : 35;
2D08 : -15;
2D09 : 39;
2D0A : -1;
2D0B : -23;
2D0C : -27;
2D0D : 23;
2D0E : -4;
2D0F : -3;
2D10 : 3;
2D11 : 18;
2D12 : -5;
2D13 : -26;
2D14 : -2;
2D15 : -46;
2D16 : 25;
2D17 : 6;
2D18 : 15;
2D19 : 4;
2D1A : -1;
2D1B : 21;
2D1C : -12;
2D1D : -22;
2D1E : -20;
2D1F : -9;
2D20 : -10;
2D21 : 11;
2D22 : -10;
2D23 : -31;
2D24 : -2;
2D25 : 20;
2D26 : -29;
2D27 : 27;
2D28 : -34;
2D29 : 0;
2D2A : -28;
2D2B : 47;
2D2C : 17;
2D2D : 11;
2D2E : 4;
2D2F : -17;
2D30 : -35;
2D31 : -12;
2D32 : 8;
2D33 : -12;
2D34 : -27;
2D35 : 38;
2D36 : -28;
2D37 : 18;
2D38 : -28;
2D39 : 12;
2D3A : 4;
2D3B : -1;
2D3C : 3;
2D3D : -38;
2D3E : -28;
2D3F : -10;
2D40 : 33;
2D41 : 26;
2D42 : -32;
2D43 : 9;
2D44 : -9;
2D45 : -3;
2D46 : 13;
2D47 : -7;
2D48 : 5;
2D49 : 1;
2D4A : -12;
2D4B : -13;
2D4C : 0;
2D4D : 49;
2D4E : -3;
2D4F : -18;
2D50 : -9;
2D51 : 25;
2D52 : 15;
2D53 : -6;
2D54 : 19;
2D55 : 32;
2D56 : 12;
2D57 : 49;
2D58 : -24;
2D59 : -5;
2D5A : -6;
2D5B : 27;
2D5C : -6;
2D5D : -21;
2D5E : 32;
2D5F : -5;
2D60 : -31;
2D61 : 37;
2D62 : 17;
2D63 : 0;
2D64 : 26;
2D65 : 17;
2D66 : 20;
2D67 : 19;
2D68 : 26;
2D69 : 26;
2D6A : -18;
2D6B : 20;
2D6C : -16;
2D6D : -33;
2D6E : 7;
2D6F : -36;
2D70 : -15;
2D71 : 33;
2D72 : -32;
2D73 : 34;
2D74 : 19;
2D75 : 13;
2D76 : 43;
2D77 : -24;
2D78 : -15;
2D79 : -20;
2D7A : -25;
2D7B : -21;
2D7C : -27;
2D7D : 24;
2D7E : -22;
2D7F : 9;
2D80 : 21;
2D81 : 53;
2D82 : -6;
2D83 : 10;
2D84 : 0;
2D85 : 18;
2D86 : 1;
2D87 : 13;
2D88 : 21;
2D89 : -10;
2D8A : -16;
2D8B : 1;
2D8C : -21;
2D8D : -35;
2D8E : 21;
2D8F : 5;
2D90 : -4;
2D91 : 17;
2D92 : -5;
2D93 : -38;
2D94 : 48;
2D95 : 9;
2D96 : 29;
2D97 : 0;
2D98 : 16;
2D99 : 23;
2D9A : 43;
2D9B : -1;
2D9C : 3;
2D9D : 13;
2D9E : 12;
2D9F : 0;
2DA0 : 35;
2DA1 : -15;
2DA2 : -27;
2DA3 : 18;
2DA4 : 2;
2DA5 : 21;
2DA6 : -15;
2DA7 : -2;
2DA8 : -14;
2DA9 : -8;
2DAA : 49;
2DAB : -10;
2DAC : -28;
2DAD : 27;
2DAE : -7;
2DAF : 3;
2DB0 : 14;
2DB1 : 35;
2DB2 : -16;
2DB3 : 38;
2DB4 : -32;
2DB5 : -5;
2DB6 : 27;
2DB7 : 21;
2DB8 : 25;
2DB9 : 13;
2DBA : -13;
2DBB : -28;
2DBC : 21;
2DBD : 7;
2DBE : -12;
2DBF : -10;
2DC0 : 11;
2DC1 : -9;
2DC2 : 37;
2DC3 : -37;
2DC4 : -60;
2DC5 : 27;
2DC6 : -3;
2DC7 : -8;
2DC8 : -26;
2DC9 : 22;
2DCA : 8;
2DCB : 10;
2DCC : -33;
2DCD : -33;
2DCE : -11;
2DCF : -29;
2DD0 : -13;
2DD1 : -3;
2DD2 : 14;
2DD3 : -7;
2DD4 : -19;
2DD5 : 3;
2DD6 : 8;
2DD7 : 10;
2DD8 : -15;
2DD9 : 6;
2DDA : 21;
2DDB : -13;
2DDC : 25;
2DDD : -30;
2DDE : -15;
2DDF : -19;
2DE0 : 24;
2DE1 : 22;
2DE2 : 15;
2DE3 : -8;
2DE4 : -18;
2DE5 : 30;
2DE6 : 17;
2DE7 : -9;
2DE8 : -10;
2DE9 : -26;
2DEA : -30;
2DEB : -4;
2DEC : 31;
2DED : -4;
2DEE : -33;
2DEF : 29;
2DF0 : 19;
2DF1 : -16;
2DF2 : 27;
2DF3 : 35;
2DF4 : 18;
2DF5 : -36;
2DF6 : -7;
2DF7 : -47;
2DF8 : 17;
2DF9 : -1;
2DFA : 1;
2DFB : -25;
2DFC : 30;
2DFD : 17;
2DFE : -13;
2DFF : -23;
2E00 : 8;
2E01 : -9;
2E02 : 37;
2E03 : 22;
2E04 : 44;
2E05 : -26;
2E06 : 30;
2E07 : -13;
2E08 : -21;
2E09 : -11;
2E0A : 40;
2E0B : 36;
2E0C : -25;
2E0D : -11;
2E0E : 39;
2E0F : -12;
2E10 : 40;
2E11 : 19;
2E12 : 4;
2E13 : 29;
2E14 : 12;
2E15 : -12;
2E16 : 13;
2E17 : -33;
2E18 : -28;
2E19 : -14;
2E1A : 4;
2E1B : 16;
2E1C : -10;
2E1D : 24;
2E1E : -23;
2E1F : -5;
2E20 : -3;
2E21 : 44;
2E22 : -6;
2E23 : -15;
2E24 : 16;
2E25 : 7;
2E26 : -3;
2E27 : -38;
2E28 : 20;
2E29 : 22;
2E2A : 50;
2E2B : -21;
2E2C : 24;
2E2D : -1;
2E2E : 15;
2E2F : 2;
2E30 : -16;
2E31 : -3;
2E32 : -25;
2E33 : -15;
2E34 : 21;
2E35 : 3;
2E36 : 29;
2E37 : 45;
2E38 : 42;
2E39 : 7;
2E3A : -2;
2E3B : 18;
2E3C : -29;
2E3D : -7;
2E3E : -3;
2E3F : -10;
2E40 : -14;
2E41 : -21;
2E42 : 48;
2E43 : 60;
2E44 : -36;
2E45 : -34;
2E46 : -1;
2E47 : -54;
2E48 : -32;
2E49 : 14;
2E4A : 4;
2E4B : 2;
2E4C : 3;
2E4D : 27;
2E4E : -12;
2E4F : -22;
2E50 : 5;
2E51 : 7;
2E52 : 19;
2E53 : 13;
2E54 : -1;
2E55 : 22;
2E56 : -2;
2E57 : -58;
2E58 : -17;
2E59 : 6;
2E5A : 2;
2E5B : 10;
2E5C : 32;
2E5D : 61;
2E5E : 10;
2E5F : -1;
2E60 : -11;
2E61 : 23;
2E62 : -4;
2E63 : 6;
2E64 : -26;
2E65 : 24;
2E66 : 1;
2E67 : -11;
2E68 : 33;
2E69 : 11;
2E6A : -3;
2E6B : 24;
2E6C : 18;
2E6D : -8;
2E6E : 4;
2E6F : 27;
2E70 : 47;
2E71 : 13;
2E72 : 30;
2E73 : 9;
2E74 : 29;
2E75 : -12;
2E76 : 2;
2E77 : 25;
2E78 : 1;
2E79 : 5;
2E7A : 21;
2E7B : 14;
2E7C : 12;
2E7D : -24;
2E7E : 10;
2E7F : 21;
2E80 : 27;
2E81 : 5;
2E82 : 9;
2E83 : 9;
2E84 : 10;
2E85 : -46;
2E86 : -1;
2E87 : 2;
2E88 : -6;
2E89 : 20;
2E8A : -20;
2E8B : -38;
2E8C : 30;
2E8D : 34;
2E8E : -28;
2E8F : -1;
2E90 : -6;
2E91 : -19;
2E92 : 11;
2E93 : -25;
2E94 : 4;
2E95 : 11;
2E96 : 12;
2E97 : 51;
2E98 : 4;
2E99 : 13;
2E9A : -39;
2E9B : -14;
2E9C : 4;
2E9D : 34;
2E9E : 3;
2E9F : 23;
2EA0 : 34;
2EA1 : 9;
2EA2 : -11;
2EA3 : 1;
2EA4 : -17;
2EA5 : -5;
2EA6 : 23;
2EA7 : 15;
2EA8 : -7;
2EA9 : -12;
2EAA : 8;
2EAB : 34;
2EAC : 19;
2EAD : 0;
2EAE : -24;
2EAF : -17;
2EB0 : 24;
2EB1 : -1;
2EB2 : 12;
2EB3 : 10;
2EB4 : 11;
2EB5 : -9;
2EB6 : -28;
2EB7 : -16;
2EB8 : -43;
2EB9 : -27;
2EBA : 24;
2EBB : -21;
2EBC : 8;
2EBD : -7;
2EBE : -44;
2EBF : 10;
2EC0 : 13;
2EC1 : -19;
2EC2 : 17;
2EC3 : -44;
2EC4 : 26;
2EC5 : 2;
2EC6 : -3;
2EC7 : 7;
2EC8 : -7;
2EC9 : -29;
2ECA : 42;
2ECB : 23;
2ECC : -6;
2ECD : 1;
2ECE : 23;
2ECF : -32;
2ED0 : 6;
2ED1 : 1;
2ED2 : 2;
2ED3 : -26;
2ED4 : 27;
2ED5 : -35;
2ED6 : -27;
2ED7 : 30;
2ED8 : -22;
2ED9 : 21;
2EDA : 5;
2EDB : 13;
2EDC : 1;
2EDD : -24;
2EDE : -17;
2EDF : 19;
2EE0 : -36;
2EE1 : -3;
2EE2 : 20;
2EE3 : -27;
2EE4 : -6;
2EE5 : -1;
2EE6 : -12;
2EE7 : 6;
2EE8 : -31;
2EE9 : 28;
2EEA : 39;
2EEB : 19;
2EEC : 17;
2EED : -33;
2EEE : 39;
2EEF : 2;
2EF0 : 34;
2EF1 : 14;
2EF2 : 14;
2EF3 : 20;
2EF4 : -1;
2EF5 : 21;
2EF6 : -22;
2EF7 : -28;
2EF8 : -29;
2EF9 : 17;
2EFA : 19;
2EFB : 20;
2EFC : -40;
2EFD : 5;
2EFE : 75;
2EFF : -15;
2F00 : -31;
2F01 : 24;
2F02 : 26;
2F03 : -38;
2F04 : -20;
2F05 : -16;
2F06 : -25;
2F07 : 4;
2F08 : -17;
2F09 : -17;
2F0A : -2;
2F0B : -15;
2F0C : -13;
2F0D : -33;
2F0E : -26;
2F0F : 4;
2F10 : -2;
2F11 : -17;
2F12 : -21;
2F13 : 0;
2F14 : -11;
2F15 : -20;
2F16 : -15;
2F17 : -3;
2F18 : 0;
2F19 : -34;
2F1A : -23;
2F1B : 22;
2F1C : -1;
2F1D : 15;
2F1E : 7;
2F1F : 4;
2F20 : -28;
2F21 : 14;
2F22 : 4;
2F23 : -32;
2F24 : 11;
2F25 : 38;
2F26 : 28;
2F27 : 18;
2F28 : 0;
2F29 : -37;
2F2A : 22;
2F2B : 14;
2F2C : 29;
2F2D : -9;
2F2E : -32;
2F2F : -17;
2F30 : 18;
2F31 : 2;
2F32 : 22;
2F33 : -15;
2F34 : 20;
2F35 : -11;
2F36 : -34;
2F37 : -15;
2F38 : -22;
2F39 : 8;
2F3A : -14;
2F3B : 8;
2F3C : -29;
2F3D : 21;
2F3E : -8;
2F3F : -9;
2F40 : 0;
2F41 : -36;
2F42 : -11;
2F43 : -1;
2F44 : -22;
2F45 : 3;
2F46 : -7;
2F47 : 9;
2F48 : -16;
2F49 : -33;
2F4A : 23;
2F4B : -32;
2F4C : 20;
2F4D : -24;
2F4E : -6;
2F4F : -35;
2F50 : 17;
2F51 : 10;
2F52 : -2;
2F53 : -10;
2F54 : 17;
2F55 : 2;
2F56 : 19;
2F57 : 29;
2F58 : -4;
2F59 : -21;
2F5A : -13;
2F5B : -17;
2F5C : -36;
2F5D : 4;
2F5E : -14;
2F5F : 8;
2F60 : 30;
2F61 : 18;
2F62 : -37;
2F63 : -16;
2F64 : -21;
2F65 : 21;
2F66 : 35;
2F67 : -12;
2F68 : 14;
2F69 : -21;
2F6A : -26;
2F6B : -25;
2F6C : -24;
2F6D : -27;
2F6E : -11;
2F6F : -12;
2F70 : -12;
2F71 : 22;
2F72 : -33;
2F73 : -31;
2F74 : 3;
2F75 : 7;
2F76 : 27;
2F77 : -4;
2F78 : -17;
2F79 : -23;
2F7A : 14;
2F7B : -31;
2F7C : -23;
2F7D : -26;
2F7E : -7;
2F7F : -3;
2F80 : -5;
2F81 : -31;
2F82 : -12;
2F83 : 8;
2F84 : -27;
2F85 : 5;
2F86 : -24;
2F87 : -11;
2F88 : 6;
2F89 : -4;
2F8A : 12;
2F8B : 16;
2F8C : 13;
2F8D : 8;
2F8E : -15;
2F8F : 11;
2F90 : 8;
2F91 : -30;
2F92 : -9;
2F93 : 22;
2F94 : 18;
2F95 : 7;
2F96 : 24;
2F97 : -4;
2F98 : -31;
2F99 : -24;
2F9A : -2;
2F9B : -31;
2F9C : 19;
2F9D : -21;
2F9E : 3;
2F9F : 3;
2FA0 : -14;
2FA1 : -4;
2FA2 : -31;
2FA3 : -23;
2FA4 : 35;
2FA5 : -24;
2FA6 : -19;
2FA7 : -2;
2FA8 : -20;
2FA9 : 0;
2FAA : -10;
2FAB : -6;
2FAC : 11;
2FAD : -8;
2FAE : -32;
2FAF : -19;
2FB0 : 5;
2FB1 : -4;
2FB2 : -10;
2FB3 : 25;
2FB4 : -17;
2FB5 : 26;
2FB6 : -18;
2FB7 : -4;
2FB8 : -21;
2FB9 : -17;
2FBA : 0;
2FBB : 25;
2FBC : -30;
2FBD : -14;
2FBE : 2;
2FBF : -30;
2FC0 : -34;
2FC1 : -30;
2FC2 : -1;
2FC3 : 23;
2FC4 : -1;
2FC5 : -35;
2FC6 : -6;
2FC7 : 9;
2FC8 : -11;
2FC9 : -19;
2FCA : -11;
2FCB : -1;
2FCC : -21;
2FCD : 11;
2FCE : -5;
2FCF : -38;
2FD0 : -11;
2FD1 : -32;
2FD2 : -1;
2FD3 : 10;
2FD4 : 10;
2FD5 : -11;
2FD6 : -23;
2FD7 : -15;
2FD8 : -30;
2FD9 : -22;
2FDA : 12;
2FDB : 24;
2FDC : -4;
2FDD : -21;
2FDE : -3;
2FDF : -24;
2FE0 : 28;
2FE1 : 23;
2FE2 : -2;
2FE3 : -14;
2FE4 : 11;
2FE5 : -19;
2FE6 : 11;
2FE7 : 12;
2FE8 : 14;
2FE9 : -13;
2FEA : -16;
2FEB : -26;
2FEC : -26;
2FED : -30;
2FEE : 22;
2FEF : -4;
2FF0 : -26;
2FF1 : -32;
2FF2 : -14;
2FF3 : -7;
2FF4 : 24;
2FF5 : 26;
2FF6 : 20;
2FF7 : -16;
2FF8 : -26;
2FF9 : -4;
2FFA : -2;
2FFB : -1;
2FFC : 10;
2FFD : -22;
2FFE : 17;
2FFF : -7;
3000 : 37;
3001 : -3;
3002 : 8;
3003 : 25;
3004 : -43;
3005 : 12;
3006 : 28;
3007 : -23;
3008 : -18;
3009 : -2;
300A : 16;
300B : -26;
300C : -20;
300D : -7;
300E : -17;
300F : -1;
3010 : 18;
3011 : -5;
3012 : 23;
3013 : 44;
3014 : -25;
3015 : -14;
3016 : 33;
3017 : -4;
3018 : -24;
3019 : 1;
301A : 13;
301B : -43;
301C : -11;
301D : 32;
301E : 12;
301F : 13;
3020 : 0;
3021 : -24;
3022 : -23;
3023 : 2;
3024 : 28;
3025 : 39;
3026 : 13;
3027 : -2;
3028 : -3;
3029 : -6;
302A : -26;
302B : -51;
302C : 25;
302D : 23;
302E : -27;
302F : -8;
3030 : -8;
3031 : -20;
3032 : -9;
3033 : 10;
3034 : -6;
3035 : 24;
3036 : 24;
3037 : 37;
3038 : -15;
3039 : -26;
303A : 9;
303B : -47;
303C : 4;
303D : 2;
303E : -67;
303F : 20;
3040 : 31;
3041 : -1;
3042 : -10;
3043 : -34;
3044 : -2;
3045 : 7;
3046 : -42;
3047 : 16;
3048 : 30;
3049 : -13;
304A : 9;
304B : -34;
304C : 1;
304D : 13;
304E : -3;
304F : 12;
3050 : -18;
3051 : 12;
3052 : -27;
3053 : -26;
3054 : -25;
3055 : -26;
3056 : 37;
3057 : 14;
3058 : 1;
3059 : 23;
305A : 0;
305B : 28;
305C : 4;
305D : -14;
305E : 9;
305F : -13;
3060 : 2;
3061 : -7;
3062 : -1;
3063 : -13;
3064 : -26;
3065 : 9;
3066 : -26;
3067 : -33;
3068 : -8;
3069 : -14;
306A : 26;
306B : -37;
306C : 9;
306D : 23;
306E : -5;
306F : 25;
3070 : -6;
3071 : -24;
3072 : 23;
3073 : -16;
3074 : 5;
3075 : -12;
3076 : -3;
3077 : -42;
3078 : -39;
3079 : 4;
307A : 34;
307B : 24;
307C : -14;
307D : 23;
307E : -24;
307F : 16;
3080 : 36;
3081 : 32;
3082 : -25;
3083 : -34;
3084 : 18;
3085 : -57;
3086 : 11;
3087 : 15;
3088 : 30;
3089 : 11;
308A : 13;
308B : -10;
308C : -38;
308D : 3;
308E : 10;
308F : -20;
3090 : 31;
3091 : -10;
3092 : -34;
3093 : -31;
3094 : 5;
3095 : -25;
3096 : -51;
3097 : 15;
3098 : -15;
3099 : 15;
309A : 21;
309B : 31;
309C : 12;
309D : -5;
309E : 4;
309F : -1;
30A0 : -7;
30A1 : 40;
30A2 : 18;
30A3 : 30;
30A4 : 8;
30A5 : -7;
30A6 : -22;
30A7 : 47;
30A8 : 37;
30A9 : 21;
30AA : 23;
30AB : -6;
30AC : 21;
30AD : 18;
30AE : -23;
30AF : 25;
30B0 : 11;
30B1 : 2;
30B2 : 43;
30B3 : 3;
30B4 : 27;
30B5 : -44;
30B6 : -7;
30B7 : -55;
30B8 : 35;
30B9 : -21;
30BA : 3;
30BB : 7;
30BC : 23;
30BD : -7;
30BE : 27;
30BF : -28;
30C0 : 30;
30C1 : 0;
30C2 : -34;
30C3 : 12;
30C4 : -25;
30C5 : 16;
30C6 : -39;
30C7 : 2;
30C8 : 2;
30C9 : 21;
30CA : 38;
30CB : -47;
30CC : -4;
30CD : 21;
30CE : -10;
30CF : -23;
30D0 : 21;
30D1 : 15;
30D2 : -7;
30D3 : -15;
30D4 : -16;
30D5 : 40;
30D6 : -11;
30D7 : 12;
30D8 : 22;
30D9 : -4;
30DA : 11;
30DB : -37;
30DC : 3;
30DD : -15;
30DE : 25;
30DF : 2;
30E0 : -37;
30E1 : 34;
30E2 : -13;
30E3 : 0;
30E4 : -21;
30E5 : -3;
30E6 : 7;
30E7 : 23;
30E8 : -20;
30E9 : -24;
30EA : 26;
30EB : 6;
30EC : -9;
30ED : -18;
30EE : -4;
30EF : 21;
30F0 : -22;
30F1 : 2;
30F2 : 18;
30F3 : 11;
30F4 : -15;
30F5 : -3;
30F6 : -42;
30F7 : 14;
30F8 : 48;
30F9 : 26;
30FA : 32;
30FB : 14;
30FC : -15;
30FD : -45;
30FE : -39;
30FF : 30;
3100 : 10;
3101 : -1;
3102 : 15;
3103 : -19;
3104 : 26;
3105 : 33;
3106 : 35;
3107 : 33;
3108 : 3;
3109 : 9;
310A : -8;
310B : 29;
310C : -11;
310D : -32;
310E : -20;
310F : -28;
3110 : 3;
3111 : 33;
3112 : 11;
3113 : -13;
3114 : 10;
3115 : -2;
3116 : -34;
3117 : 27;
3118 : -30;
3119 : -16;
311A : 35;
311B : 26;
311C : -26;
311D : -25;
311E : 7;
311F : 26;
3120 : -35;
3121 : 1;
3122 : -6;
3123 : 23;
3124 : 27;
3125 : 19;
3126 : -14;
3127 : 32;
3128 : -16;
3129 : 22;
312A : -16;
312B : 39;
312C : 3;
312D : -1;
312E : -3;
312F : 1;
3130 : -8;
3131 : 21;
3132 : -7;
3133 : -19;
3134 : 4;
3135 : 40;
3136 : 0;
3137 : -41;
3138 : -4;
3139 : 14;
313A : 2;
313B : 21;
313C : -43;
313D : 25;
313E : 8;
313F : 17;
3140 : 24;
3141 : -45;
3142 : 3;
3143 : -2;
3144 : -11;
3145 : -59;
3146 : 11;
3147 : -21;
3148 : -12;
3149 : -13;
314A : 32;
314B : 9;
314C : 10;
314D : -7;
314E : 12;
314F : 8;
3150 : 0;
3151 : -22;
3152 : -9;
3153 : 47;
3154 : -8;
3155 : 20;
3156 : -1;
3157 : 34;
3158 : 45;
3159 : 22;
315A : -17;
315B : -40;
315C : -16;
315D : -4;
315E : 19;
315F : 20;
3160 : 26;
3161 : 21;
3162 : -12;
3163 : -10;
3164 : 36;
3165 : 47;
3166 : 1;
3167 : 40;
3168 : -2;
3169 : -33;
316A : -7;
316B : 24;
316C : -7;
316D : -14;
316E : 16;
316F : -12;
3170 : -38;
3171 : 31;
3172 : -15;
3173 : 20;
3174 : 15;
3175 : 33;
3176 : -12;
3177 : 7;
3178 : 10;
3179 : 19;
317A : -22;
317B : -44;
317C : 10;
317D : -47;
317E : 4;
317F : 9;
3180 : -6;
3181 : -60;
3182 : 1;
3183 : 15;
3184 : -16;
3185 : 2;
3186 : -17;
3187 : 5;
3188 : -12;
3189 : 16;
318A : -42;
318B : 12;
318C : -29;
318D : -11;
318E : 34;
318F : -1;
3190 : 18;
3191 : 5;
3192 : 49;
3193 : -32;
3194 : -1;
3195 : 37;
3196 : 23;
3197 : 8;
3198 : 14;
3199 : 4;
319A : 14;
319B : -10;
319C : 32;
319D : -29;
319E : 3;
319F : -9;
31A0 : -35;
31A1 : 27;
31A2 : 13;
31A3 : 20;
31A4 : -8;
31A5 : 16;
31A6 : -21;
31A7 : 3;
31A8 : -6;
31A9 : -20;
31AA : 9;
31AB : 14;
31AC : -13;
31AD : -29;
31AE : -18;
31AF : -5;
31B0 : -34;
31B1 : -21;
31B2 : -16;
31B3 : -3;
31B4 : 36;
31B5 : 17;
31B6 : 1;
31B7 : -15;
31B8 : -37;
31B9 : -25;
31BA : -12;
31BB : -30;
31BC : -15;
31BD : -38;
31BE : -27;
31BF : 27;
31C0 : -32;
31C1 : -63;
31C2 : 39;
31C3 : -36;
31C4 : -52;
31C5 : -52;
31C6 : -21;
31C7 : 2;
31C8 : -35;
31C9 : -5;
31CA : -20;
31CB : 30;
31CC : 6;
31CD : 15;
31CE : 11;
31CF : -46;
31D0 : -8;
31D1 : 7;
31D2 : 2;
31D3 : -27;
31D4 : -22;
31D5 : -21;
31D6 : 0;
31D7 : -7;
31D8 : 22;
31D9 : 27;
31DA : 34;
31DB : -20;
31DC : 16;
31DD : 4;
31DE : -4;
31DF : 2;
31E0 : -15;
31E1 : 14;
31E2 : -7;
31E3 : -6;
31E4 : -32;
31E5 : -20;
31E6 : 5;
31E7 : -24;
31E8 : 9;
31E9 : 5;
31EA : 25;
31EB : -7;
31EC : 21;
31ED : 21;
31EE : 22;
31EF : 8;
31F0 : -55;
31F1 : 14;
31F2 : -10;
31F3 : -13;
31F4 : 2;
31F5 : -51;
31F6 : 18;
31F7 : 0;
31F8 : -42;
31F9 : 32;
31FA : 6;
31FB : 36;
31FC : 42;
31FD : 3;
31FE : -17;
31FF : -5;
3200 : 39;
3201 : -2;
3202 : -44;
3203 : 45;
3204 : 18;
3205 : -44;
3206 : -27;
3207 : 15;
3208 : 14;
3209 : -4;
320A : -18;
320B : -22;
320C : 29;
320D : 5;
320E : 1;
320F : 18;
3210 : 21;
3211 : -23;
3212 : 34;
3213 : 5;
3214 : -10;
3215 : -49;
3216 : -14;
3217 : 21;
3218 : -26;
3219 : 12;
321A : -30;
321B : 7;
321C : -9;
321D : -32;
321E : 30;
321F : 2;
3220 : -23;
3221 : 3;
3222 : 28;
3223 : -14;
3224 : -15;
3225 : -18;
3226 : -7;
3227 : 0;
3228 : -20;
3229 : 29;
322A : -33;
322B : -5;
322C : -25;
322D : -6;
322E : -18;
322F : 5;
3230 : -41;
3231 : -18;
3232 : 25;
3233 : 1;
3234 : -5;
3235 : -5;
3236 : 23;
3237 : 73;
3238 : -49;
3239 : -14;
323A : -1;
323B : 2;
323C : -7;
323D : -19;
323E : 38;
323F : -18;
3240 : 5;
3241 : 3;
3242 : -21;
3243 : -12;
3244 : -14;
3245 : -25;
3246 : -27;
3247 : 45;
3248 : 27;
3249 : 10;
324A : -39;
324B : -26;
324C : 13;
324D : 25;
324E : 28;
324F : -1;
3250 : 14;
3251 : 23;
3252 : 27;
3253 : -1;
3254 : -9;
3255 : -6;
3256 : -18;
3257 : 48;
3258 : -36;
3259 : 21;
325A : -38;
325B : -12;
325C : -20;
325D : 10;
325E : 19;
325F : 8;
3260 : -38;
3261 : -30;
3262 : 26;
3263 : 19;
3264 : 12;
3265 : -42;
3266 : 27;
3267 : 18;
3268 : -28;
3269 : 19;
326A : 10;
326B : 19;
326C : 15;
326D : 21;
326E : -10;
326F : -10;
3270 : -18;
3271 : -5;
3272 : -29;
3273 : 6;
3274 : 6;
3275 : -8;
3276 : 34;
3277 : 4;
3278 : 14;
3279 : -22;
327A : 27;
327B : 32;
327C : 21;
327D : -64;
327E : 4;
327F : -10;
3280 : -34;
3281 : -22;
3282 : -1;
3283 : -13;
3284 : 35;
3285 : -13;
3286 : -32;
3287 : 6;
3288 : -3;
3289 : -15;
328A : 19;
328B : 22;
328C : 14;
328D : 13;
328E : 16;
328F : 25;
3290 : -13;
3291 : 2;
3292 : 6;
3293 : -13;
3294 : -9;
3295 : 28;
3296 : -1;
3297 : 12;
3298 : 19;
3299 : 1;
329A : -7;
329B : -8;
329C : -7;
329D : 29;
329E : 12;
329F : 6;
32A0 : 26;
32A1 : 47;
32A2 : -21;
32A3 : -7;
32A4 : 10;
32A5 : 1;
32A6 : 17;
32A7 : -15;
32A8 : -4;
32A9 : 5;
32AA : 6;
32AB : 20;
32AC : 25;
32AD : -23;
32AE : -24;
32AF : 21;
32B0 : 28;
32B1 : 24;
32B2 : -7;
32B3 : -3;
32B4 : -12;
32B5 : 32;
32B6 : -9;
32B7 : -13;
32B8 : 41;
32B9 : 22;
32BA : -2;
32BB : 10;
32BC : 33;
32BD : 2;
32BE : -8;
32BF : -10;
32C0 : -36;
32C1 : -33;
32C2 : -21;
32C3 : 2;
32C4 : 14;
32C5 : -16;
32C6 : 33;
32C7 : -19;
32C8 : -5;
32C9 : 26;
32CA : 25;
32CB : 14;
32CC : 11;
32CD : 7;
32CE : 14;
32CF : -23;
32D0 : 20;
32D1 : -23;
32D2 : -2;
32D3 : -16;
32D4 : -41;
32D5 : -4;
32D6 : 7;
32D7 : -4;
32D8 : -20;
32D9 : 36;
32DA : 23;
32DB : 7;
32DC : 13;
32DD : 23;
32DE : -7;
32DF : -16;
32E0 : 19;
32E1 : 20;
32E2 : 27;
32E3 : 6;
32E4 : -1;
32E5 : 46;
32E6 : -19;
32E7 : 2;
32E8 : 21;
32E9 : -18;
32EA : 41;
32EB : -27;
32EC : -20;
32ED : -5;
32EE : -23;
32EF : 25;
32F0 : 28;
32F1 : 23;
32F2 : 46;
32F3 : -5;
32F4 : 16;
32F5 : 21;
32F6 : -7;
32F7 : -17;
32F8 : -6;
32F9 : -15;
32FA : -18;
32FB : 18;
32FC : 35;
32FD : 8;
32FE : -37;
32FF : 20;
3300 : 11;
3301 : -21;
3302 : -22;
3303 : -21;
3304 : 25;
3305 : 24;
3306 : -2;
3307 : 30;
3308 : 29;
3309 : 7;
330A : -11;
330B : -47;
330C : -18;
330D : 29;
330E : 18;
330F : 8;
3310 : 0;
3311 : -24;
3312 : -35;
3313 : -23;
3314 : -13;
3315 : 28;
3316 : 21;
3317 : 32;
3318 : 7;
3319 : -4;
331A : -23;
331B : -5;
331C : 36;
331D : 11;
331E : -26;
331F : 6;
3320 : -11;
3321 : -57;
3322 : -9;
3323 : -22;
3324 : 23;
3325 : -1;
3326 : -20;
3327 : -3;
3328 : 42;
3329 : -24;
332A : 3;
332B : 17;
332C : 1;
332D : 12;
332E : -24;
332F : -5;
3330 : 20;
3331 : -21;
3332 : 25;
3333 : 3;
3334 : 16;
3335 : 3;
3336 : -19;
3337 : -10;
3338 : 18;
3339 : -6;
333A : 14;
333B : -33;
333C : -9;
333D : 18;
333E : 10;
333F : 14;
3340 : -42;
3341 : 7;
3342 : 11;
3343 : -36;
3344 : 6;
3345 : 43;
3346 : -6;
3347 : 32;
3348 : 23;
3349 : 22;
334A : 34;
334B : 1;
334C : 7;
334D : -30;
334E : 4;
334F : -22;
3350 : -49;
3351 : -23;
3352 : 4;
3353 : 4;
3354 : -9;
3355 : -26;
3356 : -16;
3357 : 73;
3358 : 26;
3359 : 15;
335A : 34;
335B : 16;
335C : -15;
335D : -72;
335E : -32;
335F : -14;
3360 : -62;
3361 : 1;
3362 : 9;
3363 : -22;
3364 : 5;
3365 : 12;
3366 : -42;
3367 : -9;
3368 : 19;
3369 : -9;
336A : -29;
336B : 22;
336C : 2;
336D : -40;
336E : 4;
336F : 14;
3370 : -51;
3371 : -56;
3372 : 25;
3373 : 1;
3374 : -36;
3375 : 12;
3376 : 0;
3377 : 8;
3378 : -3;
3379 : 17;
337A : 30;
337B : 15;
337C : -27;
337D : -28;
337E : 23;
337F : -6;
3380 : -37;
3381 : 18;
3382 : 23;
3383 : -33;
3384 : 27;
3385 : 5;
3386 : -14;
3387 : 0;
3388 : 0;
3389 : 29;
338A : -22;
338B : -1;
338C : -18;
338D : -32;
338E : 21;
338F : -16;
3390 : -15;
3391 : -25;
3392 : -22;
3393 : -43;
3394 : 44;
3395 : -30;
3396 : 34;
3397 : 2;
3398 : 16;
3399 : 8;
339A : 17;
339B : 7;
339C : 1;
339D : -62;
339E : -24;
339F : 32;
33A0 : -27;
33A1 : 11;
33A2 : 8;
33A3 : -32;
33A4 : -38;
33A5 : -17;
33A6 : 14;
33A7 : 41;
33A8 : -26;
33A9 : 25;
33AA : -34;
33AB : -21;
33AC : -14;
33AD : -23;
33AE : -16;
33AF : -13;
33B0 : -45;
33B1 : 19;
33B2 : 15;
33B3 : -37;
33B4 : 1;
33B5 : -63;
33B6 : 13;
33B7 : 42;
33B8 : -30;
33B9 : 34;
33BA : 0;
33BB : -7;
33BC : 27;
33BD : -27;
33BE : -7;
33BF : 8;
33C0 : 24;
33C1 : 41;
33C2 : -3;
33C3 : 28;
33C4 : 22;
33C5 : 8;
33C6 : 24;
33C7 : -29;
33C8 : -48;
33C9 : -32;
33CA : 30;
33CB : 18;
33CC : 32;
33CD : -5;
33CE : 17;
33CF : 11;
33D0 : 12;
33D1 : 18;
33D2 : -51;
33D3 : 24;
33D4 : 41;
33D5 : -1;
33D6 : 28;
33D7 : -40;
33D8 : -26;
33D9 : 53;
33DA : -3;
33DB : 4;
33DC : -12;
33DD : -14;
33DE : 1;
33DF : 17;
33E0 : -11;
33E1 : -5;
33E2 : 24;
33E3 : -20;
33E4 : 12;
33E5 : 5;
33E6 : 33;
33E7 : -5;
33E8 : -25;
33E9 : 17;
33EA : 8;
33EB : -35;
33EC : -13;
33ED : -8;
33EE : -6;
33EF : -26;
33F0 : -17;
33F1 : -35;
33F2 : -1;
33F3 : -2;
33F4 : 1;
33F5 : 21;
33F6 : -27;
33F7 : 12;
33F8 : -12;
33F9 : -2;
33FA : 3;
33FB : 31;
33FC : -34;
33FD : -11;
33FE : 13;
33FF : -6;
3400 : 30;
3401 : 21;
3402 : -7;
3403 : 5;
3404 : 30;
3405 : 30;
3406 : 17;
3407 : 27;
3408 : 22;
3409 : 27;
340A : -35;
340B : -46;
340C : 34;
340D : 7;
340E : -22;
340F : 23;
3410 : 46;
3411 : 33;
3412 : -3;
3413 : -16;
3414 : -24;
3415 : 5;
3416 : 4;
3417 : 13;
3418 : 28;
3419 : 2;
341A : 5;
341B : 7;
341C : 34;
341D : 30;
341E : -21;
341F : 14;
3420 : 39;
3421 : -30;
3422 : 28;
3423 : -1;
3424 : 8;
3425 : 46;
3426 : 14;
3427 : -12;
3428 : -24;
3429 : -17;
342A : 1;
342B : 22;
342C : -6;
342D : 39;
342E : 12;
342F : -8;
3430 : 11;
3431 : -32;
3432 : -4;
3433 : 17;
3434 : 27;
3435 : 24;
3436 : 2;
3437 : -6;
3438 : -45;
3439 : 30;
343A : -32;
343B : 30;
343C : -10;
343D : 21;
343E : -21;
343F : 9;
3440 : 43;
3441 : -24;
3442 : 3;
3443 : -2;
3444 : -12;
3445 : 18;
3446 : -21;
3447 : 37;
3448 : 37;
3449 : -16;
344A : -29;
344B : -14;
344C : -5;
344D : 18;
344E : 28;
344F : 12;
3450 : -6;
3451 : 3;
3452 : 6;
3453 : -38;
3454 : -1;
3455 : 4;
3456 : -34;
3457 : 31;
3458 : -8;
3459 : -24;
345A : 17;
345B : 31;
345C : 6;
345D : -34;
345E : 14;
345F : -27;
3460 : 0;
3461 : -16;
3462 : 6;
3463 : -18;
3464 : 4;
3465 : 0;
3466 : -42;
3467 : 16;
3468 : -11;
3469 : -32;
346A : -16;
346B : 11;
346C : 9;
346D : -20;
346E : -19;
346F : -7;
3470 : 15;
3471 : -2;
3472 : -3;
3473 : -6;
3474 : -23;
3475 : 30;
3476 : 20;
3477 : -23;
3478 : -41;
3479 : -33;
347A : -6;
347B : 4;
347C : -13;
347D : 11;
347E : -57;
347F : 4;
3480 : -24;
3481 : 27;
3482 : 11;
3483 : -32;
3484 : -24;
3485 : -27;
3486 : -27;
3487 : -8;
3488 : 23;
3489 : 14;
348A : 27;
348B : -10;
348C : -29;
348D : -4;
348E : 2;
348F : -21;
3490 : -21;
3491 : -35;
3492 : 23;
3493 : -48;
3494 : -7;
3495 : -1;
3496 : -32;
3497 : 1;
3498 : 2;
3499 : 23;
349A : 43;
349B : 33;
349C : -43;
349D : -12;
349E : 45;
349F : 14;
34A0 : -23;
34A1 : 11;
34A2 : -17;
34A3 : -15;
34A4 : 17;
34A5 : -47;
34A6 : -51;
34A7 : -35;
34A8 : -4;
34A9 : 14;
34AA : 24;
34AB : -23;
34AC : 9;
34AD : -40;
34AE : -17;
34AF : -15;
34B0 : -26;
34B1 : -31;
34B2 : -10;
34B3 : 20;
34B4 : 10;
34B5 : -10;
34B6 : 7;
34B7 : 11;
34B8 : 28;
34B9 : -2;
34BA : -4;
34BB : 19;
34BC : -35;
34BD : -19;
34BE : 29;
34BF : 31;
34C0 : -18;
34C1 : 28;
34C2 : 22;
34C3 : -12;
34C4 : -25;
34C5 : -13;
34C6 : -6;
34C7 : 17;
34C8 : 22;
34C9 : 4;
34CA : 10;
34CB : -14;
34CC : 8;
34CD : -49;
34CE : 30;
34CF : -24;
34D0 : -28;
34D1 : 26;
34D2 : -20;
34D3 : 35;
34D4 : -46;
34D5 : 20;
34D6 : 29;
34D7 : -30;
34D8 : 32;
34D9 : 42;
34DA : 2;
34DB : -29;
34DC : -9;
34DD : 8;
34DE : 10;
34DF : 14;
34E0 : -70;
34E1 : 3;
34E2 : 16;
34E3 : 32;
34E4 : -23;
34E5 : -50;
34E6 : 9;
34E7 : 13;
34E8 : 39;
34E9 : 0;
34EA : -9;
34EB : 8;
34EC : 7;
34ED : -51;
34EE : 5;
34EF : -9;
34F0 : -58;
34F1 : -11;
34F2 : 8;
34F3 : 24;
34F4 : 43;
34F5 : -42;
34F6 : -18;
34F7 : 53;
34F8 : 26;
34F9 : 11;
34FA : -5;
34FB : -10;
34FC : 9;
34FD : -33;
34FE : -25;
34FF : 32;
3500 : 24;
3501 : 10;
3502 : 17;
3503 : -16;
3504 : 4;
3505 : -24;
3506 : -26;
3507 : 28;
3508 : -33;
3509 : 30;
350A : -6;
350B : -64;
350C : -11;
350D : 10;
350E : 4;
350F : -15;
3510 : -16;
3511 : -7;
3512 : 38;
3513 : 20;
3514 : -34;
3515 : -18;
3516 : 0;
3517 : 8;
3518 : -7;
3519 : 7;
351A : -18;
351B : -19;
351C : 6;
351D : -20;
351E : 32;
351F : 3;
3520 : 27;
3521 : 3;
3522 : 9;
3523 : 25;
3524 : -11;
3525 : -32;
3526 : -1;
3527 : -19;
3528 : 10;
3529 : 45;
352A : -10;
352B : -19;
352C : -24;
352D : 11;
352E : 4;
352F : 9;
3530 : -36;
3531 : -4;
3532 : 39;
3533 : 24;
3534 : -1;
3535 : 16;
3536 : -34;
3537 : -5;
3538 : -16;
3539 : 25;
353A : -54;
353B : -48;
353C : -23;
353D : -10;
353E : 10;
353F : 39;
3540 : -6;
3541 : 8;
3542 : 7;
3543 : 7;
3544 : -41;
3545 : -35;
3546 : -7;
3547 : 44;
3548 : 14;
3549 : 28;
354A : -48;
354B : -53;
354C : -38;
354D : 31;
354E : 19;
354F : -7;
3550 : 1;
3551 : 20;
3552 : -2;
3553 : 14;
3554 : -2;
3555 : 23;
3556 : -10;
3557 : 24;
3558 : 20;
3559 : -8;
355A : 6;
355B : -57;
355C : 18;
355D : 33;
355E : 21;
355F : 15;
3560 : -21;
3561 : 18;
3562 : -18;
3563 : 37;
3564 : 5;
3565 : 12;
3566 : 27;
3567 : -30;
3568 : 17;
3569 : -6;
356A : -8;
356B : -11;
356C : 33;
356D : 11;
356E : -2;
356F : -11;
3570 : -24;
3571 : -6;
3572 : 7;
3573 : -3;
3574 : 32;
3575 : -23;
3576 : 10;
3577 : -2;
3578 : -20;
3579 : 2;
357A : -39;
357B : 24;
357C : 13;
357D : -14;
357E : -22;
357F : 5;
3580 : -1;
3581 : -12;
3582 : -16;
3583 : -13;
3584 : 26;
3585 : -27;
3586 : 30;
3587 : 19;
3588 : 29;
3589 : -13;
358A : -16;
358B : -39;
358C : -1;
358D : 15;
358E : -16;
358F : -36;
3590 : 8;
3591 : 16;
3592 : 14;
3593 : 12;
3594 : -14;
3595 : 10;
3596 : -6;
3597 : -15;
3598 : 20;
3599 : -7;
359A : 38;
359B : -39;
359C : 13;
359D : -8;
359E : 12;
359F : -4;
35A0 : -7;
35A1 : 4;
35A2 : 19;
35A3 : 26;
35A4 : -33;
35A5 : 15;
35A6 : 11;
35A7 : 11;
35A8 : -7;
35A9 : 9;
35AA : 26;
35AB : 0;
35AC : 30;
35AD : -8;
35AE : -32;
35AF : 33;
35B0 : -24;
35B1 : -10;
35B2 : -22;
35B3 : -5;
35B4 : 14;
35B5 : 71;
35B6 : 52;
35B7 : -38;
35B8 : 8;
35B9 : -23;
35BA : 18;
35BB : -17;
35BC : -9;
35BD : 8;
35BE : 6;
35BF : -11;
35C0 : -33;
35C1 : 18;
35C2 : -7;
35C3 : 55;
35C4 : -1;
35C5 : 5;
35C6 : 36;
35C7 : 19;
35C8 : -4;
35C9 : 39;
35CA : 59;
35CB : -17;
35CC : 22;
35CD : 34;
35CE : -29;
35CF : -14;
35D0 : 31;
35D1 : 25;
35D2 : -71;
35D3 : -4;
35D4 : -12;
35D5 : -8;
35D6 : 7;
35D7 : -4;
35D8 : 34;
35D9 : 36;
35DA : 38;
35DB : -37;
35DC : 28;
35DD : -5;
35DE : -51;
35DF : 13;
35E0 : 0;
35E1 : 39;
35E2 : -37;
35E3 : -48;
35E4 : -20;
35E5 : 7;
35E6 : -15;
35E7 : 10;
35E8 : 50;
35E9 : -6;
35EA : 0;
35EB : -19;
35EC : 32;
35ED : 4;
35EE : -4;
35EF : 26;
35F0 : -4;
35F1 : 21;
35F2 : -16;
35F3 : -21;
35F4 : -22;
35F5 : 7;
35F6 : -34;
35F7 : 78;
35F8 : 1;
35F9 : -10;
35FA : 5;
35FB : -14;
35FC : 14;
35FD : -20;
35FE : -10;
35FF : -1;
3600 : -71;
3601 : -48;
3602 : 5;
3603 : -6;
3604 : 3;
3605 : -24;
3606 : -33;
3607 : -25;
3608 : -33;
3609 : -3;
360A : -10;
360B : 34;
360C : 12;
360D : -49;
360E : -35;
360F : 6;
3610 : -21;
3611 : -26;
3612 : -18;
3613 : -56;
3614 : -1;
3615 : 14;
3616 : -18;
3617 : -15;
3618 : -1;
3619 : 1;
361A : -12;
361B : -25;
361C : -30;
361D : -20;
361E : 6;
361F : -35;
3620 : 12;
3621 : -5;
3622 : -27;
3623 : -23;
3624 : -60;
3625 : 44;
3626 : 33;
3627 : -3;
3628 : -10;
3629 : -33;
362A : -29;
362B : -42;
362C : -8;
362D : -32;
362E : 33;
362F : 19;
3630 : -9;
3631 : -8;
3632 : 4;
3633 : 8;
3634 : -14;
3635 : 48;
3636 : 25;
3637 : 8;
3638 : 11;
3639 : -14;
363A : -24;
363B : -21;
363C : -28;
363D : -14;
363E : 2;
363F : 2;
3640 : -16;
3641 : -22;
3642 : -10;
3643 : -20;
3644 : -12;
3645 : -16;
3646 : 14;
3647 : 3;
3648 : -33;
3649 : 31;
364A : -52;
364B : -3;
364C : -16;
364D : 15;
364E : -12;
364F : 32;
3650 : -50;
3651 : -9;
3652 : -31;
3653 : -2;
3654 : -35;
3655 : 31;
3656 : 6;
3657 : -29;
3658 : -19;
3659 : 12;
365A : -50;
365B : -45;
365C : -48;
365D : -5;
365E : -17;
365F : -28;
3660 : 12;
3661 : 5;
3662 : 8;
3663 : 7;
3664 : -9;
3665 : -3;
3666 : -6;
3667 : 16;
3668 : -9;
3669 : -32;
366A : 23;
366B : 35;
366C : -43;
366D : 18;
366E : 15;
366F : -36;
3670 : 24;
3671 : 17;
3672 : -19;
3673 : 28;
3674 : 28;
3675 : 8;
3676 : -12;
3677 : -8;
3678 : -14;
3679 : 7;
367A : 3;
367B : 25;
367C : 11;
367D : 5;
367E : 12;
367F : 8;
3680 : 9;
3681 : -38;
3682 : 21;
3683 : -27;
3684 : -42;
3685 : -6;
3686 : -10;
3687 : -42;
3688 : -29;
3689 : 34;
368A : -28;
368B : 7;
368C : -40;
368D : 15;
368E : 30;
368F : 17;
3690 : 4;
3691 : -5;
3692 : 12;
3693 : 17;
3694 : -41;
3695 : 1;
3696 : 10;
3697 : -15;
3698 : -4;
3699 : 25;
369A : -23;
369B : -32;
369C : -36;
369D : -19;
369E : -16;
369F : 1;
36A0 : -27;
36A1 : -10;
36A2 : 0;
36A3 : 10;
36A4 : -32;
36A5 : -16;
36A6 : 5;
36A7 : 24;
36A8 : 12;
36A9 : -1;
36AA : 15;
36AB : 23;
36AC : -17;
36AD : -36;
36AE : 12;
36AF : 1;
36B0 : 17;
36B1 : -4;
36B2 : 1;
36B3 : -8;
36B4 : -23;
36B5 : -42;
36B6 : 13;
36B7 : 5;
36B8 : -44;
36B9 : 12;
36BA : 20;
36BB : 24;
36BC : 9;
36BD : -21;
36BE : -32;
36BF : -29;
36C0 : -14;
36C1 : -19;
36C2 : -7;
36C3 : -24;
36C4 : -26;
36C5 : -24;
36C6 : 20;
36C7 : -32;
36C8 : -34;
36C9 : 6;
36CA : -18;
36CB : -18;
36CC : -5;
36CD : 39;
36CE : -6;
36CF : 33;
36D0 : 24;
36D1 : -8;
36D2 : -4;
36D3 : -15;
36D4 : -27;
36D5 : -51;
36D6 : 14;
36D7 : -34;
36D8 : -12;
36D9 : -3;
36DA : -36;
36DB : -28;
36DC : -8;
36DD : 22;
36DE : -22;
36DF : -11;
36E0 : 44;
36E1 : 6;
36E2 : -20;
36E3 : -23;
36E4 : -24;
36E5 : -25;
36E6 : -36;
36E7 : -54;
36E8 : -54;
36E9 : -11;
36EA : -10;
36EB : 16;
36EC : 7;
36ED : -3;
36EE : 8;
36EF : -21;
36F0 : 0;
36F1 : 0;
36F2 : -29;
36F3 : 3;
36F4 : -11;
36F5 : 20;
36F6 : -28;
36F7 : -52;
36F8 : -34;
36F9 : 24;
36FA : 15;
36FB : -12;
36FC : 0;
36FD : 16;
36FE : -26;
36FF : 21;
3700 : 15;
3701 : -21;
3702 : -9;
3703 : -13;
3704 : -49;
3705 : -6;
3706 : -3;
3707 : 5;
3708 : 5;
3709 : -8;
370A : 4;
370B : -57;
370C : -48;
370D : 22;
370E : -6;
370F : -7;
3710 : -3;
3711 : 28;
3712 : -10;
3713 : -13;
3714 : -33;
3715 : -22;
3716 : 26;
3717 : 20;
3718 : 37;
3719 : -15;
371A : -21;
371B : -9;
371C : -12;
371D : -9;
371E : 18;
371F : 13;
3720 : -6;
3721 : 1;
3722 : 22;
3723 : -9;
3724 : -20;
3725 : 1;
3726 : 0;
3727 : 1;
3728 : 22;
3729 : 3;
372A : -20;
372B : 11;
372C : -19;
372D : -8;
372E : -13;
372F : -24;
3730 : 22;
3731 : -6;
3732 : -15;
3733 : -20;
3734 : 5;
3735 : -45;
3736 : -29;
3737 : -4;
3738 : -49;
3739 : 26;
373A : 1;
373B : 11;
373C : 39;
373D : 3;
373E : -35;
373F : -13;
3740 : -44;
3741 : 1;
3742 : -11;
3743 : -21;
3744 : 23;
3745 : 8;
3746 : 28;
3747 : 0;
3748 : 43;
3749 : -13;
374A : -12;
374B : -67;
374C : -16;
374D : -60;
374E : 4;
374F : 23;
3750 : 9;
3751 : -17;
3752 : 43;
3753 : 16;
3754 : -31;
3755 : -47;
3756 : 23;
3757 : 3;
3758 : -4;
3759 : -4;
375A : 6;
375B : -3;
375C : 20;
375D : 5;
375E : -11;
375F : 7;
3760 : 1;
3761 : -42;
3762 : 16;
3763 : -44;
3764 : -21;
3765 : -33;
3766 : -36;
3767 : 3;
3768 : 20;
3769 : 13;
376A : 13;
376B : 0;
376C : -26;
376D : 5;
376E : 22;
376F : 6;
3770 : 2;
3771 : -3;
3772 : 7;
3773 : 8;
3774 : 35;
3775 : 10;
3776 : -48;
3777 : 8;
3778 : 12;
3779 : 11;
377A : 0;
377B : 26;
377C : 25;
377D : -25;
377E : -14;
377F : -20;
3780 : -11;
3781 : -24;
3782 : 30;
3783 : 10;
3784 : -14;
3785 : -67;
3786 : -21;
3787 : -18;
3788 : -28;
3789 : -2;
378A : 8;
378B : -55;
378C : 33;
378D : 19;
378E : 30;
378F : 31;
3790 : -9;
3791 : -25;
3792 : 15;
3793 : 17;
3794 : -40;
3795 : -29;
3796 : 30;
3797 : -25;
3798 : -36;
3799 : 14;
379A : 3;
379B : 49;
379C : -10;
379D : -1;
379E : 19;
379F : 10;
37A0 : -3;
37A1 : -4;
37A2 : 18;
37A3 : 44;
37A4 : -15;
37A5 : -44;
37A6 : -14;
37A7 : -46;
37A8 : -48;
37A9 : 43;
37AA : -2;
37AB : -17;
37AC : 36;
37AD : 42;
37AE : -22;
37AF : -21;
37B0 : 8;
37B1 : -7;
37B2 : -8;
37B3 : 29;
37B4 : -15;
37B5 : 11;
37B6 : 35;
37B7 : -29;
37B8 : 7;
37B9 : 0;
37BA : 22;
37BB : 14;
37BC : 23;
37BD : 19;
37BE : -23;
37BF : -2;
37C0 : 20;
37C1 : -17;
37C2 : -22;
37C3 : -35;
37C4 : -21;
37C5 : 8;
37C6 : 23;
37C7 : 1;
37C8 : 23;
37C9 : -8;
37CA : -14;
37CB : -15;
37CC : 15;
37CD : -6;
37CE : -9;
37CF : 34;
37D0 : 38;
37D1 : -1;
37D2 : 1;
37D3 : -17;
37D4 : -6;
37D5 : -6;
37D6 : 16;
37D7 : 0;
37D8 : 15;
37D9 : -17;
37DA : -51;
37DB : -28;
37DC : 7;
37DD : -6;
37DE : -16;
37DF : -15;
37E0 : 11;
37E1 : 14;
37E2 : 29;
37E3 : 26;
37E4 : 26;
37E5 : -18;
37E6 : -21;
37E7 : 11;
37E8 : 13;
37E9 : -8;
37EA : -7;
37EB : 23;
37EC : -17;
37ED : 12;
37EE : 22;
37EF : -13;
37F0 : 23;
37F1 : -12;
37F2 : -6;
37F3 : 3;
37F4 : -3;
37F5 : 19;
37F6 : -40;
37F7 : 12;
37F8 : -10;
37F9 : -14;
37FA : -4;
37FB : 35;
37FC : 13;
37FD : 9;
37FE : -11;
37FF : -38;
3800 : -5;
3801 : -22;
3802 : 0;
3803 : -37;
3804 : -67;
3805 : -18;
3806 : -12;
3807 : 36;
3808 : -4;
3809 : -2;
380A : 10;
380B : -49;
380C : -37;
380D : -44;
380E : 6;
380F : -46;
3810 : 30;
3811 : 30;
3812 : -21;
3813 : 20;
3814 : -30;
3815 : -22;
3816 : -10;
3817 : 13;
3818 : -8;
3819 : -7;
381A : 9;
381B : -2;
381C : 10;
381D : -16;
381E : -10;
381F : 21;
3820 : 5;
3821 : -29;
3822 : 40;
3823 : 19;
3824 : 3;
3825 : 19;
3826 : 10;
3827 : 2;
3828 : -19;
3829 : -23;
382A : -3;
382B : 29;
382C : 42;
382D : -18;
382E : 21;
382F : -10;
3830 : -30;
3831 : 1;
3832 : -13;
3833 : 20;
3834 : -25;
3835 : 12;
3836 : 12;
3837 : 19;
3838 : -37;
3839 : -7;
383A : -22;
383B : 45;
383C : 18;
383D : -48;
383E : -22;
383F : 12;
3840 : 13;
3841 : -3;
3842 : -32;
3843 : -10;
3844 : 41;
3845 : -4;
3846 : -2;
3847 : 21;
3848 : -19;
3849 : -16;
384A : 1;
384B : -11;
384C : 22;
384D : 29;
384E : -3;
384F : 15;
3850 : 0;
3851 : 36;
3852 : -26;
3853 : -19;
3854 : -54;
3855 : 30;
3856 : 22;
3857 : 37;
3858 : 24;
3859 : 25;
385A : 18;
385B : 2;
385C : -1;
385D : -26;
385E : 22;
385F : -21;
3860 : -16;
3861 : 7;
3862 : -5;
3863 : -6;
3864 : 17;
3865 : 35;
3866 : -8;
3867 : 11;
3868 : -22;
3869 : 11;
386A : -36;
386B : 10;
386C : -2;
386D : -47;
386E : 18;
386F : -25;
3870 : 13;
3871 : -62;
3872 : -25;
3873 : 20;
3874 : -23;
3875 : 46;
3876 : -2;
3877 : 50;
3878 : -64;
3879 : -32;
387A : -20;
387B : 28;
387C : -1;
387D : 7;
387E : -46;
387F : -14;
3880 : 25;
3881 : -20;
3882 : 28;
3883 : 10;
3884 : -15;
3885 : 32;
3886 : -1;
3887 : 15;
3888 : 4;
3889 : -9;
388A : 27;
388B : -61;
388C : -4;
388D : 9;
388E : 13;
388F : -13;
3890 : -7;
3891 : 1;
3892 : 6;
3893 : -36;
3894 : 12;
3895 : 14;
3896 : 6;
3897 : 0;
3898 : 23;
3899 : 15;
389A : -19;
389B : 4;
389C : 2;
389D : -40;
389E : 28;
389F : -12;
38A0 : -9;
38A1 : -41;
38A2 : 5;
38A3 : -27;
38A4 : 40;
38A5 : 7;
38A6 : 25;
38A7 : 28;
38A8 : -26;
38A9 : 30;
38AA : 7;
38AB : 36;
38AC : 19;
38AD : -56;
38AE : -19;
38AF : -6;
38B0 : 1;
38B1 : -26;
38B2 : -67;
38B3 : -27;
38B4 : -17;
38B5 : 21;
38B6 : -8;
38B7 : 92;
38B8 : 48;
38B9 : -10;
38BA : 21;
38BB : -44;
38BC : -16;
38BD : 17;
38BE : -96;
38BF : 14;
38C0 : -4;
38C1 : -32;
38C2 : 6;
38C3 : -24;
38C4 : 13;
38C5 : 41;
38C6 : 10;
38C7 : -8;
38C8 : 3;
38C9 : 9;
38CA : -28;
38CB : 13;
38CC : 29;
38CD : -5;
38CE : 17;
38CF : 19;
38D0 : -2;
38D1 : 26;
38D2 : 3;
38D3 : -30;
38D4 : 53;
38D5 : 18;
38D6 : 30;
38D7 : -13;
38D8 : -2;
38D9 : -32;
38DA : 16;
38DB : 37;
38DC : 2;
38DD : 5;
38DE : -17;
38DF : 23;
38E0 : 2;
38E1 : 17;
38E2 : -17;
38E3 : 20;
38E4 : -3;
38E5 : 59;
38E6 : 19;
38E7 : -37;
38E8 : -22;
38E9 : -40;
38EA : 20;
38EB : -15;
38EC : 1;
38ED : 11;
38EE : -24;
38EF : -18;
38F0 : 48;
38F1 : 60;
38F2 : -46;
38F3 : 1;
38F4 : -27;
38F5 : -4;
38F6 : 35;
38F7 : 28;
38F8 : 65;
38F9 : -2;
38FA : -17;
38FB : -59;
38FC : -5;
38FD : -3;
38FE : -16;
38FF : -19;
3900 : 12;
3901 : 15;
3902 : -16;
3903 : -30;
3904 : 23;
3905 : -12;
3906 : -25;
3907 : 10;
3908 : -5;
3909 : -13;
390A : 29;
390B : 38;
390C : -24;
390D : -29;
390E : -21;
390F : -37;
3910 : 6;
3911 : 19;
3912 : 9;
3913 : -1;
3914 : 13;
3915 : 41;
3916 : -16;
3917 : 6;
3918 : 4;
3919 : 15;
391A : 32;
391B : -64;
391C : -1;
391D : -6;
391E : 33;
391F : -11;
3920 : -1;
3921 : 35;
3922 : -9;
3923 : -14;
3924 : 25;
3925 : 16;
3926 : -4;
3927 : -48;
3928 : 31;
3929 : 25;
392A : 19;
392B : -29;
392C : -14;
392D : -40;
392E : 32;
392F : 16;
3930 : 8;
3931 : -4;
3932 : -30;
3933 : -15;
3934 : -5;
3935 : -8;
3936 : 4;
3937 : -14;
3938 : 10;
3939 : 0;
393A : -33;
393B : -22;
393C : -17;
393D : -21;
393E : 25;
393F : 15;
3940 : 20;
3941 : -15;
3942 : 26;
3943 : 6;
3944 : -9;
3945 : -39;
3946 : -14;
3947 : -20;
3948 : 1;
3949 : -18;
394A : -5;
394B : 14;
394C : -6;
394D : -8;
394E : 3;
394F : -15;
3950 : -6;
3951 : 30;
3952 : 26;
3953 : 37;
3954 : -4;
3955 : 26;
3956 : -25;
3957 : 15;
3958 : 10;
3959 : 23;
395A : 13;
395B : -39;
395C : -10;
395D : 20;
395E : -9;
395F : 36;
3960 : -4;
3961 : 7;
3962 : -3;
3963 : 43;
3964 : 13;
3965 : -16;
3966 : -7;
3967 : 7;
3968 : -15;
3969 : -12;
396A : 26;
396B : -20;
396C : 13;
396D : -25;
396E : 24;
396F : -10;
3970 : 12;
3971 : 9;
3972 : 0;
3973 : 10;
3974 : 9;
3975 : -28;
3976 : -36;
3977 : -5;
3978 : 25;
3979 : -18;
397A : -34;
397B : -6;
397C : 45;
397D : 4;
397E : -46;
397F : 3;
3980 : 19;
3981 : -21;
3982 : 2;
3983 : 30;
3984 : -3;
3985 : -53;
3986 : 30;
3987 : 25;
3988 : -25;
3989 : 7;
398A : 8;
398B : -27;
398C : -17;
398D : 27;
398E : -18;
398F : -16;
3990 : 27;
3991 : 15;
3992 : 42;
3993 : -26;
3994 : 9;
3995 : 8;
3996 : 16;
3997 : 16;
3998 : -13;
3999 : 7;
399A : 14;
399B : -59;
399C : 17;
399D : -5;
399E : 25;
399F : 16;
39A0 : -11;
39A1 : 21;
39A2 : -16;
39A3 : -13;
39A4 : -20;
39A5 : 45;
39A6 : -45;
39A7 : -24;
39A8 : 9;
39A9 : 28;
39AA : 1;
39AB : 23;
39AC : -21;
39AD : 3;
39AE : -15;
39AF : 37;
39B0 : 5;
39B1 : 19;
39B2 : 16;
39B3 : -19;
39B4 : 31;
39B5 : 37;
39B6 : 10;
39B7 : -25;
39B8 : -25;
39B9 : -25;
39BA : -8;
39BB : 14;
39BC : 5;
39BD : -3;
39BE : 5;
39BF : 27;
39C0 : -12;
39C1 : 27;
39C2 : 31;
39C3 : 9;
39C4 : 4;
39C5 : -15;
39C6 : -8;
39C7 : 2;
39C8 : -26;
39C9 : -14;
39CA : 10;
39CB : -14;
39CC : 10;
39CD : -7;
39CE : 11;
39CF : 0;
39D0 : -15;
39D1 : -5;
39D2 : 19;
39D3 : 9;
39D4 : -21;
39D5 : 13;
39D6 : -15;
39D7 : 35;
39D8 : -12;
39D9 : 33;
39DA : 0;
39DB : -9;
39DC : 18;
39DD : 22;
39DE : 5;
39DF : 24;
39E0 : -33;
39E1 : 24;
39E2 : -13;
39E3 : -17;
39E4 : -1;
39E5 : -27;
39E6 : -15;
39E7 : -16;
39E8 : -4;
39E9 : 31;
39EA : -12;
39EB : 21;
39EC : 9;
39ED : -28;
39EE : -21;
39EF : -5;
39F0 : -41;
39F1 : -20;
39F2 : -18;
39F3 : 1;
39F4 : -35;
39F5 : 5;
39F6 : -18;
39F7 : 59;
39F8 : -3;
39F9 : -21;
39FA : -16;
39FB : -6;
39FC : 29;
39FD : -6;
39FE : 22;
39FF : 22;
3A00 : 6;
3A01 : 13;
3A02 : 19;
3A03 : 3;
3A04 : -24;
3A05 : -25;
3A06 : -34;
3A07 : 8;
3A08 : -24;
3A09 : -35;
3A0A : -31;
3A0B : 19;
3A0C : 14;
3A0D : -10;
3A0E : 4;
3A0F : -35;
3A10 : 1;
3A11 : 17;
3A12 : -31;
3A13 : 11;
3A14 : -13;
3A15 : -22;
3A16 : -21;
3A17 : 21;
3A18 : -16;
3A19 : 25;
3A1A : -20;
3A1B : -5;
3A1C : 22;
3A1D : -26;
3A1E : -18;
3A1F : -23;
3A20 : 4;
3A21 : -12;
3A22 : -23;
3A23 : 20;
3A24 : -19;
3A25 : -2;
3A26 : 2;
3A27 : -2;
3A28 : -9;
3A29 : 6;
3A2A : 11;
3A2B : -26;
3A2C : -18;
3A2D : -11;
3A2E : -36;
3A2F : -28;
3A30 : -29;
3A31 : -2;
3A32 : -1;
3A33 : -18;
3A34 : 7;
3A35 : -10;
3A36 : -4;
3A37 : -4;
3A38 : -8;
3A39 : 16;
3A3A : -26;
3A3B : 9;
3A3C : -14;
3A3D : 4;
3A3E : -11;
3A3F : 14;
3A40 : -19;
3A41 : 24;
3A42 : -30;
3A43 : 2;
3A44 : -24;
3A45 : -27;
3A46 : -5;
3A47 : -11;
3A48 : 23;
3A49 : -30;
3A4A : -20;
3A4B : -11;
3A4C : 4;
3A4D : -12;
3A4E : -19;
3A4F : -35;
3A50 : -28;
3A51 : 1;
3A52 : -7;
3A53 : -16;
3A54 : -27;
3A55 : 0;
3A56 : -7;
3A57 : 14;
3A58 : -12;
3A59 : 4;
3A5A : 0;
3A5B : 16;
3A5C : -17;
3A5D : 6;
3A5E : 15;
3A5F : -18;
3A60 : 18;
3A61 : -17;
3A62 : 0;
3A63 : -19;
3A64 : -34;
3A65 : 19;
3A66 : -29;
3A67 : 4;
3A68 : -36;
3A69 : -16;
3A6A : 19;
3A6B : 3;
3A6C : -1;
3A6D : -22;
3A6E : -11;
3A6F : -15;
3A70 : -13;
3A71 : -11;
3A72 : -23;
3A73 : 13;
3A74 : -34;
3A75 : 13;
3A76 : -6;
3A77 : -11;
3A78 : 19;
3A79 : 18;
3A7A : -15;
3A7B : -34;
3A7C : 20;
3A7D : 26;
3A7E : -19;
3A7F : -10;
3A80 : 11;
3A81 : -28;
3A82 : 7;
3A83 : -29;
3A84 : 6;
3A85 : -37;
3A86 : -1;
3A87 : -26;
3A88 : -26;
3A89 : 9;
3A8A : 2;
3A8B : -16;
3A8C : -15;
3A8D : 17;
3A8E : 15;
3A8F : 23;
3A90 : 12;
3A91 : -12;
3A92 : 14;
3A93 : -26;
3A94 : 18;
3A95 : -20;
3A96 : -19;
3A97 : 20;
3A98 : -15;
3A99 : 11;
3A9A : -12;
3A9B : -20;
3A9C : -6;
3A9D : -7;
3A9E : -12;
3A9F : 5;
3AA0 : -21;
3AA1 : 12;
3AA2 : -11;
3AA3 : -1;
3AA4 : 2;
3AA5 : -18;
3AA6 : -26;
3AA7 : 8;
3AA8 : 5;
3AA9 : -37;
3AAA : -31;
3AAB : 12;
3AAC : 15;
3AAD : -16;
3AAE : -5;
3AAF : -25;
3AB0 : 10;
3AB1 : -31;
3AB2 : 16;
3AB3 : -34;
3AB4 : 13;
3AB5 : 2;
3AB6 : -19;
3AB7 : -26;
3AB8 : 12;
3AB9 : -37;
3ABA : -24;
3ABB : -16;
3ABC : -34;
3ABD : -11;
3ABE : -29;
3ABF : -11;
3AC0 : 4;
3AC1 : 21;
3AC2 : -20;
3AC3 : -9;
3AC4 : -31;
3AC5 : 5;
3AC6 : -15;
3AC7 : -25;
3AC8 : -23;
3AC9 : 17;
3ACA : -12;
3ACB : 14;
3ACC : 2;
3ACD : -21;
3ACE : 10;
3ACF : 10;
3AD0 : 19;
3AD1 : 6;
3AD2 : 10;
3AD3 : 12;
3AD4 : -3;
3AD5 : -30;
3AD6 : 7;
3AD7 : -14;
3AD8 : 0;
3AD9 : 1;
3ADA : 12;
3ADB : -14;
3ADC : 20;
3ADD : 19;
3ADE : -8;
3ADF : -8;
3AE0 : -15;
3AE1 : -22;
3AE2 : 2;
3AE3 : -26;
3AE4 : -11;
3AE5 : 10;
3AE6 : 23;
3AE7 : 16;
3AE8 : -23;
3AE9 : -7;
3AEA : 19;
3AEB : -1;
3AEC : -30;
3AED : 23;
3AEE : -26;
3AEF : 22;
3AF0 : -16;
3AF1 : -7;
3AF2 : -9;
3AF3 : -7;
3AF4 : 8;
3AF5 : 4;
3AF6 : -26;
3AF7 : 10;
3AF8 : -4;
3AF9 : -29;
3AFA : -12;
3AFB : 10;
3AFC : 19;
3AFD : -25;
3AFE : -6;
3AFF : 9;
3B00 : 16;
3B01 : -45;
3B02 : -9;
3B03 : 3;
3B04 : -9;
3B05 : -53;
3B06 : -17;
3B07 : -28;
3B08 : -26;
3B09 : -10;
3B0A : -36;
3B0B : 34;
3B0C : 22;
3B0D : 16;
3B0E : 13;
3B0F : -22;
3B10 : 10;
3B11 : 1;
3B12 : 30;
3B13 : 5;
3B14 : -31;
3B15 : 44;
3B16 : 8;
3B17 : 8;
3B18 : 21;
3B19 : -12;
3B1A : -33;
3B1B : 82;
3B1C : 9;
3B1D : 11;
3B1E : -2;
3B1F : 21;
3B20 : -49;
3B21 : 14;
3B22 : -14;
3B23 : 6;
3B24 : -10;
3B25 : 76;
3B26 : 31;
3B27 : 60;
3B28 : 6;
3B29 : -55;
3B2A : -31;
3B2B : 3;
3B2C : -8;
3B2D : 17;
3B2E : 6;
3B2F : -14;
3B30 : 19;
3B31 : 25;
3B32 : -43;
3B33 : 7;
3B34 : -12;
3B35 : 63;
3B36 : 16;
3B37 : 56;
3B38 : 55;
3B39 : -1;
3B3A : 19;
3B3B : -22;
3B3C : -21;
3B3D : -26;
3B3E : 20;
3B3F : -35;
3B40 : 8;
3B41 : -16;
3B42 : 22;
3B43 : -16;
3B44 : -40;
3B45 : -2;
3B46 : 2;
3B47 : 0;
3B48 : 26;
3B49 : 34;
3B4A : -29;
3B4B : 23;
3B4C : -27;
3B4D : -19;
3B4E : -9;
3B4F : -15;
3B50 : -9;
3B51 : 18;
3B52 : 19;
3B53 : -31;
3B54 : -53;
3B55 : 71;
3B56 : 13;
3B57 : 1;
3B58 : 27;
3B59 : 0;
3B5A : -23;
3B5B : 20;
3B5C : 21;
3B5D : -61;
3B5E : -2;
3B5F : -2;
3B60 : 9;
3B61 : -29;
3B62 : 36;
3B63 : -22;
3B64 : 14;
3B65 : 52;
3B66 : 21;
3B67 : -2;
3B68 : -10;
3B69 : 6;
3B6A : -10;
3B6B : 37;
3B6C : -28;
3B6D : -18;
3B6E : 17;
3B6F : -21;
3B70 : 18;
3B71 : -29;
3B72 : 0;
3B73 : 15;
3B74 : -13;
3B75 : -10;
3B76 : 13;
3B77 : -10;
3B78 : 19;
3B79 : -4;
3B7A : 62;
3B7B : 26;
3B7C : -3;
3B7D : 19;
3B7E : -12;
3B7F : -19;
3B80 : -5;
3B81 : 42;
3B82 : 10;
3B83 : -15;
3B84 : -21;
3B85 : 12;
3B86 : 42;
3B87 : 28;
3B88 : 34;
3B89 : 26;
3B8A : 1;
3B8B : 3;
3B8C : -26;
3B8D : -38;
3B8E : 3;
3B8F : 13;
3B90 : -42;
3B91 : 7;
3B92 : 15;
3B93 : -28;
3B94 : 42;
3B95 : 32;
3B96 : 45;
3B97 : 31;
3B98 : -3;
3B99 : 12;
3B9A : -4;
3B9B : 3;
3B9C : -1;
3B9D : -65;
3B9E : 31;
3B9F : 12;
3BA0 : -30;
3BA1 : -26;
3BA2 : -11;
3BA3 : -12;
3BA4 : 11;
3BA5 : -24;
3BA6 : 55;
3BA7 : -8;
3BA8 : -5;
3BA9 : 7;
3BAA : 2;
3BAB : 34;
3BAC : 20;
3BAD : -49;
3BAE : 35;
3BAF : -38;
3BB0 : 48;
3BB1 : 18;
3BB2 : -33;
3BB3 : 19;
3BB4 : 15;
3BB5 : -4;
3BB6 : 4;
3BB7 : 48;
3BB8 : 38;
3BB9 : 35;
3BBA : 2;
3BBB : -10;
3BBC : -20;
3BBD : -24;
3BBE : -112;
3BBF : -29;
3BC0 : -27;
3BC1 : -12;
3BC2 : 2;
3BC3 : -63;
3BC4 : 32;
3BC5 : 26;
3BC6 : -3;
3BC7 : 23;
3BC8 : -5;
3BC9 : -29;
3BCA : 0;
3BCB : 29;
3BCC : -13;
3BCD : -2;
3BCE : 15;
3BCF : 19;
3BD0 : -33;
3BD1 : -8;
3BD2 : 51;
3BD3 : -24;
3BD4 : 48;
3BD5 : 6;
3BD6 : 19;
3BD7 : 33;
3BD8 : -17;
3BD9 : -45;
3BDA : 6;
3BDB : 33;
3BDC : -12;
3BDD : -29;
3BDE : 25;
3BDF : -26;
3BE0 : 37;
3BE1 : -16;
3BE2 : 19;
3BE3 : 10;
3BE4 : 11;
3BE5 : 8;
3BE6 : 3;
3BE7 : -77;
3BE8 : -59;
3BE9 : -18;
3BEA : 40;
3BEB : 8;
3BEC : 15;
3BED : 28;
3BEE : 18;
3BEF : 1;
3BF0 : 62;
3BF1 : 3;
3BF2 : -49;
3BF3 : 12;
3BF4 : 23;
3BF5 : 28;
3BF6 : -27;
3BF7 : -55;
3BF8 : -41;
3BF9 : -6;
3BFA : -15;
3BFB : -41;
3BFC : -16;
3BFD : 46;
3BFE : -60;
3BFF : -6;
3C00 : -26;
3C01 : 18;
3C02 : -7;
3C03 : 7;
3C04 : 13;
3C05 : -4;
3C06 : 2;
3C07 : -48;
3C08 : -5;
3C09 : 14;
3C0A : 27;
3C0B : 33;
3C0C : 28;
3C0D : -30;
3C0E : -43;
3C0F : 9;
3C10 : 27;
3C11 : -2;
3C12 : 29;
3C13 : -28;
3C14 : 15;
3C15 : 14;
3C16 : -6;
3C17 : 9;
3C18 : -28;
3C19 : -8;
3C1A : -8;
3C1B : 15;
3C1C : -16;
3C1D : -3;
3C1E : 39;
3C1F : 9;
3C20 : -14;
3C21 : 0;
3C22 : 9;
3C23 : 22;
3C24 : 5;
3C25 : 5;
3C26 : -25;
3C27 : 10;
3C28 : -19;
3C29 : -22;
3C2A : -21;
3C2B : -20;
3C2C : -6;
3C2D : 5;
3C2E : 14;
3C2F : -8;
3C30 : 7;
3C31 : -16;
3C32 : -31;
3C33 : -1;
3C34 : -13;
3C35 : -1;
3C36 : -22;
3C37 : 2;
3C38 : -36;
3C39 : -36;
3C3A : -16;
3C3B : -24;
3C3C : 26;
3C3D : -22;
3C3E : 2;
3C3F : 0;
3C40 : 24;
3C41 : -21;
3C42 : -26;
3C43 : -31;
3C44 : 14;
3C45 : -22;
3C46 : -14;
3C47 : -18;
3C48 : -5;
3C49 : -18;
3C4A : 4;
3C4B : 18;
3C4C : -30;
3C4D : -18;
3C4E : -13;
3C4F : -34;
3C50 : 13;
3C51 : -18;
3C52 : 18;
3C53 : -4;
3C54 : 5;
3C55 : -5;
3C56 : -21;
3C57 : 6;
3C58 : -27;
3C59 : -3;
3C5A : 20;
3C5B : -15;
3C5C : -30;
3C5D : -7;
3C5E : 21;
3C5F : -28;
3C60 : -3;
3C61 : -14;
3C62 : -11;
3C63 : -5;
3C64 : 20;
3C65 : -23;
3C66 : -2;
3C67 : 0;
3C68 : 4;
3C69 : -28;
3C6A : 28;
3C6B : 2;
3C6C : -21;
3C6D : 2;
3C6E : -17;
3C6F : 4;
3C70 : -37;
3C71 : 12;
3C72 : -3;
3C73 : -35;
3C74 : -15;
3C75 : -3;
3C76 : 10;
3C77 : 17;
3C78 : 14;
3C79 : -18;
3C7A : 17;
3C7B : -28;
3C7C : -6;
3C7D : -29;
3C7E : -17;
3C7F : -14;
3C80 : -36;
3C81 : -35;
3C82 : -26;
3C83 : -15;
3C84 : 1;
3C85 : 11;
3C86 : -17;
3C87 : -27;
3C88 : 7;
3C89 : -44;
3C8A : 20;
3C8B : -41;
3C8C : -49;
3C8D : -11;
3C8E : -24;
3C8F : -51;
3C90 : -8;
3C91 : 1;
3C92 : -14;
3C93 : -15;
3C94 : 14;
3C95 : -41;
3C96 : -26;
3C97 : -12;
3C98 : -2;
3C99 : -40;
3C9A : 33;
3C9B : 17;
3C9C : -18;
3C9D : 31;
3C9E : -23;
3C9F : -24;
3CA0 : -36;
3CA1 : -23;
3CA2 : -26;
3CA3 : 30;
3CA4 : -16;
3CA5 : -6;
3CA6 : -26;
3CA7 : -40;
3CA8 : 23;
3CA9 : -33;
3CAA : -12;
3CAB : 32;
3CAC : -15;
3CAD : 37;
3CAE : -10;
3CAF : 16;
3CB0 : -15;
3CB1 : -22;
3CB2 : 13;
3CB3 : 18;
3CB4 : -21;
3CB5 : 43;
3CB6 : 27;
3CB7 : -3;
3CB8 : -3;
3CB9 : 23;
3CBA : 8;
3CBB : -28;
3CBC : 6;
3CBD : -8;
3CBE : -17;
3CBF : -10;
3CC0 : 22;
3CC1 : 14;
3CC2 : -9;
3CC3 : -3;
3CC4 : -6;
3CC5 : 17;
3CC6 : 18;
3CC7 : -16;
3CC8 : 8;
3CC9 : 5;
3CCA : -24;
3CCB : -20;
3CCC : -20;
3CCD : 30;
3CCE : -20;
3CCF : 8;
3CD0 : 0;
3CD1 : 37;
3CD2 : -17;
3CD3 : 12;
3CD4 : 13;
3CD5 : 5;
3CD6 : 14;
3CD7 : 11;
3CD8 : -1;
3CD9 : 33;
3CDA : 18;
3CDB : -22;
3CDC : -31;
3CDD : 2;
3CDE : -11;
3CDF : -10;
3CE0 : -14;
3CE1 : 1;
3CE2 : -36;
3CE3 : 25;
3CE4 : -13;
3CE5 : -41;
3CE6 : -28;
3CE7 : -6;
3CE8 : 5;
3CE9 : 32;
3CEA : -21;
3CEB : -22;
3CEC : 13;
3CED : -1;
3CEE : -13;
3CEF : -8;
3CF0 : -10;
3CF1 : 26;
3CF2 : -27;
3CF3 : 20;
3CF4 : 19;
3CF5 : -21;
3CF6 : -36;
3CF7 : 8;
3CF8 : -21;
3CF9 : 14;
3CFA : -22;
3CFB : 24;
3CFC : 20;
3CFD : -45;
3CFE : 1;
3CFF : 15;
3D00 : -69;
3D01 : -32;
3D02 : 6;
3D03 : -32;
3D04 : -72;
3D05 : 5;
3D06 : 19;
3D07 : -12;
3D08 : 1;
3D09 : 24;
3D0A : -36;
3D0B : -1;
3D0C : -21;
3D0D : -14;
3D0E : -17;
3D0F : 16;
3D10 : -23;
3D11 : -10;
3D12 : 41;
3D13 : -22;
3D14 : 38;
3D15 : 66;
3D16 : 25;
3D17 : 38;
3D18 : -33;
3D19 : -33;
3D1A : -5;
3D1B : 58;
3D1C : -14;
3D1D : 8;
3D1E : -9;
3D1F : 8;
3D20 : -1;
3D21 : -1;
3D22 : 19;
3D23 : -25;
3D24 : 3;
3D25 : 110;
3D26 : -7;
3D27 : -5;
3D28 : -20;
3D29 : -44;
3D2A : 2;
3D2B : 37;
3D2C : 28;
3D2D : -1;
3D2E : -22;
3D2F : -22;
3D30 : 19;
3D31 : 30;
3D32 : 7;
3D33 : 21;
3D34 : -21;
3D35 : 56;
3D36 : -1;
3D37 : -9;
3D38 : 48;
3D39 : -35;
3D3A : 21;
3D3B : -17;
3D3C : 25;
3D3D : 23;
3D3E : -11;
3D3F : 1;
3D40 : 6;
3D41 : -1;
3D42 : -27;
3D43 : 18;
3D44 : -41;
3D45 : 40;
3D46 : 23;
3D47 : 0;
3D48 : 6;
3D49 : 50;
3D4A : -17;
3D4B : -29;
3D4C : -12;
3D4D : -36;
3D4E : -26;
3D4F : 2;
3D50 : -31;
3D51 : 1;
3D52 : 40;
3D53 : 0;
3D54 : -22;
3D55 : 51;
3D56 : 16;
3D57 : -35;
3D58 : -9;
3D59 : 6;
3D5A : -21;
3D5B : 39;
3D5C : -27;
3D5D : -25;
3D5E : -10;
3D5F : 22;
3D60 : 28;
3D61 : -15;
3D62 : 35;
3D63 : 13;
3D64 : 17;
3D65 : -18;
3D66 : 22;
3D67 : -3;
3D68 : -19;
3D69 : -22;
3D6A : -9;
3D6B : 49;
3D6C : 4;
3D6D : 27;
3D6E : 0;
3D6F : -9;
3D70 : 42;
3D71 : -27;
3D72 : -35;
3D73 : -16;
3D74 : -30;
3D75 : 4;
3D76 : -21;
3D77 : 41;
3D78 : 6;
3D79 : 16;
3D7A : 13;
3D7B : -12;
3D7C : -20;
3D7D : 25;
3D7E : -9;
3D7F : -38;
3D80 : 23;
3D81 : 33;
3D82 : -24;
3D83 : 13;
3D84 : 27;
3D85 : 8;
3D86 : 44;
3D87 : -2;
3D88 : 17;
3D89 : 3;
3D8A : -25;
3D8B : -56;
3D8C : 31;
3D8D : -36;
3D8E : 1;
3D8F : 3;
3D90 : -18;
3D91 : 31;
3D92 : 7;
3D93 : -8;
3D94 : 31;
3D95 : 21;
3D96 : 16;
3D97 : 43;
3D98 : -13;
3D99 : -6;
3D9A : 11;
3D9B : 29;
3D9C : 19;
3D9D : -53;
3D9E : -7;
3D9F : 36;
3DA0 : -2;
3DA1 : -22;
3DA2 : -5;
3DA3 : -23;
3DA4 : 2;
3DA5 : -17;
3DA6 : 16;
3DA7 : 32;
3DA8 : 15;
3DA9 : -11;
3DAA : -15;
3DAB : -8;
3DAC : 18;
3DAD : -24;
3DAE : -9;
3DAF : -15;
3DB0 : -18;
3DB1 : 2;
3DB2 : -50;
3DB3 : -8;
3DB4 : -3;
3DB5 : 3;
3DB6 : 18;
3DB7 : 30;
3DB8 : 1;
3DB9 : 3;
3DBA : -28;
3DBB : 25;
3DBC : -21;
3DBD : -4;
3DBE : -8;
3DBF : -22;
3DC0 : 8;
3DC1 : 42;
3DC2 : -5;
3DC3 : 29;
3DC4 : 24;
3DC5 : 39;
3DC6 : -7;
3DC7 : -7;
3DC8 : -6;
3DC9 : 15;
3DCA : 0;
3DCB : 19;
3DCC : 39;
3DCD : 11;
3DCE : 3;
3DCF : 3;
3DD0 : -12;
3DD1 : 5;
3DD2 : 19;
3DD3 : -3;
3DD4 : 1;
3DD5 : 23;
3DD6 : 27;
3DD7 : 5;
3DD8 : -23;
3DD9 : 42;
3DDA : 8;
3DDB : 1;
3DDC : 22;
3DDD : 13;
3DDE : 5;
3DDF : 12;
3DE0 : 20;
3DE1 : 24;
3DE2 : -28;
3DE3 : -11;
3DE4 : 9;
3DE5 : -22;
3DE6 : 24;
3DE7 : -27;
3DE8 : -21;
3DE9 : -5;
3DEA : -30;
3DEB : 22;
3DEC : 12;
3DED : 15;
3DEE : -30;
3DEF : 2;
3DF0 : -25;
3DF1 : -7;
3DF2 : -40;
3DF3 : -26;
3DF4 : -21;
3DF5 : 7;
3DF6 : 20;
3DF7 : 10;
3DF8 : 62;
3DF9 : -13;
3DFA : 2;
3DFB : 6;
3DFC : 2;
3DFD : 1;
3DFE : 5;
3DFF : -14;
3E00 : 21;
3E01 : 26;
3E02 : 3;
3E03 : 53;
3E04 : 39;
3E05 : 12;
3E06 : 35;
3E07 : -33;
3E08 : 20;
3E09 : 6;
3E0A : -19;
3E0B : 34;
3E0C : 11;
3E0D : -15;
3E0E : 7;
3E0F : -5;
3E10 : 9;
3E11 : -12;
3E12 : -4;
3E13 : 37;
3E14 : 21;
3E15 : 50;
3E16 : -7;
3E17 : 13;
3E18 : -26;
3E19 : -41;
3E1A : 28;
3E1B : -11;
3E1C : -14;
3E1D : -18;
3E1E : -24;
3E1F : -33;
3E20 : -21;
3E21 : -3;
3E22 : -39;
3E23 : -38;
3E24 : -4;
3E25 : 8;
3E26 : 28;
3E27 : 5;
3E28 : 15;
3E29 : 22;
3E2A : 5;
3E2B : -20;
3E2C : 14;
3E2D : -4;
3E2E : -14;
3E2F : 4;
3E30 : -15;
3E31 : -17;
3E32 : 7;
3E33 : -34;
3E34 : -32;
3E35 : 19;
3E36 : 18;
3E37 : 33;
3E38 : 2;
3E39 : 18;
3E3A : 16;
3E3B : -6;
3E3C : 32;
3E3D : -42;
3E3E : 9;
3E3F : -15;
3E40 : 25;
3E41 : -9;
3E42 : 18;
3E43 : 0;
3E44 : 20;
3E45 : 3;
3E46 : 2;
3E47 : -45;
3E48 : 19;
3E49 : -4;
3E4A : -28;
3E4B : 18;
3E4C : -8;
3E4D : 15;
3E4E : 24;
3E4F : 0;
3E50 : -7;
3E51 : -24;
3E52 : -12;
3E53 : 31;
3E54 : 21;
3E55 : 26;
3E56 : 46;
3E57 : 2;
3E58 : 0;
3E59 : -41;
3E5A : 10;
3E5B : 8;
3E5C : 12;
3E5D : 25;
3E5E : -10;
3E5F : -25;
3E60 : 43;
3E61 : 27;
3E62 : -26;
3E63 : -6;
3E64 : 21;
3E65 : 5;
3E66 : -30;
3E67 : -21;
3E68 : -6;
3E69 : -12;
3E6A : -30;
3E6B : -13;
3E6C : -12;
3E6D : 25;
3E6E : -21;
3E6F : -39;
3E70 : -4;
3E71 : -36;
3E72 : 15;
3E73 : 16;
3E74 : 18;
3E75 : -16;
3E76 : -37;
3E77 : -26;
3E78 : 16;
3E79 : -7;
3E7A : 16;
3E7B : -15;
3E7C : -5;
3E7D : 9;
3E7E : 25;
3E7F : -23;
3E80 : -22;
3E81 : -12;
3E82 : -8;
3E83 : -23;
3E84 : 5;
3E85 : -18;
3E86 : -22;
3E87 : -4;
3E88 : 5;
3E89 : -11;
3E8A : -36;
3E8B : -10;
3E8C : -9;
3E8D : -20;
3E8E : -18;
3E8F : 10;
3E90 : 1;
3E91 : -10;
3E92 : 15;
3E93 : -17;
3E94 : -19;
3E95 : -18;
3E96 : -33;
3E97 : -3;
3E98 : 5;
3E99 : -2;
3E9A : -32;
3E9B : 4;
3E9C : 15;
3E9D : -19;
3E9E : -15;
3E9F : -10;
3EA0 : 14;
3EA1 : -16;
3EA2 : -27;
3EA3 : -2;
3EA4 : -41;
3EA5 : 13;
3EA6 : 1;
3EA7 : 9;
3EA8 : 17;
3EA9 : -1;
3EAA : 1;
3EAB : -31;
3EAC : -38;
3EAD : 13;
3EAE : 5;
3EAF : 2;
3EB0 : -11;
3EB1 : 6;
3EB2 : -1;
3EB3 : -3;
3EB4 : -21;
3EB5 : 19;
3EB6 : -18;
3EB7 : 24;
3EB8 : -15;
3EB9 : 17;
3EBA : 26;
3EBB : -22;
3EBC : 19;
3EBD : 28;
3EBE : 36;
3EBF : 10;
3EC0 : -40;
3EC1 : 21;
3EC2 : -24;
3EC3 : -37;
3EC4 : -4;
3EC5 : 6;
3EC6 : -6;
3EC7 : -18;
3EC8 : -28;
3EC9 : -28;
3ECA : -15;
3ECB : -6;
3ECC : -36;
3ECD : -39;
3ECE : -51;
3ECF : -25;
3ED0 : 16;
3ED1 : -8;
3ED2 : -14;
3ED3 : -41;
3ED4 : -27;
3ED5 : 27;
3ED6 : -32;
3ED7 : -14;
3ED8 : 5;
3ED9 : -3;
3EDA : -19;
3EDB : -10;
3EDC : 15;
3EDD : 4;
3EDE : -2;
3EDF : 22;
3EE0 : 19;
3EE1 : -10;
3EE2 : 18;
3EE3 : -38;
3EE4 : -54;
3EE5 : -28;
3EE6 : -2;
3EE7 : 64;
3EE8 : 39;
3EE9 : 10;
3EEA : -26;
3EEB : -2;
3EEC : -37;
3EED : -5;
3EEE : 21;
3EEF : -31;
3EF0 : 11;
3EF1 : -7;
3EF2 : -1;
3EF3 : -48;
3EF4 : -10;
3EF5 : 2;
3EF6 : -14;
3EF7 : -30;
3EF8 : 20;
3EF9 : -1;
3EFA : 42;
3EFB : 26;
3EFC : -22;
3EFD : -9;
3EFE : 17;
3EFF : -22;
3F00 : 49;
3F01 : 41;
3F02 : -18;
3F03 : -6;
3F04 : 30;
3F05 : -5;
3F06 : 28;
3F07 : 23;
3F08 : 10;
3F09 : -18;
3F0A : 9;
3F0B : -13;
3F0C : 36;
3F0D : 30;
3F0E : -1;
3F0F : 7;
3F10 : 31;
3F11 : 10;
3F12 : 29;
3F13 : 10;
3F14 : -27;
3F15 : 24;
3F16 : -19;
3F17 : 23;
3F18 : -30;
3F19 : 39;
3F1A : -7;
3F1B : -39;
3F1C : -5;
3F1D : -4;
3F1E : -10;
3F1F : -12;
3F20 : -14;
3F21 : 17;
3F22 : -5;
3F23 : 43;
3F24 : 2;
3F25 : -18;
3F26 : -28;
3F27 : -33;
3F28 : 32;
3F29 : 0;
3F2A : -19;
3F2B : 14;
3F2C : -13;
3F2D : -17;
3F2E : 7;
3F2F : 26;
3F30 : -42;
3F31 : -7;
3F32 : -1;
3F33 : 42;
3F34 : -20;
3F35 : -4;
3F36 : 43;
3F37 : -3;
3F38 : -29;
3F39 : 13;
3F3A : -25;
3F3B : -20;
3F3C : -36;
3F3D : -33;
3F3E : 44;
3F3F : 16;
3F40 : 26;
3F41 : -26;
3F42 : 34;
3F43 : -17;
3F44 : 41;
3F45 : 33;
3F46 : -27;
3F47 : -12;
3F48 : 22;
3F49 : -9;
3F4A : 3;
3F4B : -9;
3F4C : 18;
3F4D : -15;
3F4E : 19;
3F4F : 28;
3F50 : 11;
3F51 : -13;
3F52 : -20;
3F53 : -5;
3F54 : 30;
3F55 : -23;
3F56 : 11;
3F57 : 5;
3F58 : 6;
3F59 : -15;
3F5A : 23;
3F5B : -22;
3F5C : 11;
3F5D : -23;
3F5E : -8;
3F5F : -14;
3F60 : -4;
3F61 : -26;
3F62 : 4;
3F63 : 17;
3F64 : -17;
3F65 : -40;
3F66 : -1;
3F67 : -16;
3F68 : 21;
3F69 : -3;
3F6A : -1;
3F6B : -20;
3F6C : 37;
3F6D : 0;
3F6E : -23;
3F6F : 12;
3F70 : -8;
3F71 : 11;
3F72 : 29;
3F73 : 8;
3F74 : -24;
3F75 : -42;
3F76 : -13;
3F77 : 15;
3F78 : -22;
3F79 : -4;
3F7A : -30;
3F7B : 4;
3F7C : 31;
3F7D : 3;
3F7E : -13;
3F7F : -5;
3F80 : -50;
3F81 : -24;
3F82 : 12;
3F83 : -2;
3F84 : 22;
3F85 : -38;
3F86 : -29;
3F87 : -19;
3F88 : -12;
3F89 : -3;
3F8A : 16;
3F8B : 7;
3F8C : -23;
3F8D : -20;
3F8E : 30;
3F8F : -21;
3F90 : -9;
3F91 : -12;
3F92 : -7;
3F93 : -19;
3F94 : -41;
3F95 : -56;
3F96 : -32;
3F97 : -8;
3F98 : 2;
3F99 : -6;
3F9A : 36;
3F9B : 26;
3F9C : -4;
3F9D : 14;
3F9E : -13;
3F9F : -26;
3FA0 : 14;
3FA1 : -8;
3FA2 : -5;
3FA3 : 19;
3FA4 : -4;
3FA5 : 28;
3FA6 : -44;
3FA7 : -34;
3FA8 : 0;
3FA9 : -5;
3FAA : -13;
3FAB : 23;
3FAC : 25;
3FAD : -26;
3FAE : -40;
3FAF : 38;
3FB0 : -50;
3FB1 : 29;
3FB2 : 53;
3FB3 : 8;
3FB4 : -11;
3FB5 : 28;
3FB6 : -16;
3FB7 : 35;
3FB8 : 8;
3FB9 : -19;
3FBA : -54;
3FBB : -15;
3FBC : 40;
3FBD : -28;
3FBE : 54;
3FBF : -8;
3FC0 : -25;
3FC1 : 10;
3FC2 : 19;
3FC3 : 36;
3FC4 : 6;
3FC5 : -51;
3FC6 : -14;
3FC7 : 2;
3FC8 : -13;
3FC9 : 10;
3FCA : -5;
3FCB : -19;
3FCC : -26;
3FCD : 28;
3FCE : 14;
3FCF : 7;
3FD0 : 1;
3FD1 : 3;
3FD2 : -38;
3FD3 : 6;
3FD4 : -43;
3FD5 : 36;
3FD6 : 12;
3FD7 : 32;
3FD8 : -6;
3FD9 : 6;
3FDA : 18;
3FDB : -1;
3FDC : 2;
3FDD : 36;
3FDE : 34;
3FDF : -3;
3FE0 : 7;
3FE1 : 18;
3FE2 : -17;
3FE3 : 12;
3FE4 : 26;
3FE5 : 4;
3FE6 : 5;
3FE7 : 19;
3FE8 : 50;
3FE9 : -8;
3FEA : 5;
3FEB : 19;
3FEC : 13;
3FED : 11;
3FEE : 1;
3FEF : 22;
3FF0 : -44;
3FF1 : 6;
3FF2 : 17;
3FF3 : -16;
3FF4 : -2;
3FF5 : 4;
3FF6 : -35;
3FF7 : 48;
3FF8 : 21;
3FF9 : 6;
3FFA : 14;
3FFB : 24;
3FFC : 28;
3FFD : -45;
3FFE : -23;
3FFF : 22;
4000 : 42;
4001 : -17;
4002 : -48;
4003 : -24;
4004 : -5;
4005 : 17;
4006 : -42;
4007 : -39;
4008 : -35;
4009 : -23;
400A : -34;
400B : -17;
400C : 0;
400D : 38;
400E : -7;
400F : -33;
4010 : 28;
4011 : -24;
4012 : 23;
4013 : -12;
4014 : -38;
4015 : 18;
4016 : -22;
4017 : 44;
4018 : -4;
4019 : 11;
401A : -50;
401B : 11;
401C : 4;
401D : -2;
401E : 45;
401F : -36;
4020 : 23;
4021 : 2;
4022 : -9;
4023 : -39;
4024 : 7;
4025 : -2;
4026 : -37;
4027 : 40;
4028 : 24;
4029 : -14;
402A : -37;
402B : 31;
402C : 15;
402D : 1;
402E : 8;
402F : -47;
4030 : 11;
4031 : -40;
4032 : 3;
4033 : -49;
4034 : 9;
4035 : 30;
4036 : 3;
4037 : 22;
4038 : 30;
4039 : 28;
403A : 42;
403B : 19;
403C : 5;
403D : 42;
403E : -81;
403F : 3;
4040 : 37;
4041 : 9;
4042 : -9;
4043 : -7;
4044 : -3;
4045 : 12;
4046 : 31;
4047 : 4;
4048 : 40;
4049 : -43;
404A : -40;
404B : -35;
404C : -30;
404D : 28;
404E : -30;
404F : -24;
4050 : 18;
4051 : 8;
4052 : 29;
4053 : 35;
4054 : 22;
4055 : -18;
4056 : 28;
4057 : 36;
4058 : -20;
4059 : -30;
405A : -16;
405B : -43;
405C : 31;
405D : 10;
405E : 3;
405F : 20;
4060 : 5;
4061 : 5;
4062 : -4;
4063 : 17;
4064 : 37;
4065 : 31;
4066 : 17;
4067 : -71;
4068 : -19;
4069 : -19;
406A : 22;
406B : -5;
406C : 22;
406D : 32;
406E : -7;
406F : 0;
4070 : 19;
4071 : 13;
4072 : 8;
4073 : -17;
4074 : -27;
4075 : 46;
4076 : 22;
4077 : -85;
4078 : -23;
4079 : 10;
407A : -3;
407B : 21;
407C : -2;
407D : 1;
407E : -15;
407F : 17;
4080 : -14;
4081 : 18;
4082 : 2;
4083 : 16;
4084 : -87;
4085 : -25;
4086 : 22;
4087 : -29;
4088 : -18;
4089 : -19;
408A : -23;
408B : -14;
408C : -6;
408D : -3;
408E : -10;
408F : -30;
4090 : 45;
4091 : 11;
4092 : 11;
4093 : 39;
4094 : -15;
4095 : 42;
4096 : 14;
4097 : -22;
4098 : 1;
4099 : -15;
409A : 12;
409B : 10;
409C : -33;
409D : 43;
409E : 32;
409F : 22;
40A0 : 24;
40A1 : 35;
40A2 : 4;
40A3 : 43;
40A4 : -16;
40A5 : 0;
40A6 : -16;
40A7 : -42;
40A8 : -14;
40A9 : 19;
40AA : 21;
40AB : -22;
40AC : -14;
40AD : 6;
40AE : -9;
40AF : -3;
40B0 : -54;
40B1 : -8;
40B2 : -16;
40B3 : 7;
40B4 : -5;
40B5 : -40;
40B6 : 14;
40B7 : -23;
40B8 : 16;
40B9 : 23;
40BA : -22;
40BB : -45;
40BC : -20;
40BD : 21;
40BE : 32;
40BF : -9;
40C0 : 24;
40C1 : 59;
40C2 : -11;
40C3 : 46;
40C4 : -7;
40C5 : 7;
40C6 : 18;
40C7 : 2;
40C8 : 26;
40C9 : 43;
40CA : -15;
40CB : -102;
40CC : -33;
40CD : 8;
40CE : 29;
40CF : 27;
40D0 : 31;
40D1 : 41;
40D2 : -17;
40D3 : -9;
40D4 : 3;
40D5 : 4;
40D6 : 33;
40D7 : -4;
40D8 : 0;
40D9 : 23;
40DA : 6;
40DB : -51;
40DC : -4;
40DD : -6;
40DE : 28;
40DF : -7;
40E0 : 18;
40E1 : -9;
40E2 : -23;
40E3 : 27;
40E4 : 28;
40E5 : -27;
40E6 : 18;
40E7 : 6;
40E8 : 13;
40E9 : -16;
40EA : -59;
40EB : -4;
40EC : -17;
40ED : -16;
40EE : 13;
40EF : 17;
40F0 : -40;
40F1 : 12;
40F2 : 13;
40F3 : 14;
40F4 : -2;
40F5 : -44;
40F6 : -32;
40F7 : 3;
40F8 : 17;
40F9 : -32;
40FA : -49;
40FB : 28;
40FC : 29;
40FD : -6;
40FE : 11;
40FF : -17;
4100 : 6;
4101 : -19;
4102 : 27;
4103 : 20;
4104 : -74;
4105 : 5;
4106 : -4;
4107 : -23;
4108 : -14;
4109 : 16;
410A : 18;
410B : -16;
410C : -18;
410D : -13;
410E : 21;
410F : -11;
4110 : -17;
4111 : 9;
4112 : 40;
4113 : 5;
4114 : -16;
4115 : 24;
4116 : 30;
4117 : -26;
4118 : -24;
4119 : 16;
411A : 24;
411B : 51;
411C : 14;
411D : 11;
411E : 38;
411F : 41;
4120 : -22;
4121 : 2;
4122 : 20;
4123 : 26;
4124 : -18;
4125 : 15;
4126 : 2;
4127 : 18;
4128 : -18;
4129 : 2;
412A : 21;
412B : 22;
412C : -9;
412D : -43;
412E : 15;
412F : 26;
4130 : 32;
4131 : 5;
4132 : -10;
4133 : -41;
4134 : 27;
4135 : 17;
4136 : -9;
4137 : 12;
4138 : 18;
4139 : -23;
413A : 13;
413B : 0;
413C : 21;
413D : -10;
413E : -36;
413F : -34;
4140 : 24;
4141 : -27;
4142 : 5;
4143 : 5;
4144 : -7;
4145 : 17;
4146 : 20;
4147 : -34;
4148 : -6;
4149 : 11;
414A : -33;
414B : -42;
414C : -1;
414D : -13;
414E : 10;
414F : -5;
4150 : 0;
4151 : -5;
4152 : 7;
4153 : 50;
4154 : -40;
4155 : 43;
4156 : 14;
4157 : 3;
4158 : 19;
4159 : -10;
415A : -49;
415B : 7;
415C : -30;
415D : 32;
415E : -25;
415F : 33;
4160 : -40;
4161 : -25;
4162 : -7;
4163 : 20;
4164 : 2;
4165 : 32;
4166 : 41;
4167 : -11;
4168 : -10;
4169 : -40;
416A : -46;
416B : 21;
416C : -22;
416D : -1;
416E : 38;
416F : -24;
4170 : 27;
4171 : -44;
4172 : -26;
4173 : -29;
4174 : -2;
4175 : -21;
4176 : -13;
4177 : 21;
4178 : -24;
4179 : -42;
417A : -8;
417B : -10;
417C : 22;
417D : 13;
417E : -28;
417F : -29;
4180 : -22;
4181 : -26;
4182 : 8;
4183 : 11;
4184 : -42;
4185 : -3;
4186 : -13;
4187 : 16;
4188 : 11;
4189 : 25;
418A : -35;
418B : -19;
418C : -28;
418D : -45;
418E : 27;
418F : -3;
4190 : -56;
4191 : -12;
4192 : -4;
4193 : -12;
4194 : -1;
4195 : -22;
4196 : -15;
4197 : 11;
4198 : 5;
4199 : 4;
419A : 8;
419B : -19;
419C : 0;
419D : -68;
419E : 23;
419F : 7;
41A0 : -44;
41A1 : -19;
41A2 : 10;
41A3 : -19;
41A4 : 1;
41A5 : 4;
41A6 : 21;
41A7 : -29;
41A8 : -47;
41A9 : 4;
41AA : 11;
41AB : 33;
41AC : -26;
41AD : -26;
41AE : 25;
41AF : 7;
41B0 : 22;
41B1 : 2;
41B2 : -56;
41B3 : -4;
41B4 : 11;
41B5 : 5;
41B6 : 50;
41B7 : 25;
41B8 : -10;
41B9 : 11;
41BA : 9;
41BB : -38;
41BC : 8;
41BD : 8;
41BE : -29;
41BF : -27;
41C0 : 3;
41C1 : 35;
41C2 : -25;
41C3 : 34;
41C4 : 47;
41C5 : 10;
41C6 : 46;
41C7 : -20;
41C8 : -23;
41C9 : 31;
41CA : -26;
41CB : -18;
41CC : -11;
41CD : -14;
41CE : 22;
41CF : -18;
41D0 : -13;
41D1 : 6;
41D2 : 16;
41D3 : 17;
41D4 : 46;
41D5 : 1;
41D6 : 13;
41D7 : 19;
41D8 : -9;
41D9 : 0;
41DA : -6;
41DB : 3;
41DC : 41;
41DD : -7;
41DE : -50;
41DF : -8;
41E0 : -1;
41E1 : 1;
41E2 : -7;
41E3 : 38;
41E4 : 10;
41E5 : 39;
41E6 : 42;
41E7 : -32;
41E8 : 22;
41E9 : -20;
41EA : -21;
41EB : -28;
41EC : 11;
41ED : 10;
41EE : 15;
41EF : -14;
41F0 : 15;
41F1 : 45;
41F2 : -16;
41F3 : 14;
41F4 : 15;
41F5 : -11;
41F6 : 52;
41F7 : 45;
41F8 : 48;
41F9 : 1;
41FA : 4;
41FB : -70;
41FC : 29;
41FD : 52;
41FE : 44;
41FF : -21;
4200 : 31;
4201 : -18;
4202 : 12;
4203 : -30;
4204 : 1;
4205 : 10;
4206 : 26;
4207 : 23;
4208 : 16;
4209 : 0;
420A : -12;
420B : -23;
420C : 56;
420D : 17;
420E : 3;
420F : -2;
4210 : 20;
4211 : 1;
4212 : -23;
4213 : -3;
4214 : 36;
4215 : -22;
4216 : 43;
4217 : -7;
4218 : 38;
4219 : 2;
421A : 15;
421B : -19;
421C : 12;
421D : 5;
421E : -10;
421F : 10;
4220 : 5;
4221 : 10;
4222 : -26;
4223 : -6;
4224 : 24;
4225 : 23;
4226 : 0;
4227 : -37;
4228 : -7;
4229 : 41;
422A : -11;
422B : -46;
422C : 9;
422D : 1;
422E : -24;
422F : 12;
4230 : -15;
4231 : 11;
4232 : 42;
4233 : -2;
4234 : 23;
4235 : -24;
4236 : -53;
4237 : -56;
4238 : -12;
4239 : 35;
423A : -41;
423B : -67;
423C : -34;
423D : -33;
423E : -1;
423F : 2;
4240 : 33;
4241 : -48;
4242 : -8;
4243 : -57;
4244 : -40;
4245 : 0;
4246 : -28;
4247 : 20;
4248 : -19;
4249 : 8;
424A : 4;
424B : 44;
424C : -2;
424D : -18;
424E : 10;
424F : 15;
4250 : 10;
4251 : -41;
4252 : -17;
4253 : -32;
4254 : 3;
4255 : 14;
4256 : -55;
4257 : 28;
4258 : 9;
4259 : 0;
425A : 38;
425B : 33;
425C : -1;
425D : -16;
425E : -32;
425F : 9;
4260 : -30;
4261 : -13;
4262 : -8;
4263 : -41;
4264 : 16;
4265 : 11;
4266 : -5;
4267 : 18;
4268 : 34;
4269 : -35;
426A : 11;
426B : -10;
426C : 25;
426D : 14;
426E : 11;
426F : 25;
4270 : -21;
4271 : 13;
4272 : -34;
4273 : 12;
4274 : -25;
4275 : 38;
4276 : -34;
4277 : 18;
4278 : -25;
4279 : -40;
427A : -5;
427B : -30;
427C : 25;
427D : -24;
427E : -6;
427F : 19;
4280 : -16;
4281 : 44;
4282 : -25;
4283 : -14;
4284 : -25;
4285 : 10;
4286 : 24;
4287 : 22;
4288 : 0;
4289 : 11;
428A : -9;
428B : -56;
428C : -38;
428D : -7;
428E : -14;
428F : 18;
4290 : -14;
4291 : 23;
4292 : -8;
4293 : -32;
4294 : -23;
4295 : -7;
4296 : -6;
4297 : -2;
4298 : 14;
4299 : -23;
429A : 8;
429B : 4;
429C : -9;
429D : -10;
429E : -4;
429F : -2;
42A0 : -3;
42A1 : -8;
42A2 : 13;
42A3 : 34;
42A4 : 13;
42A5 : 31;
42A6 : -16;
42A7 : -28;
42A8 : -6;
42A9 : -16;
42AA : -17;
42AB : -5;
42AC : 16;
42AD : -34;
42AE : 27;
42AF : 14;
42B0 : -28;
42B1 : 14;
42B2 : -34;
42B3 : 30;
42B4 : 10;
42B5 : 9;
42B6 : 32;
42B7 : 15;
42B8 : 14;
42B9 : -19;
42BA : 17;
42BB : 15;
42BC : -21;
42BD : 6;
42BE : -20;
42BF : -33;
42C0 : 17;
42C1 : -31;
42C2 : 24;
42C3 : 15;
42C4 : -11;
42C5 : -35;
42C6 : 1;
42C7 : 6;
42C8 : -17;
42C9 : 21;
42CA : 34;
42CB : -17;
42CC : -8;
42CD : 15;
42CE : 20;
42CF : 0;
42D0 : 17;
42D1 : 15;
42D2 : -10;
42D3 : 26;
42D4 : -16;
42D5 : 3;
42D6 : 10;
42D7 : 38;
42D8 : 33;
42D9 : 40;
42DA : -1;
42DB : -18;
42DC : -36;
42DD : -18;
42DE : 9;
42DF : 44;
42E0 : -66;
42E1 : 10;
42E2 : 8;
42E3 : 33;
42E4 : -17;
42E5 : -26;
42E6 : -25;
42E7 : 24;
42E8 : 10;
42E9 : 20;
42EA : -11;
42EB : 9;
42EC : -31;
42ED : -52;
42EE : -2;
42EF : 1;
42F0 : 1;
42F1 : 16;
42F2 : 2;
42F3 : 24;
42F4 : -6;
42F5 : -7;
42F6 : 9;
42F7 : 5;
42F8 : 26;
42F9 : 16;
42FA : 4;
42FB : 33;
42FC : -1;
42FD : 13;
42FE : 0;
42FF : 7;
4300 : -29;
4301 : -43;
4302 : 9;
4303 : -25;
4304 : -54;
4305 : 9;
4306 : -9;
4307 : 0;
4308 : -11;
4309 : -30;
430A : -27;
430B : 53;
430C : -33;
430D : 12;
430E : 10;
430F : -18;
4310 : -5;
4311 : -16;
4312 : 27;
4313 : -26;
4314 : -15;
4315 : 35;
4316 : -5;
4317 : 18;
4318 : -10;
4319 : -31;
431A : 7;
431B : 6;
431C : -2;
431D : -23;
431E : 6;
431F : -15;
4320 : 10;
4321 : -11;
4322 : -26;
4323 : -18;
4324 : 14;
4325 : 58;
4326 : -8;
4327 : 14;
4328 : 4;
4329 : -23;
432A : 39;
432B : -13;
432C : 21;
432D : -11;
432E : 18;
432F : -7;
4330 : 44;
4331 : -6;
4332 : 12;
4333 : -20;
4334 : -10;
4335 : 30;
4336 : 8;
4337 : 4;
4338 : 46;
4339 : 9;
433A : 35;
433B : -10;
433C : -8;
433D : 65;
433E : -57;
433F : 5;
4340 : -44;
4341 : 25;
4342 : 23;
4343 : 0;
4344 : -7;
4345 : 18;
4346 : -7;
4347 : -23;
4348 : 11;
4349 : 12;
434A : -18;
434B : 19;
434C : -1;
434D : 5;
434E : -22;
434F : 28;
4350 : -48;
4351 : 21;
4352 : 22;
4353 : 8;
4354 : -18;
4355 : 39;
4356 : 0;
4357 : 15;
4358 : 19;
4359 : -21;
435A : 10;
435B : -19;
435C : -23;
435D : 2;
435E : 41;
435F : -4;
4360 : 31;
4361 : 33;
4362 : -3;
4363 : 16;
4364 : 37;
4365 : 12;
4366 : 32;
4367 : -30;
4368 : -22;
4369 : -19;
436A : 34;
436B : -20;
436C : -5;
436D : 15;
436E : 1;
436F : 21;
4370 : 58;
4371 : 24;
4372 : -8;
4373 : -13;
4374 : 3;
4375 : 36;
4376 : 27;
4377 : 2;
4378 : 45;
4379 : 9;
437A : -14;
437B : -40;
437C : -11;
437D : 27;
437E : 5;
437F : 3;
4380 : -19;
4381 : 31;
4382 : -3;
4383 : 9;
4384 : -10;
4385 : -1;
4386 : 27;
4387 : 36;
4388 : 2;
4389 : 2;
438A : -11;
438B : -22;
438C : -7;
438D : -53;
438E : 17;
438F : -4;
4390 : 0;
4391 : -20;
4392 : 2;
4393 : 9;
4394 : 23;
4395 : 23;
4396 : 8;
4397 : 29;
4398 : 2;
4399 : 35;
439A : -12;
439B : 4;
439C : -6;
439D : 3;
439E : 15;
439F : 18;
43A0 : -45;
43A1 : -15;
43A2 : 6;
43A3 : 17;
43A4 : -1;
43A5 : 27;
43A6 : 18;
43A7 : 2;
43A8 : -10;
43A9 : 6;
43AA : 22;
43AB : -5;
43AC : -33;
43AD : -55;
43AE : 16;
43AF : 23;
43B0 : -50;
43B1 : -9;
43B2 : -13;
43B3 : 3;
43B4 : 17;
43B5 : 0;
43B6 : -13;
43B7 : -2;
43B8 : -16;
43B9 : 19;
43BA : 24;
43BB : 15;
43BC : -27;
43BD : -47;
43BE : -25;
43BF : -8;
43C0 : 17;
43C1 : 3;
43C2 : 47;
43C3 : -4;
43C4 : -52;
43C5 : 11;
43C6 : 24;
43C7 : 26;
43C8 : 1;
43C9 : 24;
43CA : -12;
43CB : -30;
43CC : -1;
43CD : 20;
43CE : 11;
43CF : -10;
43D0 : 26;
43D1 : -11;
43D2 : -4;
43D3 : 21;
43D4 : -23;
43D5 : -51;
43D6 : -9;
43D7 : -7;
43D8 : -4;
43D9 : 24;
43DA : 33;
43DB : 27;
43DC : -3;
43DD : 20;
43DE : -9;
43DF : 23;
43E0 : -9;
43E1 : 1;
43E2 : 15;
43E3 : 26;
43E4 : -7;
43E5 : -50;
43E6 : -18;
43E7 : -37;
43E8 : 24;
43E9 : 0;
43EA : -32;
43EB : 13;
43EC : 10;
43ED : -9;
43EE : -17;
43EF : 33;
43F0 : -43;
43F1 : -14;
43F2 : -11;
43F3 : 6;
43F4 : -19;
43F5 : -15;
43F6 : 8;
43F7 : -41;
43F8 : 29;
43F9 : -4;
43FA : -27;
43FB : 2;
43FC : 11;
43FD : -40;
43FE : -36;
43FF : 17;
4400 : 19;
4401 : 3;
4402 : 21;
4403 : 0;
4404 : -25;
4405 : 5;
4406 : 24;
4407 : -14;
4408 : 6;
4409 : -8;
440A : -10;
440B : 6;
440C : 13;
440D : -35;
440E : -22;
440F : -26;
4410 : 10;
4411 : -24;
4412 : 11;
4413 : 2;
4414 : -3;
4415 : -6;
4416 : -25;
4417 : 0;
4418 : -13;
4419 : 22;
441A : 13;
441B : 9;
441C : -5;
441D : -28;
441E : -34;
441F : -34;
4420 : 15;
4421 : -35;
4422 : 14;
4423 : 7;
4424 : 2;
4425 : -38;
4426 : 15;
4427 : -6;
4428 : 0;
4429 : -5;
442A : -3;
442B : -1;
442C : -34;
442D : 24;
442E : -31;
442F : 0;
4430 : 3;
4431 : 11;
4432 : 17;
4433 : -30;
4434 : 19;
4435 : 14;
4436 : 3;
4437 : -9;
4438 : 2;
4439 : 15;
443A : -3;
443B : -24;
443C : 7;
443D : 15;
443E : 31;
443F : 18;
4440 : -9;
4441 : -30;
4442 : -4;
4443 : 17;
4444 : -5;
4445 : 2;
4446 : 20;
4447 : 10;
4448 : 3;
4449 : 15;
444A : -16;
444B : -22;
444C : -25;
444D : 29;
444E : -10;
444F : 16;
4450 : -12;
4451 : 16;
4452 : 5;
4453 : -4;
4454 : -21;
4455 : -16;
4456 : 9;
4457 : -17;
4458 : -1;
4459 : 9;
445A : -33;
445B : -1;
445C : 8;
445D : -1;
445E : -29;
445F : 17;
4460 : -12;
4461 : -18;
4462 : -14;
4463 : -2;
4464 : -21;
4465 : 10;
4466 : 23;
4467 : 2;
4468 : -20;
4469 : -21;
446A : -25;
446B : 24;
446C : -15;
446D : -1;
446E : -10;
446F : 7;
4470 : -18;
4471 : -30;
4472 : 34;
4473 : 1;
4474 : -22;
4475 : 4;
4476 : 18;
4477 : -35;
4478 : -15;
4479 : 6;
447A : -9;
447B : -28;
447C : -14;
447D : 18;
447E : -29;
447F : 9;
4480 : -11;
4481 : -21;
4482 : -29;
4483 : -3;
4484 : -3;
4485 : -4;
4486 : -3;
4487 : 2;
4488 : -19;
4489 : -24;
448A : 6;
448B : -32;
448C : -6;
448D : -4;
448E : -7;
448F : -7;
4490 : -19;
4491 : -35;
4492 : -23;
4493 : -17;
4494 : -5;
4495 : -4;
4496 : -30;
4497 : 14;
4498 : -33;
4499 : -30;
449A : 2;
449B : 18;
449C : 0;
449D : 12;
449E : 17;
449F : -20;
44A0 : -23;
44A1 : -6;
44A2 : -3;
44A3 : 24;
44A4 : 15;
44A5 : 16;
44A6 : -16;
44A7 : 9;
44A8 : 9;
44A9 : 17;
44AA : -6;
44AB : -29;
44AC : 17;
44AD : -18;
44AE : 20;
44AF : -31;
44B0 : 9;
44B1 : -26;
44B2 : -25;
44B3 : -13;
44B4 : 18;
44B5 : -19;
44B6 : -10;
44B7 : -14;
44B8 : -19;
44B9 : -15;
44BA : -8;
44BB : 2;
44BC : -26;
44BD : -11;
44BE : 18;
44BF : -2;
44C0 : -25;
44C1 : -21;
44C2 : -19;
44C3 : -6;
44C4 : 15;
44C5 : -17;
44C6 : -21;
44C7 : -21;
44C8 : 16;
44C9 : 27;
44CA : 16;
44CB : -1;
44CC : -8;
44CD : -19;
44CE : -3;
44CF : -30;
44D0 : 29;
44D1 : -37;
44D2 : 0;
44D3 : 8;
44D4 : -9;
44D5 : 5;
44D6 : -2;
44D7 : -11;
44D8 : 3;
44D9 : 9;
44DA : -37;
44DB : -29;
44DC : -31;
44DD : 18;
44DE : -9;
44DF : -26;
44E0 : 25;
44E1 : 16;
44E2 : 18;
44E3 : 10;
44E4 : -23;
44E5 : -28;
44E6 : 2;
44E7 : -7;
44E8 : -2;
44E9 : -1;
44EA : 7;
44EB : 31;
44EC : -29;
44ED : -26;
44EE : 20;
44EF : -29;
44F0 : -30;
44F1 : -1;
44F2 : 12;
44F3 : 18;
44F4 : 9;
44F5 : 13;
44F6 : -6;
44F7 : -32;
44F8 : -33;
44F9 : -23;
44FA : 13;
44FB : 7;
44FC : -4;
44FD : 17;
44FE : -29;
44FF : 3;
4500 : 22;
4501 : 26;
4502 : 13;
4503 : -25;
4504 : 12;
4505 : -8;
4506 : 4;
4507 : 12;
4508 : -28;
4509 : 0;
450A : -31;
450B : -40;
450C : -27;
450D : -29;
450E : 19;
450F : 9;
4510 : -15;
4511 : 5;
4512 : 18;
4513 : 14;
4514 : -31;
4515 : -25;
4516 : -29;
4517 : 5;
4518 : -25;
4519 : -31;
451A : -4;
451B : -9;
451C : -11;
451D : 18;
451E : -10;
451F : 6;
4520 : 27;
4521 : 6;
4522 : 14;
4523 : 10;
4524 : -23;
4525 : 10;
4526 : -2;
4527 : 12;
4528 : -16;
4529 : 20;
452A : -17;
452B : 16;
452C : -19;
452D : -18;
452E : 6;
452F : 25;
4530 : 20;
4531 : -1;
4532 : -3;
4533 : -3;
4534 : -28;
4535 : -15;
4536 : -7;
4537 : -3;
4538 : 22;
4539 : 25;
453A : 3;
453B : 26;
453C : -9;
453D : -8;
453E : -27;
453F : 7;
4540 : -4;
4541 : 16;
4542 : -25;
4543 : 8;
4544 : 25;
4545 : -31;
4546 : -2;
4547 : -18;
4548 : -25;
4549 : -21;
454A : -26;
454B : -21;
454C : 20;
454D : -30;
454E : -7;
454F : -13;
4550 : -1;
4551 : -8;
4552 : 4;
4553 : -16;
4554 : -23;
4555 : 23;
4556 : 1;
4557 : -27;
4558 : -23;
4559 : -5;
455A : -16;
455B : -5;
455C : -10;
455D : 0;
455E : -30;
455F : -15;
4560 : -29;
4561 : 19;
4562 : 21;
4563 : -22;
4564 : 5;
4565 : 11;
4566 : 9;
4567 : -12;
4568 : 10;
4569 : -6;
456A : -13;
456B : 11;
456C : -16;
456D : 23;
456E : 27;
456F : 16;
4570 : 10;
4571 : -3;
4572 : 24;
4573 : -32;
4574 : -22;
4575 : 7;
4576 : -3;
4577 : 2;
4578 : -20;
4579 : 23;
457A : 4;
457B : 22;
457C : -5;
457D : -27;
457E : -29;
457F : -15;
4580 : -29;
4581 : 7;
4582 : 6;
4583 : 6;
4584 : -12;
4585 : -33;
4586 : 7;
4587 : -25;
4588 : -5;
4589 : -10;
458A : -12;
458B : 18;
458C : -15;
458D : -4;
458E : 16;
458F : -10;
4590 : 9;
4591 : 0;
4592 : -23;
4593 : -28;
4594 : 18;
4595 : 6;
4596 : 24;
4597 : -19;
4598 : -4;
4599 : -13;
459A : 16;
459B : -26;
459C : -9;
459D : -4;
459E : 3;
459F : -8;
45A0 : 8;
45A1 : -23;
45A2 : 12;
45A3 : -9;
45A4 : -17;
45A5 : -1;
45A6 : 5;
45A7 : -22;
45A8 : -7;
45A9 : 24;
45AA : -26;
45AB : -25;
45AC : 2;
45AD : -32;
45AE : -23;
45AF : 6;
45B0 : -9;
45B1 : -25;
45B2 : -8;
45B3 : -30;
45B4 : -9;
45B5 : 10;
45B6 : -21;
45B7 : -22;
45B8 : -10;
45B9 : -23;
45BA : -25;
45BB : -16;
45BC : -16;
45BD : -12;
45BE : 16;
45BF : -3;
45C0 : 24;
45C1 : 27;
45C2 : -2;
45C3 : 3;
45C4 : 22;
45C5 : 19;
45C6 : 18;
45C7 : 2;
45C8 : 21;
45C9 : 11;
45CA : -12;
45CB : -6;
45CC : -15;
45CD : -2;
45CE : -22;
45CF : -12;
45D0 : 19;
45D1 : -31;
45D2 : -21;
45D3 : 20;
45D4 : -4;
45D5 : -16;
45D6 : 20;
45D7 : -12;
45D8 : -31;
45D9 : -14;
45DA : -31;
45DB : -1;
45DC : 3;
45DD : -20;
45DE : -17;
45DF : -27;
45E0 : 17;
45E1 : -20;
45E2 : 16;
45E3 : 19;
45E4 : -9;
45E5 : 7;
45E6 : 24;
45E7 : 12;
45E8 : -23;
45E9 : -5;
45EA : -5;
45EB : -21;
45EC : -8;
45ED : -7;
45EE : -21;
45EF : -22;
45F0 : -28;
45F1 : -13;
45F2 : 14;
45F3 : 26;
45F4 : -30;
45F5 : -30;
45F6 : -4;
45F7 : 8;
45F8 : -4;
45F9 : 16;
45FA : -10;
45FB : -31;
45FC : -1;
45FD : -2;
45FE : -10;
45FF : -8;
4600 : 22;
4601 : -21;
4602 : 24;
4603 : -21;
4604 : 34;
4605 : -1;
4606 : 12;
4607 : 24;
4608 : 20;
4609 : -38;
460A : 10;
460B : -27;
460C : -8;
460D : 0;
460E : 26;
460F : -23;
4610 : 42;
4611 : -14;
4612 : 33;
4613 : 3;
4614 : 29;
4615 : 14;
4616 : -9;
4617 : 34;
4618 : 14;
4619 : -5;
461A : 37;
461B : -41;
461C : 14;
461D : -29;
461E : 36;
461F : 21;
4620 : -7;
4621 : 0;
4622 : 20;
4623 : -15;
4624 : 14;
4625 : 9;
4626 : -4;
4627 : -19;
4628 : -13;
4629 : 16;
462A : 26;
462B : -30;
462C : -28;
462D : 12;
462E : 38;
462F : 10;
4630 : -19;
4631 : -6;
4632 : -28;
4633 : -1;
4634 : 15;
4635 : -14;
4636 : -1;
4637 : -66;
4638 : -36;
4639 : 25;
463A : -11;
463B : -38;
463C : 10;
463D : 22;
463E : -14;
463F : 22;
4640 : 28;
4641 : 0;
4642 : -31;
4643 : 6;
4644 : -27;
4645 : -1;
4646 : -61;
4647 : -25;
4648 : -9;
4649 : -36;
464A : -17;
464B : 9;
464C : -11;
464D : -33;
464E : -28;
464F : -33;
4650 : 12;
4651 : -18;
4652 : 44;
4653 : 28;
4654 : -1;
4655 : -18;
4656 : -15;
4657 : 5;
4658 : 33;
4659 : 31;
465A : 0;
465B : -45;
465C : -9;
465D : 26;
465E : 22;
465F : 27;
4660 : 9;
4661 : 23;
4662 : -12;
4663 : 7;
4664 : 21;
4665 : 33;
4666 : -11;
4667 : -15;
4668 : 0;
4669 : 28;
466A : 34;
466B : -1;
466C : 3;
466D : 15;
466E : 11;
466F : -10;
4670 : 16;
4671 : 24;
4672 : -45;
4673 : -31;
4674 : 19;
4675 : -12;
4676 : 4;
4677 : 7;
4678 : -15;
4679 : -27;
467A : -50;
467B : 9;
467C : 12;
467D : -15;
467E : 2;
467F : 18;
4680 : -3;
4681 : -43;
4682 : -13;
4683 : 41;
4684 : -66;
4685 : -18;
4686 : 13;
4687 : 5;
4688 : -41;
4689 : -34;
468A : 22;
468B : -40;
468C : -4;
468D : -7;
468E : 8;
468F : -28;
4690 : 33;
4691 : -26;
4692 : -6;
4693 : -13;
4694 : -14;
4695 : 0;
4696 : -9;
4697 : -6;
4698 : 17;
4699 : 14;
469A : -23;
469B : -43;
469C : 1;
469D : 1;
469E : -23;
469F : 11;
46A0 : 8;
46A1 : 27;
46A2 : 2;
46A3 : -17;
46A4 : -9;
46A5 : 60;
46A6 : -36;
46A7 : -9;
46A8 : -9;
46A9 : 3;
46AA : 18;
46AB : 45;
46AC : 21;
46AD : -7;
46AE : -21;
46AF : 25;
46B0 : -12;
46B1 : -12;
46B2 : 28;
46B3 : -2;
46B4 : 6;
46B5 : 18;
46B6 : 22;
46B7 : -15;
46B8 : -15;
46B9 : -17;
46BA : -2;
46BB : 20;
46BC : 0;
46BD : -52;
46BE : -12;
46BF : 30;
46C0 : 25;
46C1 : 48;
46C2 : -47;
46C3 : -2;
46C4 : 33;
46C5 : -17;
46C6 : 30;
46C7 : 9;
46C8 : -5;
46C9 : 4;
46CA : -24;
46CB : -55;
46CC : -22;
46CD : 5;
46CE : -8;
46CF : 7;
46D0 : -7;
46D1 : 28;
46D2 : 36;
46D3 : -1;
46D4 : 16;
46D5 : -62;
46D6 : -2;
46D7 : 42;
46D8 : 32;
46D9 : -29;
46DA : -37;
46DB : -5;
46DC : -16;
46DD : 29;
46DE : -11;
46DF : 4;
46E0 : 11;
46E1 : 16;
46E2 : 30;
46E3 : -6;
46E4 : 8;
46E5 : 12;
46E6 : -10;
46E7 : 0;
46E8 : 2;
46E9 : -24;
46EA : -33;
46EB : 30;
46EC : -28;
46ED : -9;
46EE : 5;
46EF : -22;
46F0 : -4;
46F1 : -33;
46F2 : 23;
46F3 : -20;
46F4 : -29;
46F5 : -31;
46F6 : 9;
46F7 : 47;
46F8 : -25;
46F9 : 25;
46FA : 12;
46FB : 8;
46FC : -5;
46FD : -20;
46FE : 33;
46FF : 22;
4700 : 1;
4701 : -5;
4702 : -15;
4703 : -1;
4704 : -37;
4705 : -38;
4706 : -33;
4707 : -36;
4708 : -4;
4709 : 29;
470A : -47;
470B : -29;
470C : -23;
470D : 12;
470E : -14;
470F : 31;
4710 : -9;
4711 : -22;
4712 : -7;
4713 : 31;
4714 : -14;
4715 : -4;
4716 : 0;
4717 : 20;
4718 : 9;
4719 : 12;
471A : -25;
471B : 33;
471C : -29;
471D : 3;
471E : -5;
471F : 22;
4720 : -4;
4721 : 26;
4722 : -2;
4723 : 28;
4724 : -20;
4725 : 41;
4726 : 40;
4727 : 23;
4728 : -2;
4729 : -32;
472A : -18;
472B : 31;
472C : 4;
472D : 29;
472E : 5;
472F : -15;
4730 : 15;
4731 : 8;
4732 : -38;
4733 : -2;
4734 : 2;
4735 : 2;
4736 : 16;
4737 : -2;
4738 : 45;
4739 : -23;
473A : 20;
473B : 17;
473C : -6;
473D : -16;
473E : -8;
473F : -7;
4740 : 7;
4741 : 5;
4742 : -24;
4743 : 5;
4744 : -12;
4745 : 31;
4746 : 24;
4747 : 31;
4748 : 3;
4749 : 37;
474A : -17;
474B : -4;
474C : 25;
474D : 16;
474E : -11;
474F : 2;
4750 : -28;
4751 : -17;
4752 : 2;
4753 : -19;
4754 : 14;
4755 : -5;
4756 : 26;
4757 : 36;
4758 : -17;
4759 : 1;
475A : 23;
475B : 30;
475C : 21;
475D : -5;
475E : 25;
475F : -26;
4760 : 5;
4761 : 21;
4762 : 42;
4763 : 24;
4764 : 3;
4765 : -48;
4766 : 55;
4767 : 19;
4768 : -4;
4769 : 25;
476A : 21;
476B : 41;
476C : -37;
476D : 38;
476E : -10;
476F : -18;
4770 : 8;
4771 : 12;
4772 : -10;
4773 : 8;
4774 : -9;
4775 : 10;
4776 : 39;
4777 : -45;
4778 : 2;
4779 : 16;
477A : 18;
477B : -6;
477C : -18;
477D : 35;
477E : -55;
477F : -3;
4780 : 44;
4781 : 20;
4782 : -10;
4783 : -27;
4784 : -5;
4785 : 0;
4786 : -49;
4787 : -9;
4788 : -14;
4789 : 35;
478A : 15;
478B : -3;
478C : 15;
478D : -26;
478E : -12;
478F : 5;
4790 : -14;
4791 : -14;
4792 : -22;
4793 : 7;
4794 : 0;
4795 : 14;
4796 : -5;
4797 : -29;
4798 : -18;
4799 : 2;
479A : 31;
479B : 24;
479C : -16;
479D : -6;
479E : 11;
479F : -2;
47A0 : 4;
47A1 : 5;
47A2 : 2;
47A3 : -10;
47A4 : -25;
47A5 : -43;
47A6 : 31;
47A7 : 4;
47A8 : -32;
47A9 : -12;
47AA : 16;
47AB : 7;
47AC : 0;
47AD : -12;
47AE : -15;
47AF : 8;
47B0 : 6;
47B1 : -12;
47B2 : -57;
47B3 : 2;
47B4 : 28;
47B5 : -37;
47B6 : -19;
47B7 : -23;
47B8 : -1;
47B9 : -2;
47BA : -3;
47BB : -10;
47BC : 24;
47BD : 44;
47BE : -57;
47BF : -13;
47C0 : 12;
47C1 : 15;
47C2 : 32;
47C3 : -11;
47C4 : -21;
47C5 : 25;
47C6 : -44;
47C7 : 1;
47C8 : -12;
47C9 : 24;
47CA : 1;
47CB : -52;
47CC : -1;
47CD : -39;
47CE : -6;
47CF : -10;
47D0 : 27;
47D1 : -21;
47D2 : 33;
47D3 : 0;
47D4 : -6;
47D5 : 2;
47D6 : -9;
47D7 : 15;
47D8 : 5;
47D9 : -11;
47DA : 13;
47DB : 21;
47DC : -25;
47DD : 31;
47DE : 3;
47DF : -26;
47E0 : 50;
47E1 : -40;
47E2 : -4;
47E3 : -35;
47E4 : 29;
47E5 : 16;
47E6 : -6;
47E7 : 19;
47E8 : 15;
47E9 : -25;
47EA : 3;
47EB : 13;
47EC : 23;
47ED : 29;
47EE : 2;
47EF : 12;
47F0 : 35;
47F1 : -29;
47F2 : -45;
47F3 : -22;
47F4 : 13;
47F5 : 47;
47F6 : -58;
47F7 : -44;
47F8 : 1;
47F9 : -43;
47FA : 34;
47FB : -5;
47FC : -1;
47FD : 45;
47FE : -66;
47FF : 3;
4800 : -24;
4801 : 15;
4802 : -11;
4803 : 49;
4804 : 4;
4805 : -30;
4806 : 42;
4807 : 1;
4808 : 16;
4809 : 24;
480A : -6;
480B : -28;
480C : 27;
480D : -17;
480E : -1;
480F : 24;
4810 : -9;
4811 : 21;
4812 : -21;
4813 : 33;
4814 : 0;
4815 : -28;
4816 : -9;
4817 : 2;
4818 : -41;
4819 : 18;
481A : -12;
481B : 5;
481C : -26;
481D : -2;
481E : -14;
481F : 17;
4820 : -10;
4821 : -23;
4822 : 31;
4823 : -15;
4824 : -24;
4825 : -2;
4826 : 35;
4827 : -20;
4828 : 2;
4829 : 15;
482A : 6;
482B : 19;
482C : 21;
482D : 2;
482E : 13;
482F : -24;
4830 : -4;
4831 : 4;
4832 : -16;
4833 : 20;
4834 : 0;
4835 : 17;
4836 : 26;
4837 : -4;
4838 : -14;
4839 : 18;
483A : -12;
483B : -6;
483C : -12;
483D : -5;
483E : -7;
483F : 27;
4840 : 29;
4841 : 9;
4842 : -16;
4843 : -26;
4844 : 36;
4845 : 5;
4846 : 15;
4847 : 33;
4848 : -33;
4849 : 12;
484A : -37;
484B : 1;
484C : 7;
484D : 23;
484E : -11;
484F : 9;
4850 : -13;
4851 : -18;
4852 : 30;
4853 : -50;
4854 : -17;
4855 : 17;
4856 : -13;
4857 : 23;
4858 : -36;
4859 : -17;
485A : -47;
485B : 9;
485C : -2;
485D : -21;
485E : -28;
485F : 23;
4860 : -4;
4861 : -21;
4862 : 34;
4863 : 0;
4864 : -14;
4865 : 3;
4866 : 6;
4867 : 7;
4868 : -11;
4869 : 26;
486A : 2;
486B : 19;
486C : -20;
486D : 23;
486E : -16;
486F : -5;
4870 : -24;
4871 : 4;
4872 : 17;
4873 : 8;
4874 : 2;
4875 : 35;
4876 : 47;
4877 : 16;
4878 : 16;
4879 : -23;
487A : 5;
487B : 12;
487C : -7;
487D : 16;
487E : 28;
487F : -6;
4880 : 3;
4881 : -25;
4882 : 20;
4883 : 21;
4884 : -12;
4885 : -6;
4886 : -5;
4887 : 24;
4888 : 1;
4889 : -14;
488A : 18;
488B : 58;
488C : 29;
488D : 16;
488E : 20;
488F : -10;
4890 : -26;
4891 : 12;
4892 : -2;
4893 : -3;
4894 : -12;
4895 : 8;
4896 : 11;
4897 : -15;
4898 : -17;
4899 : 9;
489A : -8;
489B : 18;
489C : -9;
489D : -14;
489E : 19;
489F : 3;
48A0 : 21;
48A1 : 15;
48A2 : 19;
48A3 : 16;
48A4 : -10;
48A5 : 41;
48A6 : 28;
48A7 : 10;
48A8 : 9;
48A9 : 22;
48AA : -12;
48AB : -8;
48AC : 21;
48AD : -6;
48AE : 14;
48AF : -17;
48B0 : 16;
48B1 : -21;
48B2 : 17;
48B3 : 6;
48B4 : 2;
48B5 : -2;
48B6 : -30;
48B7 : 33;
48B8 : 43;
48B9 : -25;
48BA : 11;
48BB : 15;
48BC : -15;
48BD : -1;
48BE : 59;
48BF : 15;
48C0 : 14;
48C1 : 32;
48C2 : -24;
48C3 : -32;
48C4 : 29;
48C5 : 15;
48C6 : 14;
48C7 : -3;
48C8 : 1;
48C9 : 14;
48CA : 33;
48CB : 11;
48CC : -15;
48CD : -25;
48CE : -15;
48CF : -12;
48D0 : -21;
48D1 : 19;
48D2 : -23;
48D3 : -26;
48D4 : 32;
48D5 : 18;
48D6 : -15;
48D7 : 37;
48D8 : 7;
48D9 : -30;
48DA : -27;
48DB : 13;
48DC : -14;
48DD : -1;
48DE : 10;
48DF : -20;
48E0 : -35;
48E1 : -42;
48E2 : 42;
48E3 : -57;
48E4 : 16;
48E5 : -20;
48E6 : 2;
48E7 : 56;
48E8 : -8;
48E9 : -33;
48EA : 2;
48EB : -28;
48EC : -33;
48ED : 6;
48EE : 64;
48EF : 22;
48F0 : -9;
48F1 : -31;
48F2 : 34;
48F3 : -58;
48F4 : 17;
48F5 : 31;
48F6 : -60;
48F7 : -17;
48F8 : -9;
48F9 : -63;
48FA : 70;
48FB : -1;
48FC : -6;
48FD : -13;
48FE : 10;
48FF : -4;
4900 : -29;
4901 : -56;
4902 : 22;
4903 : 6;
4904 : -55;
4905 : -22;
4906 : -9;
4907 : 38;
4908 : -19;
4909 : 48;
490A : 28;
490B : 26;
490C : -77;
490D : -24;
490E : 18;
490F : -5;
4910 : -9;
4911 : 7;
4912 : 42;
4913 : -11;
4914 : -26;
4915 : -1;
4916 : 15;
4917 : 12;
4918 : 37;
4919 : 18;
491A : 15;
491B : 23;
491C : -16;
491D : -11;
491E : 47;
491F : -3;
4920 : -35;
4921 : 4;
4922 : -15;
4923 : 27;
4924 : -8;
4925 : -35;
4926 : 2;
4927 : 22;
4928 : -18;
4929 : -6;
492A : 24;
492B : 60;
492C : -8;
492D : -51;
492E : 30;
492F : 21;
4930 : -46;
4931 : 16;
4932 : -43;
4933 : -29;
4934 : 33;
4935 : -26;
4936 : 12;
4937 : 34;
4938 : 24;
4939 : 3;
493A : 28;
493B : 5;
493C : -8;
493D : -48;
493E : -11;
493F : -38;
4940 : -13;
4941 : -25;
4942 : -17;
4943 : -2;
4944 : -16;
4945 : -32;
4946 : -20;
4947 : 29;
4948 : -20;
4949 : 9;
494A : 13;
494B : -66;
494C : 23;
494D : -3;
494E : -24;
494F : 6;
4950 : 26;
4951 : -21;
4952 : -7;
4953 : 3;
4954 : -36;
4955 : -34;
4956 : -16;
4957 : -17;
4958 : -11;
4959 : 18;
495A : -2;
495B : 12;
495C : -5;
495D : 45;
495E : 18;
495F : 18;
4960 : -59;
4961 : 3;
4962 : 27;
4963 : 57;
4964 : -13;
4965 : -10;
4966 : 10;
4967 : -56;
4968 : -37;
4969 : 30;
496A : -24;
496B : 11;
496C : 18;
496D : 28;
496E : 11;
496F : 34;
4970 : -16;
4971 : -19;
4972 : -44;
4973 : 18;
4974 : 43;
4975 : -10;
4976 : 0;
4977 : 14;
4978 : -48;
4979 : 15;
497A : -9;
497B : 8;
497C : -16;
497D : -37;
497E : -37;
497F : -10;
4980 : 29;
4981 : -12;
4982 : 14;
4983 : -24;
4984 : -3;
4985 : -17;
4986 : -22;
4987 : 35;
4988 : -23;
4989 : -17;
498A : 1;
498B : -82;
498C : 0;
498D : 26;
498E : 2;
498F : -28;
4990 : -8;
4991 : 0;
4992 : 39;
4993 : -1;
4994 : -47;
4995 : 5;
4996 : -23;
4997 : -21;
4998 : -2;
4999 : 12;
499A : 9;
499B : 2;
499C : -16;
499D : 6;
499E : -3;
499F : 11;
49A0 : 37;
49A1 : -15;
49A2 : -5;
49A3 : -17;
49A4 : -1;
49A5 : 8;
49A6 : 6;
49A7 : -60;
49A8 : -50;
49A9 : 16;
49AA : -5;
49AB : 25;
49AC : 19;
49AD : 19;
49AE : 39;
49AF : 31;
49B0 : 21;
49B1 : -4;
49B2 : -18;
49B3 : -41;
49B4 : -16;
49B5 : 11;
49B6 : -1;
49B7 : 4;
49B8 : -33;
49B9 : -48;
49BA : 16;
49BB : -37;
49BC : 13;
49BD : 28;
49BE : -2;
49BF : 25;
49C0 : -10;
49C1 : -29;
49C2 : 8;
49C3 : -5;
49C4 : 38;
49C5 : -22;
49C6 : -25;
49C7 : -17;
49C8 : 5;
49C9 : -18;
49CA : -17;
49CB : -45;
49CC : -36;
49CD : -36;
49CE : 14;
49CF : -21;
49D0 : -42;
49D1 : -2;
49D2 : 43;
49D3 : 12;
49D4 : 9;
49D5 : -34;
49D6 : -17;
49D7 : -9;
49D8 : 2;
49D9 : -36;
49DA : -6;
49DB : 25;
49DC : -15;
49DD : -42;
49DE : -6;
49DF : 21;
49E0 : -28;
49E1 : -48;
49E2 : 51;
49E3 : 40;
49E4 : 9;
49E5 : 94;
49E6 : 43;
49E7 : -26;
49E8 : -19;
49E9 : 3;
49EA : 23;
49EB : 0;
49EC : -18;
49ED : 8;
49EE : 14;
49EF : 17;
49F0 : 32;
49F1 : 37;
49F2 : -36;
49F3 : -9;
49F4 : 18;
49F5 : 41;
49F6 : 20;
49F7 : 20;
49F8 : 1;
49F9 : -24;
49FA : -21;
49FB : 2;
49FC : -20;
49FD : -7;
49FE : -5;
49FF : 1;
4A00 : 32;
4A01 : 39;
4A02 : -19;
4A03 : 17;
4A04 : 51;
4A05 : 34;
4A06 : 18;
4A07 : -3;
4A08 : 25;
4A09 : 0;
4A0A : -1;
4A0B : 1;
4A0C : -16;
4A0D : -23;
4A0E : 6;
4A0F : -37;
4A10 : 39;
4A11 : 7;
4A12 : -42;
4A13 : -18;
4A14 : 3;
4A15 : 13;
4A16 : -2;
4A17 : 27;
4A18 : -16;
4A19 : 22;
4A1A : -6;
4A1B : -27;
4A1C : -14;
4A1D : -22;
4A1E : 23;
4A1F : 32;
4A20 : -13;
4A21 : 5;
4A22 : -2;
4A23 : 0;
4A24 : 36;
4A25 : 5;
4A26 : 19;
4A27 : 29;
4A28 : 7;
4A29 : 13;
4A2A : 6;
4A2B : -11;
4A2C : 14;
4A2D : 18;
4A2E : 7;
4A2F : 29;
4A30 : -6;
4A31 : -12;
4A32 : -6;
4A33 : 16;
4A34 : 14;
4A35 : 18;
4A36 : -2;
4A37 : -51;
4A38 : -14;
4A39 : -15;
4A3A : -29;
4A3B : -12;
4A3C : -13;
4A3D : -4;
4A3E : 13;
4A3F : 11;
4A40 : 24;
4A41 : 18;
4A42 : 13;
4A43 : -33;
4A44 : 38;
4A45 : -24;
4A46 : 3;
4A47 : -17;
4A48 : -39;
4A49 : -37;
4A4A : 30;
4A4B : 31;
4A4C : -18;
4A4D : -11;
4A4E : 22;
4A4F : -11;
4A50 : -33;
4A51 : 15;
4A52 : -8;
4A53 : 20;
4A54 : -5;
4A55 : -5;
4A56 : -26;
4A57 : 1;
4A58 : -15;
4A59 : 3;
4A5A : 4;
4A5B : 16;
4A5C : 7;
4A5D : 4;
4A5E : -14;
4A5F : 26;
4A60 : -5;
4A61 : 27;
4A62 : -30;
4A63 : 45;
4A64 : -24;
4A65 : -9;
4A66 : -4;
4A67 : 18;
4A68 : 3;
4A69 : -1;
4A6A : 36;
4A6B : -16;
4A6C : 27;
4A6D : 29;
4A6E : 31;
4A6F : -10;
4A70 : -12;
4A71 : -8;
4A72 : 20;
4A73 : -4;
4A74 : -4;
4A75 : -16;
4A76 : -12;
4A77 : 8;
4A78 : 10;
4A79 : 11;
4A7A : -44;
4A7B : -39;
4A7C : 26;
4A7D : -51;
4A7E : 9;
4A7F : 19;
4A80 : -3;
4A81 : -25;
4A82 : 31;
4A83 : -30;
4A84 : -26;
4A85 : -20;
4A86 : -42;
4A87 : 5;
4A88 : -30;
4A89 : 15;
4A8A : -13;
4A8B : 36;
4A8C : 9;
4A8D : -8;
4A8E : -15;
4A8F : -34;
4A90 : 5;
4A91 : -31;
4A92 : 14;
4A93 : 8;
4A94 : -43;
4A95 : 7;
4A96 : -15;
4A97 : -27;
4A98 : 4;
4A99 : 13;
4A9A : 16;
4A9B : 22;
4A9C : -16;
4A9D : -18;
4A9E : 5;
4A9F : -26;
4AA0 : -28;
4AA1 : 10;
4AA2 : -30;
4AA3 : 2;
4AA4 : -37;
4AA5 : 4;
4AA6 : -5;
4AA7 : 16;
4AA8 : -8;
4AA9 : 22;
4AAA : 30;
4AAB : -14;
4AAC : 15;
4AAD : -9;
4AAE : -11;
4AAF : -9;
4AB0 : -48;
4AB1 : 7;
4AB2 : 30;
4AB3 : 13;
4AB4 : 3;
4AB5 : 38;
4AB6 : -11;
4AB7 : -6;
4AB8 : -18;
4AB9 : 17;
4ABA : -25;
4ABB : 15;
4ABC : 29;
4ABD : -14;
4ABE : 17;
4ABF : 14;
4AC0 : 7;
4AC1 : -2;
4AC2 : 37;
4AC3 : -15;
4AC4 : -40;
4AC5 : -23;
4AC6 : 43;
4AC7 : -46;
4AC8 : -6;
4AC9 : -1;
4ACA : -32;
4ACB : 11;
4ACC : 18;
4ACD : 18;
4ACE : -25;
4ACF : 9;
4AD0 : 5;
4AD1 : -26;
4AD2 : -8;
4AD3 : 2;
4AD4 : 12;
4AD5 : 30;
4AD6 : 22;
4AD7 : -31;
4AD8 : -11;
4AD9 : 5;
4ADA : -8;
4ADB : -6;
4ADC : -28;
4ADD : 24;
4ADE : 16;
4ADF : -23;
4AE0 : 27;
4AE1 : 7;
4AE2 : -24;
4AE3 : -32;
4AE4 : -14;
4AE5 : -5;
4AE6 : 9;
4AE7 : -19;
4AE8 : 44;
4AE9 : 22;
4AEA : 28;
4AEB : 16;
4AEC : 9;
4AED : -15;
4AEE : -32;
4AEF : 14;
4AF0 : 5;
4AF1 : 14;
4AF2 : -2;
4AF3 : -40;
4AF4 : 10;
4AF5 : 30;
4AF6 : -2;
4AF7 : -34;
4AF8 : 10;
4AF9 : 3;
4AFA : -5;
4AFB : -6;
4AFC : -10;
4AFD : -35;
4AFE : -15;
4AFF : -14;
4B00 : -15;
4B01 : -13;
4B02 : -32;
4B03 : 6;
4B04 : 21;
4B05 : 14;
4B06 : -7;
4B07 : -21;
4B08 : -12;
4B09 : -3;
4B0A : -6;
4B0B : -12;
4B0C : -13;
4B0D : -22;
4B0E : -33;
4B0F : -13;
4B10 : -8;
4B11 : -30;
4B12 : 7;
4B13 : -17;
4B14 : -33;
4B15 : 13;
4B16 : 7;
4B17 : -26;
4B18 : 10;
4B19 : 14;
4B1A : -17;
4B1B : 26;
4B1C : 11;
4B1D : 16;
4B1E : -5;
4B1F : 0;
4B20 : 1;
4B21 : 9;
4B22 : 12;
4B23 : -20;
4B24 : 17;
4B25 : -30;
4B26 : -11;
4B27 : -2;
4B28 : -35;
4B29 : 13;
4B2A : 20;
4B2B : 21;
4B2C : -14;
4B2D : 11;
4B2E : 10;
4B2F : 8;
4B30 : 22;
4B31 : 0;
4B32 : -9;
4B33 : -32;
4B34 : -19;
4B35 : -14;
4B36 : -26;
4B37 : 7;
4B38 : 16;
4B39 : 2;
4B3A : -7;
4B3B : -18;
4B3C : 27;
4B3D : 25;
4B3E : 0;
4B3F : 26;
4B40 : -1;
4B41 : 27;
4B42 : -27;
4B43 : -38;
4B44 : 8;
4B45 : 3;
4B46 : -7;
4B47 : -34;
4B48 : -1;
4B49 : 13;
4B4A : 23;
4B4B : 4;
4B4C : 11;
4B4D : -13;
4B4E : 18;
4B4F : -30;
4B50 : 12;
4B51 : -2;
4B52 : 0;
4B53 : -23;
4B54 : 11;
4B55 : -19;
4B56 : -33;
4B57 : -16;
4B58 : 3;
4B59 : 2;
4B5A : -7;
4B5B : 20;
4B5C : -28;
4B5D : -44;
4B5E : 18;
4B5F : 5;
4B60 : -31;
4B61 : 5;
4B62 : -4;
4B63 : -24;
4B64 : 19;
4B65 : 6;
4B66 : -3;
4B67 : 2;
4B68 : -34;
4B69 : -20;
4B6A : -27;
4B6B : -1;
4B6C : -4;
4B6D : -55;
4B6E : 22;
4B6F : -13;
4B70 : -17;
4B71 : -7;
4B72 : 17;
4B73 : -7;
4B74 : -35;
4B75 : 26;
4B76 : 10;
4B77 : 13;
4B78 : 16;
4B79 : -45;
4B7A : 13;
4B7B : -26;
4B7C : 7;
4B7D : 7;
4B7E : 11;
4B7F : -2;
4B80 : -2;
4B81 : -23;
4B82 : -20;
4B83 : 19;
4B84 : -5;
4B85 : -3;
4B86 : 11;
4B87 : 15;
4B88 : -37;
4B89 : -7;
4B8A : -31;
4B8B : -13;
4B8C : -34;
4B8D : -22;
4B8E : -15;
4B8F : -29;
4B90 : -32;
4B91 : 15;
4B92 : 6;
4B93 : -28;
4B94 : -25;
4B95 : -12;
4B96 : 25;
4B97 : -11;
4B98 : 1;
4B99 : 4;
4B9A : -27;
4B9B : 5;
4B9C : -15;
4B9D : 9;
4B9E : -2;
4B9F : 10;
4BA0 : -37;
4BA1 : 6;
4BA2 : 7;
4BA3 : -25;
4BA4 : -20;
4BA5 : 17;
4BA6 : -22;
4BA7 : 2;
4BA8 : 4;
4BA9 : 10;
4BAA : 0;
4BAB : -24;
4BAC : 6;
4BAD : 2;
4BAE : 18;
4BAF : -25;
4BB0 : -5;
4BB1 : -30;
4BB2 : -30;
4BB3 : 15;
4BB4 : -8;
4BB5 : 14;
4BB6 : -10;
4BB7 : -6;
4BB8 : 1;
4BB9 : -30;
4BBA : -33;
4BBB : 1;
4BBC : -42;
4BBD : -18;
4BBE : -31;
4BBF : -26;
4BC0 : -11;
4BC1 : 23;
4BC2 : -18;
4BC3 : 27;
4BC4 : -13;
4BC5 : -23;
4BC6 : -9;
4BC7 : -22;
4BC8 : -22;
4BC9 : -31;
4BCA : -30;
4BCB : 24;
4BCC : -30;
4BCD : 11;
4BCE : 16;
4BCF : -18;
4BD0 : -33;
4BD1 : 16;
4BD2 : -18;
4BD3 : -20;
4BD4 : 22;
4BD5 : -8;
4BD6 : -15;
4BD7 : 6;
4BD8 : 1;
4BD9 : 23;
4BDA : 11;
4BDB : -14;
4BDC : -9;
4BDD : 21;
4BDE : 17;
4BDF : -19;
4BE0 : -25;
4BE1 : -8;
4BE2 : -36;
4BE3 : 4;
4BE4 : 18;
4BE5 : -28;
4BE6 : -8;
4BE7 : 10;
4BE8 : -1;
4BE9 : -12;
4BEA : -1;
4BEB : -13;
4BEC : 4;
4BED : -3;
4BEE : 33;
4BEF : -24;
4BF0 : -33;
4BF1 : 18;
4BF2 : -27;
4BF3 : 4;
4BF4 : -20;
4BF5 : -12;
4BF6 : 32;
4BF7 : 18;
4BF8 : -1;
4BF9 : 9;
4BFA : 25;
4BFB : -32;
4BFC : -29;
4BFD : -21;
4BFE : 24;
4BFF : -24;
4C00 : -15;
4C01 : 0;
4C02 : 8;
4C03 : -32;
4C04 : -24;
4C05 : 3;
4C06 : 19;
4C07 : -20;
4C08 : 12;
4C09 : -15;
4C0A : 15;
4C0B : -8;
4C0C : -13;
4C0D : -23;
4C0E : 13;
4C0F : -16;
4C10 : -12;
4C11 : 24;
4C12 : -26;
4C13 : 10;
4C14 : -20;
4C15 : -6;
4C16 : -18;
4C17 : -5;
4C18 : -30;
4C19 : 11;
4C1A : -26;
4C1B : -31;
4C1C : -13;
4C1D : -16;
4C1E : 18;
4C1F : 2;
4C20 : 7;
4C21 : 7;
4C22 : 9;
4C23 : 4;
4C24 : 19;
4C25 : -15;
4C26 : 6;
4C27 : -6;
4C28 : -17;
4C29 : -25;
4C2A : 22;
4C2B : -20;
4C2C : -33;
4C2D : 16;
4C2E : -35;
4C2F : -29;
4C30 : 4;
4C31 : 22;
4C32 : -10;
4C33 : -30;
4C34 : -1;
4C35 : -19;
4C36 : 20;
4C37 : -30;
4C38 : 12;
4C39 : -34;
4C3A : -17;
4C3B : 11;
4C3C : 15;
4C3D : 16;
4C3E : 4;
4C3F : 22;
4C40 : -2;
4C41 : -27;
4C42 : -21;
4C43 : 9;
4C44 : 10;
4C45 : 19;
4C46 : 6;
4C47 : 17;
4C48 : 0;
4C49 : -28;
4C4A : 12;
4C4B : 17;
4C4C : -27;
4C4D : -25;
4C4E : 14;
4C4F : -15;
4C50 : 18;
4C51 : -16;
4C52 : -25;
4C53 : 4;
4C54 : -32;
4C55 : -4;
4C56 : 0;
4C57 : 17;
4C58 : -17;
4C59 : -16;
4C5A : -6;
4C5B : 0;
4C5C : 1;
4C5D : -36;
4C5E : -27;
4C5F : -2;
4C60 : 16;
4C61 : 3;
4C62 : -25;
4C63 : 13;
4C64 : -6;
4C65 : 5;
4C66 : 15;
4C67 : -19;
4C68 : -6;
4C69 : -5;
4C6A : 16;
4C6B : 7;
4C6C : -21;
4C6D : 15;
4C6E : 9;
4C6F : -22;
4C70 : -6;
4C71 : -32;
4C72 : -22;
4C73 : -8;
4C74 : 16;
4C75 : -29;
4C76 : -27;
4C77 : -20;
4C78 : 22;
4C79 : -7;
4C7A : 19;
4C7B : 0;
4C7C : -12;
4C7D : -23;
4C7E : 10;
4C7F : -2;
4C80 : 14;
4C81 : -14;
4C82 : 3;
4C83 : 0;
4C84 : 6;
4C85 : -15;
4C86 : -2;
4C87 : -26;
4C88 : -17;
4C89 : -22;
4C8A : 3;
4C8B : -12;
4C8C : -21;
4C8D : -23;
4C8E : -31;
4C8F : -19;
4C90 : 1;
4C91 : -22;
4C92 : 15;
4C93 : 6;
4C94 : -5;
4C95 : 13;
4C96 : 13;
4C97 : 19;
4C98 : 10;
4C99 : -8;
4C9A : 24;
4C9B : -11;
4C9C : 11;
4C9D : 5;
4C9E : 19;
4C9F : -10;
4CA0 : -32;
4CA1 : 22;
4CA2 : 19;
4CA3 : -29;
4CA4 : -28;
4CA5 : -33;
4CA6 : -14;
4CA7 : 21;
4CA8 : -6;
4CA9 : -27;
4CAA : -7;
4CAB : -16;
4CAC : 11;
4CAD : -11;
4CAE : -38;
4CAF : -14;
4CB0 : -13;
4CB1 : -8;
4CB2 : 24;
4CB3 : 9;
4CB4 : 6;
4CB5 : -9;
4CB6 : 6;
4CB7 : 3;
4CB8 : 5;
4CB9 : 2;
4CBA : 4;
4CBB : -16;
4CBC : 13;
4CBD : -26;
4CBE : 27;
4CBF : 18;
4CC0 : -24;
4CC1 : -20;
4CC2 : -10;
4CC3 : -13;
4CC4 : -16;
4CC5 : 3;
4CC6 : 18;
4CC7 : 14;
4CC8 : -30;
4CC9 : -27;
4CCA : -29;
4CCB : 4;
4CCC : -25;
4CCD : 16;
4CCE : -27;
4CCF : -29;
4CD0 : -24;
4CD1 : -6;
4CD2 : -9;
4CD3 : -31;
4CD4 : 4;
4CD5 : 6;
4CD6 : 24;
4CD7 : 23;
4CD8 : -33;
4CD9 : 17;
4CDA : 15;
4CDB : 1;
4CDC : 12;
4CDD : -34;
4CDE : -26;
4CDF : -23;
4CE0 : 17;
4CE1 : -16;
4CE2 : -20;
4CE3 : 17;
4CE4 : -5;
4CE5 : -17;
4CE6 : -18;
4CE7 : -3;
4CE8 : -5;
4CE9 : -19;
4CEA : 12;
4CEB : 14;
4CEC : -26;
4CED : 16;
4CEE : -16;
4CEF : -9;
4CF0 : 8;
4CF1 : -31;
4CF2 : -28;
4CF3 : -16;
4CF4 : 24;
4CF5 : 24;
4CF6 : 17;
4CF7 : -12;
4CF8 : 22;
4CF9 : -26;
4CFA : 22;
4CFB : 1;
4CFC : -22;
4CFD : -14;
4CFE : -4;
4CFF : -33;
4D00 : -1;
4D01 : -10;
4D02 : 6;
4D03 : -6;
4D04 : -14;
4D05 : -5;
4D06 : 27;
4D07 : 26;
4D08 : -1;
4D09 : 23;
4D0A : -13;
4D0B : -45;
4D0C : -14;
4D0D : 17;
4D0E : 15;
4D0F : 8;
4D10 : 35;
4D11 : 30;
4D12 : -29;
4D13 : -15;
4D14 : 18;
4D15 : 57;
4D16 : 29;
4D17 : 42;
4D18 : -5;
4D19 : 22;
4D1A : -20;
4D1B : -43;
4D1C : 9;
4D1D : 17;
4D1E : 29;
4D1F : 14;
4D20 : 25;
4D21 : -12;
4D22 : 7;
4D23 : 28;
4D24 : -22;
4D25 : 3;
4D26 : 27;
4D27 : 15;
4D28 : -20;
4D29 : 23;
4D2A : -21;
4D2B : -20;
4D2C : 15;
4D2D : -3;
4D2E : -18;
4D2F : -2;
4D30 : -23;
4D31 : -5;
4D32 : -17;
4D33 : 2;
4D34 : -22;
4D35 : 27;
4D36 : -13;
4D37 : -66;
4D38 : -23;
4D39 : -29;
4D3A : -24;
4D3B : -40;
4D3C : -34;
4D3D : -13;
4D3E : 6;
4D3F : 15;
4D40 : -22;
4D41 : 3;
4D42 : 35;
4D43 : -16;
4D44 : 14;
4D45 : 11;
4D46 : -48;
4D47 : -7;
4D48 : 1;
4D49 : -20;
4D4A : 15;
4D4B : 27;
4D4C : -17;
4D4D : -39;
4D4E : -7;
4D4F : -34;
4D50 : 6;
4D51 : -14;
4D52 : 10;
4D53 : -5;
4D54 : -14;
4D55 : -6;
4D56 : -15;
4D57 : 33;
4D58 : -17;
4D59 : -1;
4D5A : -2;
4D5B : -15;
4D5C : 16;
4D5D : -1;
4D5E : 9;
4D5F : 6;
4D60 : 17;
4D61 : -24;
4D62 : -32;
4D63 : 22;
4D64 : -2;
4D65 : 8;
4D66 : 9;
4D67 : -2;
4D68 : 24;
4D69 : -22;
4D6A : 38;
4D6B : 15;
4D6C : 35;
4D6D : -13;
4D6E : 5;
4D6F : 3;
4D70 : 1;
4D71 : 25;
4D72 : -4;
4D73 : 19;
4D74 : -7;
4D75 : -15;
4D76 : 17;
4D77 : 22;
4D78 : -14;
4D79 : 5;
4D7A : -31;
4D7B : -20;
4D7C : 20;
4D7D : -26;
4D7E : 16;
4D7F : 21;
4D80 : -29;
4D81 : -32;
4D82 : -1;
4D83 : -34;
4D84 : -48;
4D85 : -27;
4D86 : -27;
4D87 : 12;
4D88 : 4;
4D89 : -32;
4D8A : -25;
4D8B : 22;
4D8C : -24;
4D8D : 32;
4D8E : -28;
4D8F : -26;
4D90 : -5;
4D91 : -31;
4D92 : 18;
4D93 : -17;
4D94 : -58;
4D95 : 21;
4D96 : -34;
4D97 : 13;
4D98 : 11;
4D99 : 17;
4D9A : 12;
4D9B : 16;
4D9C : 5;
4D9D : -8;
4D9E : 23;
4D9F : -3;
4DA0 : -5;
4DA1 : 2;
4DA2 : 18;
4DA3 : 24;
4DA4 : -27;
4DA5 : 20;
4DA6 : -10;
4DA7 : -18;
4DA8 : 37;
4DA9 : 5;
4DAA : 13;
4DAB : 48;
4DAC : 7;
4DAD : -7;
4DAE : 30;
4DAF : -8;
4DB0 : -31;
4DB1 : -17;
4DB2 : 30;
4DB3 : -31;
4DB4 : 11;
4DB5 : 7;
4DB6 : 21;
4DB7 : -6;
4DB8 : -7;
4DB9 : 15;
4DBA : -53;
4DBB : -7;
4DBC : 18;
4DBD : -9;
4DBE : 15;
4DBF : 9;
4DC0 : 13;
4DC1 : 23;
4DC2 : -13;
4DC3 : 6;
4DC4 : 10;
4DC5 : 22;
4DC6 : 26;
4DC7 : 23;
4DC8 : 3;
4DC9 : -21;
4DCA : 10;
4DCB : -45;
4DCC : -40;
4DCD : 23;
4DCE : -28;
4DCF : -3;
4DD0 : -7;
4DD1 : 28;
4DD2 : -21;
4DD3 : -43;
4DD4 : 9;
4DD5 : 17;
4DD6 : -9;
4DD7 : 28;
4DD8 : 14;
4DD9 : -14;
4DDA : -3;
4DDB : -64;
4DDC : 21;
4DDD : -1;
4DDE : -13;
4DDF : 8;
4DE0 : -41;
4DE1 : 13;
4DE2 : -6;
4DE3 : -13;
4DE4 : -21;
4DE5 : -1;
4DE6 : 33;
4DE7 : -3;
4DE8 : -3;
4DE9 : -13;
4DEA : -5;
4DEB : 27;
4DEC : -15;
4DED : -26;
4DEE : 39;
4DEF : -25;
4DF0 : -3;
4DF1 : 8;
4DF2 : 0;
4DF3 : -22;
4DF4 : 20;
4DF5 : -33;
4DF6 : -8;
4DF7 : 49;
4DF8 : -10;
4DF9 : -4;
4DFA : 7;
4DFB : 50;
4DFC : 17;
4DFD : -12;
4DFE : 12;
4DFF : 25;
4E00 : 25;
4E01 : -11;
4E02 : 0;
4E03 : -30;
4E04 : 2;
4E05 : 18;
4E06 : -12;
4E07 : 22;
4E08 : -6;
4E09 : 27;
4E0A : -1;
4E0B : -37;
4E0C : 21;
4E0D : 2;
4E0E : -11;
4E0F : 25;
4E10 : -8;
4E11 : 29;
4E12 : 15;
4E13 : 2;
4E14 : -16;
4E15 : -40;
4E16 : -31;
4E17 : 14;
4E18 : 29;
4E19 : 12;
4E1A : -17;
4E1B : -3;
4E1C : 15;
4E1D : 22;
4E1E : 10;
4E1F : 2;
4E20 : -24;
4E21 : -1;
4E22 : 14;
4E23 : 4;
4E24 : -37;
4E25 : -59;
4E26 : -15;
4E27 : -41;
4E28 : 4;
4E29 : -14;
4E2A : -6;
4E2B : -21;
4E2C : -1;
4E2D : 8;
4E2E : 8;
4E2F : 6;
4E30 : -44;
4E31 : 5;
4E32 : 53;
4E33 : -28;
4E34 : -31;
4E35 : -61;
4E36 : -31;
4E37 : 13;
4E38 : -59;
4E39 : 16;
4E3A : -22;
4E3B : -35;
4E3C : -16;
4E3D : -51;
4E3E : 31;
4E3F : 34;
4E40 : 17;
4E41 : -23;
4E42 : -22;
4E43 : -7;
4E44 : 26;
4E45 : 34;
4E46 : -24;
4E47 : 36;
4E48 : -14;
4E49 : -28;
4E4A : 10;
4E4B : -14;
4E4C : -27;
4E4D : -13;
4E4E : 14;
4E4F : -2;
4E50 : 3;
4E51 : -1;
4E52 : 12;
4E53 : -4;
4E54 : -33;
4E55 : 0;
4E56 : -23;
4E57 : 17;
4E58 : -24;
4E59 : -10;
4E5A : -8;
4E5B : -4;
4E5C : 8;
4E5D : 21;
4E5E : 11;
4E5F : 12;
4E60 : -60;
4E61 : 8;
4E62 : 26;
4E63 : -13;
4E64 : -6;
4E65 : -43;
4E66 : 0;
4E67 : 13;
4E68 : 14;
4E69 : -14;
4E6A : 3;
4E6B : 10;
4E6C : -3;
4E6D : 5;
4E6E : 16;
4E6F : -19;
4E70 : -20;
4E71 : -27;
4E72 : 36;
4E73 : 3;
4E74 : 14;
4E75 : -59;
4E76 : 8;
4E77 : 70;
4E78 : -21;
4E79 : -10;
4E7A : 15;
4E7B : 54;
4E7C : -24;
4E7D : -66;
4E7E : -55;
4E7F : 7;
4E80 : -9;
4E81 : -24;
4E82 : 11;
4E83 : 29;
4E84 : 23;
4E85 : 32;
4E86 : 1;
4E87 : 1;
4E88 : -12;
4E89 : 17;
4E8A : 29;
4E8B : -57;
4E8C : -8;
4E8D : -21;
4E8E : 17;
4E8F : -39;
4E90 : 13;
4E91 : 28;
4E92 : -12;
4E93 : 15;
4E94 : 3;
4E95 : -28;
4E96 : 12;
4E97 : -35;
4E98 : -9;
4E99 : 21;
4E9A : 25;
4E9B : 3;
4E9C : -17;
4E9D : 34;
4E9E : -27;
4E9F : -25;
4EA0 : -15;
4EA1 : -1;
4EA2 : 10;
4EA3 : -3;
4EA4 : 22;
4EA5 : 12;
4EA6 : -23;
4EA7 : -26;
4EA8 : 7;
4EA9 : -10;
4EAA : -2;
4EAB : 34;
4EAC : -15;
4EAD : 4;
4EAE : 7;
4EAF : -19;
4EB0 : -15;
4EB1 : 2;
4EB2 : -29;
4EB3 : -10;
4EB4 : 21;
4EB5 : 48;
4EB6 : 55;
4EB7 : -8;
4EB8 : 21;
4EB9 : 16;
4EBA : 38;
4EBB : 32;
4EBC : 4;
4EBD : -8;
4EBE : -44;
4EBF : -4;
4EC0 : -2;
4EC1 : 9;
4EC2 : -15;
4EC3 : 36;
4EC4 : 15;
4EC5 : -1;
4EC6 : 19;
4EC7 : -3;
4EC8 : -37;
4EC9 : -1;
4ECA : 29;
4ECB : -4;
4ECC : 5;
4ECD : 36;
4ECE : 5;
4ECF : -9;
4ED0 : 12;
4ED1 : 3;
4ED2 : 7;
4ED3 : -13;
4ED4 : -32;
4ED5 : -7;
4ED6 : 33;
4ED7 : -11;
4ED8 : 46;
4ED9 : 10;
4EDA : 46;
4EDB : -30;
4EDC : 12;
4EDD : 7;
4EDE : -4;
4EDF : 19;
4EE0 : 16;
4EE1 : 42;
4EE2 : 45;
4EE3 : 28;
4EE4 : 14;
4EE5 : 8;
4EE6 : 21;
4EE7 : -23;
4EE8 : 8;
4EE9 : 1;
4EEA : 19;
4EEB : -1;
4EEC : -19;
4EED : 20;
4EEE : 18;
4EEF : -3;
4EF0 : -9;
4EF1 : 34;
4EF2 : 20;
4EF3 : 39;
4EF4 : -8;
4EF5 : -1;
4EF6 : 61;
4EF7 : 30;
4EF8 : 36;
4EF9 : 10;
4EFA : 19;
4EFB : -5;
4EFC : -6;
4EFD : 47;
4EFE : 22;
4EFF : -8;
4F00 : 18;
4F01 : -9;
4F02 : -44;
4F03 : 14;
4F04 : -13;
4F05 : -12;
4F06 : 1;
4F07 : 24;
4F08 : -25;
4F09 : 10;
4F0A : -31;
4F0B : -87;
4F0C : 5;
4F0D : 29;
4F0E : 2;
4F0F : -23;
4F10 : -3;
4F11 : -2;
4F12 : -8;
4F13 : 23;
4F14 : -59;
4F15 : -10;
4F16 : 25;
4F17 : -14;
4F18 : 13;
4F19 : 36;
4F1A : -1;
4F1B : -82;
4F1C : -1;
4F1D : 15;
4F1E : -3;
4F1F : 17;
4F20 : -11;
4F21 : 13;
4F22 : 28;
4F23 : 12;
4F24 : -11;
4F25 : -5;
4F26 : 31;
4F27 : 32;
4F28 : -23;
4F29 : 15;
4F2A : -17;
4F2B : -11;
4F2C : 37;
4F2D : -3;
4F2E : 34;
4F2F : -4;
4F30 : -13;
4F31 : 29;
4F32 : -15;
4F33 : 30;
4F34 : 4;
4F35 : 49;
4F36 : 13;
4F37 : -17;
4F38 : -51;
4F39 : -15;
4F3A : -16;
4F3B : -17;
4F3C : -1;
4F3D : -15;
4F3E : -12;
4F3F : 5;
4F40 : -3;
4F41 : 28;
4F42 : 0;
4F43 : -26;
4F44 : -6;
4F45 : -30;
4F46 : 10;
4F47 : 5;
4F48 : 26;
4F49 : 4;
4F4A : 1;
4F4B : -58;
4F4C : -22;
4F4D : 15;
4F4E : -22;
4F4F : -44;
4F50 : -14;
4F51 : -14;
4F52 : -18;
4F53 : -13;
4F54 : -14;
4F55 : -14;
4F56 : -3;
4F57 : 28;
4F58 : 32;
4F59 : 32;
4F5A : -8;
4F5B : -51;
4F5C : -26;
4F5D : 36;
4F5E : 15;
4F5F : 6;
4F60 : 12;
4F61 : 14;
4F62 : -7;
4F63 : 5;
4F64 : 1;
4F65 : 31;
4F66 : -37;
4F67 : 5;
4F68 : -24;
4F69 : 3;
4F6A : 28;
4F6B : 32;
4F6C : 30;
4F6D : 5;
4F6E : -16;
4F6F : 0;
4F70 : -12;
4F71 : 23;
4F72 : -10;
4F73 : 24;
4F74 : -22;
4F75 : 14;
4F76 : -26;
4F77 : -29;
4F78 : 1;
4F79 : -1;
4F7A : -9;
4F7B : 22;
4F7C : -4;
4F7D : -17;
4F7E : 13;
4F7F : 5;
4F80 : -12;
4F81 : 8;
4F82 : 0;
4F83 : -6;
4F84 : -16;
4F85 : 26;
4F86 : -5;
4F87 : 19;
4F88 : 25;
4F89 : -28;
4F8A : -17;
4F8B : 4;
4F8C : -14;
4F8D : 9;
4F8E : 7;
4F8F : -47;
4F90 : -10;
4F91 : 4;
4F92 : 0;
4F93 : 17;
4F94 : -37;
4F95 : -2;
4F96 : -32;
4F97 : -17;
4F98 : 15;
4F99 : -16;
4F9A : 15;
4F9B : -50;
4F9C : 5;
4F9D : -3;
4F9E : 6;
4F9F : -30;
4FA0 : -12;
4FA1 : -14;
4FA2 : 0;
4FA3 : -17;
4FA4 : 8;
4FA5 : 30;
4FA6 : -16;
4FA7 : 1;
4FA8 : -1;
4FA9 : 13;
4FAA : 12;
4FAB : 9;
4FAC : -9;
4FAD : 19;
4FAE : 22;
4FAF : 3;
4FB0 : 5;
4FB1 : -10;
4FB2 : 23;
4FB3 : 0;
4FB4 : -3;
4FB5 : 27;
4FB6 : 25;
4FB7 : 19;
4FB8 : 10;
4FB9 : -12;
4FBA : -52;
4FBB : -23;
4FBC : 28;
4FBD : -14;
4FBE : 2;
4FBF : 13;
4FC0 : -1;
4FC1 : 22;
4FC2 : 6;
4FC3 : -15;
4FC4 : 15;
4FC5 : 27;
4FC6 : -15;
4FC7 : 24;
4FC8 : 12;
4FC9 : -20;
4FCA : -10;
4FCB : -14;
4FCC : -18;
4FCD : -26;
4FCE : 10;
4FCF : -17;
4FD0 : 13;
4FD1 : -34;
4FD2 : -9;
4FD3 : -16;
4FD4 : -14;
4FD5 : 38;
4FD6 : -9;
4FD7 : 45;
4FD8 : 25;
4FD9 : -12;
4FDA : -5;
4FDB : -36;
4FDC : -31;
4FDD : 13;
4FDE : 26;
4FDF : -12;
4FE0 : -7;
4FE1 : -27;
4FE2 : 14;
4FE3 : -25;
4FE4 : 24;
4FE5 : 34;
4FE6 : 36;
4FE7 : -24;
4FE8 : -24;
4FE9 : -3;
4FEA : -17;
4FEB : 14;
4FEC : -23;
4FED : -10;
4FEE : 33;
4FEF : -22;
4FF0 : 4;
4FF1 : -26;
4FF2 : -15;
4FF3 : -21;
4FF4 : 1;
4FF5 : -24;
4FF6 : -40;
4FF7 : -7;
4FF8 : -44;
4FF9 : -1;
4FFA : 1;
4FFB : 9;
4FFC : -6;
4FFD : 0;
4FFE : -11;
4FFF : 18;
5000 : -16;
5001 : 30;
5002 : 28;
5003 : 3;
5004 : -17;
5005 : 10;
5006 : -11;
5007 : -24;
5008 : 40;
5009 : 11;
500A : 21;
500B : -15;
500C : 9;
500D : 37;
500E : 7;
500F : 33;
5010 : 5;
5011 : 4;
5012 : -24;
5013 : 28;
5014 : 12;
5015 : 29;
5016 : 12;
5017 : -7;
5018 : 9;
5019 : 0;
501A : 4;
501B : 32;
501C : -31;
501D : 19;
501E : -37;
501F : 4;
5020 : 24;
5021 : 14;
5022 : 22;
5023 : -8;
5024 : -32;
5025 : -45;
5026 : 16;
5027 : -59;
5028 : -2;
5029 : -6;
502A : 20;
502B : -6;
502C : 25;
502D : -8;
502E : 12;
502F : -24;
5030 : 18;
5031 : 22;
5032 : -7;
5033 : 3;
5034 : 4;
5035 : -49;
5036 : 17;
5037 : 40;
5038 : -2;
5039 : 33;
503A : 16;
503B : -19;
503C : -25;
503D : -7;
503E : -8;
503F : 20;
5040 : -22;
5041 : 21;
5042 : -16;
5043 : 47;
5044 : -51;
5045 : -17;
5046 : -14;
5047 : -6;
5048 : 24;
5049 : -4;
504A : 44;
504B : -37;
504C : 16;
504D : 30;
504E : 28;
504F : 42;
5050 : 25;
5051 : -15;
5052 : -6;
5053 : -20;
5054 : -32;
5055 : -14;
5056 : -39;
5057 : -25;
5058 : 12;
5059 : -21;
505A : 18;
505B : 29;
505C : -2;
505D : -15;
505E : 29;
505F : 5;
5060 : -2;
5061 : 16;
5062 : -3;
5063 : -4;
5064 : -35;
5065 : -31;
5066 : -16;
5067 : -16;
5068 : -13;
5069 : 22;
506A : 1;
506B : 13;
506C : 18;
506D : -17;
506E : -17;
506F : 20;
5070 : -16;
5071 : 13;
5072 : 31;
5073 : 10;
5074 : -14;
5075 : -9;
5076 : 7;
5077 : 36;
5078 : 4;
5079 : 31;
507A : -11;
507B : -15;
507C : -5;
507D : 27;
507E : 7;
507F : -30;
5080 : -23;
5081 : 25;
5082 : 27;
5083 : -34;
5084 : 50;
5085 : 14;
5086 : 24;
5087 : -1;
5088 : 9;
5089 : 30;
508A : 5;
508B : -13;
508C : -14;
508D : -36;
508E : -18;
508F : 45;
5090 : -18;
5091 : 21;
5092 : 4;
5093 : 1;
5094 : 44;
5095 : 6;
5096 : 32;
5097 : 1;
5098 : 1;
5099 : -12;
509A : -5;
509B : -12;
509C : 10;
509D : -36;
509E : -3;
509F : 29;
50A0 : -16;
50A1 : 8;
50A2 : 17;
50A3 : 27;
50A4 : 21;
50A5 : -37;
50A6 : -4;
50A7 : 6;
50A8 : -5;
50A9 : -31;
50AA : -37;
50AB : -24;
50AC : -13;
50AD : -8;
50AE : -26;
50AF : 14;
50B0 : 76;
50B1 : 2;
50B2 : -46;
50B3 : -26;
50B4 : -8;
50B5 : -18;
50B6 : -6;
50B7 : -11;
50B8 : -3;
50B9 : 9;
50BA : 25;
50BB : 24;
50BC : 12;
50BD : 23;
50BE : -21;
50BF : 0;
50C0 : 11;
50C1 : 2;
50C2 : 31;
50C3 : -20;
50C4 : -11;
50C5 : 0;
50C6 : -31;
50C7 : -10;
50C8 : 6;
50C9 : -33;
50CA : 38;
50CB : 55;
50CC : 10;
50CD : -22;
50CE : 13;
50CF : 19;
50D0 : 17;
50D1 : 26;
50D2 : 13;
50D3 : 11;
50D4 : 15;
50D5 : 15;
50D6 : 9;
50D7 : -19;
50D8 : -42;
50D9 : 42;
50DA : 16;
50DB : 41;
50DC : -21;
50DD : -5;
50DE : -2;
50DF : 25;
50E0 : -7;
50E1 : -6;
50E2 : 19;
50E3 : -19;
50E4 : 22;
50E5 : 41;
50E6 : 23;
50E7 : 12;
50E8 : 18;
50E9 : 3;
50EA : 34;
50EB : -25;
50EC : 17;
50ED : -2;
50EE : -6;
50EF : -3;
50F0 : 11;
50F1 : 38;
50F2 : -23;
50F3 : -14;
50F4 : -1;
50F5 : 17;
50F6 : 29;
50F7 : 2;
50F8 : 31;
50F9 : 22;
50FA : 3;
50FB : -18;
50FC : 24;
50FD : -1;
50FE : -48;
50FF : 4;
5100 : 4;
5101 : -4;
5102 : 28;
5103 : 21;
5104 : -44;
5105 : 29;
5106 : 27;
5107 : -39;
5108 : -9;
5109 : 0;
510A : 24;
510B : 4;
510C : 24;
510D : 12;
510E : 2;
510F : 26;
5110 : -4;
5111 : -12;
5112 : 15;
5113 : -9;
5114 : 46;
5115 : 51;
5116 : 18;
5117 : 0;
5118 : -15;
5119 : 1;
511A : -19;
511B : 36;
511C : -9;
511D : 8;
511E : -44;
511F : -18;
5120 : 43;
5121 : -14;
5122 : -20;
5123 : 16;
5124 : 28;
5125 : 46;
5126 : -1;
5127 : -46;
5128 : 2;
5129 : -31;
512A : 1;
512B : 10;
512C : -2;
512D : 27;
512E : -4;
512F : -17;
5130 : 55;
5131 : 27;
5132 : -26;
5133 : -2;
5134 : -10;
5135 : -8;
5136 : -8;
5137 : -77;
5138 : 0;
5139 : 8;
513A : 5;
513B : -43;
513C : 5;
513D : 4;
513E : -75;
513F : 3;
5140 : -31;
5141 : 3;
5142 : 38;
5143 : 35;
5144 : 8;
5145 : 52;
5146 : 2;
5147 : 20;
5148 : 5;
5149 : 9;
514A : 26;
514B : 15;
514C : -7;
514D : -10;
514E : -34;
514F : -11;
5150 : 37;
5151 : 15;
5152 : -15;
5153 : -28;
5154 : 5;
5155 : -7;
5156 : 22;
5157 : -29;
5158 : -18;
5159 : -9;
515A : -19;
515B : 10;
515C : 11;
515D : 4;
515E : 1;
515F : -20;
5160 : -15;
5161 : -22;
5162 : -6;
5163 : -6;
5164 : -8;
5165 : 38;
5166 : -20;
5167 : -36;
5168 : -16;
5169 : -32;
516A : -44;
516B : -38;
516C : 4;
516D : 30;
516E : 37;
516F : -5;
5170 : 22;
5171 : -29;
5172 : -1;
5173 : -1;
5174 : -1;
5175 : 3;
5176 : 7;
5177 : 12;
5178 : -29;
5179 : 9;
517A : -28;
517B : -8;
517C : 12;
517D : 73;
517E : 44;
517F : -17;
5180 : -5;
5181 : 48;
5182 : -4;
5183 : -25;
5184 : 46;
5185 : 28;
5186 : -9;
5187 : -19;
5188 : -25;
5189 : 28;
518A : 25;
518B : 16;
518C : 8;
518D : -13;
518E : 13;
518F : -5;
5190 : -8;
5191 : 31;
5192 : 8;
5193 : 11;
5194 : 15;
5195 : 14;
5196 : -13;
5197 : -3;
5198 : -19;
5199 : 7;
519A : -46;
519B : -6;
519C : -10;
519D : -20;
519E : 2;
519F : -22;
51A0 : -36;
51A1 : 18;
51A2 : 5;
51A3 : 6;
51A4 : 7;
51A5 : -32;
51A6 : 2;
51A7 : -12;
51A8 : -9;
51A9 : 28;
51AA : -44;
51AB : -24;
51AC : 12;
51AD : -19;
51AE : 26;
51AF : -7;
51B0 : 21;
51B1 : -24;
51B2 : -18;
51B3 : 27;
51B4 : -43;
51B5 : -47;
51B6 : -38;
51B7 : 34;
51B8 : 7;
51B9 : 17;
51BA : -52;
51BB : -27;
51BC : 8;
51BD : 14;
51BE : 44;
51BF : -4;
51C0 : 9;
51C1 : -7;
51C2 : 21;
51C3 : -2;
51C4 : -27;
51C5 : 2;
51C6 : -48;
51C7 : 0;
51C8 : 13;
51C9 : 23;
51CA : -11;
51CB : -28;
51CC : -16;
51CD : 12;
51CE : 22;
51CF : 41;
51D0 : -13;
51D1 : 27;
51D2 : 27;
51D3 : 30;
51D4 : -7;
51D5 : 23;
51D6 : -9;
51D7 : 37;
51D8 : -17;
51D9 : -10;
51DA : -21;
51DB : -3;
51DC : 22;
51DD : 17;
51DE : 12;
51DF : 15;
51E0 : -31;
51E1 : -7;
51E2 : -10;
51E3 : 24;
51E4 : -6;
51E5 : 3;
51E6 : 5;
51E7 : 19;
51E8 : 5;
51E9 : 50;
51EA : -10;
51EB : -8;
51EC : -5;
51ED : -25;
51EE : 24;
51EF : -12;
51F0 : -9;
51F1 : -29;
51F2 : -2;
51F3 : -25;
51F4 : -36;
51F5 : 15;
51F6 : 1;
51F7 : 21;
51F8 : -12;
51F9 : -27;
51FA : 1;
51FB : -16;
51FC : -29;
51FD : 34;
51FE : -42;
51FF : -14;
5200 : -12;
5201 : -19;
5202 : 7;
5203 : 21;
5204 : 5;
5205 : -22;
5206 : -33;
5207 : -8;
5208 : 13;
5209 : 17;
520A : -29;
520B : -22;
520C : 15;
520D : -19;
520E : 1;
520F : 17;
5210 : 1;
5211 : 13;
5212 : 25;
5213 : 14;
5214 : 21;
5215 : -20;
5216 : -21;
5217 : 3;
5218 : -13;
5219 : -31;
521A : 22;
521B : -2;
521C : 14;
521D : -12;
521E : -21;
521F : -5;
5220 : -10;
5221 : 1;
5222 : 9;
5223 : -30;
5224 : -22;
5225 : -10;
5226 : -2;
5227 : 8;
5228 : 11;
5229 : -24;
522A : 11;
522B : -12;
522C : 20;
522D : -7;
522E : 7;
522F : 21;
5230 : 12;
5231 : 4;
5232 : 11;
5233 : -18;
5234 : -25;
5235 : 1;
5236 : 0;
5237 : -3;
5238 : -13;
5239 : 10;
523A : -17;
523B : 23;
523C : -32;
523D : 0;
523E : 24;
523F : 25;
5240 : -11;
5241 : 3;
5242 : -30;
5243 : 1;
5244 : -21;
5245 : -11;
5246 : -13;
5247 : -22;
5248 : -4;
5249 : 13;
524A : -31;
524B : -2;
524C : 3;
524D : 9;
524E : -10;
524F : -16;
5250 : -16;
5251 : -27;
5252 : 15;
5253 : -13;
5254 : -7;
5255 : -26;
5256 : -10;
5257 : 3;
5258 : -9;
5259 : 9;
525A : 19;
525B : -1;
525C : -23;
525D : -13;
525E : 1;
525F : -26;
5260 : -15;
5261 : 22;
5262 : -14;
5263 : 12;
5264 : -21;
5265 : -6;
5266 : 5;
5267 : -6;
5268 : -13;
5269 : -10;
526A : 21;
526B : -21;
526C : 4;
526D : 10;
526E : 18;
526F : -30;
5270 : 2;
5271 : -30;
5272 : 25;
5273 : 14;
5274 : -3;
5275 : -22;
5276 : 18;
5277 : -27;
5278 : 20;
5279 : 7;
527A : -11;
527B : 7;
527C : -15;
527D : 3;
527E : 20;
527F : -17;
5280 : 2;
5281 : -5;
5282 : 25;
5283 : -30;
5284 : -22;
5285 : 0;
5286 : -1;
5287 : -14;
5288 : -22;
5289 : -15;
528A : 17;
528B : -16;
528C : -2;
528D : -26;
528E : -25;
528F : 3;
5290 : 23;
5291 : 22;
5292 : 12;
5293 : -1;
5294 : 9;
5295 : -24;
5296 : -1;
5297 : -4;
5298 : -34;
5299 : 2;
529A : 10;
529B : 15;
529C : -31;
529D : 4;
529E : 23;
529F : -11;
52A0 : -18;
52A1 : -21;
52A2 : -3;
52A3 : -9;
52A4 : -18;
52A5 : -26;
52A6 : -18;
52A7 : 1;
52A8 : -26;
52A9 : 18;
52AA : -12;
52AB : 6;
52AC : 14;
52AD : -22;
52AE : 17;
52AF : -21;
52B0 : -23;
52B1 : -22;
52B2 : -29;
52B3 : 22;
52B4 : 10;
52B5 : 9;
52B6 : -1;
52B7 : -28;
52B8 : 6;
52B9 : 3;
52BA : -6;
52BB : -1;
52BC : 11;
52BD : 25;
52BE : -5;
52BF : 11;
52C0 : -3;
52C1 : 18;
52C2 : -8;
52C3 : -13;
52C4 : 27;
52C5 : -15;
52C6 : -25;
52C7 : 18;
52C8 : 2;
52C9 : 2;
52CA : 0;
52CB : 1;
52CC : -24;
52CD : 16;
52CE : -29;
52CF : 25;
52D0 : -32;
52D1 : 22;
52D2 : 22;
52D3 : 13;
52D4 : 9;
52D5 : 24;
52D6 : -23;
52D7 : -35;
52D8 : 22;
52D9 : -16;
52DA : 4;
52DB : 20;
52DC : -22;
52DD : 10;
52DE : -5;
52DF : 2;
52E0 : 19;
52E1 : 23;
52E2 : -6;
52E3 : -30;
52E4 : 7;
52E5 : -5;
52E6 : -30;
52E7 : -18;
52E8 : -28;
52E9 : -16;
52EA : -21;
52EB : 9;
52EC : -22;
52ED : 17;
52EE : 18;
52EF : -16;
52F0 : 11;
52F1 : -18;
52F2 : -22;
52F3 : -19;
52F4 : 16;
52F5 : 6;
52F6 : 10;
52F7 : -4;
52F8 : -14;
52F9 : 16;
52FA : -13;
52FB : 16;
52FC : -20;
52FD : 19;
52FE : -1;
52FF : -27;
5300 : -19;
5301 : 44;
5302 : 12;
5303 : 20;
5304 : 32;
5305 : 18;
5306 : -14;
5307 : 12;
5308 : 26;
5309 : 7;
530A : 0;
530B : 1;
530C : 8;
530D : -2;
530E : 33;
530F : -19;
5310 : -25;
5311 : 13;
5312 : 26;
5313 : 32;
5314 : 34;
5315 : -5;
5316 : 37;
5317 : 18;
5318 : -21;
5319 : -9;
531A : 9;
531B : -9;
531C : -14;
531D : 15;
531E : -10;
531F : 7;
5320 : 13;
5321 : 15;
5322 : -9;
5323 : 41;
5324 : -22;
5325 : 10;
5326 : 15;
5327 : -13;
5328 : -19;
5329 : 7;
532A : 20;
532B : 39;
532C : 3;
532D : 11;
532E : 8;
532F : 25;
5330 : -25;
5331 : 5;
5332 : 33;
5333 : -15;
5334 : 30;
5335 : 14;
5336 : 29;
5337 : -28;
5338 : -16;
5339 : 15;
533A : 41;
533B : 9;
533C : 21;
533D : -5;
533E : 31;
533F : 22;
5340 : -39;
5341 : -6;
5342 : 20;
5343 : -15;
5344 : 30;
5345 : -16;
5346 : -37;
5347 : 8;
5348 : 2;
5349 : 25;
534A : -16;
534B : 13;
534C : -25;
534D : -27;
534E : 30;
534F : 17;
5350 : -30;
5351 : -12;
5352 : 42;
5353 : -34;
5354 : 11;
5355 : 1;
5356 : -21;
5357 : -21;
5358 : -40;
5359 : -19;
535A : 5;
535B : 33;
535C : 24;
535D : -47;
535E : 2;
535F : 0;
5360 : -17;
5361 : -33;
5362 : 24;
5363 : -11;
5364 : -38;
5365 : 7;
5366 : 15;
5367 : -14;
5368 : -30;
5369 : 10;
536A : 15;
536B : 16;
536C : 3;
536D : -14;
536E : -13;
536F : 27;
5370 : 2;
5371 : -37;
5372 : 8;
5373 : 42;
5374 : -15;
5375 : -56;
5376 : 29;
5377 : 69;
5378 : -3;
5379 : -6;
537A : -20;
537B : 12;
537C : 3;
537D : 36;
537E : 25;
537F : 29;
5380 : 10;
5381 : -10;
5382 : -5;
5383 : -14;
5384 : -13;
5385 : -21;
5386 : -18;
5387 : -3;
5388 : -44;
5389 : -16;
538A : -7;
538B : 27;
538C : -24;
538D : -14;
538E : -3;
538F : 34;
5390 : -18;
5391 : -2;
5392 : -3;
5393 : -30;
5394 : -40;
5395 : -27;
5396 : -30;
5397 : -27;
5398 : -28;
5399 : 15;
539A : 18;
539B : 29;
539C : -31;
539D : -55;
539E : 5;
539F : -18;
53A0 : -38;
53A1 : -32;
53A2 : 43;
53A3 : -26;
53A4 : -25;
53A5 : -54;
53A6 : 0;
53A7 : -14;
53A8 : 8;
53A9 : 36;
53AA : -47;
53AB : 9;
53AC : 29;
53AD : -36;
53AE : -9;
53AF : -26;
53B0 : -24;
53B1 : -42;
53B2 : 25;
53B3 : -8;
53B4 : 6;
53B5 : -21;
53B6 : -2;
53B7 : 25;
53B8 : 29;
53B9 : 21;
53BA : -1;
53BB : 22;
53BC : 23;
53BD : 7;
53BE : 66;
53BF : 32;
53C0 : -40;
53C1 : 21;
53C2 : 8;
53C3 : 33;
53C4 : -7;
53C5 : -14;
53C6 : -29;
53C7 : 13;
53C8 : -8;
53C9 : -2;
53CA : 8;
53CB : -20;
53CC : -28;
53CD : 1;
53CE : 9;
53CF : 2;
53D0 : -35;
53D1 : 12;
53D2 : -13;
53D3 : 11;
53D4 : -16;
53D5 : -16;
53D6 : 13;
53D7 : -22;
53D8 : -17;
53D9 : 2;
53DA : 7;
53DB : -22;
53DC : -5;
53DD : 9;
53DE : 35;
53DF : 20;
53E0 : -29;
53E1 : -24;
53E2 : -12;
53E3 : -9;
53E4 : -23;
53E5 : -6;
53E6 : 2;
53E7 : 11;
53E8 : -50;
53E9 : -4;
53EA : -26;
53EB : 22;
53EC : 25;
53ED : 3;
53EE : 34;
53EF : -8;
53F0 : 31;
53F1 : -14;
53F2 : -23;
53F3 : -2;
53F4 : -4;
53F5 : -10;
53F6 : -51;
53F7 : 31;
53F8 : -17;
53F9 : -47;
53FA : 50;
53FB : 13;
53FC : -5;
53FD : -36;
53FE : 59;
53FF : -17;
5400 : -2;
5401 : -20;
5402 : 12;
5403 : -17;
5404 : -19;
5405 : -21;
5406 : 5;
5407 : -23;
5408 : 3;
5409 : 26;
540A : 0;
540B : 30;
540C : -23;
540D : 0;
540E : 1;
540F : -8;
5410 : 14;
5411 : 2;
5412 : -7;
5413 : 26;
5414 : 24;
5415 : -23;
5416 : -21;
5417 : -2;
5418 : 9;
5419 : -30;
541A : -14;
541B : 5;
541C : 7;
541D : -5;
541E : -6;
541F : -26;
5420 : -16;
5421 : -35;
5422 : -28;
5423 : -8;
5424 : 4;
5425 : 24;
5426 : -23;
5427 : 12;
5428 : 20;
5429 : -31;
542A : -28;
542B : -9;
542C : -33;
542D : -25;
542E : -14;
542F : -30;
5430 : -24;
5431 : -11;
5432 : -5;
5433 : -1;
5434 : 7;
5435 : -17;
5436 : -8;
5437 : -7;
5438 : -3;
5439 : -27;
543A : 4;
543B : -17;
543C : -33;
543D : 20;
543E : -26;
543F : 9;
5440 : -27;
5441 : -33;
5442 : 13;
5443 : -10;
5444 : -36;
5445 : 14;
5446 : -29;
5447 : 0;
5448 : 9;
5449 : -24;
544A : -26;
544B : -10;
544C : -25;
544D : 7;
544E : -22;
544F : 23;
5450 : 14;
5451 : -6;
5452 : 0;
5453 : 2;
5454 : 14;
5455 : -15;
5456 : -7;
5457 : 27;
5458 : 18;
5459 : 27;
545A : 19;
545B : 21;
545C : -26;
545D : -21;
545E : 20;
545F : 13;
5460 : 7;
5461 : -9;
5462 : -8;
5463 : -26;
5464 : -8;
5465 : 21;
5466 : -10;
5467 : 28;
5468 : -8;
5469 : -10;
546A : -4;
546B : 14;
546C : -13;
546D : 18;
546E : -8;
546F : 27;
5470 : -44;
5471 : 21;
5472 : -14;
5473 : 8;
5474 : -19;
5475 : 12;
5476 : 15;
5477 : 4;
5478 : -18;
5479 : -21;
547A : -28;
547B : -20;
547C : -4;
547D : -4;
547E : 21;
547F : 10;
5480 : -30;
5481 : -32;
5482 : -23;
5483 : -27;
5484 : -16;
5485 : -25;
5486 : 24;
5487 : -4;
5488 : -12;
5489 : 2;
548A : -37;
548B : -23;
548C : 22;
548D : -23;
548E : 10;
548F : 5;
5490 : 22;
5491 : -25;
5492 : 10;
5493 : -18;
5494 : -31;
5495 : -36;
5496 : 19;
5497 : -9;
5498 : 3;
5499 : 2;
549A : 7;
549B : 24;
549C : -14;
549D : 5;
549E : 3;
549F : 22;
54A0 : -9;
54A1 : 20;
54A2 : -1;
54A3 : 25;
54A4 : 21;
54A5 : 19;
54A6 : -6;
54A7 : -11;
54A8 : -26;
54A9 : -16;
54AA : -15;
54AB : -19;
54AC : 12;
54AD : -10;
54AE : -35;
54AF : 18;
54B0 : -9;
54B1 : 21;
54B2 : 17;
54B3 : -20;
54B4 : -34;
54B5 : 28;
54B6 : -15;
54B7 : -10;
54B8 : 33;
54B9 : -11;
54BA : -22;
54BB : -3;
54BC : -21;
54BD : 21;
54BE : 17;
54BF : -6;
54C0 : 5;
54C1 : 0;
54C2 : 23;
54C3 : -19;
54C4 : -36;
54C5 : -33;
54C6 : -26;
54C7 : -24;
54C8 : 26;
54C9 : -5;
54CA : -17;
54CB : -27;
54CC : -25;
54CD : 21;
54CE : 6;
54CF : -6;
54D0 : -15;
54D1 : -11;
54D2 : -5;
54D3 : 30;
54D4 : -5;
54D5 : 28;
54D6 : -10;
54D7 : 21;
54D8 : 10;
54D9 : 19;
54DA : -25;
54DB : -19;
54DC : -30;
54DD : 16;
54DE : -18;
54DF : 16;
54E0 : -23;
54E1 : -24;
54E2 : -23;
54E3 : 4;
54E4 : -30;
54E5 : -12;
54E6 : 24;
54E7 : -19;
54E8 : 14;
54E9 : 31;
54EA : -4;
54EB : -27;
54EC : 7;
54ED : -32;
54EE : 13;
54EF : -8;
54F0 : -31;
54F1 : -12;
54F2 : 2;
54F3 : -15;
54F4 : -28;
54F5 : -25;
54F6 : 20;
54F7 : -7;
54F8 : -13;
54F9 : -31;
54FA : -44;
54FB : 26;
54FC : -19;
54FD : -3;
54FE : -27;
54FF : -11;
5500 : 27;
5501 : 25;
5502 : 25;
5503 : -10;
5504 : 7;
5505 : -6;
5506 : 13;
5507 : 21;
5508 : -6;
5509 : 18;
550A : 41;
550B : 28;
550C : -15;
550D : 0;
550E : -10;
550F : 3;
5510 : -36;
5511 : 9;
5512 : 0;
5513 : -40;
5514 : 0;
5515 : -10;
5516 : -28;
5517 : 12;
5518 : -7;
5519 : 8;
551A : 7;
551B : -37;
551C : -18;
551D : -23;
551E : -22;
551F : 21;
5520 : 14;
5521 : 7;
5522 : 6;
5523 : -17;
5524 : -31;
5525 : -26;
5526 : 0;
5527 : 30;
5528 : 8;
5529 : 15;
552A : -1;
552B : 17;
552C : -19;
552D : 22;
552E : 32;
552F : -28;
5530 : -19;
5531 : 28;
5532 : 12;
5533 : 4;
5534 : 17;
5535 : 10;
5536 : 41;
5537 : 39;
5538 : 16;
5539 : 3;
553A : 31;
553B : 40;
553C : 3;
553D : 19;
553E : 11;
553F : 17;
5540 : 12;
5541 : -12;
5542 : -19;
5543 : 14;
5544 : -4;
5545 : -37;
5546 : -28;
5547 : -25;
5548 : -19;
5549 : 10;
554A : 16;
554B : 35;
554C : -5;
554D : -31;
554E : -27;
554F : -13;
5550 : 13;
5551 : 9;
5552 : -15;
5553 : -15;
5554 : 30;
5555 : -20;
5556 : 6;
5557 : -11;
5558 : 31;
5559 : 14;
555A : -5;
555B : 23;
555C : 5;
555D : -5;
555E : -10;
555F : 6;
5560 : 11;
5561 : 3;
5562 : 15;
5563 : 21;
5564 : 5;
5565 : -16;
5566 : -9;
5567 : 7;
5568 : 5;
5569 : 16;
556A : -1;
556B : 37;
556C : 32;
556D : 19;
556E : -4;
556F : -27;
5570 : 22;
5571 : 10;
5572 : -33;
5573 : 28;
5574 : 6;
5575 : -9;
5576 : 15;
5577 : -33;
5578 : -16;
5579 : -17;
557A : 7;
557B : 0;
557C : 40;
557D : 6;
557E : 22;
557F : 16;
5580 : 15;
5581 : -44;
5582 : -23;
5583 : 42;
5584 : -48;
5585 : 12;
5586 : -39;
5587 : 3;
5588 : -21;
5589 : -7;
558A : -22;
558B : 5;
558C : 17;
558D : 59;
558E : -7;
558F : -35;
5590 : 22;
5591 : -3;
5592 : 28;
5593 : 6;
5594 : -44;
5595 : -12;
5596 : -19;
5597 : -3;
5598 : 2;
5599 : -33;
559A : -24;
559B : 0;
559C : 0;
559D : 62;
559E : 21;
559F : -20;
55A0 : -17;
55A1 : 3;
55A2 : -2;
55A3 : -2;
55A4 : 4;
55A5 : -6;
55A6 : 15;
55A7 : -31;
55A8 : 0;
55A9 : 0;
55AA : 14;
55AB : 12;
55AC : 26;
55AD : 60;
55AE : 11;
55AF : 28;
55B0 : 2;
55B1 : -30;
55B2 : 26;
55B3 : -42;
55B4 : -36;
55B5 : 49;
55B6 : 12;
55B7 : 24;
55B8 : -13;
55B9 : -13;
55BA : -22;
55BB : 20;
55BC : 7;
55BD : -39;
55BE : 48;
55BF : 15;
55C0 : 27;
55C1 : 14;
55C2 : -60;
55C3 : -21;
55C4 : 39;
55C5 : -13;
55C6 : 33;
55C7 : 3;
55C8 : 11;
55C9 : -1;
55CA : -6;
55CB : -54;
55CC : -41;
55CD : 5;
55CE : 9;
55CF : 13;
55D0 : 8;
55D1 : -20;
55D2 : 19;
55D3 : -39;
55D4 : 17;
55D5 : -8;
55D6 : 14;
55D7 : 31;
55D8 : 26;
55D9 : -13;
55DA : -16;
55DB : 16;
55DC : 0;
55DD : 18;
55DE : 16;
55DF : -23;
55E0 : -7;
55E1 : -44;
55E2 : 32;
55E3 : -10;
55E4 : 9;
55E5 : -21;
55E6 : 28;
55E7 : 34;
55E8 : -33;
55E9 : -13;
55EA : -8;
55EB : 7;
55EC : 16;
55ED : 14;
55EE : 37;
55EF : 11;
55F0 : -27;
55F1 : 4;
55F2 : 15;
55F3 : -50;
55F4 : -3;
55F5 : 43;
55F6 : -9;
55F7 : 25;
55F8 : -49;
55F9 : -22;
55FA : -13;
55FB : 7;
55FC : 18;
55FD : -36;
55FE : 51;
55FF : -20;
5600 : 34;
5601 : -11;
5602 : 11;
5603 : -4;
5604 : 8;
5605 : 8;
5606 : 22;
5607 : -22;
5608 : 31;
5609 : 37;
560A : -3;
560B : -17;
560C : 2;
560D : -7;
560E : -8;
560F : 14;
5610 : 19;
5611 : -28;
5612 : -30;
5613 : -11;
5614 : 5;
5615 : 28;
5616 : 19;
5617 : 19;
5618 : 40;
5619 : -27;
561A : 11;
561B : 15;
561C : 6;
561D : 42;
561E : -14;
561F : -7;
5620 : 29;
5621 : -5;
5622 : 6;
5623 : 13;
5624 : 14;
5625 : 48;
5626 : 14;
5627 : -35;
5628 : 0;
5629 : -35;
562A : 7;
562B : -20;
562C : -17;
562D : 10;
562E : 1;
562F : 23;
5630 : -40;
5631 : 19;
5632 : 33;
5633 : 33;
5634 : -54;
5635 : -24;
5636 : 18;
5637 : -72;
5638 : -1;
5639 : 3;
563A : -15;
563B : -20;
563C : -27;
563D : 19;
563E : 49;
563F : 10;
5640 : 9;
5641 : 52;
5642 : -27;
5643 : -22;
5644 : 30;
5645 : 23;
5646 : 14;
5647 : 30;
5648 : -26;
5649 : 31;
564A : -17;
564B : 33;
564C : 30;
564D : -17;
564E : -21;
564F : -24;
5650 : 16;
5651 : -20;
5652 : -16;
5653 : -70;
5654 : 0;
5655 : -26;
5656 : 20;
5657 : 11;
5658 : -37;
5659 : -44;
565A : -22;
565B : 50;
565C : -13;
565D : -9;
565E : -37;
565F : -10;
5660 : 16;
5661 : -7;
5662 : 12;
5663 : 14;
5664 : -28;
5665 : -7;
5666 : 22;
5667 : 22;
5668 : 12;
5669 : 9;
566A : 23;
566B : 6;
566C : 18;
566D : -22;
566E : 37;
566F : -10;
5670 : -33;
5671 : -49;
5672 : 10;
5673 : -6;
5674 : 10;
5675 : -42;
5676 : 17;
5677 : 77;
5678 : -8;
5679 : 14;
567A : -35;
567B : 24;
567C : 6;
567D : 2;
567E : 45;
567F : 19;
5680 : -13;
5681 : 10;
5682 : 12;
5683 : 12;
5684 : 49;
5685 : 35;
5686 : -20;
5687 : 13;
5688 : 7;
5689 : 15;
568A : 0;
568B : 0;
568C : 29;
568D : -77;
568E : -14;
568F : -27;
5690 : -49;
5691 : -19;
5692 : -24;
5693 : -6;
5694 : 8;
5695 : -8;
5696 : -21;
5697 : 29;
5698 : 1;
5699 : -3;
569A : -8;
569B : 7;
569C : -49;
569D : -32;
569E : -29;
569F : 14;
56A0 : -35;
56A1 : 18;
56A2 : 19;
56A3 : 1;
56A4 : -14;
56A5 : 24;
56A6 : -5;
56A7 : 45;
56A8 : -3;
56A9 : 9;
56AA : -24;
56AB : -5;
56AC : -42;
56AD : -37;
56AE : -6;
56AF : -21;
56B0 : -49;
56B1 : -15;
56B2 : 10;
56B3 : 0;
56B4 : -7;
56B5 : -12;
56B6 : 44;
56B7 : 31;
56B8 : 36;
56B9 : 34;
56BA : 14;
56BB : 55;
56BC : -19;
56BD : -18;
56BE : -11;
56BF : -3;
56C0 : -44;
56C1 : -9;
56C2 : -5;
56C3 : -12;
56C4 : 9;
56C5 : 34;
56C6 : 18;
56C7 : -9;
56C8 : -5;
56C9 : -1;
56CA : -1;
56CB : 49;
56CC : 19;
56CD : -9;
56CE : 26;
56CF : -10;
56D0 : 14;
56D1 : 20;
56D2 : -29;
56D3 : 41;
56D4 : 4;
56D5 : -28;
56D6 : 24;
56D7 : 3;
56D8 : -41;
56D9 : 5;
56DA : -1;
56DB : 19;
56DC : 20;
56DD : -14;
56DE : 17;
56DF : 2;
56E0 : 6;
56E1 : -9;
56E2 : 12;
56E3 : -4;
56E4 : 23;
56E5 : 0;
56E6 : 22;
56E7 : 0;
56E8 : -52;
56E9 : -21;
56EA : 11;
56EB : -10;
56EC : 34;
56ED : 9;
56EE : 5;
56EF : -4;
56F0 : 58;
56F1 : 17;
56F2 : 20;
56F3 : 29;
56F4 : 22;
56F5 : 13;
56F6 : 31;
56F7 : -50;
56F8 : -12;
56F9 : -15;
56FA : 47;
56FB : 26;
56FC : -3;
56FD : 44;
56FE : -22;
56FF : 8;
5700 : -27;
5701 : -5;
5702 : -11;
5703 : -38;
5704 : 8;
5705 : 17;
5706 : 30;
5707 : -3;
5708 : 37;
5709 : 12;
570A : 13;
570B : 15;
570C : 6;
570D : -10;
570E : -20;
570F : -4;
5710 : -11;
5711 : -10;
5712 : 11;
5713 : -38;
5714 : 27;
5715 : 61;
5716 : -6;
5717 : 23;
5718 : -2;
5719 : -13;
571A : -10;
571B : 17;
571C : 9;
571D : 7;
571E : -28;
571F : 10;
5720 : 15;
5721 : 12;
5722 : -8;
5723 : 8;
5724 : 14;
5725 : 41;
5726 : 1;
5727 : -2;
5728 : -13;
5729 : 4;
572A : -4;
572B : -15;
572C : 20;
572D : 11;
572E : -8;
572F : 7;
5730 : 8;
5731 : 10;
5732 : 16;
5733 : 28;
5734 : 15;
5735 : -11;
5736 : -12;
5737 : -12;
5738 : -1;
5739 : -15;
573A : -4;
573B : -52;
573C : 11;
573D : 36;
573E : 4;
573F : 19;
5740 : -20;
5741 : 54;
5742 : -12;
5743 : 15;
5744 : 30;
5745 : 30;
5746 : 6;
5747 : 28;
5748 : -16;
5749 : 33;
574A : 24;
574B : 10;
574C : -10;
574D : -82;
574E : -25;
574F : 19;
5750 : 1;
5751 : -5;
5752 : 19;
5753 : -22;
5754 : 10;
5755 : -12;
5756 : -29;
5757 : 16;
5758 : -6;
5759 : 18;
575A : 22;
575B : 13;
575C : -22;
575D : -41;
575E : -21;
575F : 9;
5760 : -35;
5761 : -11;
5762 : -4;
5763 : -23;
5764 : -31;
5765 : 17;
5766 : 24;
5767 : -12;
5768 : 29;
5769 : -2;
576A : -20;
576B : 0;
576C : -41;
576D : 9;
576E : 11;
576F : -29;
5770 : -42;
5771 : 6;
5772 : 3;
5773 : -14;
5774 : -28;
5775 : -60;
5776 : -8;
5777 : 93;
5778 : 26;
5779 : -3;
577A : -26;
577B : -37;
577C : -3;
577D : -22;
577E : 41;
577F : 29;
5780 : -25;
5781 : 3;
5782 : 13;
5783 : 16;
5784 : 46;
5785 : 28;
5786 : 36;
5787 : 7;
5788 : -19;
5789 : 19;
578A : 11;
578B : 26;
578C : 30;
578D : 6;
578E : 6;
578F : 4;
5790 : -5;
5791 : 41;
5792 : -10;
5793 : 14;
5794 : 43;
5795 : 16;
5796 : 7;
5797 : 11;
5798 : -17;
5799 : 12;
579A : -27;
579B : 34;
579C : 22;
579D : -9;
579E : -4;
579F : -19;
57A0 : 8;
57A1 : 8;
57A2 : -2;
57A3 : -20;
57A4 : 18;
57A5 : 6;
57A6 : 21;
57A7 : 6;
57A8 : 10;
57A9 : -10;
57AA : 1;
57AB : -46;
57AC : -11;
57AD : 6;
57AE : -47;
57AF : 17;
57B0 : 5;
57B1 : 21;
57B2 : 8;
57B3 : 0;
57B4 : -27;
57B5 : -50;
57B6 : 12;
57B7 : 45;
57B8 : 34;
57B9 : 41;
57BA : 27;
57BB : -9;
57BC : -6;
57BD : 27;
57BE : 30;
57BF : 15;
57C0 : 28;
57C1 : 8;
57C2 : 35;
57C3 : -22;
57C4 : 17;
57C5 : -64;
57C6 : 6;
57C7 : -28;
57C8 : -2;
57C9 : -13;
57CA : -3;
57CB : 71;
57CC : 4;
57CD : 36;
57CE : 6;
57CF : 9;
57D0 : 31;
57D1 : -11;
57D2 : 3;
57D3 : 7;
57D4 : -14;
57D5 : 20;
57D6 : -8;
57D7 : -30;
57D8 : -40;
57D9 : 1;
57DA : -21;
57DB : 39;
57DC : 30;
57DD : -23;
57DE : 24;
57DF : 17;
57E0 : 19;
57E1 : 30;
57E2 : -13;
57E3 : 43;
57E4 : 18;
57E5 : -14;
57E6 : 15;
57E7 : -58;
57E8 : 10;
57E9 : -7;
57EA : -24;
57EB : 15;
57EC : 9;
57ED : 3;
57EE : -76;
57EF : 19;
57F0 : 38;
57F1 : 8;
57F2 : 2;
57F3 : 13;
57F4 : -34;
57F5 : 16;
57F6 : 21;
57F7 : -23;
57F8 : -8;
57F9 : 17;
57FA : 23;
57FB : -7;
57FC : -16;
57FD : 43;
57FE : -13;
57FF : 2;
5800 : -9;
5801 : -32;
5802 : -20;
5803 : -10;
5804 : 11;
5805 : -8;
5806 : 16;
5807 : -13;
5808 : 6;
5809 : -17;
580A : 7;
580B : -5;
580C : -8;
580D : -1;
580E : -25;
580F : 25;
5810 : -29;
5811 : 25;
5812 : -9;
5813 : -4;
5814 : -30;
5815 : 10;
5816 : 8;
5817 : -28;
5818 : -34;
5819 : -14;
581A : -2;
581B : -26;
581C : -25;
581D : -12;
581E : -7;
581F : 1;
5820 : 0;
5821 : -22;
5822 : -13;
5823 : -5;
5824 : -23;
5825 : -11;
5826 : -2;
5827 : 26;
5828 : -18;
5829 : 26;
582A : -1;
582B : -27;
582C : 25;
582D : 13;
582E : -22;
582F : 13;
5830 : 12;
5831 : 5;
5832 : 1;
5833 : 16;
5834 : 23;
5835 : -27;
5836 : 4;
5837 : -18;
5838 : -5;
5839 : 18;
583A : 27;
583B : -32;
583C : 20;
583D : 5;
583E : 21;
583F : -18;
5840 : 19;
5841 : 10;
5842 : 13;
5843 : -25;
5844 : -20;
5845 : -19;
5846 : 13;
5847 : 13;
5848 : -4;
5849 : 2;
584A : -20;
584B : 21;
584C : 1;
584D : 3;
584E : -2;
584F : -22;
5850 : -23;
5851 : 15;
5852 : 1;
5853 : 20;
5854 : -28;
5855 : 11;
5856 : -14;
5857 : -26;
5858 : -2;
5859 : 4;
585A : -29;
585B : -8;
585C : -16;
585D : -25;
585E : -5;
585F : -21;
5860 : -6;
5861 : -23;
5862 : -23;
5863 : 20;
5864 : 0;
5865 : -27;
5866 : -4;
5867 : -29;
5868 : -19;
5869 : -9;
586A : -14;
586B : -27;
586C : -29;
586D : 1;
586E : 1;
586F : -1;
5870 : 4;
5871 : 10;
5872 : -29;
5873 : -12;
5874 : -9;
5875 : -11;
5876 : -15;
5877 : -18;
5878 : -23;
5879 : -1;
587A : -30;
587B : -3;
587C : 3;
587D : -24;
587E : -13;
587F : 13;
5880 : 20;
5881 : -28;
5882 : -26;
5883 : -24;
5884 : 27;
5885 : -3;
5886 : 8;
5887 : -11;
5888 : 13;
5889 : -24;
588A : -23;
588B : -29;
588C : 5;
588D : 23;
588E : -4;
588F : 26;
5890 : -18;
5891 : 13;
5892 : -29;
5893 : 17;
5894 : 4;
5895 : 5;
5896 : -16;
5897 : -26;
5898 : 12;
5899 : -14;
589A : 19;
589B : 14;
589C : -2;
589D : -15;
589E : -19;
589F : -17;
58A0 : -2;
58A1 : 19;
58A2 : 13;
58A3 : 25;
58A4 : 12;
58A5 : -26;
58A6 : 10;
58A7 : -22;
58A8 : 9;
58A9 : 8;
58AA : 19;
58AB : 25;
58AC : -16;
58AD : -28;
58AE : -8;
58AF : -8;
58B0 : -8;
58B1 : 9;
58B2 : -25;
58B3 : -24;
58B4 : -11;
58B5 : 15;
58B6 : 12;
58B7 : -16;
58B8 : 0;
58B9 : 5;
58BA : -25;
58BB : -10;
58BC : 13;
58BD : -17;
58BE : -7;
58BF : -18;
58C0 : 14;
58C1 : -1;
58C2 : 11;
58C3 : 4;
58C4 : -17;
58C5 : 5;
58C6 : 24;
58C7 : 6;
58C8 : -21;
58C9 : -7;
58CA : 21;
58CB : -24;
58CC : -6;
58CD : -20;
58CE : -1;
58CF : 2;
58D0 : -14;
58D1 : -32;
58D2 : -1;
58D3 : -7;
58D4 : 3;
58D5 : 11;
58D6 : -32;
58D7 : -5;
58D8 : 22;
58D9 : 11;
58DA : 0;
58DB : 13;
58DC : -8;
58DD : 14;
58DE : 12;
58DF : -6;
58E0 : -28;
58E1 : -22;
58E2 : 24;
58E3 : 3;
58E4 : -30;
58E5 : -26;
58E6 : 6;
58E7 : 28;
58E8 : 22;
58E9 : -18;
58EA : -19;
58EB : -15;
58EC : 6;
58ED : 13;
58EE : 22;
58EF : -1;
58F0 : -2;
58F1 : -14;
58F2 : 16;
58F3 : -27;
58F4 : 3;
58F5 : -11;
58F6 : 4;
58F7 : 21;
58F8 : 17;
58F9 : 18;
58FA : -20;
58FB : -2;
58FC : 17;
58FD : -5;
58FE : 23;
58FF : -30;
5900 : -27;
5901 : -56;
5902 : -45;
5903 : -27;
5904 : -82;
5905 : -3;
5906 : 6;
5907 : 10;
5908 : 9;
5909 : 5;
590A : -73;
590B : -2;
590C : -47;
590D : -50;
590E : -25;
590F : -26;
5910 : 11;
5911 : -8;
5912 : 49;
5913 : -9;
5914 : -70;
5915 : 17;
5916 : -1;
5917 : 33;
5918 : -7;
5919 : 16;
591A : -17;
591B : 22;
591C : 2;
591D : -9;
591E : 1;
591F : 1;
5920 : -17;
5921 : -33;
5922 : 18;
5923 : 35;
5924 : 39;
5925 : -4;
5926 : -1;
5927 : -2;
5928 : -5;
5929 : -20;
592A : 24;
592B : 44;
592C : 5;
592D : -48;
592E : 25;
592F : -24;
5930 : -8;
5931 : -20;
5932 : 24;
5933 : -8;
5934 : -3;
5935 : 40;
5936 : 12;
5937 : 27;
5938 : -15;
5939 : 20;
593A : 5;
593B : 33;
593C : -25;
593D : -56;
593E : -9;
593F : 8;
5940 : -8;
5941 : -12;
5942 : -24;
5943 : -5;
5944 : -34;
5945 : 31;
5946 : -7;
5947 : 6;
5948 : -7;
5949 : -34;
594A : -48;
594B : -9;
594C : -20;
594D : -8;
594E : 17;
594F : 8;
5950 : -16;
5951 : 22;
5952 : 13;
5953 : 12;
5954 : -10;
5955 : 21;
5956 : -13;
5957 : 17;
5958 : -7;
5959 : 24;
595A : -20;
595B : -8;
595C : -14;
595D : -8;
595E : -2;
595F : 6;
5960 : -20;
5961 : -34;
5962 : -20;
5963 : -18;
5964 : -20;
5965 : -3;
5966 : -42;
5967 : -15;
5968 : -25;
5969 : 26;
596A : 18;
596B : -9;
596C : -13;
596D : -25;
596E : -3;
596F : -25;
5970 : 13;
5971 : -13;
5972 : 13;
5973 : -10;
5974 : 27;
5975 : 15;
5976 : -18;
5977 : -1;
5978 : -79;
5979 : -51;
597A : -6;
597B : -15;
597C : -12;
597D : 27;
597E : 47;
597F : -18;
5980 : 29;
5981 : -12;
5982 : 19;
5983 : 6;
5984 : -5;
5985 : -22;
5986 : 27;
5987 : 9;
5988 : -3;
5989 : -21;
598A : -33;
598B : -16;
598C : -3;
598D : -12;
598E : 4;
598F : -14;
5990 : -36;
5991 : -15;
5992 : 33;
5993 : 13;
5994 : 11;
5995 : -35;
5996 : 6;
5997 : 11;
5998 : -12;
5999 : -15;
599A : -11;
599B : 45;
599C : 4;
599D : -20;
599E : 44;
599F : 9;
59A0 : -26;
59A1 : -13;
59A2 : -1;
59A3 : -40;
59A4 : -7;
59A5 : -10;
59A6 : 6;
59A7 : 3;
59A8 : -39;
59A9 : 0;
59AA : -7;
59AB : 53;
59AC : -2;
59AD : -68;
59AE : 27;
59AF : -46;
59B0 : -2;
59B1 : -16;
59B2 : -17;
59B3 : -57;
59B4 : -23;
59B5 : -7;
59B6 : -41;
59B7 : 39;
59B8 : -53;
59B9 : -41;
59BA : 39;
59BB : 44;
59BC : -22;
59BD : -2;
59BE : 33;
59BF : 17;
59C0 : 15;
59C1 : -71;
59C2 : 29;
59C3 : -42;
59C4 : -26;
59C5 : -43;
59C6 : 15;
59C7 : 22;
59C8 : -29;
59C9 : 5;
59CA : 3;
59CB : 21;
59CC : 12;
59CD : -7;
59CE : 8;
59CF : 6;
59D0 : -21;
59D1 : -81;
59D2 : 34;
59D3 : -24;
59D4 : -43;
59D5 : 23;
59D6 : -13;
59D7 : -1;
59D8 : 8;
59D9 : 0;
59DA : -6;
59DB : 16;
59DC : 13;
59DD : -37;
59DE : 2;
59DF : 56;
59E0 : -25;
59E1 : -11;
59E2 : 24;
59E3 : 17;
59E4 : -26;
59E5 : -3;
59E6 : 13;
59E7 : 46;
59E8 : -48;
59E9 : -13;
59EA : -3;
59EB : 24;
59EC : -42;
59ED : 7;
59EE : -6;
59EF : -11;
59F0 : -44;
59F1 : 14;
59F2 : -6;
59F3 : -21;
59F4 : 15;
59F5 : -3;
59F6 : 23;
59F7 : 67;
59F8 : -8;
59F9 : 35;
59FA : 22;
59FB : -6;
59FC : -15;
59FD : -39;
59FE : 36;
59FF : -9;
5A00 : 5;
5A01 : 11;
5A02 : -30;
5A03 : -3;
5A04 : -22;
5A05 : 27;
5A06 : -26;
5A07 : -18;
5A08 : 11;
5A09 : 9;
5A0A : 5;
5A0B : -8;
5A0C : -2;
5A0D : 21;
5A0E : -13;
5A0F : -19;
5A10 : -19;
5A11 : -1;
5A12 : -8;
5A13 : 36;
5A14 : -17;
5A15 : 26;
5A16 : 9;
5A17 : -10;
5A18 : 37;
5A19 : 9;
5A1A : 24;
5A1B : -22;
5A1C : 26;
5A1D : 5;
5A1E : 11;
5A1F : -5;
5A20 : 11;
5A21 : -22;
5A22 : 0;
5A23 : 2;
5A24 : 16;
5A25 : 28;
5A26 : 14;
5A27 : 30;
5A28 : 7;
5A29 : 10;
5A2A : -21;
5A2B : 26;
5A2C : 34;
5A2D : 29;
5A2E : -8;
5A2F : 32;
5A30 : -8;
5A31 : 5;
5A32 : -16;
5A33 : -7;
5A34 : 9;
5A35 : 2;
5A36 : -6;
5A37 : 14;
5A38 : 21;
5A39 : 29;
5A3A : 10;
5A3B : 24;
5A3C : 4;
5A3D : -19;
5A3E : 18;
5A3F : -11;
5A40 : 10;
5A41 : 27;
5A42 : -8;
5A43 : 45;
5A44 : -15;
5A45 : 24;
5A46 : 3;
5A47 : -20;
5A48 : 11;
5A49 : 18;
5A4A : 20;
5A4B : -24;
5A4C : -3;
5A4D : 26;
5A4E : -22;
5A4F : -22;
5A50 : -13;
5A51 : 21;
5A52 : -20;
5A53 : 2;
5A54 : 8;
5A55 : 51;
5A56 : -33;
5A57 : 28;
5A58 : -19;
5A59 : 24;
5A5A : 8;
5A5B : -23;
5A5C : -7;
5A5D : 21;
5A5E : 16;
5A5F : 24;
5A60 : -30;
5A61 : 19;
5A62 : -9;
5A63 : 22;
5A64 : -10;
5A65 : 11;
5A66 : 26;
5A67 : 27;
5A68 : -26;
5A69 : -2;
5A6A : 19;
5A6B : -15;
5A6C : 12;
5A6D : -2;
5A6E : 25;
5A6F : -16;
5A70 : 28;
5A71 : -20;
5A72 : -20;
5A73 : 9;
5A74 : -9;
5A75 : 29;
5A76 : 17;
5A77 : -32;
5A78 : -8;
5A79 : 5;
5A7A : -6;
5A7B : 3;
5A7C : -39;
5A7D : 8;
5A7E : -20;
5A7F : -16;
5A80 : -15;
5A81 : -13;
5A82 : -41;
5A83 : -27;
5A84 : -16;
5A85 : 3;
5A86 : 42;
5A87 : 2;
5A88 : 30;
5A89 : -26;
5A8A : -47;
5A8B : -13;
5A8C : -13;
5A8D : 18;
5A8E : 16;
5A8F : -18;
5A90 : -41;
5A91 : 3;
5A92 : 43;
5A93 : -19;
5A94 : -8;
5A95 : 23;
5A96 : 12;
5A97 : 24;
5A98 : 22;
5A99 : 5;
5A9A : -30;
5A9B : -14;
5A9C : 13;
5A9D : -22;
5A9E : 37;
5A9F : 7;
5AA0 : -16;
5AA1 : -12;
5AA2 : -4;
5AA3 : 10;
5AA4 : 22;
5AA5 : 8;
5AA6 : 5;
5AA7 : -17;
5AA8 : 5;
5AA9 : 4;
5AAA : -9;
5AAB : -1;
5AAC : -12;
5AAD : -45;
5AAE : 33;
5AAF : 1;
5AB0 : 11;
5AB1 : 29;
5AB2 : -25;
5AB3 : 15;
5AB4 : 45;
5AB5 : -11;
5AB6 : 3;
5AB7 : -43;
5AB8 : -12;
5AB9 : -24;
5ABA : 28;
5ABB : 12;
5ABC : -25;
5ABD : -16;
5ABE : -72;
5ABF : -12;
5AC0 : -7;
5AC1 : -11;
5AC2 : -18;
5AC3 : -35;
5AC4 : -9;
5AC5 : -65;
5AC6 : 11;
5AC7 : -7;
5AC8 : -24;
5AC9 : -28;
5ACA : 16;
5ACB : 21;
5ACC : 19;
5ACD : 10;
5ACE : -4;
5ACF : -20;
5AD0 : -7;
5AD1 : -14;
5AD2 : 32;
5AD3 : 9;
5AD4 : -32;
5AD5 : -20;
5AD6 : 26;
5AD7 : -13;
5AD8 : 27;
5AD9 : -25;
5ADA : 14;
5ADB : 12;
5ADC : 7;
5ADD : 22;
5ADE : 32;
5ADF : -13;
5AE0 : 16;
5AE1 : 29;
5AE2 : 5;
5AE3 : 33;
5AE4 : -11;
5AE5 : -59;
5AE6 : -17;
5AE7 : -12;
5AE8 : -3;
5AE9 : 4;
5AEA : 9;
5AEB : -12;
5AEC : -32;
5AED : 49;
5AEE : 29;
5AEF : 36;
5AF0 : -7;
5AF1 : -16;
5AF2 : 14;
5AF3 : 70;
5AF4 : 2;
5AF5 : -49;
5AF6 : 25;
5AF7 : -8;
5AF8 : -7;
5AF9 : 47;
5AFA : -33;
5AFB : -47;
5AFC : 15;
5AFD : -25;
5AFE : -7;
5AFF : 37;
5B00 : -40;
5B01 : -31;
5B02 : 0;
5B03 : -16;
5B04 : -11;
5B05 : 33;
5B06 : -22;
5B07 : -9;
5B08 : -19;
5B09 : 14;
5B0A : -36;
5B0B : -24;
5B0C : -12;
5B0D : -28;
5B0E : -17;
5B0F : 4;
5B10 : 24;
5B11 : -6;
5B12 : 21;
5B13 : -3;
5B14 : -40;
5B15 : -14;
5B16 : 12;
5B17 : 8;
5B18 : -16;
5B19 : -11;
5B1A : 18;
5B1B : -41;
5B1C : 0;
5B1D : -19;
5B1E : 17;
5B1F : -35;
5B20 : 32;
5B21 : 25;
5B22 : 33;
5B23 : 2;
5B24 : -3;
5B25 : -49;
5B26 : 5;
5B27 : 6;
5B28 : -6;
5B29 : 17;
5B2A : 0;
5B2B : 8;
5B2C : 16;
5B2D : -18;
5B2E : 36;
5B2F : 22;
5B30 : 18;
5B31 : -20;
5B32 : 10;
5B33 : 19;
5B34 : -9;
5B35 : 26;
5B36 : -16;
5B37 : -13;
5B38 : -13;
5B39 : 32;
5B3A : -12;
5B3B : -4;
5B3C : -6;
5B3D : -29;
5B3E : 3;
5B3F : 45;
5B40 : 30;
5B41 : -18;
5B42 : 23;
5B43 : -6;
5B44 : 22;
5B45 : 27;
5B46 : 10;
5B47 : 14;
5B48 : 2;
5B49 : 11;
5B4A : -28;
5B4B : 3;
5B4C : -10;
5B4D : 3;
5B4E : 2;
5B4F : 16;
5B50 : -36;
5B51 : 21;
5B52 : -13;
5B53 : 3;
5B54 : -22;
5B55 : 13;
5B56 : 13;
5B57 : 24;
5B58 : -10;
5B59 : -4;
5B5A : -8;
5B5B : -47;
5B5C : -34;
5B5D : -37;
5B5E : -3;
5B5F : 29;
5B60 : -22;
5B61 : -9;
5B62 : 21;
5B63 : -22;
5B64 : 12;
5B65 : 32;
5B66 : -29;
5B67 : 21;
5B68 : -13;
5B69 : 23;
5B6A : 36;
5B6B : -1;
5B6C : 34;
5B6D : -59;
5B6E : 15;
5B6F : -8;
5B70 : 3;
5B71 : 5;
5B72 : -33;
5B73 : -19;
5B74 : 16;
5B75 : 21;
5B76 : 1;
5B77 : -18;
5B78 : -32;
5B79 : -49;
5B7A : -30;
5B7B : 29;
5B7C : 3;
5B7D : -20;
5B7E : -37;
5B7F : 21;
5B80 : -18;
5B81 : -36;
5B82 : 8;
5B83 : 24;
5B84 : 6;
5B85 : -23;
5B86 : -4;
5B87 : -16;
5B88 : 9;
5B89 : 13;
5B8A : 12;
5B8B : -20;
5B8C : -10;
5B8D : 13;
5B8E : 19;
5B8F : -30;
5B90 : -18;
5B91 : -16;
5B92 : -7;
5B93 : -26;
5B94 : -50;
5B95 : -35;
5B96 : -2;
5B97 : -14;
5B98 : 1;
5B99 : 33;
5B9A : -5;
5B9B : -10;
5B9C : -2;
5B9D : -28;
5B9E : -12;
5B9F : -2;
5BA0 : -29;
5BA1 : -13;
5BA2 : 28;
5BA3 : -37;
5BA4 : 13;
5BA5 : -6;
5BA6 : 2;
5BA7 : -12;
5BA8 : -27;
5BA9 : -8;
5BAA : 28;
5BAB : -12;
5BAC : 27;
5BAD : -17;
5BAE : 32;
5BAF : -2;
5BB0 : -67;
5BB1 : 21;
5BB2 : 24;
5BB3 : 13;
5BB4 : -11;
5BB5 : 14;
5BB6 : -26;
5BB7 : -72;
5BB8 : -51;
5BB9 : -11;
5BBA : 38;
5BBB : -3;
5BBC : 14;
5BBD : -68;
5BBE : -59;
5BBF : 6;
5BC0 : -20;
5BC1 : 4;
5BC2 : -24;
5BC3 : 9;
5BC4 : 21;
5BC5 : -28;
5BC6 : 49;
5BC7 : 18;
5BC8 : 9;
5BC9 : 24;
5BCA : -23;
5BCB : -37;
5BCC : 8;
5BCD : 24;
5BCE : -15;
5BCF : 3;
5BD0 : -9;
5BD1 : 31;
5BD2 : 0;
5BD3 : -4;
5BD4 : -35;
5BD5 : -14;
5BD6 : -3;
5BD7 : 30;
5BD8 : 37;
5BD9 : 32;
5BDA : 3;
5BDB : -37;
5BDC : 40;
5BDD : -2;
5BDE : -27;
5BDF : 30;
5BE0 : -46;
5BE1 : -4;
5BE2 : 3;
5BE3 : -31;
5BE4 : -2;
5BE5 : 6;
5BE6 : -38;
5BE7 : -25;
5BE8 : 13;
5BE9 : -2;
5BEA : 2;
5BEB : -18;
5BEC : 15;
5BED : -33;
5BEE : -31;
5BEF : -22;
5BF0 : -19;
5BF1 : -9;
5BF2 : -21;
5BF3 : -24;
5BF4 : 24;
5BF5 : -15;
5BF6 : -19;
5BF7 : 22;
5BF8 : -46;
5BF9 : -8;
5BFA : -12;
5BFB : 35;
5BFC : 35;
5BFD : -21;
5BFE : -58;
5BFF : 27;
5C00 : -16;
5C01 : 28;
5C02 : -9;
5C03 : 3;
5C04 : 18;
5C05 : -5;
5C06 : 11;
5C07 : 21;
5C08 : 5;
5C09 : 10;
5C0A : 10;
5C0B : 43;
5C0C : -45;
5C0D : 18;
5C0E : 7;
5C0F : -20;
5C10 : 29;
5C11 : 40;
5C12 : 8;
5C13 : -16;
5C14 : -11;
5C15 : 39;
5C16 : -22;
5C17 : 0;
5C18 : 5;
5C19 : -17;
5C1A : 3;
5C1B : 2;
5C1C : 27;
5C1D : 14;
5C1E : 20;
5C1F : -14;
5C20 : -11;
5C21 : -1;
5C22 : 1;
5C23 : 0;
5C24 : -14;
5C25 : -20;
5C26 : 4;
5C27 : -32;
5C28 : -15;
5C29 : 14;
5C2A : 31;
5C2B : 5;
5C2C : 0;
5C2D : 36;
5C2E : 15;
5C2F : -23;
5C30 : 20;
5C31 : -15;
5C32 : -33;
5C33 : 8;
5C34 : 37;
5C35 : -10;
5C36 : 9;
5C37 : -66;
5C38 : 6;
5C39 : -14;
5C3A : 6;
5C3B : 16;
5C3C : 28;
5C3D : 27;
5C3E : -22;
5C3F : 2;
5C40 : 21;
5C41 : 7;
5C42 : 41;
5C43 : 19;
5C44 : -8;
5C45 : -22;
5C46 : -29;
5C47 : -36;
5C48 : -34;
5C49 : 3;
5C4A : 3;
5C4B : 6;
5C4C : -15;
5C4D : 4;
5C4E : 24;
5C4F : -12;
5C50 : 24;
5C51 : -4;
5C52 : 26;
5C53 : 17;
5C54 : 35;
5C55 : 1;
5C56 : 12;
5C57 : -11;
5C58 : -25;
5C59 : 12;
5C5A : 33;
5C5B : -12;
5C5C : 5;
5C5D : -11;
5C5E : 4;
5C5F : 6;
5C60 : 22;
5C61 : 13;
5C62 : -2;
5C63 : -2;
5C64 : -24;
5C65 : -3;
5C66 : -21;
5C67 : 3;
5C68 : 18;
5C69 : -21;
5C6A : 26;
5C6B : 5;
5C6C : 3;
5C6D : 1;
5C6E : 0;
5C6F : 27;
5C70 : 38;
5C71 : -6;
5C72 : -41;
5C73 : -5;
5C74 : 25;
5C75 : 14;
5C76 : -41;
5C77 : -51;
5C78 : 4;
5C79 : -35;
5C7A : 18;
5C7B : -15;
5C7C : 31;
5C7D : 56;
5C7E : -41;
5C7F : 16;
5C80 : 12;
5C81 : -14;
5C82 : 27;
5C83 : 39;
5C84 : -56;
5C85 : -40;
5C86 : 10;
5C87 : -13;
5C88 : -18;
5C89 : 4;
5C8A : 2;
5C8B : -40;
5C8C : -10;
5C8D : 47;
5C8E : -1;
5C8F : 31;
5C90 : 31;
5C91 : 4;
5C92 : -25;
5C93 : 0;
5C94 : 26;
5C95 : -27;
5C96 : -28;
5C97 : -10;
5C98 : 14;
5C99 : -9;
5C9A : -35;
5C9B : -22;
5C9C : -14;
5C9D : 10;
5C9E : 22;
5C9F : 17;
5CA0 : -35;
5CA1 : 21;
5CA2 : -35;
5CA3 : 30;
5CA4 : 6;
5CA5 : 16;
5CA6 : 0;
5CA7 : 24;
5CA8 : 29;
5CA9 : -11;
5CAA : -10;
5CAB : 35;
5CAC : 21;
5CAD : -10;
5CAE : 4;
5CAF : 20;
5CB0 : -13;
5CB1 : 21;
5CB2 : 19;
5CB3 : 30;
5CB4 : -34;
5CB5 : -12;
5CB6 : -3;
5CB7 : -11;
5CB8 : 11;
5CB9 : -20;
5CBA : -15;
5CBB : 2;
5CBC : -38;
5CBD : -21;
5CBE : 32;
5CBF : -21;
5CC0 : -13;
5CC1 : -9;
5CC2 : -22;
5CC3 : 6;
5CC4 : -30;
5CC5 : 8;
5CC6 : -41;
5CC7 : 9;
5CC8 : 25;
5CC9 : 12;
5CCA : 16;
5CCB : -5;
5CCC : -30;
5CCD : 27;
5CCE : 19;
5CCF : 2;
5CD0 : -2;
5CD1 : -3;
5CD2 : 18;
5CD3 : -3;
5CD4 : -40;
5CD5 : 9;
5CD6 : 12;
5CD7 : 27;
5CD8 : -9;
5CD9 : 26;
5CDA : -2;
5CDB : 21;
5CDC : -13;
5CDD : 12;
5CDE : 11;
5CDF : 7;
5CE0 : -15;
5CE1 : 34;
5CE2 : 4;
5CE3 : -1;
5CE4 : -20;
5CE5 : -4;
5CE6 : -1;
5CE7 : 29;
5CE8 : 33;
5CE9 : 1;
5CEA : -18;
5CEB : 21;
5CEC : -15;
5CED : -36;
5CEE : -8;
5CEF : 16;
5CF0 : -55;
5CF1 : 20;
5CF2 : -18;
5CF3 : -18;
5CF4 : -4;
5CF5 : -41;
5CF6 : -22;
5CF7 : 77;
5CF8 : -23;
5CF9 : -4;
5CFA : -24;
5CFB : -5;
5CFC : 12;
5CFD : -51;
5CFE : 69;
5CFF : -5;
5D00 : -26;
5D01 : 8;
5D02 : 21;
5D03 : -10;
5D04 : -36;
5D05 : 37;
5D06 : 5;
5D07 : 1;
5D08 : 8;
5D09 : 5;
5D0A : 10;
5D0B : 32;
5D0C : -36;
5D0D : -16;
5D0E : -11;
5D0F : 11;
5D10 : -20;
5D11 : 3;
5D12 : -24;
5D13 : 18;
5D14 : 8;
5D15 : 7;
5D16 : 17;
5D17 : 33;
5D18 : 26;
5D19 : 20;
5D1A : 7;
5D1B : -15;
5D1C : -30;
5D1D : 15;
5D1E : 12;
5D1F : 7;
5D20 : -18;
5D21 : 13;
5D22 : 8;
5D23 : -3;
5D24 : 5;
5D25 : -6;
5D26 : 0;
5D27 : 2;
5D28 : -17;
5D29 : 10;
5D2A : 5;
5D2B : -14;
5D2C : 4;
5D2D : -34;
5D2E : -5;
5D2F : -22;
5D30 : -6;
5D31 : -22;
5D32 : -22;
5D33 : 7;
5D34 : -25;
5D35 : 18;
5D36 : 24;
5D37 : -14;
5D38 : 6;
5D39 : 20;
5D3A : -24;
5D3B : -9;
5D3C : -29;
5D3D : -13;
5D3E : -4;
5D3F : -12;
5D40 : -11;
5D41 : 23;
5D42 : -32;
5D43 : 8;
5D44 : -16;
5D45 : -19;
5D46 : -3;
5D47 : -28;
5D48 : 14;
5D49 : -23;
5D4A : -16;
5D4B : 20;
5D4C : -27;
5D4D : -37;
5D4E : -16;
5D4F : -24;
5D50 : -24;
5D51 : -21;
5D52 : -25;
5D53 : -7;
5D54 : 31;
5D55 : 2;
5D56 : -11;
5D57 : -26;
5D58 : 16;
5D59 : -4;
5D5A : -10;
5D5B : 15;
5D5C : -22;
5D5D : -30;
5D5E : -21;
5D5F : -34;
5D60 : -14;
5D61 : -27;
5D62 : -23;
5D63 : -22;
5D64 : -2;
5D65 : 10;
5D66 : -9;
5D67 : 2;
5D68 : -13;
5D69 : -5;
5D6A : 26;
5D6B : -4;
5D6C : -15;
5D6D : 17;
5D6E : -36;
5D6F : -1;
5D70 : 42;
5D71 : -20;
5D72 : 11;
5D73 : -1;
5D74 : -16;
5D75 : -22;
5D76 : 3;
5D77 : -28;
5D78 : 13;
5D79 : 3;
5D7A : 9;
5D7B : -17;
5D7C : -5;
5D7D : 26;
5D7E : 20;
5D7F : -18;
5D80 : -20;
5D81 : -25;
5D82 : -21;
5D83 : 11;
5D84 : 15;
5D85 : -5;
5D86 : -32;
5D87 : -30;
5D88 : -5;
5D89 : 22;
5D8A : -22;
5D8B : -26;
5D8C : 0;
5D8D : 16;
5D8E : -28;
5D8F : 3;
5D90 : 17;
5D91 : -13;
5D92 : -3;
5D93 : -23;
5D94 : 23;
5D95 : 7;
5D96 : -12;
5D97 : 11;
5D98 : -28;
5D99 : -26;
5D9A : -3;
5D9B : -16;
5D9C : 18;
5D9D : 25;
5D9E : -2;
5D9F : -27;
5DA0 : 18;
5DA1 : 10;
5DA2 : -19;
5DA3 : -10;
5DA4 : -4;
5DA5 : -12;
5DA6 : -31;
5DA7 : -3;
5DA8 : 6;
5DA9 : 25;
5DAA : 15;
5DAB : 25;
5DAC : -12;
5DAD : 5;
5DAE : 2;
5DAF : -5;
5DB0 : 20;
5DB1 : -23;
5DB2 : 14;
5DB3 : -22;
5DB4 : 19;
5DB5 : 19;
5DB6 : -19;
5DB7 : -23;
5DB8 : 10;
5DB9 : -12;
5DBA : 25;
5DBB : -18;
5DBC : -20;
5DBD : -1;
5DBE : -29;
5DBF : 7;
5DC0 : 2;
5DC1 : 18;
5DC2 : -24;
5DC3 : 11;
5DC4 : -23;
5DC5 : -19;
5DC6 : -40;
5DC7 : -26;
5DC8 : 9;
5DC9 : 1;
5DCA : -28;
5DCB : -3;
5DCC : -5;
5DCD : -25;
5DCE : -2;
5DCF : -19;
5DD0 : -32;
5DD1 : -6;
5DD2 : -26;
5DD3 : 0;
5DD4 : -7;
5DD5 : -25;
5DD6 : -10;
5DD7 : -5;
5DD8 : 14;
5DD9 : -30;
5DDA : 22;
5DDB : -21;
5DDC : -5;
5DDD : -22;
5DDE : -12;
5DDF : 25;
5DE0 : -4;
5DE1 : -4;
5DE2 : 5;
5DE3 : -29;
5DE4 : -26;
5DE5 : -22;
5DE6 : -5;
5DE7 : -25;
5DE8 : 12;
5DE9 : -18;
5DEA : -17;
5DEB : -28;
5DEC : 22;
5DED : -35;
5DEE : 4;
5DEF : -12;
5DF0 : 6;
5DF1 : -3;
5DF2 : -8;
5DF3 : 7;
5DF4 : 21;
5DF5 : -23;
5DF6 : 14;
5DF7 : 23;
5DF8 : -10;
5DF9 : 12;
5DFA : -20;
5DFB : 12;
5DFC : 17;
5DFD : 1;
5DFE : -22;
5DFF : -3;
5E00 : 18;
5E01 : -16;
5E02 : -18;
5E03 : 23;
5E04 : 28;
5E05 : 10;
5E06 : 7;
5E07 : 21;
5E08 : -15;
5E09 : -26;
5E0A : -25;
5E0B : 12;
5E0C : -6;
5E0D : -18;
5E0E : 11;
5E0F : 3;
5E10 : 5;
5E11 : 8;
5E12 : 5;
5E13 : -22;
5E14 : -15;
5E15 : -21;
5E16 : 3;
5E17 : 4;
5E18 : -17;
5E19 : 7;
5E1A : -32;
5E1B : -10;
5E1C : -25;
5E1D : -25;
5E1E : -10;
5E1F : -31;
5E20 : -18;
5E21 : -8;
5E22 : 16;
5E23 : -26;
5E24 : -6;
5E25 : 25;
5E26 : -3;
5E27 : 22;
5E28 : -11;
5E29 : -24;
5E2A : -24;
5E2B : 15;
5E2C : -2;
5E2D : 25;
5E2E : -30;
5E2F : -19;
5E30 : -14;
5E31 : -15;
5E32 : 9;
5E33 : -9;
5E34 : 11;
5E35 : -16;
5E36 : 4;
5E37 : 20;
5E38 : -21;
5E39 : -14;
5E3A : 25;
5E3B : -19;
5E3C : 14;
5E3D : -20;
5E3E : 17;
5E3F : -11;
5E40 : 28;
5E41 : 20;
5E42 : -19;
5E43 : -32;
5E44 : -16;
5E45 : -1;
5E46 : 22;
5E47 : -15;
5E48 : 14;
5E49 : 1;
5E4A : 15;
5E4B : 6;
5E4C : -15;
5E4D : -26;
5E4E : -16;
5E4F : 13;
5E50 : -32;
5E51 : 7;
5E52 : -13;
5E53 : -6;
5E54 : 12;
5E55 : 12;
5E56 : -10;
5E57 : -2;
5E58 : -4;
5E59 : -3;
5E5A : 23;
5E5B : 4;
5E5C : -10;
5E5D : -22;
5E5E : -7;
5E5F : -5;
5E60 : -13;
5E61 : -23;
5E62 : 6;
5E63 : -34;
5E64 : -15;
5E65 : 4;
5E66 : -24;
5E67 : -24;
5E68 : -3;
5E69 : 12;
5E6A : -12;
5E6B : -18;
5E6C : -32;
5E6D : 21;
5E6E : -12;
5E6F : -30;
5E70 : -17;
5E71 : -25;
5E72 : 22;
5E73 : 1;
5E74 : -30;
5E75 : 14;
5E76 : 3;
5E77 : 10;
5E78 : -22;
5E79 : 15;
5E7A : 20;
5E7B : 6;
5E7C : -23;
5E7D : -28;
5E7E : -1;
5E7F : -19;
5E80 : -13;
5E81 : -16;
5E82 : 16;
5E83 : -19;
5E84 : 23;
5E85 : -13;
5E86 : 0;
5E87 : -16;
5E88 : -30;
5E89 : -25;
5E8A : -27;
5E8B : 16;
5E8C : -16;
5E8D : 10;
5E8E : 2;
5E8F : -18;
5E90 : 1;
5E91 : 4;
5E92 : 11;
5E93 : -29;
5E94 : -30;
5E95 : 28;
5E96 : -34;
5E97 : 9;
5E98 : 23;
5E99 : 5;
5E9A : -31;
5E9B : 15;
5E9C : -25;
5E9D : -4;
5E9E : -22;
5E9F : -15;
5EA0 : -9;
5EA1 : -10;
5EA2 : -16;
5EA3 : 15;
5EA4 : -25;
5EA5 : -24;
5EA6 : -18;
5EA7 : 7;
5EA8 : -4;
5EA9 : -30;
5EAA : 17;
5EAB : 15;
5EAC : 23;
5EAD : -14;
5EAE : -31;
5EAF : -11;
5EB0 : -24;
5EB1 : -1;
5EB2 : -15;
5EB3 : -10;
5EB4 : 0;
5EB5 : -20;
5EB6 : -22;
5EB7 : 0;
5EB8 : -4;
5EB9 : 21;
5EBA : -17;
5EBB : 18;
5EBC : -27;
5EBD : -28;
5EBE : 26;
5EBF : 21;
5EC0 : 14;
5EC1 : -17;
5EC2 : 6;
5EC3 : 22;
5EC4 : -31;
5EC5 : 27;
5EC6 : -23;
5EC7 : 6;
5EC8 : -17;
5EC9 : -22;
5ECA : 18;
5ECB : 7;
5ECC : 2;
5ECD : 0;
5ECE : -26;
5ECF : 3;
5ED0 : -29;
5ED1 : -17;
5ED2 : 9;
5ED3 : -1;
5ED4 : -16;
5ED5 : -18;
5ED6 : 13;
5ED7 : -32;
5ED8 : -2;
5ED9 : 0;
5EDA : 3;
5EDB : -25;
5EDC : 18;
5EDD : 24;
5EDE : -18;
5EDF : -28;
5EE0 : 2;
5EE1 : -5;
5EE2 : -21;
5EE3 : 23;
5EE4 : -12;
5EE5 : 5;
5EE6 : -17;
5EE7 : 20;
5EE8 : -10;
5EE9 : -2;
5EEA : -30;
5EEB : 20;
5EEC : -20;
5EED : 6;
5EEE : -25;
5EEF : -3;
5EF0 : -12;
5EF1 : -1;
5EF2 : 13;
5EF3 : 6;
5EF4 : -30;
5EF5 : 29;
5EF6 : -24;
5EF7 : 6;
5EF8 : 10;
5EF9 : -33;
5EFA : -11;
5EFB : 23;
5EFC : -26;
5EFD : -1;
5EFE : 7;
5EFF : -31;
5F00 : 5;
5F01 : 28;
5F02 : -5;
5F03 : 0;
5F04 : 8;
5F05 : -1;
5F06 : -25;
5F07 : 5;
5F08 : -25;
5F09 : 2;
5F0A : -13;
5F0B : -33;
5F0C : 4;
5F0D : 26;
5F0E : 6;
5F0F : 9;
5F10 : -17;
5F11 : 19;
5F12 : 22;
5F13 : 37;
5F14 : -30;
5F15 : -5;
5F16 : 27;
5F17 : -27;
5F18 : 10;
5F19 : -27;
5F1A : 4;
5F1B : -4;
5F1C : -6;
5F1D : 15;
5F1E : 1;
5F1F : 11;
5F20 : 24;
5F21 : 36;
5F22 : 0;
5F23 : -18;
5F24 : -30;
5F25 : 32;
5F26 : 12;
5F27 : -13;
5F28 : -18;
5F29 : 10;
5F2A : -32;
5F2B : 31;
5F2C : 15;
5F2D : 35;
5F2E : -22;
5F2F : -37;
5F30 : -16;
5F31 : 10;
5F32 : 10;
5F33 : -17;
5F34 : 14;
5F35 : -15;
5F36 : -7;
5F37 : 31;
5F38 : 27;
5F39 : -8;
5F3A : -50;
5F3B : -34;
5F3C : 20;
5F3D : 40;
5F3E : -14;
5F3F : 18;
5F40 : 16;
5F41 : 38;
5F42 : -13;
5F43 : -3;
5F44 : -23;
5F45 : 6;
5F46 : -9;
5F47 : -13;
5F48 : 1;
5F49 : 8;
5F4A : -37;
5F4B : -37;
5F4C : 16;
5F4D : -4;
5F4E : 15;
5F4F : -17;
5F50 : 22;
5F51 : -3;
5F52 : 24;
5F53 : 8;
5F54 : -34;
5F55 : -52;
5F56 : 14;
5F57 : 23;
5F58 : -16;
5F59 : -14;
5F5A : -3;
5F5B : -10;
5F5C : -9;
5F5D : -17;
5F5E : -17;
5F5F : 21;
5F60 : 6;
5F61 : 20;
5F62 : -11;
5F63 : 17;
5F64 : 16;
5F65 : 14;
5F66 : 29;
5F67 : 6;
5F68 : -19;
5F69 : -2;
5F6A : 11;
5F6B : 33;
5F6C : 3;
5F6D : -8;
5F6E : -19;
5F6F : 14;
5F70 : 12;
5F71 : -12;
5F72 : -12;
5F73 : -19;
5F74 : -26;
5F75 : -9;
5F76 : 2;
5F77 : 62;
5F78 : -14;
5F79 : 28;
5F7A : -38;
5F7B : 21;
5F7C : 19;
5F7D : 2;
5F7E : -38;
5F7F : -20;
5F80 : 29;
5F81 : 37;
5F82 : -28;
5F83 : -3;
5F84 : 11;
5F85 : 3;
5F86 : 24;
5F87 : 23;
5F88 : 17;
5F89 : 5;
5F8A : -16;
5F8B : 4;
5F8C : -18;
5F8D : -43;
5F8E : 11;
5F8F : -22;
5F90 : -18;
5F91 : 7;
5F92 : -27;
5F93 : 2;
5F94 : 31;
5F95 : 16;
5F96 : -9;
5F97 : -3;
5F98 : -16;
5F99 : 28;
5F9A : 24;
5F9B : -5;
5F9C : 1;
5F9D : 17;
5F9E : 4;
5F9F : 17;
5FA0 : -13;
5FA1 : 9;
5FA2 : 10;
5FA3 : -31;
5FA4 : -3;
5FA5 : 38;
5FA6 : 11;
5FA7 : -28;
5FA8 : 25;
5FA9 : 14;
5FAA : 4;
5FAB : -30;
5FAC : 19;
5FAD : 16;
5FAE : -11;
5FAF : 4;
5FB0 : 57;
5FB1 : 23;
5FB2 : -33;
5FB3 : -21;
5FB4 : 10;
5FB5 : -18;
5FB6 : 12;
5FB7 : 23;
5FB8 : 18;
5FB9 : -50;
5FBA : 34;
5FBB : 7;
5FBC : 29;
5FBD : 22;
5FBE : -71;
5FBF : -9;
5FC0 : 18;
5FC1 : 1;
5FC2 : 30;
5FC3 : -13;
5FC4 : -1;
5FC5 : 29;
5FC6 : 26;
5FC7 : -23;
5FC8 : -26;
5FC9 : -16;
5FCA : 10;
5FCB : -12;
5FCC : 27;
5FCD : 15;
5FCE : -16;
5FCF : 13;
5FD0 : -8;
5FD1 : 43;
5FD2 : -23;
5FD3 : 22;
5FD4 : -17;
5FD5 : -4;
5FD6 : 9;
5FD7 : -50;
5FD8 : -46;
5FD9 : 21;
5FDA : 3;
5FDB : 5;
5FDC : 15;
5FDD : 17;
5FDE : -24;
5FDF : -17;
5FE0 : -2;
5FE1 : 19;
5FE2 : -24;
5FE3 : -2;
5FE4 : 1;
5FE5 : 50;
5FE6 : -42;
5FE7 : -56;
5FE8 : -28;
5FE9 : -23;
5FEA : -6;
5FEB : 28;
5FEC : -1;
5FED : -20;
5FEE : -35;
5FEF : -35;
5FF0 : 30;
5FF1 : -22;
5FF2 : 4;
5FF3 : -33;
5FF4 : -33;
5FF5 : 46;
5FF6 : -27;
5FF7 : 22;
5FF8 : 28;
5FF9 : -33;
5FFA : -3;
5FFB : -17;
5FFC : -7;
5FFD : 31;
5FFE : -79;
5FFF : -27;
6000 : 13;
6001 : 2;
6002 : -17;
6003 : -30;
6004 : -33;
6005 : -39;
6006 : -41;
6007 : 2;
6008 : -27;
6009 : 28;
600A : -12;
600B : -65;
600C : -4;
600D : 34;
600E : -2;
600F : 8;
6010 : 19;
6011 : -5;
6012 : 10;
6013 : -12;
6014 : -20;
6015 : -45;
6016 : 3;
6017 : 2;
6018 : 18;
6019 : 33;
601A : 14;
601B : -26;
601C : -18;
601D : -10;
601E : 36;
601F : 19;
6020 : -34;
6021 : 33;
6022 : 33;
6023 : -18;
6024 : 19;
6025 : -19;
6026 : 22;
6027 : 82;
6028 : -7;
6029 : 36;
602A : -39;
602B : 38;
602C : 14;
602D : 1;
602E : -5;
602F : 9;
6030 : -5;
6031 : -22;
6032 : 20;
6033 : 6;
6034 : -7;
6035 : -10;
6036 : -4;
6037 : 29;
6038 : 14;
6039 : 24;
603A : -2;
603B : 17;
603C : 25;
603D : -21;
603E : 28;
603F : 20;
6040 : 24;
6041 : -21;
6042 : -13;
6043 : -14;
6044 : 22;
6045 : 0;
6046 : -29;
6047 : 41;
6048 : -19;
6049 : 10;
604A : 13;
604B : -63;
604C : 18;
604D : -2;
604E : -22;
604F : -18;
6050 : 7;
6051 : 31;
6052 : 1;
6053 : -3;
6054 : -31;
6055 : -5;
6056 : -21;
6057 : 38;
6058 : 1;
6059 : 19;
605A : -12;
605B : -46;
605C : -5;
605D : -7;
605E : 16;
605F : -15;
6060 : 27;
6061 : 13;
6062 : -16;
6063 : -1;
6064 : 38;
6065 : 14;
6066 : -18;
6067 : -10;
6068 : -21;
6069 : -13;
606A : 30;
606B : -3;
606C : -8;
606D : 8;
606E : 29;
606F : 5;
6070 : -22;
6071 : -13;
6072 : 5;
6073 : 11;
6074 : 31;
6075 : 10;
6076 : -1;
6077 : -66;
6078 : -5;
6079 : -31;
607A : 16;
607B : 0;
607C : -17;
607D : -32;
607E : -32;
607F : -26;
6080 : 13;
6081 : -25;
6082 : -20;
6083 : 6;
6084 : -28;
6085 : 9;
6086 : 14;
6087 : 6;
6088 : 2;
6089 : 6;
608A : 14;
608B : -77;
608C : -25;
608D : 25;
608E : -39;
608F : -43;
6090 : -16;
6091 : -11;
6092 : -24;
6093 : 5;
6094 : -36;
6095 : 16;
6096 : 17;
6097 : 10;
6098 : 13;
6099 : -28;
609A : 22;
609B : -57;
609C : 24;
609D : 36;
609E : 23;
609F : 16;
60A0 : 30;
60A1 : -23;
60A2 : -27;
60A3 : -19;
60A4 : 19;
60A5 : 38;
60A6 : 45;
60A7 : -57;
60A8 : -31;
60A9 : -26;
60AA : 2;
60AB : -8;
60AC : 12;
60AD : 16;
60AE : 13;
60AF : 0;
60B0 : 21;
60B1 : 21;
60B2 : -64;
60B3 : 21;
60B4 : -7;
60B5 : -4;
60B6 : 9;
60B7 : 44;
60B8 : -10;
60B9 : -1;
60BA : -11;
60BB : 4;
60BC : -19;
60BD : 21;
60BE : -24;
60BF : -12;
60C0 : -16;
60C1 : 1;
60C2 : -23;
60C3 : 29;
60C4 : 48;
60C5 : -31;
60C6 : 27;
60C7 : 21;
60C8 : 30;
60C9 : 28;
60CA : -32;
60CB : -71;
60CC : 1;
60CD : -33;
60CE : -34;
60CF : -22;
60D0 : 18;
60D1 : 11;
60D2 : 35;
60D3 : 13;
60D4 : 30;
60D5 : -24;
60D6 : 26;
60D7 : -3;
60D8 : 0;
60D9 : -39;
60DA : -11;
60DB : -20;
60DC : -21;
60DD : -31;
60DE : -13;
60DF : 11;
60E0 : 32;
60E1 : -15;
60E2 : -6;
60E3 : -3;
60E4 : 32;
60E5 : 61;
60E6 : 36;
60E7 : -37;
60E8 : -47;
60E9 : 0;
60EA : 27;
60EB : 21;
60EC : 2;
60ED : 51;
60EE : 23;
60EF : -1;
60F0 : 33;
60F1 : 41;
60F2 : -21;
60F3 : 15;
60F4 : -16;
60F5 : 1;
60F6 : -14;
60F7 : -13;
60F8 : -46;
60F9 : -14;
60FA : 6;
60FB : -23;
60FC : 3;
60FD : 13;
60FE : -8;
60FF : -24;
6100 : 15;
6101 : 31;
6102 : -14;
6103 : 11;
6104 : 16;
6105 : -9;
6106 : -27;
6107 : -8;
6108 : -10;
6109 : -18;
610A : -21;
610B : 9;
610C : 29;
610D : 21;
610E : 4;
610F : 7;
6110 : 15;
6111 : 4;
6112 : -18;
6113 : -29;
6114 : 25;
6115 : -31;
6116 : 9;
6117 : 13;
6118 : 12;
6119 : -5;
611A : -2;
611B : -33;
611C : -14;
611D : -7;
611E : -21;
611F : -23;
6120 : -14;
6121 : 21;
6122 : -25;
6123 : 9;
6124 : 0;
6125 : -18;
6126 : -30;
6127 : -38;
6128 : 11;
6129 : 37;
612A : -23;
612B : -43;
612C : -13;
612D : -12;
612E : 1;
612F : 24;
6130 : -54;
6131 : 2;
6132 : -27;
6133 : 2;
6134 : 22;
6135 : -7;
6136 : -13;
6137 : -27;
6138 : -36;
6139 : 12;
613A : -52;
613B : -31;
613C : -17;
613D : -10;
613E : 30;
613F : -28;
6140 : 1;
6141 : -11;
6142 : -13;
6143 : -4;
6144 : 6;
6145 : 14;
6146 : -25;
6147 : 19;
6148 : -31;
6149 : 14;
614A : 9;
614B : 29;
614C : 6;
614D : 15;
614E : 21;
614F : -9;
6150 : 13;
6151 : 8;
6152 : 8;
6153 : 14;
6154 : 0;
6155 : 17;
6156 : 31;
6157 : 34;
6158 : 31;
6159 : 9;
615A : 8;
615B : -17;
615C : 14;
615D : 6;
615E : 22;
615F : 25;
6160 : 4;
6161 : 25;
6162 : 4;
6163 : 4;
6164 : -4;
6165 : -9;
6166 : -21;
6167 : -7;
6168 : -16;
6169 : -18;
616A : 34;
616B : -2;
616C : 8;
616D : -10;
616E : 29;
616F : 18;
6170 : -15;
6171 : 17;
6172 : -12;
6173 : -24;
6174 : 20;
6175 : -5;
6176 : 42;
6177 : 37;
6178 : 20;
6179 : 29;
617A : -46;
617B : 2;
617C : 21;
617D : 1;
617E : -18;
617F : 13;
6180 : 27;
6181 : -12;
6182 : -41;
6183 : -9;
6184 : -54;
6185 : 46;
6186 : 15;
6187 : 20;
6188 : 35;
6189 : 11;
618A : 3;
618B : -22;
618C : -9;
618D : 31;
618E : 15;
618F : -29;
6190 : -6;
6191 : 10;
6192 : 14;
6193 : -14;
6194 : -18;
6195 : 31;
6196 : -18;
6197 : 14;
6198 : -1;
6199 : 19;
619A : -9;
619B : -13;
619C : -1;
619D : 36;
619E : 7;
619F : 12;
61A0 : 13;
61A1 : 7;
61A2 : -7;
61A3 : -20;
61A4 : 7;
61A5 : 54;
61A6 : -32;
61A7 : -17;
61A8 : -19;
61A9 : 17;
61AA : 12;
61AB : -4;
61AC : -21;
61AD : 12;
61AE : -1;
61AF : -14;
61B0 : -12;
61B1 : 0;
61B2 : 1;
61B3 : 26;
61B4 : 10;
61B5 : 49;
61B6 : 39;
61B7 : 0;
61B8 : 9;
61B9 : -10;
61BA : 15;
61BB : -30;
61BC : -6;
61BD : 34;
61BE : -9;
61BF : 13;
61C0 : -16;
61C1 : 13;
61C2 : 2;
61C3 : -5;
61C4 : 6;
61C5 : -11;
61C6 : 48;
61C7 : 24;
61C8 : 14;
61C9 : -17;
61CA : -15;
61CB : -27;
61CC : -14;
61CD : 29;
61CE : -5;
61CF : -11;
61D0 : -13;
61D1 : 32;
61D2 : 9;
61D3 : -40;
61D4 : -3;
61D5 : 18;
61D6 : 8;
61D7 : 6;
61D8 : -11;
61D9 : 6;
61DA : 45;
61DB : -11;
61DC : -21;
61DD : -5;
61DE : -25;
61DF : 12;
61E0 : -10;
61E1 : 2;
61E2 : -14;
61E3 : -34;
61E4 : 16;
61E5 : 36;
61E6 : -38;
61E7 : 35;
61E8 : 17;
61E9 : -17;
61EA : 24;
61EB : 23;
61EC : 26;
61ED : -29;
61EE : 40;
61EF : -34;
61F0 : -23;
61F1 : -24;
61F2 : -4;
61F3 : -35;
61F4 : -25;
61F5 : -20;
61F6 : -17;
61F7 : 20;
61F8 : 43;
61F9 : -26;
61FA : -16;
61FB : 10;
61FC : 0;
61FD : 30;
61FE : 2;
61FF : -2;
6200 : 10;
6201 : 17;
6202 : -24;
6203 : 4;
6204 : 17;
6205 : -23;
6206 : -8;
6207 : 25;
6208 : -7;
6209 : 10;
620A : 26;
620B : -23;
620C : 27;
620D : 46;
620E : -32;
620F : 37;
6210 : 37;
6211 : -14;
6212 : 3;
6213 : -6;
6214 : -38;
6215 : 37;
6216 : -24;
6217 : -48;
6218 : 2;
6219 : 27;
621A : 29;
621B : -2;
621C : -12;
621D : 8;
621E : 22;
621F : 9;
6220 : -8;
6221 : 19;
6222 : 25;
6223 : -11;
6224 : -27;
6225 : -31;
6226 : -1;
6227 : 18;
6228 : 35;
6229 : 19;
622A : 4;
622B : 5;
622C : 29;
622D : -16;
622E : 15;
622F : -27;
6230 : 4;
6231 : 27;
6232 : -23;
6233 : 16;
6234 : -13;
6235 : -37;
6236 : 20;
6237 : -20;
6238 : -26;
6239 : -4;
623A : -16;
623B : 36;
623C : 23;
623D : -27;
623E : 4;
623F : 23;
6240 : -12;
6241 : -3;
6242 : 21;
6243 : -22;
6244 : -5;
6245 : 25;
6246 : -18;
6247 : -5;
6248 : 16;
6249 : -8;
624A : -15;
624B : 25;
624C : 7;
624D : -6;
624E : 2;
624F : 24;
6250 : -35;
6251 : 29;
6252 : -18;
6253 : -14;
6254 : -11;
6255 : 1;
6256 : 4;
6257 : 38;
6258 : 20;
6259 : 10;
625A : -15;
625B : 32;
625C : -18;
625D : -8;
625E : 0;
625F : 22;
6260 : -5;
6261 : -15;
6262 : 18;
6263 : 13;
6264 : -7;
6265 : -30;
6266 : -7;
6267 : 29;
6268 : -18;
6269 : 1;
626A : 6;
626B : 3;
626C : -7;
626D : -15;
626E : -28;
626F : 10;
6270 : 19;
6271 : 25;
6272 : -10;
6273 : 0;
6274 : 13;
6275 : 34;
6276 : -3;
6277 : 36;
6278 : 2;
6279 : -17;
627A : 11;
627B : 41;
627C : -36;
627D : -15;
627E : 12;
627F : 33;
6280 : -33;
6281 : 11;
6282 : -18;
6283 : -50;
6284 : 8;
6285 : -51;
6286 : 3;
6287 : 44;
6288 : 33;
6289 : 16;
628A : -26;
628B : 32;
628C : 16;
628D : 10;
628E : -24;
628F : -4;
6290 : -34;
6291 : -35;
6292 : 44;
6293 : -17;
6294 : -22;
6295 : -7;
6296 : -39;
6297 : -6;
6298 : -1;
6299 : 12;
629A : 24;
629B : 5;
629C : -32;
629D : -1;
629E : 31;
629F : 27;
62A0 : -20;
62A1 : -7;
62A2 : -10;
62A3 : 13;
62A4 : -21;
62A5 : 0;
62A6 : -27;
62A7 : -23;
62A8 : -7;
62A9 : 2;
62AA : 27;
62AB : -26;
62AC : 27;
62AD : 42;
62AE : 12;
62AF : 13;
62B0 : 17;
62B1 : 28;
62B2 : -10;
62B3 : 4;
62B4 : 3;
62B5 : 39;
62B6 : 4;
62B7 : 33;
62B8 : -23;
62B9 : 11;
62BA : -14;
62BB : 18;
62BC : 6;
62BD : -12;
62BE : 35;
62BF : 27;
62C0 : -40;
62C1 : 0;
62C2 : 20;
62C3 : -14;
62C4 : 26;
62C5 : -16;
62C6 : -12;
62C7 : -14;
62C8 : 10;
62C9 : 29;
62CA : 1;
62CB : 43;
62CC : -45;
62CD : -80;
62CE : 11;
62CF : 8;
62D0 : 2;
62D1 : -32;
62D2 : -1;
62D3 : -10;
62D4 : 13;
62D5 : 55;
62D6 : -6;
62D7 : 8;
62D8 : -4;
62D9 : 15;
62DA : 7;
62DB : -1;
62DC : 7;
62DD : -37;
62DE : -6;
62DF : 7;
62E0 : 19;
62E1 : -21;
62E2 : -36;
62E3 : -14;
62E4 : 23;
62E5 : -28;
62E6 : 6;
62E7 : 43;
62E8 : 28;
62E9 : 22;
62EA : -10;
62EB : 14;
62EC : 28;
62ED : -58;
62EE : 16;
62EF : -14;
62F0 : -19;
62F1 : -20;
62F2 : 8;
62F3 : -19;
62F4 : 19;
62F5 : -34;
62F6 : -26;
62F7 : 37;
62F8 : -4;
62F9 : -4;
62FA : 3;
62FB : 40;
62FC : 24;
62FD : -63;
62FE : -44;
62FF : 34;
6300 : 38;
6301 : 23;
6302 : -5;
6303 : -2;
6304 : 17;
6305 : -2;
6306 : -17;
6307 : 1;
6308 : -14;
6309 : 0;
630A : 35;
630B : -26;
630C : 23;
630D : -9;
630E : -21;
630F : -34;
6310 : 19;
6311 : -21;
6312 : 22;
6313 : 26;
6314 : 3;
6315 : -30;
6316 : -3;
6317 : 6;
6318 : -32;
6319 : -21;
631A : -13;
631B : -10;
631C : -8;
631D : -35;
631E : 16;
631F : 15;
6320 : 8;
6321 : -11;
6322 : 7;
6323 : -3;
6324 : 26;
6325 : -18;
6326 : -33;
6327 : -30;
6328 : 23;
6329 : 48;
632A : 14;
632B : -70;
632C : -16;
632D : 16;
632E : 43;
632F : 14;
6330 : -33;
6331 : 6;
6332 : 16;
6333 : 32;
6334 : -19;
6335 : -12;
6336 : 8;
6337 : 22;
6338 : 2;
6339 : 4;
633A : -74;
633B : -62;
633C : 0;
633D : 14;
633E : -2;
633F : -13;
6340 : -36;
6341 : -3;
6342 : -13;
6343 : 36;
6344 : -20;
6345 : -7;
6346 : -14;
6347 : 18;
6348 : -30;
6349 : -3;
634A : 36;
634B : -26;
634C : 8;
634D : -9;
634E : -26;
634F : 21;
6350 : -5;
6351 : -24;
6352 : 24;
6353 : -7;
6354 : -14;
6355 : -4;
6356 : -27;
6357 : -14;
6358 : 37;
6359 : 8;
635A : 21;
635B : -27;
635C : -9;
635D : 46;
635E : -3;
635F : 28;
6360 : -13;
6361 : 36;
6362 : 7;
6363 : 21;
6364 : -15;
6365 : -31;
6366 : 22;
6367 : 9;
6368 : -2;
6369 : -1;
636A : 32;
636B : -4;
636C : 29;
636D : 25;
636E : -6;
636F : -10;
6370 : 6;
6371 : 26;
6372 : -16;
6373 : 0;
6374 : 30;
6375 : -45;
6376 : -2;
6377 : 9;
6378 : -5;
6379 : -4;
637A : -60;
637B : 17;
637C : 61;
637D : -12;
637E : 3;
637F : 23;
6380 : 16;
6381 : 23;
6382 : -6;
6383 : -17;
6384 : 35;
6385 : -39;
6386 : 33;
6387 : -16;
6388 : -4;
6389 : -19;
638A : -15;
638B : -11;
638C : 28;
638D : 18;
638E : -10;
638F : 17;
6390 : 34;
6391 : 10;
6392 : -10;
6393 : -2;
6394 : -39;
6395 : -30;
6396 : 8;
6397 : 29;
6398 : 28;
6399 : 11;
639A : 23;
639B : -3;
639C : 18;
639D : 45;
639E : -10;
639F : -25;
63A0 : 0;
63A1 : 29;
63A2 : -18;
63A3 : -16;
63A4 : -19;
63A5 : 21;
63A6 : -48;
63A7 : 2;
63A8 : -3;
63A9 : 9;
63AA : -9;
63AB : 17;
63AC : -14;
63AD : 21;
63AE : -44;
63AF : 13;
63B0 : 20;
63B1 : 17;
63B2 : 11;
63B3 : -33;
63B4 : 28;
63B5 : 37;
63B6 : -51;
63B7 : -48;
63B8 : -23;
63B9 : -32;
63BA : -5;
63BB : -16;
63BC : 19;
63BD : 10;
63BE : -32;
63BF : 17;
63C0 : 5;
63C1 : 48;
63C2 : 32;
63C3 : 28;
63C4 : 22;
63C5 : -5;
63C6 : 55;
63C7 : -2;
63C8 : -16;
63C9 : 8;
63CA : 61;
63CB : -22;
63CC : 6;
63CD : 6;
63CE : 43;
63CF : 5;
63D0 : 31;
63D1 : 28;
63D2 : -11;
63D3 : -26;
63D4 : -22;
63D5 : -42;
63D6 : -17;
63D7 : -4;
63D8 : 22;
63D9 : 10;
63DA : -2;
63DB : 29;
63DC : -10;
63DD : 15;
63DE : 3;
63DF : -15;
63E0 : -25;
63E1 : -3;
63E2 : 32;
63E3 : 10;
63E4 : 14;
63E5 : 63;
63E6 : -12;
63E7 : 17;
63E8 : 16;
63E9 : -33;
63EA : -4;
63EB : -9;
63EC : -11;
63ED : -15;
63EE : 12;
63EF : -36;
63F0 : -15;
63F1 : -7;
63F2 : 58;
63F3 : -20;
63F4 : -15;
63F5 : -11;
63F6 : -9;
63F7 : 7;
63F8 : 13;
63F9 : 27;
63FA : 37;
63FB : -1;
63FC : 14;
63FD : -13;
63FE : 47;
63FF : -11;
6400 : 19;
6401 : 21;
6402 : 0;
6403 : 22;
6404 : 31;
6405 : 12;
6406 : -8;
6407 : -26;
6408 : -23;
6409 : 8;
640A : 10;
640B : 51;
640C : -24;
640D : -5;
640E : 15;
640F : -2;
6410 : 27;
6411 : -5;
6412 : -9;
6413 : 15;
6414 : 22;
6415 : -8;
6416 : 0;
6417 : -26;
6418 : -12;
6419 : 16;
641A : 21;
641B : 41;
641C : 1;
641D : -26;
641E : 4;
641F : -14;
6420 : 24;
6421 : -15;
6422 : 2;
6423 : -17;
6424 : 25;
6425 : 1;
6426 : -42;
6427 : -48;
6428 : 33;
6429 : -12;
642A : 8;
642B : -18;
642C : -39;
642D : 18;
642E : -3;
642F : -15;
6430 : 32;
6431 : -12;
6432 : 5;
6433 : 3;
6434 : 15;
6435 : -11;
6436 : -4;
6437 : 42;
6438 : 22;
6439 : -3;
643A : 27;
643B : 29;
643C : -27;
643D : 7;
643E : 21;
643F : 18;
6440 : -38;
6441 : 0;
6442 : -7;
6443 : 14;
6444 : -31;
6445 : -52;
6446 : -6;
6447 : -27;
6448 : -31;
6449 : 23;
644A : 6;
644B : -18;
644C : -23;
644D : -3;
644E : -8;
644F : 33;
6450 : -15;
6451 : -12;
6452 : 35;
6453 : 43;
6454 : -13;
6455 : 20;
6456 : -31;
6457 : -42;
6458 : 23;
6459 : 3;
645A : 14;
645B : -5;
645C : 35;
645D : 34;
645E : 24;
645F : -2;
6460 : 19;
6461 : 0;
6462 : 15;
6463 : -3;
6464 : -29;
6465 : -5;
6466 : 16;
6467 : 9;
6468 : -3;
6469 : 14;
646A : 23;
646B : -3;
646C : 28;
646D : 15;
646E : -4;
646F : 2;
6470 : 37;
6471 : -11;
6472 : -31;
6473 : -32;
6474 : 27;
6475 : 34;
6476 : -48;
6477 : 10;
6478 : -26;
6479 : -5;
647A : -18;
647B : 4;
647C : 0;
647D : -23;
647E : 27;
647F : 5;
6480 : -14;
6481 : -7;
6482 : -11;
6483 : -14;
6484 : 5;
6485 : -62;
6486 : -8;
6487 : 6;
6488 : 36;
6489 : -15;
648A : 11;
648B : -5;
648C : 16;
648D : -1;
648E : 2;
648F : 9;
6490 : 2;
6491 : -19;
6492 : 5;
6493 : 31;
6494 : 0;
6495 : 14;
6496 : -7;
6497 : 10;
6498 : -6;
6499 : 18;
649A : -15;
649B : 18;
649C : 31;
649D : -17;
649E : -12;
649F : -3;
64A0 : 30;
64A1 : 23;
64A2 : 9;
64A3 : 0;
64A4 : -19;
64A5 : -23;
64A6 : -6;
64A7 : -20;
64A8 : -6;
64A9 : -9;
64AA : -26;
64AB : 3;
64AC : 21;
64AD : 7;
64AE : -22;
64AF : 30;
64B0 : 18;
64B1 : 25;
64B2 : 1;
64B3 : 16;
64B4 : -25;
64B5 : 27;
64B6 : -42;
64B7 : -42;
64B8 : 11;
64B9 : -12;
64BA : 30;
64BB : -24;
64BC : 1;
64BD : -11;
64BE : 27;
64BF : 12;
64C0 : 34;
64C1 : 31;
64C2 : 11;
64C3 : 11;
64C4 : 47;
64C5 : -7;
64C6 : 4;
64C7 : 27;
64C8 : -14;
64C9 : 19;
64CA : -11;
64CB : 48;
64CC : -21;
64CD : 9;
64CE : 8;
64CF : 10;
64D0 : -36;
64D1 : 19;
64D2 : 6;
64D3 : -9;
64D4 : 21;
64D5 : -16;
64D6 : -2;
64D7 : 26;
64D8 : -29;
64D9 : 27;
64DA : -30;
64DB : 8;
64DC : 7;
64DD : 7;
64DE : 22;
64DF : -8;
64E0 : 21;
64E1 : -10;
64E2 : -17;
64E3 : -11;
64E4 : -13;
64E5 : -21;
64E6 : 30;
64E7 : 0;
64E8 : 17;
64E9 : 0;
64EA : -28;
64EB : -12;
64EC : 14;
64ED : -10;
64EE : 28;
64EF : 3;
64F0 : -16;
64F1 : 5;
64F2 : 35;
64F3 : -16;
64F4 : 16;
64F5 : -30;
64F6 : 14;
64F7 : 20;
64F8 : 12;
64F9 : 23;
64FA : -42;
64FB : -15;
64FC : 21;
64FD : -20;
64FE : 57;
64FF : -21;
6500 : -41;
6501 : 11;
6502 : 61;
6503 : 10;
6504 : 3;
6505 : 30;
6506 : -17;
6507 : 17;
6508 : 11;
6509 : 16;
650A : -18;
650B : 84;
650C : 4;
650D : -22;
650E : 23;
650F : -3;
6510 : -30;
6511 : -32;
6512 : 27;
6513 : 19;
6514 : 8;
6515 : 49;
6516 : -3;
6517 : -19;
6518 : 1;
6519 : 5;
651A : -1;
651B : 52;
651C : -7;
651D : -1;
651E : 20;
651F : 18;
6520 : -42;
6521 : -15;
6522 : -38;
6523 : -17;
6524 : 16;
6525 : 18;
6526 : 1;
6527 : 25;
6528 : 36;
6529 : 20;
652A : 36;
652B : 24;
652C : -8;
652D : -12;
652E : -15;
652F : 19;
6530 : 27;
6531 : 11;
6532 : -33;
6533 : 21;
6534 : 33;
6535 : 18;
6536 : 34;
6537 : -8;
6538 : 42;
6539 : -41;
653A : 22;
653B : -1;
653C : 20;
653D : -21;
653E : 1;
653F : 17;
6540 : -37;
6541 : 12;
6542 : 14;
6543 : -44;
6544 : 20;
6545 : -12;
6546 : 26;
6547 : -31;
6548 : -10;
6549 : -13;
654A : 3;
654B : 13;
654C : 5;
654D : -77;
654E : -10;
654F : -12;
6550 : -10;
6551 : 14;
6552 : 12;
6553 : 36;
6554 : 36;
6555 : -6;
6556 : 8;
6557 : 13;
6558 : 6;
6559 : -14;
655A : 26;
655B : 4;
655C : 21;
655D : -4;
655E : 30;
655F : 0;
6560 : 5;
6561 : 9;
6562 : -25;
6563 : 7;
6564 : 32;
6565 : 5;
6566 : -22;
6567 : -28;
6568 : 19;
6569 : -2;
656A : 14;
656B : 16;
656C : -13;
656D : 6;
656E : 12;
656F : 29;
6570 : -35;
6571 : -23;
6572 : 2;
6573 : 37;
6574 : -33;
6575 : -2;
6576 : -14;
6577 : 35;
6578 : -4;
6579 : -24;
657A : 37;
657B : 7;
657C : -25;
657D : -21;
657E : 11;
657F : 0;
6580 : -12;
6581 : -60;
6582 : 24;
6583 : 5;
6584 : 22;
6585 : 14;
6586 : -5;
6587 : -36;
6588 : -15;
6589 : 13;
658A : 9;
658B : -10;
658C : -22;
658D : -39;
658E : 22;
658F : 13;
6590 : -25;
6591 : -11;
6592 : -7;
6593 : 20;
6594 : 6;
6595 : -3;
6596 : -42;
6597 : -26;
6598 : -11;
6599 : -27;
659A : 25;
659B : 24;
659C : 7;
659D : 2;
659E : 23;
659F : 17;
65A0 : -33;
65A1 : 2;
65A2 : 33;
65A3 : 14;
65A4 : -4;
65A5 : 16;
65A6 : -30;
65A7 : 14;
65A8 : 16;
65A9 : 28;
65AA : -17;
65AB : -18;
65AC : -7;
65AD : -12;
65AE : -4;
65AF : 15;
65B0 : -15;
65B1 : -39;
65B2 : 27;
65B3 : -41;
65B4 : -18;
65B5 : -12;
65B6 : -8;
65B7 : 32;
65B8 : -39;
65B9 : 29;
65BA : -10;
65BB : 0;
65BC : -20;
65BD : -41;
65BE : -2;
65BF : -17;
65C0 : -20;
65C1 : -25;
65C2 : 39;
65C3 : 23;
65C4 : -32;
65C5 : 5;
65C6 : -2;
65C7 : -31;
65C8 : -35;
65C9 : 4;
65CA : -19;
65CB : 28;
65CC : -16;
65CD : -22;
65CE : 16;
65CF : -1;
65D0 : -8;
65D1 : -28;
65D2 : 4;
65D3 : 5;
65D4 : 35;
65D5 : -22;
65D6 : 5;
65D7 : -46;
65D8 : 22;
65D9 : 19;
65DA : -2;
65DB : 26;
65DC : 24;
65DD : 12;
65DE : -38;
65DF : 9;
65E0 : 2;
65E1 : 17;
65E2 : 7;
65E3 : 25;
65E4 : 26;
65E5 : 13;
65E6 : 24;
65E7 : -31;
65E8 : 24;
65E9 : -6;
65EA : -39;
65EB : 10;
65EC : 19;
65ED : 18;
65EE : -22;
65EF : -5;
65F0 : -30;
65F1 : -10;
65F2 : -51;
65F3 : -29;
65F4 : -10;
65F5 : 41;
65F6 : 31;
65F7 : -10;
65F8 : -20;
65F9 : -26;
65FA : -2;
65FB : 14;
65FC : 20;
65FD : -9;
65FE : -7;
65FF : 17;
6600 : 11;
6601 : -23;
6602 : 6;
6603 : -29;
6604 : 1;
6605 : 21;
6606 : 33;
6607 : 20;
6608 : -9;
6609 : 9;
660A : 15;
660B : -50;
660C : -36;
660D : 2;
660E : 35;
660F : 19;
6610 : 9;
6611 : 25;
6612 : -10;
6613 : 17;
6614 : -2;
6615 : 12;
6616 : 21;
6617 : 25;
6618 : -7;
6619 : 25;
661A : -3;
661B : -12;
661C : 10;
661D : 13;
661E : 1;
661F : -1;
6620 : 45;
6621 : 26;
6622 : -15;
6623 : 30;
6624 : -4;
6625 : 20;
6626 : -14;
6627 : -30;
6628 : -13;
6629 : 21;
662A : -5;
662B : -44;
662C : 17;
662D : -34;
662E : -5;
662F : 15;
6630 : 11;
6631 : 20;
6632 : -34;
6633 : -29;
6634 : 34;
6635 : -24;
6636 : 17;
6637 : -35;
6638 : -9;
6639 : 18;
663A : 2;
663B : -32;
663C : 13;
663D : 16;
663E : -33;
663F : -4;
6640 : 19;
6641 : -26;
6642 : 5;
6643 : -22;
6644 : -14;
6645 : -31;
6646 : -28;
6647 : 27;
6648 : -3;
6649 : -22;
664A : 30;
664B : 16;
664C : -24;
664D : -38;
664E : 9;
664F : 6;
6650 : -31;
6651 : -9;
6652 : 0;
6653 : -45;
6654 : -9;
6655 : -28;
6656 : 7;
6657 : -10;
6658 : 18;
6659 : 7;
665A : -22;
665B : 17;
665C : 28;
665D : 0;
665E : 7;
665F : -17;
6660 : -22;
6661 : 15;
6662 : 19;
6663 : -41;
6664 : -9;
6665 : 1;
6666 : -53;
6667 : -31;
6668 : -9;
6669 : -26;
666A : 5;
666B : -5;
666C : 41;
666D : -8;
666E : 22;
666F : 19;
6670 : 4;
6671 : -22;
6672 : -2;
6673 : 20;
6674 : -17;
6675 : 48;
6676 : -59;
6677 : 41;
6678 : 0;
6679 : -25;
667A : -33;
667B : -11;
667C : -10;
667D : 19;
667E : 20;
667F : -10;
6680 : 21;
6681 : 14;
6682 : 2;
6683 : 19;
6684 : -21;
6685 : -47;
6686 : -5;
6687 : -14;
6688 : -4;
6689 : 40;
668A : -27;
668B : 4;
668C : 1;
668D : -19;
668E : -3;
668F : -19;
6690 : -19;
6691 : 26;
6692 : -27;
6693 : 27;
6694 : -15;
6695 : -6;
6696 : -54;
6697 : 19;
6698 : 20;
6699 : 4;
669A : -8;
669B : -17;
669C : 6;
669D : -24;
669E : -20;
669F : 25;
66A0 : -17;
66A1 : -37;
66A2 : -6;
66A3 : -40;
66A4 : -20;
66A5 : 27;
66A6 : -58;
66A7 : 39;
66A8 : 10;
66A9 : 30;
66AA : -30;
66AB : 33;
66AC : 28;
66AD : -2;
66AE : -2;
66AF : 31;
66B0 : -28;
66B1 : -25;
66B2 : 10;
66B3 : 8;
66B4 : -6;
66B5 : 20;
66B6 : -28;
66B7 : 7;
66B8 : 25;
66B9 : 26;
66BA : -31;
66BB : -22;
66BC : 21;
66BD : -14;
66BE : 34;
66BF : 17;
66C0 : -6;
66C1 : 49;
66C2 : 6;
66C3 : 51;
66C4 : 50;
66C5 : 52;
66C6 : 34;
66C7 : -1;
66C8 : -29;
66C9 : -21;
66CA : 3;
66CB : 24;
66CC : -30;
66CD : 2;
66CE : -23;
66CF : 0;
66D0 : 13;
66D1 : 34;
66D2 : -20;
66D3 : -26;
66D4 : -10;
66D5 : 3;
66D6 : -6;
66D7 : 48;
66D8 : 48;
66D9 : 33;
66DA : -30;
66DB : -26;
66DC : -8;
66DD : -43;
66DE : -12;
66DF : 42;
66E0 : -45;
66E1 : 14;
66E2 : -35;
66E3 : -1;
66E4 : -7;
66E5 : -3;
66E6 : 25;
66E7 : 53;
66E8 : 13;
66E9 : -24;
66EA : -34;
66EB : -11;
66EC : -3;
66ED : -34;
66EE : 15;
66EF : 25;
66F0 : -32;
66F1 : 8;
66F2 : 19;
66F3 : -20;
66F4 : 22;
66F5 : -10;
66F6 : -17;
66F7 : 29;
66F8 : -2;
66F9 : -3;
66FA : 3;
66FB : 36;
66FC : -42;
66FD : 14;
66FE : 67;
66FF : 3;
6700 : -16;
6701 : 18;
6702 : 5;
6703 : -29;
6704 : 20;
6705 : 35;
6706 : -13;
6707 : 39;
6708 : -7;
6709 : -13;
670A : -1;
670B : 53;
670C : -24;
670D : 9;
670E : -9;
670F : 23;
6710 : 15;
6711 : 9;
6712 : -23;
6713 : -14;
6714 : 26;
6715 : 1;
6716 : -14;
6717 : 39;
6718 : -6;
6719 : -34;
671A : -20;
671B : 0;
671C : -21;
671D : -36;
671E : 27;
671F : -5;
6720 : 6;
6721 : 13;
6722 : -11;
6723 : -18;
6724 : 30;
6725 : 2;
6726 : -8;
6727 : 41;
6728 : -31;
6729 : -24;
672A : 42;
672B : -5;
672C : -5;
672D : -48;
672E : -8;
672F : -8;
6730 : 24;
6731 : 13;
6732 : 25;
6733 : -4;
6734 : -31;
6735 : 8;
6736 : 10;
6737 : 13;
6738 : 38;
6739 : 3;
673A : -18;
673B : 5;
673C : -29;
673D : 33;
673E : 5;
673F : -5;
6740 : -2;
6741 : 9;
6742 : -26;
6743 : 28;
6744 : 20;
6745 : -26;
6746 : 23;
6747 : -6;
6748 : -5;
6749 : -16;
674A : 5;
674B : -14;
674C : -28;
674D : -10;
674E : 32;
674F : -23;
6750 : -16;
6751 : -6;
6752 : -20;
6753 : 29;
6754 : 2;
6755 : -6;
6756 : -14;
6757 : -14;
6758 : 20;
6759 : 4;
675A : 4;
675B : -19;
675C : -42;
675D : 0;
675E : 32;
675F : -3;
6760 : 4;
6761 : 14;
6762 : -10;
6763 : 10;
6764 : -2;
6765 : -13;
6766 : 15;
6767 : -11;
6768 : -13;
6769 : 28;
676A : 8;
676B : -5;
676C : 2;
676D : -24;
676E : 12;
676F : -32;
6770 : -25;
6771 : -2;
6772 : -2;
6773 : -8;
6774 : 40;
6775 : 11;
6776 : 20;
6777 : 11;
6778 : 7;
6779 : 28;
677A : -12;
677B : 8;
677C : 3;
677D : -26;
677E : -13;
677F : -25;
6780 : 12;
6781 : 2;
6782 : 39;
6783 : 2;
6784 : -12;
6785 : 6;
6786 : 3;
6787 : 18;
6788 : 8;
6789 : 2;
678A : -12;
678B : -13;
678C : -11;
678D : -39;
678E : 2;
678F : 26;
6790 : 18;
6791 : 30;
6792 : -14;
6793 : 10;
6794 : 6;
6795 : -30;
6796 : 8;
6797 : 25;
6798 : -9;
6799 : 36;
679A : -27;
679B : 24;
679C : 35;
679D : 4;
679E : 10;
679F : -24;
67A0 : 2;
67A1 : 29;
67A2 : -16;
67A3 : 14;
67A4 : 32;
67A5 : 22;
67A6 : 25;
67A7 : 1;
67A8 : -33;
67A9 : 24;
67AA : 0;
67AB : 9;
67AC : 18;
67AD : -9;
67AE : -17;
67AF : 28;
67B0 : 4;
67B1 : 29;
67B2 : -42;
67B3 : 46;
67B4 : -7;
67B5 : 20;
67B6 : 12;
67B7 : 38;
67B8 : 2;
67B9 : 13;
67BA : 48;
67BB : -10;
67BC : -22;
67BD : 29;
67BE : -53;
67BF : -17;
67C0 : -9;
67C1 : -40;
67C2 : 56;
67C3 : -48;
67C4 : -48;
67C5 : -14;
67C6 : -19;
67C7 : -4;
67C8 : -23;
67C9 : 14;
67CA : -14;
67CB : 5;
67CC : 3;
67CD : 8;
67CE : 10;
67CF : 11;
67D0 : -2;
67D1 : -20;
67D2 : -31;
67D3 : 15;
67D4 : 15;
67D5 : 7;
67D6 : -8;
67D7 : -32;
67D8 : -54;
67D9 : 15;
67DA : 22;
67DB : 26;
67DC : 14;
67DD : 0;
67DE : -12;
67DF : 24;
67E0 : 31;
67E1 : -20;
67E2 : -22;
67E3 : -24;
67E4 : -5;
67E5 : 4;
67E6 : -22;
67E7 : -34;
67E8 : -7;
67E9 : -23;
67EA : 22;
67EB : 1;
67EC : -19;
67ED : -15;
67EE : -41;
67EF : -9;
67F0 : 8;
67F1 : -3;
67F2 : 3;
67F3 : 11;
67F4 : -33;
67F5 : -11;
67F6 : 43;
67F7 : -21;
67F8 : 34;
67F9 : 45;
67FA : -12;
67FB : -57;
67FC : 22;
67FD : 24;
67FE : 1;
67FF : -11;
6800 : 21;
6801 : 16;
6802 : 5;
6803 : -3;
6804 : 32;
6805 : -20;
6806 : 29;
6807 : -6;
6808 : -7;
6809 : 34;
680A : -8;
680B : 45;
680C : -15;
680D : -44;
680E : 2;
680F : -22;
6810 : -39;
6811 : 0;
6812 : 22;
6813 : -27;
6814 : -14;
6815 : -11;
6816 : -4;
6817 : 18;
6818 : 11;
6819 : -5;
681A : 34;
681B : 21;
681C : -24;
681D : -14;
681E : -20;
681F : 2;
6820 : 4;
6821 : -14;
6822 : 13;
6823 : 23;
6824 : -4;
6825 : -21;
6826 : -35;
6827 : 15;
6828 : -35;
6829 : -30;
682A : -3;
682B : 18;
682C : 8;
682D : -8;
682E : -7;
682F : 19;
6830 : -21;
6831 : 8;
6832 : 29;
6833 : 4;
6834 : -24;
6835 : 17;
6836 : -6;
6837 : 40;
6838 : 19;
6839 : 20;
683A : -4;
683B : 15;
683C : -26;
683D : 0;
683E : 29;
683F : -2;
6840 : -35;
6841 : -8;
6842 : 20;
6843 : 41;
6844 : 31;
6845 : 7;
6846 : 51;
6847 : 13;
6848 : -33;
6849 : 3;
684A : -5;
684B : 19;
684C : 12;
684D : -21;
684E : -14;
684F : -18;
6850 : 22;
6851 : 7;
6852 : 12;
6853 : 30;
6854 : 7;
6855 : 28;
6856 : -9;
6857 : -34;
6858 : 17;
6859 : -1;
685A : 0;
685B : 4;
685C : -10;
685D : -10;
685E : 13;
685F : -17;
6860 : 10;
6861 : 14;
6862 : 1;
6863 : -27;
6864 : 5;
6865 : -13;
6866 : -31;
6867 : 36;
6868 : 14;
6869 : 20;
686A : -16;
686B : 2;
686C : -8;
686D : -21;
686E : -19;
686F : -12;
6870 : 1;
6871 : 32;
6872 : 17;
6873 : 19;
6874 : 12;
6875 : -10;
6876 : -2;
6877 : 29;
6878 : 14;
6879 : -8;
687A : 8;
687B : 17;
687C : 3;
687D : -30;
687E : 30;
687F : 22;
6880 : -12;
6881 : -33;
6882 : 21;
6883 : 22;
6884 : 16;
6885 : 3;
6886 : 9;
6887 : -10;
6888 : 26;
6889 : -5;
688A : -13;
688B : 42;
688C : 20;
688D : -14;
688E : 31;
688F : 11;
6890 : -13;
6891 : -8;
6892 : 20;
6893 : 24;
6894 : -19;
6895 : -13;
6896 : 8;
6897 : 44;
6898 : -29;
6899 : -3;
689A : -10;
689B : 36;
689C : -13;
689D : 7;
689E : 7;
689F : 10;
68A0 : 20;
68A1 : 21;
68A2 : -23;
68A3 : 30;
68A4 : 49;
68A5 : 19;
68A6 : 25;
68A7 : -7;
68A8 : -34;
68A9 : -6;
68AA : 39;
68AB : 18;
68AC : 3;
68AD : -14;
68AE : -10;
68AF : -9;
68B0 : 5;
68B1 : 32;
68B2 : 24;
68B3 : -18;
68B4 : 37;
68B5 : 16;
68B6 : -8;
68B7 : -9;
68B8 : 4;
68B9 : -22;
68BA : 10;
68BB : 15;
68BC : 1;
68BD : -12;
68BE : -23;
68BF : 10;
68C0 : -18;
68C1 : -59;
68C2 : 35;
68C3 : 6;
68C4 : -69;
68C5 : -40;
68C6 : -28;
68C7 : -37;
68C8 : 12;
68C9 : -15;
68CA : -31;
68CB : -3;
68CC : -26;
68CD : -12;
68CE : -13;
68CF : -21;
68D0 : -17;
68D1 : -54;
68D2 : 3;
68D3 : 8;
68D4 : -33;
68D5 : -4;
68D6 : 0;
68D7 : -36;
68D8 : -9;
68D9 : 23;
68DA : 23;
68DB : 38;
68DC : -29;
68DD : 16;
68DE : 23;
68DF : 20;
68E0 : -1;
68E1 : -12;
68E2 : 20;
68E3 : 39;
68E4 : 5;
68E5 : 14;
68E6 : -21;
68E7 : -5;
68E8 : 10;
68E9 : 38;
68EA : -12;
68EB : -26;
68EC : -7;
68ED : 26;
68EE : -8;
68EF : -14;
68F0 : -11;
68F1 : 3;
68F2 : -10;
68F3 : 7;
68F4 : 18;
68F5 : 24;
68F6 : 37;
68F7 : -11;
68F8 : 11;
68F9 : 15;
68FA : -46;
68FB : -9;
68FC : 0;
68FD : -13;
68FE : -11;
68FF : 17;
6900 : 33;
6901 : -26;
6902 : 22;
6903 : 58;
6904 : 11;
6905 : -36;
6906 : -21;
6907 : -4;
6908 : -30;
6909 : 19;
690A : -4;
690B : 19;
690C : 17;
690D : 16;
690E : -5;
690F : 43;
6910 : 17;
6911 : 6;
6912 : 5;
6913 : -14;
6914 : 13;
6915 : -26;
6916 : -28;
6917 : -46;
6918 : 14;
6919 : -14;
691A : -11;
691B : 27;
691C : -7;
691D : 3;
691E : -30;
691F : 9;
6920 : -4;
6921 : 5;
6922 : 27;
6923 : 4;
6924 : 3;
6925 : -22;
6926 : 32;
6927 : 1;
6928 : 30;
6929 : 12;
692A : -38;
692B : 38;
692C : 24;
692D : 17;
692E : 17;
692F : -38;
6930 : 26;
6931 : 32;
6932 : -11;
6933 : -19;
6934 : 23;
6935 : -19;
6936 : 3;
6937 : 58;
6938 : 11;
6939 : 23;
693A : 36;
693B : 26;
693C : 14;
693D : -11;
693E : 33;
693F : -12;
6940 : 6;
6941 : -12;
6942 : -1;
6943 : 3;
6944 : -9;
6945 : -27;
6946 : -37;
6947 : 7;
6948 : 4;
6949 : -24;
694A : 15;
694B : -11;
694C : -21;
694D : 51;
694E : -1;
694F : 18;
6950 : 23;
6951 : -21;
6952 : 3;
6953 : -8;
6954 : 11;
6955 : -6;
6956 : 7;
6957 : 14;
6958 : -11;
6959 : -2;
695A : 11;
695B : -22;
695C : -5;
695D : -13;
695E : 17;
695F : -25;
6960 : 8;
6961 : 2;
6962 : -4;
6963 : 1;
6964 : 3;
6965 : -4;
6966 : 25;
6967 : 30;
6968 : -20;
6969 : -14;
696A : 5;
696B : -15;
696C : -8;
696D : 26;
696E : -30;
696F : 13;
6970 : 17;
6971 : -7;
6972 : 2;
6973 : 1;
6974 : 27;
6975 : -14;
6976 : -29;
6977 : -58;
6978 : -40;
6979 : 3;
697A : 24;
697B : 8;
697C : -3;
697D : -2;
697E : -31;
697F : -11;
6980 : 27;
6981 : 0;
6982 : -57;
6983 : -24;
6984 : -19;
6985 : 21;
6986 : -17;
6987 : 25;
6988 : 4;
6989 : -21;
698A : 14;
698B : -1;
698C : -14;
698D : 37;
698E : -1;
698F : 32;
6990 : -8;
6991 : 10;
6992 : 18;
6993 : 34;
6994 : -33;
6995 : -14;
6996 : 10;
6997 : 1;
6998 : -20;
6999 : 10;
699A : 19;
699B : -26;
699C : 4;
699D : 26;
699E : 6;
699F : 9;
69A0 : 16;
69A1 : 7;
69A2 : 5;
69A3 : -7;
69A4 : 15;
69A5 : -38;
69A6 : 35;
69A7 : -6;
69A8 : -31;
69A9 : -43;
69AA : 1;
69AB : -6;
69AC : -2;
69AD : 5;
69AE : -36;
69AF : 13;
69B0 : 41;
69B1 : 29;
69B2 : -7;
69B3 : 9;
69B4 : 8;
69B5 : -14;
69B6 : -40;
69B7 : -37;
69B8 : 13;
69B9 : -20;
69BA : -8;
69BB : 11;
69BC : 24;
69BD : -13;
69BE : -42;
69BF : 1;
69C0 : -2;
69C1 : -3;
69C2 : -27;
69C3 : -19;
69C4 : 23;
69C5 : 1;
69C6 : 1;
69C7 : 18;
69C8 : 20;
69C9 : 14;
69CA : -5;
69CB : 10;
69CC : -28;
69CD : -29;
69CE : -14;
69CF : -19;
69D0 : -33;
69D1 : -7;
69D2 : 17;
69D3 : -14;
69D4 : 4;
69D5 : -49;
69D6 : -44;
69D7 : 25;
69D8 : -26;
69D9 : -19;
69DA : 34;
69DB : -3;
69DC : -5;
69DD : -8;
69DE : -7;
69DF : -24;
69E0 : 8;
69E1 : -31;
69E2 : 30;
69E3 : -31;
69E4 : -15;
69E5 : 2;
69E6 : -40;
69E7 : -18;
69E8 : -6;
69E9 : -4;
69EA : 5;
69EB : -11;
69EC : 17;
69ED : 6;
69EE : -4;
69EF : 0;
69F0 : 20;
69F1 : -31;
69F2 : 1;
69F3 : -3;
69F4 : 12;
69F5 : 25;
69F6 : -52;
69F7 : -57;
69F8 : -22;
69F9 : -45;
69FA : 4;
69FB : 9;
69FC : -22;
69FD : -30;
69FE : -42;
69FF : -23;
6A00 : 26;
6A01 : -21;
6A02 : -32;
6A03 : -19;
6A04 : 14;
6A05 : -5;
6A06 : -26;
6A07 : 7;
6A08 : 15;
6A09 : -27;
6A0A : -21;
6A0B : -7;
6A0C : -11;
6A0D : 14;
6A0E : 11;
6A0F : 2;
6A10 : -3;
6A11 : -16;
6A12 : -1;
6A13 : 17;
6A14 : 27;
6A15 : -2;
6A16 : -17;
6A17 : 34;
6A18 : 8;
6A19 : -9;
6A1A : -19;
6A1B : -34;
6A1C : 25;
6A1D : -17;
6A1E : 1;
6A1F : 11;
6A20 : 23;
6A21 : 0;
6A22 : 21;
6A23 : -37;
6A24 : 31;
6A25 : -4;
6A26 : -17;
6A27 : 4;
6A28 : 15;
6A29 : -28;
6A2A : -12;
6A2B : -9;
6A2C : -29;
6A2D : 22;
6A2E : -4;
6A2F : -8;
6A30 : 36;
6A31 : -19;
6A32 : 24;
6A33 : -24;
6A34 : 16;
6A35 : 41;
6A36 : -10;
6A37 : -6;
6A38 : 43;
6A39 : 36;
6A3A : -21;
6A3B : 1;
6A3C : -10;
6A3D : -9;
6A3E : -30;
6A3F : -2;
6A40 : -11;
6A41 : 11;
6A42 : 32;
6A43 : 5;
6A44 : 14;
6A45 : 21;
6A46 : 16;
6A47 : 22;
6A48 : 29;
6A49 : 14;
6A4A : -9;
6A4B : 22;
6A4C : 33;
6A4D : 26;
6A4E : -6;
6A4F : -20;
6A50 : 29;
6A51 : 15;
6A52 : -26;
6A53 : 24;
6A54 : 41;
6A55 : 18;
6A56 : 0;
6A57 : 36;
6A58 : -7;
6A59 : -9;
6A5A : 24;
6A5B : -31;
6A5C : -17;
6A5D : -16;
6A5E : -18;
6A5F : 6;
6A60 : 33;
6A61 : -2;
6A62 : -21;
6A63 : -1;
6A64 : 45;
6A65 : 24;
6A66 : -9;
6A67 : -26;
6A68 : 26;
6A69 : -18;
6A6A : -1;
6A6B : -34;
6A6C : -23;
6A6D : 1;
6A6E : -7;
6A6F : 4;
6A70 : 24;
6A71 : -14;
6A72 : -46;
6A73 : 5;
6A74 : 26;
6A75 : 13;
6A76 : 0;
6A77 : -38;
6A78 : 21;
6A79 : -8;
6A7A : 6;
6A7B : -25;
6A7C : 22;
6A7D : 12;
6A7E : 13;
6A7F : -1;
6A80 : -20;
6A81 : -20;
6A82 : -19;
6A83 : 16;
6A84 : -1;
6A85 : -56;
6A86 : 30;
6A87 : 28;
6A88 : 1;
6A89 : 13;
6A8A : 32;
6A8B : 8;
6A8C : -32;
6A8D : 5;
6A8E : -3;
6A8F : 27;
6A90 : -14;
6A91 : 20;
6A92 : 33;
6A93 : -22;
6A94 : 20;
6A95 : 7;
6A96 : 10;
6A97 : 41;
6A98 : -21;
6A99 : -5;
6A9A : 16;
6A9B : -3;
6A9C : 13;
6A9D : 3;
6A9E : -10;
6A9F : 8;
6AA0 : 5;
6AA1 : 35;
6AA2 : -17;
6AA3 : -15;
6AA4 : 11;
6AA5 : -6;
6AA6 : -45;
6AA7 : -33;
6AA8 : 50;
6AA9 : -20;
6AAA : 35;
6AAB : 23;
6AAC : 19;
6AAD : -11;
6AAE : -7;
6AAF : 16;
6AB0 : -2;
6AB1 : -16;
6AB2 : 12;
6AB3 : 10;
6AB4 : 2;
6AB5 : -32;
6AB6 : -45;
6AB7 : -38;
6AB8 : -24;
6AB9 : 19;
6ABA : -17;
6ABB : -27;
6ABC : 36;
6ABD : -43;
6ABE : -15;
6ABF : 22;
6AC0 : 1;
6AC1 : -8;
6AC2 : 16;
6AC3 : 18;
6AC4 : -65;
6AC5 : -67;
6AC6 : -2;
6AC7 : -11;
6AC8 : 12;
6AC9 : -26;
6ACA : 23;
6ACB : 8;
6ACC : -9;
6ACD : 12;
6ACE : 12;
6ACF : -34;
6AD0 : 0;
6AD1 : 27;
6AD2 : -37;
6AD3 : 19;
6AD4 : -33;
6AD5 : -4;
6AD6 : -27;
6AD7 : -23;
6AD8 : 19;
6AD9 : 14;
6ADA : -9;
6ADB : -27;
6ADC : -9;
6ADD : 17;
6ADE : 30;
6ADF : 17;
6AE0 : 8;
6AE1 : 4;
6AE2 : -37;
6AE3 : -13;
6AE4 : -22;
6AE5 : -51;
6AE6 : -14;
6AE7 : 16;
6AE8 : 29;
6AE9 : 31;
6AEA : -1;
6AEB : -32;
6AEC : 39;
6AED : -37;
6AEE : -44;
6AEF : 30;
6AF0 : -45;
6AF1 : -11;
6AF2 : 25;
6AF3 : -4;
6AF4 : -15;
6AF5 : -18;
6AF6 : 9;
6AF7 : 59;
6AF8 : 31;
6AF9 : -9;
6AFA : -60;
6AFB : 22;
6AFC : 30;
6AFD : -74;
6AFE : -60;
6AFF : -11;
6B00 : -41;
6B01 : 12;
6B02 : 24;
6B03 : 14;
6B04 : 17;
6B05 : 16;
6B06 : -22;
6B07 : -31;
6B08 : 15;
6B09 : 17;
6B0A : -13;
6B0B : 98;
6B0C : -18;
6B0D : -26;
6B0E : 41;
6B0F : -24;
6B10 : -15;
6B11 : -20;
6B12 : -9;
6B13 : -19;
6B14 : 51;
6B15 : 21;
6B16 : 24;
6B17 : 11;
6B18 : 24;
6B19 : 9;
6B1A : -9;
6B1B : 38;
6B1C : 16;
6B1D : -15;
6B1E : -8;
6B1F : -17;
6B20 : -1;
6B21 : 17;
6B22 : -33;
6B23 : 5;
6B24 : 26;
6B25 : 27;
6B26 : -28;
6B27 : 11;
6B28 : 10;
6B29 : -28;
6B2A : -21;
6B2B : -44;
6B2C : 14;
6B2D : -8;
6B2E : -22;
6B2F : -15;
6B30 : -14;
6B31 : 27;
6B32 : -4;
6B33 : -25;
6B34 : -24;
6B35 : 7;
6B36 : 34;
6B37 : 8;
6B38 : 13;
6B39 : -21;
6B3A : 9;
6B3B : -18;
6B3C : 39;
6B3D : 20;
6B3E : -14;
6B3F : -24;
6B40 : 9;
6B41 : 7;
6B42 : 23;
6B43 : 37;
6B44 : -11;
6B45 : -2;
6B46 : 32;
6B47 : -19;
6B48 : -41;
6B49 : -1;
6B4A : -18;
6B4B : 11;
6B4C : 16;
6B4D : 0;
6B4E : 21;
6B4F : -1;
6B50 : -1;
6B51 : 13;
6B52 : -16;
6B53 : -2;
6B54 : 8;
6B55 : 24;
6B56 : -8;
6B57 : -24;
6B58 : -4;
6B59 : -15;
6B5A : 17;
6B5B : 21;
6B5C : 19;
6B5D : -6;
6B5E : -17;
6B5F : -34;
6B60 : 26;
6B61 : -3;
6B62 : 24;
6B63 : -8;
6B64 : 11;
6B65 : -12;
6B66 : -22;
6B67 : -17;
6B68 : -15;
6B69 : 12;
6B6A : -11;
6B6B : -18;
6B6C : 1;
6B6D : 33;
6B6E : -7;
6B6F : 28;
6B70 : 53;
6B71 : -41;
6B72 : 7;
6B73 : -21;
6B74 : 7;
6B75 : 39;
6B76 : 13;
6B77 : -19;
6B78 : -38;
6B79 : -27;
6B7A : -5;
6B7B : -26;
6B7C : 0;
6B7D : 69;
6B7E : 7;
6B7F : 8;
6B80 : 49;
6B81 : 0;
6B82 : -18;
6B83 : -24;
6B84 : -9;
6B85 : 25;
6B86 : -12;
6B87 : 0;
6B88 : 26;
6B89 : 10;
6B8A : 3;
6B8B : -51;
6B8C : 3;
6B8D : 20;
6B8E : -28;
6B8F : 9;
6B90 : 10;
6B91 : 1;
6B92 : -28;
6B93 : -24;
6B94 : -24;
6B95 : 6;
6B96 : -15;
6B97 : 30;
6B98 : -3;
6B99 : 16;
6B9A : -7;
6B9B : -25;
6B9C : 25;
6B9D : -5;
6B9E : -39;
6B9F : 1;
6BA0 : 23;
6BA1 : -44;
6BA2 : 34;
6BA3 : -2;
6BA4 : -5;
6BA5 : 23;
6BA6 : 19;
6BA7 : -15;
6BA8 : -23;
6BA9 : 8;
6BAA : 17;
6BAB : -34;
6BAC : -28;
6BAD : -4;
6BAE : 25;
6BAF : -21;
6BB0 : 23;
6BB1 : -30;
6BB2 : -31;
6BB3 : -6;
6BB4 : -8;
6BB5 : 21;
6BB6 : 13;
6BB7 : -47;
6BB8 : -32;
6BB9 : -1;
6BBA : -27;
6BBB : 7;
6BBC : -15;
6BBD : 17;
6BBE : 31;
6BBF : 23;
6BC0 : 23;
6BC1 : 26;
6BC2 : -26;
6BC3 : -2;
6BC4 : 6;
6BC5 : 5;
6BC6 : 15;
6BC7 : -10;
6BC8 : 29;
6BC9 : -21;
6BCA : -15;
6BCB : -61;
6BCC : -12;
6BCD : 29;
6BCE : -18;
6BCF : -24;
6BD0 : -46;
6BD1 : 7;
6BD2 : -29;
6BD3 : -24;
6BD4 : 40;
6BD5 : 9;
6BD6 : -6;
6BD7 : 29;
6BD8 : 13;
6BD9 : 20;
6BDA : 11;
6BDB : 15;
6BDC : 17;
6BDD : -24;
6BDE : -22;
6BDF : 9;
6BE0 : 2;
6BE1 : 18;
6BE2 : 14;
6BE3 : 24;
6BE4 : -13;
6BE5 : 8;
6BE6 : 17;
6BE7 : 24;
6BE8 : 13;
6BE9 : 12;
6BEA : -11;
6BEB : 8;
6BEC : 5;
6BED : -20;
6BEE : 20;
6BEF : 4;
6BF0 : -13;
6BF1 : 17;
6BF2 : -26;
6BF3 : -14;
6BF4 : 14;
6BF5 : -6;
6BF6 : 20;
6BF7 : -10;
6BF8 : 17;
6BF9 : -7;
6BFA : -19;
6BFB : 4;
6BFC : -25;
6BFD : -13;
6BFE : 36;
6BFF : -24;
6C00 : 21;
6C01 : -9;
6C02 : -40;
6C03 : 35;
6C04 : 32;
6C05 : -35;
6C06 : -8;
6C07 : 2;
6C08 : 2;
6C09 : -6;
6C0A : 19;
6C0B : -55;
6C0C : 7;
6C0D : 17;
6C0E : -21;
6C0F : -4;
6C10 : 28;
6C11 : 5;
6C12 : -27;
6C13 : -7;
6C14 : 2;
6C15 : -23;
6C16 : 29;
6C17 : -15;
6C18 : 24;
6C19 : -38;
6C1A : 14;
6C1B : -27;
6C1C : 34;
6C1D : -11;
6C1E : -7;
6C1F : 12;
6C20 : 33;
6C21 : 30;
6C22 : 14;
6C23 : -4;
6C24 : 8;
6C25 : -14;
6C26 : 27;
6C27 : 5;
6C28 : 2;
6C29 : -20;
6C2A : -7;
6C2B : -40;
6C2C : -19;
6C2D : 37;
6C2E : 7;
6C2F : 14;
6C30 : -36;
6C31 : 2;
6C32 : 1;
6C33 : 1;
6C34 : -10;
6C35 : 17;
6C36 : 13;
6C37 : 45;
6C38 : -7;
6C39 : 0;
6C3A : -10;
6C3B : -18;
6C3C : -18;
6C3D : -40;
6C3E : 19;
6C3F : 6;
6C40 : -5;
6C41 : 28;
6C42 : 3;
6C43 : -7;
6C44 : 4;
6C45 : -24;
6C46 : -31;
6C47 : -6;
6C48 : 33;
6C49 : 14;
6C4A : -4;
6C4B : 14;
6C4C : 30;
6C4D : 12;
6C4E : -31;
6C4F : 19;
6C50 : 16;
6C51 : -29;
6C52 : -5;
6C53 : -11;
6C54 : -22;
6C55 : -21;
6C56 : 19;
6C57 : 0;
6C58 : -13;
6C59 : -13;
6C5A : 2;
6C5B : 12;
6C5C : 11;
6C5D : -4;
6C5E : 10;
6C5F : -14;
6C60 : 27;
6C61 : -26;
6C62 : 23;
6C63 : 7;
6C64 : 2;
6C65 : -44;
6C66 : 15;
6C67 : -11;
6C68 : 29;
6C69 : 22;
6C6A : -2;
6C6B : -4;
6C6C : -11;
6C6D : 15;
6C6E : 12;
6C6F : -34;
6C70 : -6;
6C71 : -7;
6C72 : 20;
6C73 : -29;
6C74 : 0;
6C75 : -30;
6C76 : 16;
6C77 : -30;
6C78 : -38;
6C79 : 13;
6C7A : -7;
6C7B : 42;
6C7C : -25;
6C7D : -11;
6C7E : -16;
6C7F : 29;
6C80 : 21;
6C81 : -8;
6C82 : 17;
6C83 : -7;
6C84 : 27;
6C85 : -13;
6C86 : 22;
6C87 : 32;
6C88 : 19;
6C89 : 12;
6C8A : 4;
6C8B : -6;
6C8C : -33;
6C8D : 14;
6C8E : 23;
6C8F : -13;
6C90 : -16;
6C91 : 3;
6C92 : 5;
6C93 : -10;
6C94 : -21;
6C95 : -33;
6C96 : 2;
6C97 : -16;
6C98 : -28;
6C99 : -3;
6C9A : 16;
6C9B : 38;
6C9C : 15;
6C9D : -12;
6C9E : 10;
6C9F : 17;
6CA0 : 9;
6CA1 : 14;
6CA2 : -10;
6CA3 : -6;
6CA4 : -24;
6CA5 : 24;
6CA6 : 30;
6CA7 : 9;
6CA8 : 35;
6CA9 : -27;
6CAA : -16;
6CAB : 17;
6CAC : 28;
6CAD : -32;
6CAE : -3;
6CAF : -5;
6CB0 : -10;
6CB1 : 10;
6CB2 : 26;
6CB3 : 4;
6CB4 : -21;
6CB5 : 10;
6CB6 : 14;
6CB7 : -16;
6CB8 : 9;
6CB9 : -3;
6CBA : 32;
6CBB : 11;
6CBC : -12;
6CBD : 48;
6CBE : -30;
6CBF : -2;
6CC0 : -33;
6CC1 : -37;
6CC2 : 6;
6CC3 : -40;
6CC4 : 20;
6CC5 : 24;
6CC6 : -5;
6CC7 : 18;
6CC8 : 24;
6CC9 : 7;
6CCA : 37;
6CCB : 31;
6CCC : -29;
6CCD : -17;
6CCE : 27;
6CCF : -4;
6CD0 : 29;
6CD1 : -32;
6CD2 : 6;
6CD3 : -10;
6CD4 : -4;
6CD5 : 1;
6CD6 : -26;
6CD7 : -6;
6CD8 : -4;
6CD9 : 9;
6CDA : 0;
6CDB : 5;
6CDC : -10;
6CDD : -32;
6CDE : -2;
6CDF : 27;
6CE0 : 24;
6CE1 : 24;
6CE2 : -17;
6CE3 : -35;
6CE4 : 15;
6CE5 : 14;
6CE6 : -21;
6CE7 : 22;
6CE8 : -11;
6CE9 : 19;
6CEA : -1;
6CEB : -1;
6CEC : 22;
6CED : -9;
6CEE : 44;
6CEF : 25;
6CF0 : 10;
6CF1 : 7;
6CF2 : 8;
6CF3 : -4;
6CF4 : 26;
6CF5 : 3;
6CF6 : -21;
6CF7 : -74;
6CF8 : -44;
6CF9 : 6;
6CFA : 48;
6CFB : 6;
6CFC : 8;
6CFD : -14;
6CFE : -32;
6CFF : 18;
6D00 : -21;
6D01 : -32;
6D02 : -48;
6D03 : -3;
6D04 : -50;
6D05 : 38;
6D06 : -11;
6D07 : 1;
6D08 : -9;
6D09 : 18;
6D0A : 26;
6D0B : -26;
6D0C : -49;
6D0D : 28;
6D0E : 1;
6D0F : 17;
6D10 : 0;
6D11 : -13;
6D12 : 15;
6D13 : -28;
6D14 : -37;
6D15 : -33;
6D16 : -3;
6D17 : -14;
6D18 : 29;
6D19 : -38;
6D1A : 8;
6D1B : -40;
6D1C : -23;
6D1D : 7;
6D1E : -22;
6D1F : 13;
6D20 : 3;
6D21 : -23;
6D22 : 14;
6D23 : 24;
6D24 : -21;
6D25 : 43;
6D26 : 21;
6D27 : -34;
6D28 : 22;
6D29 : 18;
6D2A : 9;
6D2B : -17;
6D2C : 23;
6D2D : 36;
6D2E : -5;
6D2F : 24;
6D30 : 6;
6D31 : -26;
6D32 : 22;
6D33 : 6;
6D34 : -21;
6D35 : 1;
6D36 : -28;
6D37 : -15;
6D38 : -29;
6D39 : -3;
6D3A : 3;
6D3B : -15;
6D3C : -5;
6D3D : 16;
6D3E : 42;
6D3F : -16;
6D40 : -5;
6D41 : 51;
6D42 : -49;
6D43 : 42;
6D44 : 17;
6D45 : 4;
6D46 : 23;
6D47 : 28;
6D48 : -6;
6D49 : -25;
6D4A : -29;
6D4B : -33;
6D4C : 19;
6D4D : 47;
6D4E : 36;
6D4F : 22;
6D50 : 1;
6D51 : 31;
6D52 : 19;
6D53 : 41;
6D54 : -2;
6D55 : -29;
6D56 : 13;
6D57 : 11;
6D58 : 23;
6D59 : -18;
6D5A : 3;
6D5B : -22;
6D5C : -40;
6D5D : 43;
6D5E : -3;
6D5F : 14;
6D60 : 3;
6D61 : 4;
6D62 : 2;
6D63 : 33;
6D64 : -37;
6D65 : 3;
6D66 : 40;
6D67 : -11;
6D68 : -26;
6D69 : 24;
6D6A : -1;
6D6B : 10;
6D6C : 7;
6D6D : 14;
6D6E : 14;
6D6F : -14;
6D70 : 28;
6D71 : -14;
6D72 : 29;
6D73 : 18;
6D74 : 9;
6D75 : -17;
6D76 : 15;
6D77 : 44;
6D78 : 30;
6D79 : 9;
6D7A : 11;
6D7B : 4;
6D7C : -41;
6D7D : 40;
6D7E : 28;
6D7F : -15;
6D80 : 32;
6D81 : 24;
6D82 : 2;
6D83 : 1;
6D84 : 57;
6D85 : 24;
6D86 : 1;
6D87 : -8;
6D88 : -27;
6D89 : 12;
6D8A : 30;
6D8B : 12;
6D8C : 64;
6D8D : -1;
6D8E : 24;
6D8F : 27;
6D90 : 29;
6D91 : -26;
6D92 : 14;
6D93 : -14;
6D94 : -10;
6D95 : 20;
6D96 : 0;
6D97 : -2;
6D98 : 12;
6D99 : 19;
6D9A : 25;
6D9B : -8;
6D9C : 36;
6D9D : 50;
6D9E : -32;
6D9F : 43;
6DA0 : -6;
6DA1 : -24;
6DA2 : 26;
6DA3 : 50;
6DA4 : -36;
6DA5 : -14;
6DA6 : -23;
6DA7 : 35;
6DA8 : -35;
6DA9 : -20;
6DAA : -32;
6DAB : 8;
6DAC : -16;
6DAD : 62;
6DAE : 13;
6DAF : 27;
6DB0 : 53;
6DB1 : -20;
6DB2 : -17;
6DB3 : 35;
6DB4 : 23;
6DB5 : -49;
6DB6 : -17;
6DB7 : -79;
6DB8 : -25;
6DB9 : 11;
6DBA : 43;
6DBB : 33;
6DBC : -14;
6DBD : 42;
6DBE : 4;
6DBF : 17;
6DC0 : 10;
6DC1 : -51;
6DC2 : 12;
6DC3 : -37;
6DC4 : -28;
6DC5 : 1;
6DC6 : -11;
6DC7 : -36;
6DC8 : -43;
6DC9 : 7;
6DCA : 14;
6DCB : 57;
6DCC : -6;
6DCD : 40;
6DCE : -46;
6DCF : -9;
6DD0 : 30;
6DD1 : -23;
6DD2 : -45;
6DD3 : -55;
6DD4 : -36;
6DD5 : 16;
6DD6 : 2;
6DD7 : -34;
6DD8 : -9;
6DD9 : 14;
6DDA : -27;
6DDB : 9;
6DDC : 36;
6DDD : 1;
6DDE : -21;
6DDF : 10;
6DE0 : 19;
6DE1 : -48;
6DE2 : 31;
6DE3 : -2;
6DE4 : -44;
6DE5 : -16;
6DE6 : -34;
6DE7 : -48;
6DE8 : 10;
6DE9 : 7;
6DEA : -39;
6DEB : -16;
6DEC : 4;
6DED : 28;
6DEE : -21;
6DEF : 13;
6DF0 : 25;
6DF1 : -69;
6DF2 : 29;
6DF3 : 16;
6DF4 : -54;
6DF5 : 5;
6DF6 : -39;
6DF7 : -34;
6DF8 : -23;
6DF9 : -12;
6DFA : -10;
6DFB : -26;
6DFC : -21;
6DFD : 51;
6DFE : -8;
6DFF : -21;
6E00 : 3;
6E01 : 38;
6E02 : -37;
6E03 : -24;
6E04 : -1;
6E05 : 4;
6E06 : -7;
6E07 : -5;
6E08 : -5;
6E09 : -35;
6E0A : -7;
6E0B : 32;
6E0C : 10;
6E0D : -15;
6E0E : 16;
6E0F : -22;
6E10 : 11;
6E11 : 20;
6E12 : -13;
6E13 : 17;
6E14 : -41;
6E15 : 5;
6E16 : -14;
6E17 : 19;
6E18 : -4;
6E19 : -14;
6E1A : -15;
6E1B : -9;
6E1C : -2;
6E1D : 21;
6E1E : 1;
6E1F : -19;
6E20 : -17;
6E21 : -16;
6E22 : -26;
6E23 : -19;
6E24 : -7;
6E25 : 5;
6E26 : -18;
6E27 : 15;
6E28 : -29;
6E29 : 18;
6E2A : 21;
6E2B : 5;
6E2C : -7;
6E2D : -15;
6E2E : -8;
6E2F : 33;
6E30 : 3;
6E31 : 17;
6E32 : 41;
6E33 : 17;
6E34 : -2;
6E35 : 11;
6E36 : 29;
6E37 : -7;
6E38 : -3;
6E39 : 17;
6E3A : -10;
6E3B : -26;
6E3C : -27;
6E3D : 8;
6E3E : 28;
6E3F : -7;
6E40 : 6;
6E41 : -2;
6E42 : 12;
6E43 : -19;
6E44 : -10;
6E45 : 30;
6E46 : 16;
6E47 : -16;
6E48 : -19;
6E49 : -18;
6E4A : -9;
6E4B : 0;
6E4C : -11;
6E4D : 9;
6E4E : -1;
6E4F : 18;
6E50 : 10;
6E51 : -7;
6E52 : 23;
6E53 : -17;
6E54 : 35;
6E55 : -15;
6E56 : -13;
6E57 : 45;
6E58 : 18;
6E59 : 7;
6E5A : 15;
6E5B : -4;
6E5C : -14;
6E5D : -7;
6E5E : 19;
6E5F : 14;
6E60 : 22;
6E61 : 17;
6E62 : -45;
6E63 : 30;
6E64 : 12;
6E65 : 21;
6E66 : -15;
6E67 : -15;
6E68 : 15;
6E69 : 3;
6E6A : -10;
6E6B : 14;
6E6C : -7;
6E6D : 5;
6E6E : -37;
6E6F : 16;
6E70 : -17;
6E71 : 42;
6E72 : -26;
6E73 : 26;
6E74 : -35;
6E75 : -50;
6E76 : 18;
6E77 : -6;
6E78 : 34;
6E79 : 35;
6E7A : -21;
6E7B : -49;
6E7C : -27;
6E7D : 2;
6E7E : -32;
6E7F : 20;
6E80 : -4;
6E81 : 7;
6E82 : -3;
6E83 : -11;
6E84 : 27;
6E85 : -21;
6E86 : 26;
6E87 : -11;
6E88 : -26;
6E89 : -1;
6E8A : 5;
6E8B : 18;
6E8C : 2;
6E8D : -37;
6E8E : 22;
6E8F : 18;
6E90 : 6;
6E91 : -1;
6E92 : 6;
6E93 : 21;
6E94 : 25;
6E95 : 18;
6E96 : 4;
6E97 : -20;
6E98 : 12;
6E99 : 17;
6E9A : 17;
6E9B : -6;
6E9C : -23;
6E9D : -10;
6E9E : 22;
6E9F : 13;
6EA0 : 17;
6EA1 : 13;
6EA2 : -27;
6EA3 : 3;
6EA4 : 38;
6EA5 : 42;
6EA6 : -23;
6EA7 : -30;
6EA8 : -20;
6EA9 : -21;
6EAA : 1;
6EAB : 11;
6EAC : 32;
6EAD : 0;
6EAE : -7;
6EAF : 12;
6EB0 : -4;
6EB1 : 10;
6EB2 : 17;
6EB3 : 29;
6EB4 : 12;
6EB5 : 32;
6EB6 : -32;
6EB7 : 18;
6EB8 : 45;
6EB9 : -15;
6EBA : 43;
6EBB : -39;
6EBC : 5;
6EBD : 29;
6EBE : -23;
6EBF : 33;
6EC0 : 10;
6EC1 : -42;
6EC2 : 23;
6EC3 : 25;
6EC4 : -47;
6EC5 : -4;
6EC6 : 12;
6EC7 : -40;
6EC8 : -10;
6EC9 : 30;
6ECA : 40;
6ECB : 25;
6ECC : 11;
6ECD : -5;
6ECE : -42;
6ECF : 20;
6ED0 : -3;
6ED1 : 3;
6ED2 : 5;
6ED3 : 29;
6ED4 : -52;
6ED5 : 35;
6ED6 : -19;
6ED7 : -69;
6ED8 : -26;
6ED9 : 39;
6EDA : 50;
6EDB : -20;
6EDC : -15;
6EDD : 16;
6EDE : -27;
6EDF : 39;
6EE0 : 17;
6EE1 : 28;
6EE2 : -5;
6EE3 : -7;
6EE4 : -37;
6EE5 : 28;
6EE6 : -22;
6EE7 : -6;
6EE8 : 30;
6EE9 : -24;
6EEA : 40;
6EEB : 6;
6EEC : -26;
6EED : 34;
6EEE : -21;
6EEF : 0;
6EF0 : -1;
6EF1 : 39;
6EF2 : -10;
6EF3 : -16;
6EF4 : 18;
6EF5 : -13;
6EF6 : 16;
6EF7 : 8;
6EF8 : 45;
6EF9 : 23;
6EFA : -18;
6EFB : -4;
6EFC : 27;
6EFD : -36;
6EFE : -74;
6EFF : 7;
6F00 : 2;
6F01 : 15;
6F02 : 11;
6F03 : 7;
6F04 : -19;
6F05 : 21;
6F06 : -7;
6F07 : 26;
6F08 : -11;
6F09 : 20;
6F0A : 1;
6F0B : -49;
6F0C : -12;
6F0D : -21;
6F0E : 3;
6F0F : 5;
6F10 : 1;
6F11 : -5;
6F12 : -5;
6F13 : 9;
6F14 : 2;
6F15 : -26;
6F16 : -15;
6F17 : 10;
6F18 : -24;
6F19 : 25;
6F1A : -9;
6F1B : -21;
6F1C : -2;
6F1D : -6;
6F1E : 30;
6F1F : 20;
6F20 : 17;
6F21 : -7;
6F22 : 24;
6F23 : 9;
6F24 : -13;
6F25 : -10;
6F26 : -9;
6F27 : 5;
6F28 : -10;
6F29 : 10;
6F2A : -10;
6F2B : -4;
6F2C : 9;
6F2D : 26;
6F2E : 14;
6F2F : 0;
6F30 : -40;
6F31 : -17;
6F32 : -30;
6F33 : 30;
6F34 : -25;
6F35 : 10;
6F36 : 5;
6F37 : -39;
6F38 : -3;
6F39 : -21;
6F3A : 12;
6F3B : 9;
6F3C : 4;
6F3D : -12;
6F3E : 34;
6F3F : 6;
6F40 : -17;
6F41 : -6;
6F42 : -18;
6F43 : -29;
6F44 : 38;
6F45 : 10;
6F46 : -45;
6F47 : 20;
6F48 : -2;
6F49 : -18;
6F4A : 20;
6F4B : 4;
6F4C : 10;
6F4D : 30;
6F4E : 1;
6F4F : -1;
6F50 : 7;
6F51 : 11;
6F52 : 1;
6F53 : 11;
6F54 : 2;
6F55 : -31;
6F56 : -1;
6F57 : 13;
6F58 : 16;
6F59 : 16;
6F5A : -7;
6F5B : 22;
6F5C : -11;
6F5D : -19;
6F5E : 2;
6F5F : 14;
6F60 : 11;
6F61 : -32;
6F62 : 13;
6F63 : -17;
6F64 : -32;
6F65 : 27;
6F66 : 23;
6F67 : -21;
6F68 : 14;
6F69 : 14;
6F6A : -4;
6F6B : 14;
6F6C : -29;
6F6D : 13;
6F6E : -5;
6F6F : -5;
6F70 : -32;
6F71 : -4;
6F72 : 9;
6F73 : 2;
6F74 : -3;
6F75 : -17;
6F76 : 14;
6F77 : -13;
6F78 : 24;
6F79 : 0;
6F7A : 21;
6F7B : 22;
6F7C : 2;
6F7D : -32;
6F7E : 8;
6F7F : 33;
6F80 : 27;
6F81 : 13;
6F82 : -20;
6F83 : -3;
6F84 : -11;
6F85 : -25;
6F86 : -41;
6F87 : -11;
6F88 : 10;
6F89 : 5;
6F8A : 2;
6F8B : -11;
6F8C : -1;
6F8D : 2;
6F8E : 12;
6F8F : 16;
6F90 : 9;
6F91 : -15;
6F92 : -27;
6F93 : 10;
6F94 : -34;
6F95 : -29;
6F96 : -34;
6F97 : -17;
6F98 : 0;
6F99 : 18;
6F9A : -8;
6F9B : 26;
6F9C : -12;
6F9D : 40;
6F9E : 18;
6F9F : 5;
6FA0 : -13;
6FA1 : -23;
6FA2 : 18;
6FA3 : -12;
6FA4 : 2;
6FA5 : 23;
6FA6 : -2;
6FA7 : -23;
6FA8 : 20;
6FA9 : 12;
6FAA : 12;
6FAB : -20;
6FAC : 11;
6FAD : 3;
6FAE : -33;
6FAF : 23;
6FB0 : -8;
6FB1 : -18;
6FB2 : 4;
6FB3 : 16;
6FB4 : -4;
6FB5 : -27;
6FB6 : 43;
6FB7 : -5;
6FB8 : -5;
6FB9 : -24;
6FBA : -44;
6FBB : 34;
6FBC : 8;
6FBD : -14;
6FBE : 27;
6FBF : 18;
6FC0 : -6;
6FC1 : 48;
6FC2 : -43;
6FC3 : 27;
6FC4 : 20;
6FC5 : 6;
6FC6 : 5;
6FC7 : 37;
6FC8 : 22;
6FC9 : -21;
6FCA : 7;
6FCB : -62;
6FCC : -6;
6FCD : 15;
6FCE : -9;
6FCF : 30;
6FD0 : 1;
6FD1 : 16;
6FD2 : -21;
6FD3 : -2;
6FD4 : 1;
6FD5 : -43;
6FD6 : 16;
6FD7 : 25;
6FD8 : -1;
6FD9 : -20;
6FDA : 18;
6FDB : -19;
6FDC : 6;
6FDD : -3;
6FDE : -24;
6FDF : 0;
6FE0 : -16;
6FE1 : 17;
6FE2 : 26;
6FE3 : -18;
6FE4 : -8;
6FE5 : -15;
6FE6 : 20;
6FE7 : 38;
6FE8 : -10;
6FE9 : 4;
6FEA : 6;
6FEB : -13;
6FEC : -5;
6FED : -31;
6FEE : 25;
6FEF : -21;
6FF0 : -13;
6FF1 : -48;
6FF2 : 30;
6FF3 : -37;
6FF4 : 38;
6FF5 : 52;
6FF6 : -14;
6FF7 : 34;
6FF8 : -4;
6FF9 : 2;
6FFA : 30;
6FFB : 54;
6FFC : 8;
6FFD : -6;
6FFE : 19;
6FFF : -20;
7000 : -3;
7001 : -13;
7002 : 2;
7003 : -23;
7004 : -32;
7005 : -24;
7006 : -35;
7007 : -21;
7008 : 8;
7009 : -14;
700A : -44;
700B : -73;
700C : -29;
700D : 38;
700E : -26;
700F : -12;
7010 : 33;
7011 : 7;
7012 : -43;
7013 : 44;
7014 : -24;
7015 : 7;
7016 : -1;
7017 : 19;
7018 : 11;
7019 : 11;
701A : 2;
701B : -62;
701C : -21;
701D : 74;
701E : -12;
701F : -37;
7020 : 44;
7021 : 14;
7022 : -33;
7023 : 8;
7024 : -45;
7025 : 24;
7026 : 13;
7027 : -6;
7028 : 37;
7029 : -17;
702A : 6;
702B : -40;
702C : 19;
702D : 33;
702E : 24;
702F : 22;
7030 : 21;
7031 : 19;
7032 : 28;
7033 : 1;
7034 : -38;
7035 : -2;
7036 : 15;
7037 : 21;
7038 : -11;
7039 : 12;
703A : -40;
703B : -24;
703C : 18;
703D : 8;
703E : 50;
703F : 2;
7040 : 3;
7041 : 31;
7042 : -41;
7043 : 44;
7044 : 18;
7045 : 45;
7046 : 21;
7047 : 20;
7048 : -2;
7049 : -31;
704A : -26;
704B : -50;
704C : -31;
704D : -9;
704E : -19;
704F : -11;
7050 : 18;
7051 : 20;
7052 : -10;
7053 : -9;
7054 : 12;
7055 : -23;
7056 : 44;
7057 : -5;
7058 : 41;
7059 : -38;
705A : -14;
705B : -14;
705C : -28;
705D : 42;
705E : -26;
705F : -35;
7060 : 29;
7061 : 1;
7062 : 1;
7063 : -4;
7064 : 10;
7065 : -13;
7066 : -22;
7067 : -11;
7068 : 52;
7069 : -8;
706A : 8;
706B : -2;
706C : 35;
706D : 30;
706E : 8;
706F : -30;
7070 : -8;
7071 : 27;
7072 : 20;
7073 : -25;
7074 : 25;
7075 : -56;
7076 : -73;
7077 : 27;
7078 : -19;
7079 : 0;
707A : -7;
707B : -15;
707C : 11;
707D : 11;
707E : 1;
707F : -15;
7080 : 1;
7081 : -32;
7082 : -2;
7083 : 39;
7084 : -31;
7085 : 0;
7086 : 20;
7087 : -4;
7088 : 7;
7089 : -17;
708A : -28;
708B : 10;
708C : 1;
708D : 9;
708E : -41;
708F : 0;
7090 : 20;
7091 : -20;
7092 : 38;
7093 : 17;
7094 : -3;
7095 : -64;
7096 : -18;
7097 : 13;
7098 : -7;
7099 : -3;
709A : 3;
709B : -1;
709C : -30;
709D : 20;
709E : -1;
709F : -12;
70A0 : 8;
70A1 : -18;
70A2 : -30;
70A3 : -17;
70A4 : -3;
70A5 : -15;
70A6 : -24;
70A7 : 32;
70A8 : 18;
70A9 : 26;
70AA : 1;
70AB : 10;
70AC : 18;
70AD : 16;
70AE : 16;
70AF : -6;
70B0 : -12;
70B1 : 13;
70B2 : -24;
70B3 : -22;
70B4 : -11;
70B5 : 11;
70B6 : -62;
70B7 : -45;
70B8 : -62;
70B9 : -18;
70BA : -26;
70BB : 25;
70BC : 9;
70BD : -17;
70BE : -51;
70BF : 13;
70C0 : -34;
70C1 : 35;
70C2 : -16;
70C3 : -1;
70C4 : 20;
70C5 : 4;
70C6 : -11;
70C7 : -23;
70C8 : 28;
70C9 : -17;
70CA : -35;
70CB : -39;
70CC : 30;
70CD : 8;
70CE : 3;
70CF : 16;
70D0 : 3;
70D1 : -15;
70D2 : 15;
70D3 : -12;
70D4 : 27;
70D5 : -2;
70D6 : 18;
70D7 : 25;
70D8 : 18;
70D9 : -12;
70DA : 22;
70DB : -11;
70DC : -8;
70DD : -15;
70DE : -3;
70DF : 8;
70E0 : -8;
70E1 : -3;
70E2 : 30;
70E3 : -6;
70E4 : -9;
70E5 : -11;
70E6 : -6;
70E7 : -16;
70E8 : -11;
70E9 : -13;
70EA : 25;
70EB : 10;
70EC : -30;
70ED : -6;
70EE : 20;
70EF : 20;
70F0 : -19;
70F1 : -18;
70F2 : -11;
70F3 : -30;
70F4 : -9;
70F5 : 35;
70F6 : -41;
70F7 : -80;
70F8 : -2;
70F9 : -4;
70FA : 21;
70FB : -2;
70FC : -18;
70FD : 5;
70FE : -12;
70FF : -14;
7100 : 14;
7101 : 21;
7102 : 13;
7103 : -56;
7104 : -16;
7105 : 27;
7106 : -14;
7107 : 37;
7108 : -14;
7109 : -14;
710A : 33;
710B : -35;
710C : 0;
710D : -7;
710E : 9;
710F : -19;
7110 : -12;
7111 : -6;
7112 : -33;
7113 : -36;
7114 : -9;
7115 : -50;
7116 : -17;
7117 : 15;
7118 : 3;
7119 : -9;
711A : 45;
711B : -62;
711C : -14;
711D : -35;
711E : 7;
711F : 21;
7120 : 21;
7121 : 9;
7122 : 10;
7123 : 16;
7124 : 31;
7125 : -34;
7126 : 15;
7127 : -2;
7128 : 26;
7129 : 29;
712A : 19;
712B : -49;
712C : 12;
712D : -31;
712E : 27;
712F : 44;
7130 : -16;
7131 : 1;
7132 : -3;
7133 : 38;
7134 : -28;
7135 : -71;
7136 : -16;
7137 : -36;
7138 : -53;
7139 : -25;
713A : -47;
713B : -17;
713C : -31;
713D : -38;
713E : 42;
713F : 23;
7140 : -12;
7141 : -22;
7142 : 13;
7143 : -6;
7144 : -5;
7145 : 15;
7146 : -9;
7147 : 13;
7148 : -43;
7149 : 0;
714A : 33;
714B : 5;
714C : -28;
714D : -10;
714E : -2;
714F : -8;
7150 : 0;
7151 : 12;
7152 : -4;
7153 : 4;
7154 : -20;
7155 : -28;
7156 : -34;
7157 : -7;
7158 : 25;
7159 : 19;
715A : -15;
715B : -2;
715C : 5;
715D : 1;
715E : 14;
715F : 11;
7160 : -32;
7161 : 31;
7162 : -7;
7163 : 24;
7164 : -29;
7165 : -44;
7166 : -11;
7167 : 21;
7168 : 35;
7169 : -18;
716A : 9;
716B : 8;
716C : 35;
716D : 15;
716E : -6;
716F : 24;
7170 : -23;
7171 : 27;
7172 : 14;
7173 : 4;
7174 : 12;
7175 : -15;
7176 : -23;
7177 : 28;
7178 : 39;
7179 : -15;
717A : -56;
717B : 27;
717C : 16;
717D : -32;
717E : 29;
717F : 31;
7180 : -26;
7181 : -44;
7182 : 5;
7183 : 48;
7184 : 23;
7185 : -9;
7186 : 1;
7187 : -16;
7188 : 4;
7189 : -13;
718A : 24;
718B : -14;
718C : 20;
718D : 18;
718E : 11;
718F : -43;
7190 : 49;
7191 : 1;
7192 : -22;
7193 : 29;
7194 : -52;
7195 : 24;
7196 : -6;
7197 : 22;
7198 : 27;
7199 : 9;
719A : -9;
719B : -30;
719C : 17;
719D : 53;
719E : -36;
719F : -21;
71A0 : -18;
71A1 : 15;
71A2 : 21;
71A3 : -16;
71A4 : -21;
71A5 : 17;
71A6 : -50;
71A7 : 9;
71A8 : 3;
71A9 : 23;
71AA : -7;
71AB : -3;
71AC : -8;
71AD : 19;
71AE : -37;
71AF : -1;
71B0 : 3;
71B1 : 5;
71B2 : -2;
71B3 : -17;
71B4 : 23;
71B5 : 56;
71B6 : -20;
71B7 : 9;
71B8 : -46;
71B9 : 21;
71BA : -28;
71BB : 13;
71BC : -16;
71BD : 9;
71BE : 32;
71BF : 28;
71C0 : 19;
71C1 : 21;
71C2 : -20;
71C3 : 50;
71C4 : -19;
71C5 : 3;
71C6 : 10;
71C7 : -14;
71C8 : -16;
71C9 : 13;
71CA : -11;
71CB : -6;
71CC : 12;
71CD : 41;
71CE : -18;
71CF : 6;
71D0 : 18;
71D1 : 53;
71D2 : 26;
71D3 : 15;
71D4 : 0;
71D5 : -16;
71D6 : 17;
71D7 : 26;
71D8 : 27;
71D9 : -23;
71DA : 1;
71DB : 21;
71DC : -10;
71DD : -22;
71DE : 3;
71DF : 26;
71E0 : 5;
71E1 : -8;
71E2 : 19;
71E3 : -4;
71E4 : -23;
71E5 : 17;
71E6 : 14;
71E7 : -29;
71E8 : 10;
71E9 : 13;
71EA : -19;
71EB : 0;
71EC : 13;
71ED : -9;
71EE : 22;
71EF : -16;
71F0 : -37;
71F1 : 3;
71F2 : 29;
71F3 : -6;
71F4 : -29;
71F5 : 36;
71F6 : 37;
71F7 : 1;
71F8 : 20;
71F9 : 2;
71FA : 29;
71FB : 7;
71FC : -39;
71FD : 44;
71FE : 25;
71FF : -29;
7200 : 14;
7201 : -39;
7202 : 3;
7203 : 10;
7204 : -25;
7205 : -1;
7206 : -36;
7207 : -17;
7208 : 18;
7209 : 23;
720A : -18;
720B : -54;
720C : -18;
720D : -14;
720E : 15;
720F : 9;
7210 : -2;
7211 : 30;
7212 : 13;
7213 : 21;
7214 : -11;
7215 : -36;
7216 : -6;
7217 : 24;
7218 : -22;
7219 : 12;
721A : 2;
721B : 18;
721C : -4;
721D : 24;
721E : 6;
721F : -12;
7220 : -11;
7221 : -28;
7222 : -20;
7223 : -40;
7224 : 17;
7225 : 20;
7226 : 27;
7227 : -11;
7228 : -18;
7229 : 12;
722A : -18;
722B : 37;
722C : -4;
722D : 20;
722E : -28;
722F : 8;
7230 : 14;
7231 : 11;
7232 : 21;
7233 : 10;
7234 : 18;
7235 : 1;
7236 : -33;
7237 : -19;
7238 : -63;
7239 : 26;
723A : 23;
723B : 2;
723C : 19;
723D : 3;
723E : -21;
723F : -14;
7240 : 11;
7241 : 5;
7242 : -26;
7243 : -34;
7244 : -7;
7245 : -2;
7246 : 12;
7247 : 37;
7248 : 48;
7249 : 10;
724A : -15;
724B : -58;
724C : 28;
724D : 43;
724E : 10;
724F : -31;
7250 : -27;
7251 : -6;
7252 : 8;
7253 : -25;
7254 : -20;
7255 : 0;
7256 : -17;
7257 : -35;
7258 : -8;
7259 : -25;
725A : 11;
725B : -5;
725C : 22;
725D : 36;
725E : 30;
725F : -15;
7260 : 9;
7261 : -11;
7262 : -23;
7263 : -16;
7264 : -26;
7265 : -11;
7266 : 11;
7267 : 21;
7268 : 5;
7269 : 24;
726A : -23;
726B : -7;
726C : -17;
726D : -26;
726E : 32;
726F : -12;
7270 : -16;
7271 : -8;
7272 : 17;
7273 : -35;
7274 : 0;
7275 : 4;
7276 : -26;
7277 : -41;
7278 : -36;
7279 : 7;
727A : 16;
727B : -18;
727C : 4;
727D : -27;
727E : 15;
727F : -10;
7280 : 28;
7281 : 28;
7282 : -47;
7283 : 57;
7284 : 24;
7285 : -27;
7286 : -14;
7287 : 6;
7288 : -10;
7289 : -21;
728A : 29;
728B : -29;
728C : -36;
728D : 4;
728E : -14;
728F : 13;
7290 : -19;
7291 : -12;
7292 : 31;
7293 : 13;
7294 : -34;
7295 : -27;
7296 : -22;
7297 : -10;
7298 : 2;
7299 : -1;
729A : 33;
729B : -7;
729C : -21;
729D : -2;
729E : 29;
729F : -8;
72A0 : -13;
72A1 : -27;
72A2 : 24;
72A3 : 25;
72A4 : -26;
72A5 : -39;
72A6 : -28;
72A7 : -5;
72A8 : 16;
72A9 : -27;
72AA : 13;
72AB : -42;
72AC : 21;
72AD : 33;
72AE : 60;
72AF : 24;
72B0 : -14;
72B1 : 9;
72B2 : 31;
72B3 : 38;
72B4 : 30;
72B5 : -57;
72B6 : 39;
72B7 : 3;
72B8 : -2;
72B9 : 6;
72BA : -14;
72BB : 42;
72BC : -15;
72BD : -8;
72BE : 29;
72BF : -1;
72C0 : 26;
72C1 : 28;
72C2 : -43;
72C3 : 50;
72C4 : 20;
72C5 : 35;
72C6 : 20;
72C7 : 6;
72C8 : 32;
72C9 : 33;
72CA : -15;
72CB : -31;
72CC : -2;
72CD : 26;
72CE : 25;
72CF : 18;
72D0 : -3;
72D1 : 23;
72D2 : 17;
72D3 : -6;
72D4 : -36;
72D5 : -16;
72D6 : 43;
72D7 : -17;
72D8 : -17;
72D9 : 47;
72DA : -4;
72DB : -31;
72DC : 6;
72DD : -41;
72DE : -14;
72DF : -26;
72E0 : -1;
72E1 : 18;
72E2 : 24;
72E3 : -4;
72E4 : 10;
72E5 : -51;
72E6 : -50;
72E7 : 14;
72E8 : -7;
72E9 : 16;
72EA : -36;
72EB : 3;
72EC : -22;
72ED : -17;
72EE : 8;
72EF : 30;
72F0 : 6;
72F1 : -8;
72F2 : 25;
72F3 : 8;
72F4 : 14;
72F5 : -45;
72F6 : -19;
72F7 : 24;
72F8 : 14;
72F9 : -15;
72FA : -32;
72FB : 21;
72FC : 35;
72FD : 26;
72FE : 36;
72FF : 27;
7300 : 4;
7301 : 9;
7302 : -6;
7303 : -33;
7304 : 12;
7305 : -2;
7306 : -34;
7307 : -10;
7308 : -33;
7309 : -8;
730A : 5;
730B : -29;
730C : 5;
730D : -11;
730E : 15;
730F : -32;
7310 : 10;
7311 : -24;
7312 : -14;
7313 : 23;
7314 : 25;
7315 : -24;
7316 : 23;
7317 : -1;
7318 : -29;
7319 : 23;
731A : -17;
731B : -3;
731C : -18;
731D : 19;
731E : -5;
731F : 5;
7320 : 18;
7321 : -14;
7322 : 9;
7323 : -11;
7324 : -18;
7325 : -16;
7326 : -4;
7327 : -28;
7328 : -24;
7329 : 18;
732A : -14;
732B : 8;
732C : -21;
732D : 10;
732E : -34;
732F : -3;
7330 : -19;
7331 : -1;
7332 : 21;
7333 : -17;
7334 : 14;
7335 : 0;
7336 : 2;
7337 : -32;
7338 : -7;
7339 : -27;
733A : -16;
733B : 25;
733C : 6;
733D : -8;
733E : -21;
733F : -36;
7340 : -10;
7341 : -30;
7342 : -33;
7343 : 19;
7344 : -12;
7345 : -31;
7346 : -14;
7347 : -7;
7348 : 20;
7349 : -6;
734A : 17;
734B : -5;
734C : 12;
734D : 23;
734E : -24;
734F : 6;
7350 : -24;
7351 : 19;
7352 : -18;
7353 : -30;
7354 : 9;
7355 : -25;
7356 : 19;
7357 : -8;
7358 : -35;
7359 : -31;
735A : -1;
735B : 23;
735C : -35;
735D : 30;
735E : -7;
735F : -2;
7360 : 21;
7361 : -7;
7362 : -18;
7363 : -20;
7364 : -38;
7365 : 15;
7366 : -8;
7367 : -1;
7368 : -24;
7369 : 2;
736A : 8;
736B : -31;
736C : 15;
736D : -17;
736E : 1;
736F : -24;
7370 : -19;
7371 : -20;
7372 : 20;
7373 : -29;
7374 : -4;
7375 : 26;
7376 : -36;
7377 : -28;
7378 : -21;
7379 : -5;
737A : -18;
737B : 20;
737C : 19;
737D : -7;
737E : -3;
737F : -14;
7380 : 0;
7381 : -14;
7382 : -23;
7383 : -10;
7384 : -12;
7385 : -10;
7386 : -16;
7387 : 4;
7388 : -33;
7389 : 15;
738A : 4;
738B : 17;
738C : -5;
738D : -17;
738E : 11;
738F : -9;
7390 : 14;
7391 : -30;
7392 : 15;
7393 : -28;
7394 : -34;
7395 : 19;
7396 : 28;
7397 : -26;
7398 : -29;
7399 : 19;
739A : -25;
739B : -24;
739C : -24;
739D : 14;
739E : -13;
739F : -6;
73A0 : -16;
73A1 : -38;
73A2 : -9;
73A3 : 21;
73A4 : -13;
73A5 : 7;
73A6 : -21;
73A7 : 2;
73A8 : 8;
73A9 : -26;
73AA : 3;
73AB : -10;
73AC : -18;
73AD : -30;
73AE : 20;
73AF : -25;
73B0 : -31;
73B1 : -25;
73B2 : 26;
73B3 : -25;
73B4 : -25;
73B5 : 23;
73B6 : 23;
73B7 : -16;
73B8 : -33;
73B9 : 2;
73BA : -21;
73BB : -26;
73BC : 19;
73BD : 6;
73BE : -13;
73BF : -39;
73C0 : 11;
73C1 : -23;
73C2 : -20;
73C3 : 21;
73C4 : 5;
73C5 : -22;
73C6 : 14;
73C7 : 8;
73C8 : 1;
73C9 : 26;
73CA : -7;
73CB : -9;
73CC : -31;
73CD : -32;
73CE : -11;
73CF : -22;
73D0 : -2;
73D1 : 0;
73D2 : -27;
73D3 : -28;
73D4 : -2;
73D5 : -7;
73D6 : 1;
73D7 : -1;
73D8 : 14;
73D9 : 23;
73DA : -19;
73DB : -26;
73DC : 18;
73DD : -16;
73DE : -31;
73DF : -31;
73E0 : -16;
73E1 : -24;
73E2 : 22;
73E3 : -21;
73E4 : -20;
73E5 : -2;
73E6 : -2;
73E7 : -26;
73E8 : 17;
73E9 : -36;
73EA : 14;
73EB : -23;
73EC : -3;
73ED : 6;
73EE : -26;
73EF : 13;
73F0 : 4;
73F1 : -21;
73F2 : 10;
73F3 : -23;
73F4 : -27;
73F5 : 12;
73F6 : 5;
73F7 : -26;
73F8 : -25;
73F9 : -13;
73FA : -30;
73FB : -3;
73FC : -21;
73FD : -13;
73FE : -24;
73FF : 2;
7400 : 13;
7401 : 20;
7402 : -28;
7403 : -2;
7404 : 9;
7405 : -3;
7406 : 35;
7407 : -18;
7408 : -3;
7409 : 20;
740A : -18;
740B : -63;
740C : 8;
740D : -13;
740E : -3;
740F : -22;
7410 : 71;
7411 : -24;
7412 : -31;
7413 : 5;
7414 : -9;
7415 : -16;
7416 : 26;
7417 : 18;
7418 : -13;
7419 : -9;
741A : -24;
741B : -24;
741C : -25;
741D : 21;
741E : 11;
741F : 21;
7420 : 37;
7421 : -2;
7422 : -10;
7423 : 9;
7424 : -6;
7425 : -34;
7426 : -27;
7427 : 13;
7428 : 8;
7429 : 21;
742A : -35;
742B : 4;
742C : 4;
742D : 47;
742E : -9;
742F : 26;
7430 : -36;
7431 : -16;
7432 : 60;
7433 : 40;
7434 : -23;
7435 : -81;
7436 : -5;
7437 : 25;
7438 : -15;
7439 : 20;
743A : -53;
743B : -7;
743C : 12;
743D : -2;
743E : 50;
743F : 29;
7440 : -1;
7441 : 35;
7442 : -30;
7443 : 20;
7444 : 4;
7445 : 19;
7446 : -17;
7447 : 8;
7448 : 32;
7449 : 12;
744A : 24;
744B : -10;
744C : 6;
744D : 7;
744E : -4;
744F : -27;
7450 : 20;
7451 : -18;
7452 : 14;
7453 : 2;
7454 : -36;
7455 : 17;
7456 : -31;
7457 : 42;
7458 : 15;
7459 : 11;
745A : 17;
745B : -3;
745C : 1;
745D : 13;
745E : -17;
745F : 24;
7460 : 1;
7461 : 2;
7462 : 0;
7463 : -13;
7464 : -5;
7465 : -27;
7466 : 41;
7467 : 2;
7468 : 38;
7469 : 0;
746A : 7;
746B : -23;
746C : -21;
746D : 3;
746E : 17;
746F : 1;
7470 : 0;
7471 : -38;
7472 : 43;
7473 : -20;
7474 : 29;
7475 : -42;
7476 : -42;
7477 : 47;
7478 : 0;
7479 : -1;
747A : -18;
747B : 43;
747C : 9;
747D : -24;
747E : -22;
747F : 17;
7480 : -5;
7481 : 14;
7482 : -37;
7483 : -14;
7484 : 14;
7485 : 9;
7486 : -15;
7487 : 46;
7488 : 18;
7489 : 12;
748A : 9;
748B : -15;
748C : -14;
748D : -24;
748E : -18;
748F : 11;
7490 : -33;
7491 : -6;
7492 : 9;
7493 : -8;
7494 : 3;
7495 : 33;
7496 : 27;
7497 : -5;
7498 : 14;
7499 : 26;
749A : 2;
749B : 1;
749C : -21;
749D : -16;
749E : 17;
749F : -9;
74A0 : 16;
74A1 : 44;
74A2 : 21;
74A3 : 3;
74A4 : -9;
74A5 : -6;
74A6 : -6;
74A7 : -5;
74A8 : 12;
74A9 : 27;
74AA : 10;
74AB : 18;
74AC : 4;
74AD : 7;
74AE : -3;
74AF : 18;
74B0 : -15;
74B1 : 11;
74B2 : -13;
74B3 : 10;
74B4 : 14;
74B5 : 56;
74B6 : -21;
74B7 : -57;
74B8 : 4;
74B9 : -29;
74BA : 31;
74BB : 18;
74BC : -22;
74BD : -18;
74BE : -4;
74BF : 10;
74C0 : -5;
74C1 : 1;
74C2 : 17;
74C3 : -2;
74C4 : 24;
74C5 : -46;
74C6 : -6;
74C7 : -27;
74C8 : -17;
74C9 : 14;
74CA : -13;
74CB : 18;
74CC : 6;
74CD : 12;
74CE : 14;
74CF : -18;
74D0 : 10;
74D1 : -15;
74D2 : -5;
74D3 : -31;
74D4 : 31;
74D5 : -51;
74D6 : 12;
74D7 : 12;
74D8 : -28;
74D9 : -9;
74DA : 33;
74DB : -15;
74DC : -19;
74DD : -14;
74DE : 26;
74DF : 28;
74E0 : 1;
74E1 : 31;
74E2 : -2;
74E3 : -11;
74E4 : -24;
74E5 : -43;
74E6 : -26;
74E7 : -52;
74E8 : -17;
74E9 : 25;
74EA : 27;
74EB : 10;
74EC : -7;
74ED : 61;
74EE : 18;
74EF : 32;
74F0 : 40;
74F1 : -3;
74F2 : 43;
74F3 : 6;
74F4 : 9;
74F5 : -14;
74F6 : 18;
74F7 : -27;
74F8 : -38;
74F9 : 23;
74FA : 17;
74FB : -2;
74FC : 40;
74FD : 19;
74FE : -19;
74FF : 28;
7500 : 17;
7501 : -9;
7502 : 40;
7503 : -17;
7504 : 33;
7505 : 50;
7506 : -10;
7507 : 21;
7508 : 26;
7509 : -8;
750A : -15;
750B : -8;
750C : 27;
750D : 34;
750E : 19;
750F : -3;
7510 : 26;
7511 : 30;
7512 : -7;
7513 : 2;
7514 : 3;
7515 : -11;
7516 : -5;
7517 : -5;
7518 : -18;
7519 : -34;
751A : 16;
751B : 1;
751C : -5;
751D : 19;
751E : -4;
751F : 39;
7520 : 24;
7521 : -27;
7522 : -39;
7523 : 12;
7524 : -5;
7525 : 34;
7526 : -8;
7527 : 3;
7528 : -34;
7529 : -26;
752A : -15;
752B : 13;
752C : 1;
752D : 6;
752E : 27;
752F : -10;
7530 : -28;
7531 : -6;
7532 : -9;
7533 : -8;
7534 : -3;
7535 : 29;
7536 : -36;
7537 : -50;
7538 : -8;
7539 : 14;
753A : -15;
753B : -27;
753C : -16;
753D : 25;
753E : -25;
753F : 2;
7540 : 21;
7541 : 5;
7542 : 25;
7543 : -32;
7544 : 17;
7545 : 21;
7546 : 22;
7547 : -3;
7548 : -23;
7549 : -20;
754A : -3;
754B : 35;
754C : 9;
754D : 16;
754E : 4;
754F : -24;
7550 : 30;
7551 : 7;
7552 : 6;
7553 : -6;
7554 : -26;
7555 : -14;
7556 : -21;
7557 : 10;
7558 : -14;
7559 : -18;
755A : 21;
755B : 29;
755C : -19;
755D : -16;
755E : -10;
755F : -13;
7560 : -23;
7561 : 18;
7562 : -30;
7563 : 4;
7564 : -11;
7565 : 2;
7566 : -16;
7567 : -5;
7568 : 14;
7569 : -13;
756A : 10;
756B : 17;
756C : -7;
756D : 14;
756E : 13;
756F : 26;
7570 : -71;
7571 : 37;
7572 : -18;
7573 : 46;
7574 : -11;
7575 : -19;
7576 : 26;
7577 : -18;
7578 : -9;
7579 : -9;
757A : 4;
757B : -13;
757C : -42;
757D : -19;
757E : -1;
757F : 2;
7580 : -17;
7581 : 6;
7582 : 17;
7583 : -21;
7584 : -2;
7585 : 42;
7586 : 11;
7587 : -28;
7588 : -23;
7589 : 41;
758A : -9;
758B : -42;
758C : 30;
758D : 9;
758E : -22;
758F : -41;
7590 : 23;
7591 : 16;
7592 : -50;
7593 : -11;
7594 : 23;
7595 : -13;
7596 : 10;
7597 : 11;
7598 : 33;
7599 : 26;
759A : 18;
759B : -33;
759C : -17;
759D : -10;
759E : -32;
759F : 23;
75A0 : 3;
75A1 : -11;
75A2 : 6;
75A3 : 8;
75A4 : -12;
75A5 : -9;
75A6 : 9;
75A7 : 60;
75A8 : 19;
75A9 : 24;
75AA : 6;
75AB : 39;
75AC : -7;
75AD : -25;
75AE : 15;
75AF : 15;
75B0 : -41;
75B1 : -45;
75B2 : 32;
75B3 : 0;
75B4 : 16;
75B5 : 2;
75B6 : 20;
75B7 : 10;
75B8 : -7;
75B9 : 39;
75BA : -30;
75BB : 10;
75BC : -1;
75BD : -8;
75BE : -22;
75BF : -11;
75C0 : 38;
75C1 : 2;
75C2 : -24;
75C3 : -3;
75C4 : -21;
75C5 : 49;
75C6 : 4;
75C7 : -40;
75C8 : -27;
75C9 : 4;
75CA : -46;
75CB : -46;
75CC : 7;
75CD : 46;
75CE : 12;
75CF : -26;
75D0 : 11;
75D1 : 38;
75D2 : -23;
75D3 : 3;
75D4 : -25;
75D5 : -4;
75D6 : 33;
75D7 : 31;
75D8 : 24;
75D9 : 19;
75DA : 5;
75DB : -56;
75DC : 35;
75DD : 22;
75DE : -37;
75DF : -23;
75E0 : 10;
75E1 : -1;
75E2 : -16;
75E3 : -9;
75E4 : 7;
75E5 : 22;
75E6 : 29;
75E7 : -38;
75E8 : 14;
75E9 : 11;
75EA : 15;
75EB : 19;
75EC : -12;
75ED : 23;
75EE : -26;
75EF : -1;
75F0 : -2;
75F1 : -10;
75F2 : -20;
75F3 : 26;
75F4 : -9;
75F5 : 2;
75F6 : -4;
75F7 : 12;
75F8 : -7;
75F9 : -7;
75FA : 25;
75FB : 3;
75FC : -14;
75FD : 32;
75FE : -1;
75FF : 23;
7600 : 27;
7601 : 20;
7602 : -25;
7603 : 15;
7604 : 6;
7605 : 20;
7606 : 16;
7607 : 18;
7608 : 15;
7609 : 22;
760A : -25;
760B : -8;
760C : -22;
760D : 15;
760E : -10;
760F : -35;
7610 : 1;
7611 : -29;
7612 : -25;
7613 : 9;
7614 : -21;
7615 : 11;
7616 : -18;
7617 : -30;
7618 : -12;
7619 : 15;
761A : 23;
761B : 18;
761C : -7;
761D : -17;
761E : 5;
761F : 6;
7620 : -19;
7621 : -1;
7622 : 24;
7623 : -31;
7624 : -28;
7625 : -9;
7626 : 11;
7627 : -5;
7628 : 16;
7629 : 13;
762A : 19;
762B : -25;
762C : -32;
762D : -18;
762E : -7;
762F : 2;
7630 : -17;
7631 : -19;
7632 : 19;
7633 : -27;
7634 : 1;
7635 : -16;
7636 : -31;
7637 : -1;
7638 : 2;
7639 : -9;
763A : -32;
763B : 17;
763C : -24;
763D : -23;
763E : 16;
763F : 14;
7640 : -6;
7641 : 21;
7642 : -13;
7643 : 6;
7644 : 7;
7645 : -2;
7646 : -6;
7647 : -10;
7648 : -19;
7649 : 22;
764A : -2;
764B : -3;
764C : -1;
764D : -10;
764E : 11;
764F : -18;
7650 : -14;
7651 : -17;
7652 : -13;
7653 : 4;
7654 : 23;
7655 : -2;
7656 : 2;
7657 : 0;
7658 : -17;
7659 : 21;
765A : 16;
765B : 0;
765C : -15;
765D : 18;
765E : 25;
765F : 12;
7660 : 10;
7661 : -15;
7662 : -10;
7663 : -22;
7664 : -1;
7665 : 20;
7666 : -14;
7667 : 7;
7668 : -4;
7669 : -9;
766A : 7;
766B : -11;
766C : 20;
766D : -23;
766E : -35;
766F : 23;
7670 : -18;
7671 : -32;
7672 : -23;
7673 : 6;
7674 : 14;
7675 : 23;
7676 : 1;
7677 : 4;
7678 : 18;
7679 : 18;
767A : 19;
767B : 2;
767C : 23;
767D : 24;
767E : 21;
767F : 17;
7680 : -21;
7681 : -29;
7682 : -17;
7683 : 17;
7684 : -3;
7685 : 10;
7686 : -30;
7687 : -18;
7688 : -11;
7689 : 16;
768A : -3;
768B : -5;
768C : 16;
768D : -21;
768E : -25;
768F : -31;
7690 : -7;
7691 : 6;
7692 : -32;
7693 : -32;
7694 : 10;
7695 : 1;
7696 : -7;
7697 : -14;
7698 : 9;
7699 : -2;
769A : 22;
769B : -17;
769C : -27;
769D : 19;
769E : -22;
769F : -26;
76A0 : -17;
76A1 : -26;
76A2 : -19;
76A3 : -7;
76A4 : 18;
76A5 : 6;
76A6 : -22;
76A7 : 10;
76A8 : -8;
76A9 : -27;
76AA : 15;
76AB : 24;
76AC : -28;
76AD : 14;
76AE : -9;
76AF : -29;
76B0 : -20;
76B1 : -3;
76B2 : -29;
76B3 : -7;
76B4 : -20;
76B5 : -18;
76B6 : 20;
76B7 : -28;
76B8 : -11;
76B9 : 0;
76BA : -6;
76BB : 13;
76BC : 1;
76BD : 20;
76BE : -11;
76BF : -15;
76C0 : 27;
76C1 : -8;
76C2 : 17;
76C3 : 11;
76C4 : 10;
76C5 : -9;
76C6 : -6;
76C7 : 7;
76C8 : -30;
76C9 : 23;
76CA : 5;
76CB : -10;
76CC : -22;
76CD : 17;
76CE : -21;
76CF : 17;
76D0 : 2;
76D1 : 3;
76D2 : 18;
76D3 : -4;
76D4 : -17;
76D5 : -30;
76D6 : -1;
76D7 : 0;
76D8 : -4;
76D9 : 19;
76DA : 22;
76DB : -4;
76DC : 19;
76DD : -1;
76DE : 23;
76DF : -21;
76E0 : -14;
76E1 : -30;
76E2 : 8;
76E3 : 18;
76E4 : 4;
76E5 : -18;
76E6 : -7;
76E7 : 13;
76E8 : -3;
76E9 : -31;
76EA : -4;
76EB : -18;
76EC : 3;
76ED : 10;
76EE : -18;
76EF : -22;
76F0 : -29;
76F1 : 22;
76F2 : -27;
76F3 : 11;
76F4 : 1;
76F5 : -4;
76F6 : 16;
76F7 : -1;
76F8 : 18;
76F9 : -12;
76FA : -19;
76FB : 24;
76FC : -21;
76FD : 0;
76FE : 22;
76FF : -33;
7700 : 29;
7701 : 28;
7702 : 25;
7703 : 23;
7704 : 25;
7705 : -22;
7706 : 26;
7707 : 22;
7708 : -12;
7709 : 8;
770A : 4;
770B : -12;
770C : 29;
770D : 38;
770E : -2;
770F : -11;
7710 : 38;
7711 : 11;
7712 : -14;
7713 : 9;
7714 : 0;
7715 : 21;
7716 : 23;
7717 : -7;
7718 : -5;
7719 : 27;
771A : 17;
771B : -21;
771C : 12;
771D : -13;
771E : -32;
771F : 0;
7720 : 34;
7721 : 4;
7722 : -19;
7723 : 16;
7724 : 32;
7725 : 40;
7726 : -20;
7727 : -39;
7728 : -10;
7729 : 1;
772A : -24;
772B : -45;
772C : 2;
772D : 53;
772E : 16;
772F : -8;
7730 : 42;
7731 : 36;
7732 : -26;
7733 : 13;
7734 : 30;
7735 : -1;
7736 : -7;
7737 : -8;
7738 : -13;
7739 : 0;
773A : -3;
773B : 0;
773C : 5;
773D : 15;
773E : -74;
773F : -7;
7740 : -6;
7741 : 16;
7742 : -12;
7743 : 29;
7744 : -56;
7745 : -16;
7746 : -61;
7747 : -17;
7748 : -23;
7749 : -30;
774A : -8;
774B : -12;
774C : 5;
774D : 36;
774E : -13;
774F : -18;
7750 : -7;
7751 : 29;
7752 : 27;
7753 : -14;
7754 : -12;
7755 : -10;
7756 : 38;
7757 : -14;
7758 : 26;
7759 : -18;
775A : 11;
775B : -18;
775C : 17;
775D : 32;
775E : 26;
775F : 7;
7760 : 57;
7761 : 18;
7762 : 0;
7763 : -24;
7764 : 9;
7765 : 4;
7766 : 7;
7767 : -35;
7768 : 23;
7769 : -4;
776A : 12;
776B : -23;
776C : 39;
776D : 46;
776E : -21;
776F : -23;
7770 : 33;
7771 : 12;
7772 : 10;
7773 : -18;
7774 : -23;
7775 : 24;
7776 : -11;
7777 : -35;
7778 : -9;
7779 : 19;
777A : 19;
777B : 16;
777C : 39;
777D : 21;
777E : -28;
777F : -21;
7780 : 11;
7781 : 14;
7782 : -28;
7783 : -29;
7784 : -6;
7785 : -10;
7786 : -39;
7787 : 7;
7788 : 29;
7789 : 19;
778A : 12;
778B : 6;
778C : 0;
778D : 21;
778E : -7;
778F : -10;
7790 : -14;
7791 : -26;
7792 : -18;
7793 : 12;
7794 : -6;
7795 : -26;
7796 : -23;
7797 : -21;
7798 : 8;
7799 : -12;
779A : 8;
779B : 1;
779C : -19;
779D : -8;
779E : 14;
779F : -9;
77A0 : 10;
77A1 : -12;
77A2 : 6;
77A3 : 14;
77A4 : -16;
77A5 : -24;
77A6 : -16;
77A7 : -14;
77A8 : -9;
77A9 : 18;
77AA : 25;
77AB : -13;
77AC : -3;
77AD : 18;
77AE : -28;
77AF : 19;
77B0 : -7;
77B1 : 36;
77B2 : 19;
77B3 : 11;
77B4 : 11;
77B5 : 5;
77B6 : 0;
77B7 : -41;
77B8 : -3;
77B9 : -35;
77BA : -47;
77BB : 10;
77BC : -4;
77BD : 21;
77BE : -1;
77BF : 28;
77C0 : 13;
77C1 : 24;
77C2 : -19;
77C3 : 3;
77C4 : 35;
77C5 : 23;
77C6 : -15;
77C7 : 19;
77C8 : 22;
77C9 : 42;
77CA : 30;
77CB : -40;
77CC : 6;
77CD : 7;
77CE : 14;
77CF : -20;
77D0 : -15;
77D1 : -16;
77D2 : -16;
77D3 : -17;
77D4 : -1;
77D5 : -25;
77D6 : 1;
77D7 : 27;
77D8 : -17;
77D9 : 19;
77DA : 19;
77DB : -23;
77DC : 5;
77DD : 26;
77DE : 21;
77DF : 33;
77E0 : -26;
77E1 : 0;
77E2 : -1;
77E3 : -15;
77E4 : 3;
77E5 : -21;
77E6 : -16;
77E7 : 13;
77E8 : 24;
77E9 : 18;
77EA : -28;
77EB : 10;
77EC : -32;
77ED : -16;
77EE : 5;
77EF : 31;
77F0 : -22;
77F1 : -22;
77F2 : -9;
77F3 : -34;
77F4 : -20;
77F5 : -36;
77F6 : -40;
77F7 : 83;
77F8 : 17;
77F9 : -4;
77FA : -18;
77FB : -15;
77FC : 3;
77FD : -62;
77FE : 19;
77FF : 29;
END;
