// Weights for dense_1, Shape: (120, 84)
// Quantization scale: 245.05914456479158
DEPTH = 10080;
WIDTH = 8;
ADDRESS_RADIX = HEX;
DATA_RADIX = DEC;
CONTENT BEGIN
0000 : 29;
0001 : 24;
0002 : 13;
0003 : 30;
0004 : 15;
0005 : -8;
0006 : 46;
0007 : 36;
0008 : -42;
0009 : -15;
000A : 0;
000B : -4;
000C : -17;
000D : 44;
000E : 13;
000F : 62;
0010 : -29;
0011 : 9;
0012 : -12;
0013 : 42;
0014 : 26;
0015 : -16;
0016 : 39;
0017 : -21;
0018 : -37;
0019 : -6;
001A : 52;
001B : 54;
001C : 30;
001D : -3;
001E : -24;
001F : -12;
0020 : -2;
0021 : 12;
0022 : 6;
0023 : 4;
0024 : 51;
0025 : 10;
0026 : -28;
0027 : 5;
0028 : 82;
0029 : -39;
002A : 44;
002B : -1;
002C : 26;
002D : -21;
002E : 0;
002F : 27;
0030 : 0;
0031 : -22;
0032 : -11;
0033 : -14;
0034 : 26;
0035 : 20;
0036 : 18;
0037 : 65;
0038 : -2;
0039 : 43;
003A : -21;
003B : 21;
003C : -31;
003D : 7;
003E : -41;
003F : 59;
0040 : 44;
0041 : -37;
0042 : -33;
0043 : 44;
0044 : 17;
0045 : -89;
0046 : -16;
0047 : -10;
0048 : -27;
0049 : -42;
004A : 70;
004B : -15;
004C : 24;
004D : 18;
004E : -38;
004F : 26;
0050 : -29;
0051 : 23;
0052 : 35;
0053 : -12;
0054 : 52;
0055 : 35;
0056 : -10;
0057 : -2;
0058 : 7;
0059 : -6;
005A : 18;
005B : -49;
005C : 23;
005D : -13;
005E : 25;
005F : 5;
0060 : -23;
0061 : 47;
0062 : -1;
0063 : 51;
0064 : 42;
0065 : -8;
0066 : -22;
0067 : -21;
0068 : 10;
0069 : -20;
006A : -21;
006B : 27;
006C : 31;
006D : 2;
006E : 38;
006F : -17;
0070 : 16;
0071 : -5;
0072 : 10;
0073 : 11;
0074 : -11;
0075 : 13;
0076 : -7;
0077 : -69;
0078 : 16;
0079 : 14;
007A : 72;
007B : -38;
007C : 43;
007D : 52;
007E : -24;
007F : -38;
0080 : -36;
0081 : 4;
0082 : -16;
0083 : -2;
0084 : -25;
0085 : 14;
0086 : 21;
0087 : -32;
0088 : 46;
0089 : 37;
008A : 48;
008B : 23;
008C : -2;
008D : -16;
008E : -41;
008F : -10;
0090 : 51;
0091 : -46;
0092 : 0;
0093 : -16;
0094 : -18;
0095 : 28;
0096 : -20;
0097 : 16;
0098 : -43;
0099 : -33;
009A : 12;
009B : 42;
009C : 15;
009D : 25;
009E : 17;
009F : 30;
00A0 : 33;
00A1 : 26;
00A2 : 7;
00A3 : 53;
00A4 : 40;
00A5 : -17;
00A6 : -24;
00A7 : -3;
00A8 : 44;
00A9 : -33;
00AA : 32;
00AB : -21;
00AC : 32;
00AD : -14;
00AE : 49;
00AF : -7;
00B0 : 24;
00B1 : 9;
00B2 : -50;
00B3 : -20;
00B4 : -24;
00B5 : -42;
00B6 : -7;
00B7 : -26;
00B8 : 7;
00B9 : 36;
00BA : -8;
00BB : -16;
00BC : -5;
00BD : 44;
00BE : 47;
00BF : -1;
00C0 : -5;
00C1 : 52;
00C2 : 30;
00C3 : 10;
00C4 : 26;
00C5 : -17;
00C6 : -23;
00C7 : 6;
00C8 : 5;
00C9 : 19;
00CA : -5;
00CB : 5;
00CC : -24;
00CD : -34;
00CE : 19;
00CF : -31;
00D0 : 21;
00D1 : -3;
00D2 : -5;
00D3 : 39;
00D4 : -28;
00D5 : -60;
00D6 : 21;
00D7 : 35;
00D8 : 7;
00D9 : 24;
00DA : 36;
00DB : 59;
00DC : 40;
00DD : 3;
00DE : -33;
00DF : -43;
00E0 : 2;
00E1 : 19;
00E2 : 13;
00E3 : 16;
00E4 : -21;
00E5 : -44;
00E6 : -43;
00E7 : 20;
00E8 : 0;
00E9 : -27;
00EA : 23;
00EB : -18;
00EC : -6;
00ED : 3;
00EE : -36;
00EF : -8;
00F0 : 15;
00F1 : 11;
00F2 : -18;
00F3 : -28;
00F4 : -16;
00F5 : -15;
00F6 : -46;
00F7 : -6;
00F8 : -1;
00F9 : 39;
00FA : -13;
00FB : -81;
00FC : 38;
00FD : 13;
00FE : 4;
00FF : -16;
0100 : 10;
0101 : 4;
0102 : -18;
0103 : 29;
0104 : -18;
0105 : -23;
0106 : 42;
0107 : -17;
0108 : 32;
0109 : 24;
010A : -58;
010B : -2;
010C : -17;
010D : -10;
010E : 6;
010F : 22;
0110 : 36;
0111 : -43;
0112 : -25;
0113 : 8;
0114 : -50;
0115 : 31;
0116 : -14;
0117 : -8;
0118 : -15;
0119 : 28;
011A : 31;
011B : 23;
011C : 32;
011D : -38;
011E : 14;
011F : -27;
0120 : 54;
0121 : 14;
0122 : 25;
0123 : -45;
0124 : 12;
0125 : -6;
0126 : 30;
0127 : -13;
0128 : 15;
0129 : 28;
012A : -30;
012B : -40;
012C : 23;
012D : -53;
012E : 26;
012F : 30;
0130 : -6;
0131 : 44;
0132 : 6;
0133 : -47;
0134 : 11;
0135 : 9;
0136 : -26;
0137 : 15;
0138 : 54;
0139 : 35;
013A : 31;
013B : 36;
013C : 39;
013D : -45;
013E : 15;
013F : -2;
0140 : 33;
0141 : -34;
0142 : 34;
0143 : 4;
0144 : -57;
0145 : -34;
0146 : 12;
0147 : 38;
0148 : -10;
0149 : 28;
014A : 19;
014B : 4;
014C : 54;
014D : 45;
014E : -23;
014F : -1;
0150 : -3;
0151 : 7;
0152 : 41;
0153 : -68;
0154 : -41;
0155 : 7;
0156 : 38;
0157 : 55;
0158 : 28;
0159 : -44;
015A : -14;
015B : 34;
015C : 7;
015D : 17;
015E : -14;
015F : -33;
0160 : 23;
0161 : -30;
0162 : -27;
0163 : -43;
0164 : 33;
0165 : 31;
0166 : -33;
0167 : 42;
0168 : -14;
0169 : -31;
016A : -54;
016B : -37;
016C : 55;
016D : -6;
016E : 37;
016F : 44;
0170 : 27;
0171 : 31;
0172 : -20;
0173 : 0;
0174 : -16;
0175 : 45;
0176 : 30;
0177 : 15;
0178 : 15;
0179 : 4;
017A : 69;
017B : -25;
017C : 47;
017D : -23;
017E : 8;
017F : 14;
0180 : -45;
0181 : 10;
0182 : 0;
0183 : 1;
0184 : 28;
0185 : -5;
0186 : 7;
0187 : -27;
0188 : 33;
0189 : 26;
018A : -21;
018B : 0;
018C : -6;
018D : 23;
018E : -37;
018F : -45;
0190 : -3;
0191 : -23;
0192 : 20;
0193 : 10;
0194 : 32;
0195 : -24;
0196 : 1;
0197 : -10;
0198 : -14;
0199 : 16;
019A : -15;
019B : 55;
019C : 31;
019D : -5;
019E : 7;
019F : -17;
01A0 : 23;
01A1 : 31;
01A2 : -36;
01A3 : -28;
01A4 : 7;
01A5 : -13;
01A6 : -30;
01A7 : -2;
01A8 : 3;
01A9 : 4;
01AA : 39;
01AB : 73;
01AC : 12;
01AD : -60;
01AE : -19;
01AF : 2;
01B0 : 33;
01B1 : -67;
01B2 : -47;
01B3 : -15;
01B4 : 41;
01B5 : 47;
01B6 : 6;
01B7 : 0;
01B8 : 15;
01B9 : 33;
01BA : -43;
01BB : 7;
01BC : 69;
01BD : -19;
01BE : -14;
01BF : 4;
01C0 : 43;
01C1 : -30;
01C2 : -14;
01C3 : 13;
01C4 : -27;
01C5 : -25;
01C6 : 26;
01C7 : 43;
01C8 : 31;
01C9 : 46;
01CA : 49;
01CB : 22;
01CC : 26;
01CD : -47;
01CE : 37;
01CF : -40;
01D0 : -41;
01D1 : 21;
01D2 : -16;
01D3 : -15;
01D4 : -9;
01D5 : -21;
01D6 : -6;
01D7 : -17;
01D8 : 12;
01D9 : 11;
01DA : 21;
01DB : 25;
01DC : 14;
01DD : 14;
01DE : 40;
01DF : 1;
01E0 : -47;
01E1 : -24;
01E2 : 30;
01E3 : -30;
01E4 : 37;
01E5 : -12;
01E6 : -39;
01E7 : 15;
01E8 : -19;
01E9 : 10;
01EA : -25;
01EB : 18;
01EC : 40;
01ED : 15;
01EE : -13;
01EF : 3;
01F0 : -6;
01F1 : 31;
01F2 : 66;
01F3 : -15;
01F4 : 37;
01F5 : -11;
01F6 : -13;
01F7 : 67;
01F8 : 1;
01F9 : -50;
01FA : -19;
01FB : 25;
01FC : 35;
01FD : -9;
01FE : -30;
01FF : 40;
0200 : -66;
0201 : 48;
0202 : 27;
0203 : -19;
0204 : -9;
0205 : 46;
0206 : -5;
0207 : -33;
0208 : 17;
0209 : -64;
020A : 19;
020B : 45;
020C : 35;
020D : 28;
020E : 21;
020F : -32;
0210 : -12;
0211 : -10;
0212 : -33;
0213 : -19;
0214 : 3;
0215 : -18;
0216 : -3;
0217 : -17;
0218 : 38;
0219 : 55;
021A : -46;
021B : -15;
021C : 25;
021D : -17;
021E : -9;
021F : 29;
0220 : 40;
0221 : -15;
0222 : 14;
0223 : -39;
0224 : 9;
0225 : 23;
0226 : 33;
0227 : 11;
0228 : 26;
0229 : 21;
022A : -13;
022B : 1;
022C : -23;
022D : 59;
022E : -4;
022F : 30;
0230 : 8;
0231 : -53;
0232 : 42;
0233 : 6;
0234 : 16;
0235 : -38;
0236 : 26;
0237 : -37;
0238 : -61;
0239 : -3;
023A : -7;
023B : 41;
023C : 11;
023D : 32;
023E : -50;
023F : 11;
0240 : -34;
0241 : -51;
0242 : -13;
0243 : -15;
0244 : 39;
0245 : 36;
0246 : 32;
0247 : 0;
0248 : -5;
0249 : -5;
024A : -9;
024B : 3;
024C : -27;
024D : -10;
024E : 16;
024F : -25;
0250 : 46;
0251 : 12;
0252 : -27;
0253 : 23;
0254 : 48;
0255 : -8;
0256 : -18;
0257 : 43;
0258 : -4;
0259 : -3;
025A : 19;
025B : 16;
025C : -41;
025D : -16;
025E : 4;
025F : -14;
0260 : -21;
0261 : -25;
0262 : -18;
0263 : -24;
0264 : 58;
0265 : -9;
0266 : -7;
0267 : -19;
0268 : -43;
0269 : -51;
026A : 23;
026B : 18;
026C : -8;
026D : -21;
026E : 34;
026F : 38;
0270 : -38;
0271 : 12;
0272 : -46;
0273 : 16;
0274 : -1;
0275 : 13;
0276 : 35;
0277 : 1;
0278 : 10;
0279 : -45;
027A : 55;
027B : 4;
027C : -11;
027D : 0;
027E : -8;
027F : 21;
0280 : 12;
0281 : 56;
0282 : 28;
0283 : -4;
0284 : -7;
0285 : 29;
0286 : -29;
0287 : -18;
0288 : -26;
0289 : 51;
028A : -37;
028B : -6;
028C : 48;
028D : 16;
028E : -3;
028F : -3;
0290 : 50;
0291 : 37;
0292 : -6;
0293 : 0;
0294 : 21;
0295 : 5;
0296 : 26;
0297 : -17;
0298 : -26;
0299 : -25;
029A : 56;
029B : 21;
029C : -12;
029D : 71;
029E : -4;
029F : -25;
02A0 : 28;
02A1 : 4;
02A2 : -38;
02A3 : 8;
02A4 : 29;
02A5 : -26;
02A6 : 45;
02A7 : -19;
02A8 : -26;
02A9 : -26;
02AA : 14;
02AB : -43;
02AC : -9;
02AD : -18;
02AE : 14;
02AF : 8;
02B0 : 16;
02B1 : 39;
02B2 : 9;
02B3 : -15;
02B4 : -1;
02B5 : 11;
02B6 : -15;
02B7 : 43;
02B8 : 9;
02B9 : -26;
02BA : -17;
02BB : -10;
02BC : 39;
02BD : 46;
02BE : -26;
02BF : 46;
02C0 : -30;
02C1 : -46;
02C2 : -14;
02C3 : -50;
02C4 : 0;
02C5 : 12;
02C6 : 24;
02C7 : 31;
02C8 : 44;
02C9 : -20;
02CA : -32;
02CB : -45;
02CC : 29;
02CD : -29;
02CE : 31;
02CF : -6;
02D0 : -29;
02D1 : 28;
02D2 : -3;
02D3 : 23;
02D4 : -62;
02D5 : -8;
02D6 : 34;
02D7 : -53;
02D8 : 7;
02D9 : -37;
02DA : -21;
02DB : -7;
02DC : 54;
02DD : 4;
02DE : -2;
02DF : -38;
02E0 : 28;
02E1 : 2;
02E2 : 42;
02E3 : 15;
02E4 : 13;
02E5 : -7;
02E6 : -18;
02E7 : -15;
02E8 : -24;
02E9 : -33;
02EA : -38;
02EB : 0;
02EC : -9;
02ED : 68;
02EE : -22;
02EF : -36;
02F0 : 27;
02F1 : -2;
02F2 : 13;
02F3 : 11;
02F4 : 42;
02F5 : 28;
02F6 : 37;
02F7 : -26;
02F8 : 9;
02F9 : 48;
02FA : 3;
02FB : -23;
02FC : 4;
02FD : 14;
02FE : 35;
02FF : 22;
0300 : 23;
0301 : 4;
0302 : 23;
0303 : -64;
0304 : -41;
0305 : 19;
0306 : -47;
0307 : -24;
0308 : -1;
0309 : 14;
030A : 13;
030B : -23;
030C : -25;
030D : 27;
030E : 37;
030F : -46;
0310 : -25;
0311 : 23;
0312 : 39;
0313 : 18;
0314 : 11;
0315 : -36;
0316 : 10;
0317 : -2;
0318 : 2;
0319 : -41;
031A : -55;
031B : -1;
031C : 33;
031D : 26;
031E : -33;
031F : 15;
0320 : 31;
0321 : -29;
0322 : -10;
0323 : 20;
0324 : 34;
0325 : -10;
0326 : 2;
0327 : -19;
0328 : 17;
0329 : 49;
032A : -6;
032B : 43;
032C : -2;
032D : 47;
032E : -55;
032F : 1;
0330 : 40;
0331 : 19;
0332 : -34;
0333 : 9;
0334 : 32;
0335 : 48;
0336 : 40;
0337 : 14;
0338 : 11;
0339 : -5;
033A : 4;
033B : -20;
033C : 51;
033D : 22;
033E : 25;
033F : -9;
0340 : 23;
0341 : 1;
0342 : 41;
0343 : -21;
0344 : -5;
0345 : -29;
0346 : -38;
0347 : 17;
0348 : -26;
0349 : -7;
034A : -23;
034B : 31;
034C : -5;
034D : 38;
034E : 27;
034F : 7;
0350 : 24;
0351 : 10;
0352 : -4;
0353 : -33;
0354 : -43;
0355 : -43;
0356 : 13;
0357 : -36;
0358 : 2;
0359 : -47;
035A : 20;
035B : 4;
035C : 2;
035D : 5;
035E : -7;
035F : 19;
0360 : -27;
0361 : 21;
0362 : 31;
0363 : -40;
0364 : -9;
0365 : 31;
0366 : -26;
0367 : -40;
0368 : -35;
0369 : 9;
036A : -45;
036B : -5;
036C : 24;
036D : -44;
036E : -46;
036F : 41;
0370 : 41;
0371 : -25;
0372 : -45;
0373 : 11;
0374 : 41;
0375 : -39;
0376 : 41;
0377 : -31;
0378 : 7;
0379 : -19;
037A : -50;
037B : -24;
037C : -19;
037D : 14;
037E : -14;
037F : -11;
0380 : -5;
0381 : 18;
0382 : 1;
0383 : 15;
0384 : -7;
0385 : -39;
0386 : 12;
0387 : -20;
0388 : 24;
0389 : 12;
038A : 28;
038B : 15;
038C : -27;
038D : 35;
038E : 12;
038F : -14;
0390 : -39;
0391 : 12;
0392 : -28;
0393 : 5;
0394 : -23;
0395 : -2;
0396 : -27;
0397 : 11;
0398 : -2;
0399 : 25;
039A : -35;
039B : -38;
039C : 3;
039D : -23;
039E : 2;
039F : -18;
03A0 : -24;
03A1 : -40;
03A2 : 31;
03A3 : -28;
03A4 : -23;
03A5 : -7;
03A6 : -5;
03A7 : 10;
03A8 : 12;
03A9 : -48;
03AA : 5;
03AB : 5;
03AC : -41;
03AD : -46;
03AE : -25;
03AF : -29;
03B0 : -36;
03B1 : -20;
03B2 : -38;
03B3 : 10;
03B4 : -6;
03B5 : 27;
03B6 : -13;
03B7 : 8;
03B8 : -10;
03B9 : -39;
03BA : 36;
03BB : 20;
03BC : -11;
03BD : -42;
03BE : 11;
03BF : 19;
03C0 : 18;
03C1 : -38;
03C2 : -55;
03C3 : -25;
03C4 : 58;
03C5 : 28;
03C6 : -28;
03C7 : 26;
03C8 : 11;
03C9 : -10;
03CA : -35;
03CB : -26;
03CC : 7;
03CD : 55;
03CE : 31;
03CF : 30;
03D0 : -12;
03D1 : -50;
03D2 : -55;
03D3 : 25;
03D4 : -26;
03D5 : 47;
03D6 : 59;
03D7 : -43;
03D8 : -34;
03D9 : 8;
03DA : 34;
03DB : 39;
03DC : 26;
03DD : 24;
03DE : 27;
03DF : 29;
03E0 : 16;
03E1 : 16;
03E2 : 38;
03E3 : -70;
03E4 : 27;
03E5 : -24;
03E6 : 10;
03E7 : 46;
03E8 : -30;
03E9 : 48;
03EA : 28;
03EB : -5;
03EC : -19;
03ED : 6;
03EE : 4;
03EF : 12;
03F0 : -36;
03F1 : -17;
03F2 : -31;
03F3 : -12;
03F4 : -39;
03F5 : -23;
03F6 : 35;
03F7 : -20;
03F8 : -5;
03F9 : -11;
03FA : 32;
03FB : -58;
03FC : -2;
03FD : -14;
03FE : -2;
03FF : 33;
0400 : 41;
0401 : 1;
0402 : 55;
0403 : 43;
0404 : 15;
0405 : -47;
0406 : -18;
0407 : -1;
0408 : 21;
0409 : -11;
040A : -10;
040B : 19;
040C : -10;
040D : -19;
040E : -57;
040F : 10;
0410 : -13;
0411 : 22;
0412 : 11;
0413 : 8;
0414 : 30;
0415 : -16;
0416 : -20;
0417 : 4;
0418 : 56;
0419 : 30;
041A : -50;
041B : 8;
041C : -18;
041D : 25;
041E : 9;
041F : -37;
0420 : 20;
0421 : 1;
0422 : -29;
0423 : 3;
0424 : -63;
0425 : 45;
0426 : 52;
0427 : 81;
0428 : -23;
0429 : -54;
042A : -41;
042B : -26;
042C : 25;
042D : -42;
042E : 5;
042F : 13;
0430 : 6;
0431 : -69;
0432 : -1;
0433 : 14;
0434 : 10;
0435 : 22;
0436 : 21;
0437 : -13;
0438 : 16;
0439 : -16;
043A : -15;
043B : 50;
043C : -17;
043D : 14;
043E : -43;
043F : 27;
0440 : -16;
0441 : -6;
0442 : -9;
0443 : -50;
0444 : 62;
0445 : -11;
0446 : -27;
0447 : -33;
0448 : -28;
0449 : 16;
044A : 11;
044B : -6;
044C : -25;
044D : 19;
044E : -20;
044F : -21;
0450 : 8;
0451 : -10;
0452 : 1;
0453 : -28;
0454 : 34;
0455 : -36;
0456 : 39;
0457 : -27;
0458 : -26;
0459 : 35;
045A : 45;
045B : -29;
045C : 34;
045D : 5;
045E : 6;
045F : 22;
0460 : -87;
0461 : 18;
0462 : 30;
0463 : 32;
0464 : 15;
0465 : 32;
0466 : -16;
0467 : 9;
0468 : -26;
0469 : 7;
046A : -18;
046B : -41;
046C : 49;
046D : 18;
046E : -16;
046F : 3;
0470 : -15;
0471 : -3;
0472 : 18;
0473 : 20;
0474 : 49;
0475 : 17;
0476 : 2;
0477 : 14;
0478 : -18;
0479 : 9;
047A : 0;
047B : 0;
047C : 30;
047D : -9;
047E : 29;
047F : -5;
0480 : -10;
0481 : 2;
0482 : -79;
0483 : -25;
0484 : 11;
0485 : -7;
0486 : 59;
0487 : 48;
0488 : -2;
0489 : -22;
048A : -34;
048B : -42;
048C : 21;
048D : 19;
048E : 38;
048F : 37;
0490 : -41;
0491 : 1;
0492 : -33;
0493 : 28;
0494 : -69;
0495 : -20;
0496 : 50;
0497 : 6;
0498 : 17;
0499 : -19;
049A : -18;
049B : -46;
049C : -13;
049D : 9;
049E : 60;
049F : 57;
04A0 : -13;
04A1 : 28;
04A2 : 29;
04A3 : 31;
04A4 : -43;
04A5 : -43;
04A6 : -39;
04A7 : 46;
04A8 : -3;
04A9 : -17;
04AA : -24;
04AB : 46;
04AC : 50;
04AD : 4;
04AE : 22;
04AF : 44;
04B0 : -30;
04B1 : -28;
04B2 : 45;
04B3 : -42;
04B4 : 23;
04B5 : -38;
04B6 : 27;
04B7 : -8;
04B8 : 16;
04B9 : -37;
04BA : -33;
04BB : 0;
04BC : -14;
04BD : -73;
04BE : -66;
04BF : -28;
04C0 : -3;
04C1 : 5;
04C2 : 36;
04C3 : 26;
04C4 : -32;
04C5 : 59;
04C6 : -30;
04C7 : 5;
04C8 : 64;
04C9 : -5;
04CA : 1;
04CB : 32;
04CC : 10;
04CD : 31;
04CE : -6;
04CF : 34;
04D0 : -23;
04D1 : -10;
04D2 : -43;
04D3 : 48;
04D4 : 25;
04D5 : 9;
04D6 : 7;
04D7 : -42;
04D8 : 31;
04D9 : 61;
04DA : 45;
04DB : 6;
04DC : 52;
04DD : 30;
04DE : -29;
04DF : 17;
04E0 : -38;
04E1 : -20;
04E2 : 1;
04E3 : 13;
04E4 : 12;
04E5 : -20;
04E6 : -2;
04E7 : -41;
04E8 : 33;
04E9 : -23;
04EA : -7;
04EB : 30;
04EC : 23;
04ED : 16;
04EE : 18;
04EF : 49;
04F0 : -37;
04F1 : -23;
04F2 : 29;
04F3 : -17;
04F4 : -17;
04F5 : 35;
04F6 : 1;
04F7 : 1;
04F8 : 28;
04F9 : 17;
04FA : -22;
04FB : 17;
04FC : 3;
04FD : 3;
04FE : -31;
04FF : 28;
0500 : -10;
0501 : 22;
0502 : -53;
0503 : 44;
0504 : 61;
0505 : -9;
0506 : -28;
0507 : 46;
0508 : -52;
0509 : -45;
050A : -23;
050B : -32;
050C : -10;
050D : 31;
050E : 17;
050F : -23;
0510 : -40;
0511 : -28;
0512 : 15;
0513 : 55;
0514 : 6;
0515 : 2;
0516 : -19;
0517 : -52;
0518 : 2;
0519 : -14;
051A : 18;
051B : -14;
051C : -67;
051D : -17;
051E : 35;
051F : 15;
0520 : 34;
0521 : 5;
0522 : -10;
0523 : 67;
0524 : 13;
0525 : 37;
0526 : 28;
0527 : 14;
0528 : -28;
0529 : -27;
052A : -16;
052B : 32;
052C : 25;
052D : -35;
052E : 18;
052F : 26;
0530 : -35;
0531 : -25;
0532 : 31;
0533 : -47;
0534 : 21;
0535 : -14;
0536 : 57;
0537 : -24;
0538 : 36;
0539 : 14;
053A : -64;
053B : 47;
053C : -37;
053D : 55;
053E : 42;
053F : -70;
0540 : -8;
0541 : 42;
0542 : -20;
0543 : 44;
0544 : 10;
0545 : -43;
0546 : -22;
0547 : -36;
0548 : -40;
0549 : -10;
054A : -22;
054B : -70;
054C : 44;
054D : 29;
054E : 43;
054F : 2;
0550 : -9;
0551 : 14;
0552 : 0;
0553 : 35;
0554 : 35;
0555 : 32;
0556 : 21;
0557 : 68;
0558 : -15;
0559 : 43;
055A : 29;
055B : 36;
055C : -46;
055D : 38;
055E : 64;
055F : -12;
0560 : 24;
0561 : -46;
0562 : 0;
0563 : 8;
0564 : -10;
0565 : -42;
0566 : 58;
0567 : 64;
0568 : 5;
0569 : 10;
056A : -1;
056B : -28;
056C : 63;
056D : 10;
056E : 5;
056F : 3;
0570 : 43;
0571 : 28;
0572 : -50;
0573 : 5;
0574 : -38;
0575 : -9;
0576 : -34;
0577 : -41;
0578 : 57;
0579 : 43;
057A : 7;
057B : -29;
057C : -18;
057D : 4;
057E : -21;
057F : 11;
0580 : -15;
0581 : -53;
0582 : 7;
0583 : -17;
0584 : 23;
0585 : 40;
0586 : 36;
0587 : -7;
0588 : 18;
0589 : 1;
058A : 16;
058B : 23;
058C : 7;
058D : -22;
058E : -22;
058F : 0;
0590 : 32;
0591 : 25;
0592 : -44;
0593 : 44;
0594 : 34;
0595 : -22;
0596 : -32;
0597 : -7;
0598 : 48;
0599 : -7;
059A : -24;
059B : 31;
059C : 12;
059D : 14;
059E : 16;
059F : 27;
05A0 : 0;
05A1 : -26;
05A2 : 6;
05A3 : -28;
05A4 : 17;
05A5 : -26;
05A6 : 9;
05A7 : 6;
05A8 : -26;
05A9 : -7;
05AA : 31;
05AB : -31;
05AC : -47;
05AD : 6;
05AE : 14;
05AF : -37;
05B0 : 13;
05B1 : 42;
05B2 : -32;
05B3 : -2;
05B4 : 14;
05B5 : -40;
05B6 : 16;
05B7 : -38;
05B8 : -36;
05B9 : -5;
05BA : 17;
05BB : -29;
05BC : 2;
05BD : 22;
05BE : 12;
05BF : 25;
05C0 : -5;
05C1 : 23;
05C2 : -41;
05C3 : -44;
05C4 : -17;
05C5 : 12;
05C6 : 9;
05C7 : -34;
05C8 : -6;
05C9 : -38;
05CA : -35;
05CB : -12;
05CC : 32;
05CD : -1;
05CE : -42;
05CF : -29;
05D0 : -52;
05D1 : 0;
05D2 : -29;
05D3 : -21;
05D4 : 22;
05D5 : 23;
05D6 : -28;
05D7 : -24;
05D8 : -28;
05D9 : -22;
05DA : 32;
05DB : 12;
05DC : -33;
05DD : 25;
05DE : 5;
05DF : -38;
05E0 : 3;
05E1 : 0;
05E2 : 3;
05E3 : -38;
05E4 : -48;
05E5 : 30;
05E6 : 13;
05E7 : 29;
05E8 : 21;
05E9 : -36;
05EA : 17;
05EB : 27;
05EC : -26;
05ED : -49;
05EE : 16;
05EF : 24;
05F0 : 33;
05F1 : 0;
05F2 : -21;
05F3 : -10;
05F4 : -22;
05F5 : 1;
05F6 : -7;
05F7 : 13;
05F8 : -35;
05F9 : -38;
05FA : -25;
05FB : 12;
05FC : 0;
05FD : -14;
05FE : -21;
05FF : -42;
0600 : 9;
0601 : -28;
0602 : 34;
0603 : -2;
0604 : -31;
0605 : -15;
0606 : 14;
0607 : -7;
0608 : -42;
0609 : -25;
060A : -42;
060B : 19;
060C : -51;
060D : -16;
060E : -10;
060F : -39;
0610 : -17;
0611 : 2;
0612 : -59;
0613 : 30;
0614 : 13;
0615 : -43;
0616 : -39;
0617 : -31;
0618 : 41;
0619 : 33;
061A : -67;
061B : -24;
061C : -3;
061D : 43;
061E : -12;
061F : 8;
0620 : -4;
0621 : 38;
0622 : -30;
0623 : -21;
0624 : 48;
0625 : -14;
0626 : 11;
0627 : -5;
0628 : -21;
0629 : 24;
062A : 33;
062B : 5;
062C : 20;
062D : -40;
062E : 1;
062F : 33;
0630 : -10;
0631 : -24;
0632 : 20;
0633 : 47;
0634 : 14;
0635 : -18;
0636 : -8;
0637 : 38;
0638 : 35;
0639 : 9;
063A : 38;
063B : 25;
063C : -46;
063D : 28;
063E : -3;
063F : 5;
0640 : -17;
0641 : -8;
0642 : 26;
0643 : 34;
0644 : -35;
0645 : 8;
0646 : 28;
0647 : 3;
0648 : -43;
0649 : -7;
064A : 16;
064B : 27;
064C : 61;
064D : 39;
064E : -17;
064F : -27;
0650 : 8;
0651 : 11;
0652 : 17;
0653 : -44;
0654 : -10;
0655 : 23;
0656 : -24;
0657 : 34;
0658 : 17;
0659 : 0;
065A : 34;
065B : -36;
065C : 1;
065D : 53;
065E : 65;
065F : 29;
0660 : 37;
0661 : -9;
0662 : -69;
0663 : 0;
0664 : 41;
0665 : 14;
0666 : 12;
0667 : -15;
0668 : 20;
0669 : -16;
066A : -22;
066B : -20;
066C : -3;
066D : -22;
066E : -12;
066F : 12;
0670 : 15;
0671 : 28;
0672 : -29;
0673 : 28;
0674 : -47;
0675 : -38;
0676 : -1;
0677 : 27;
0678 : -27;
0679 : 14;
067A : -36;
067B : -50;
067C : 9;
067D : 62;
067E : 4;
067F : 41;
0680 : -5;
0681 : -27;
0682 : 33;
0683 : -40;
0684 : 30;
0685 : 1;
0686 : -13;
0687 : 39;
0688 : -4;
0689 : 31;
068A : -51;
068B : 27;
068C : -3;
068D : -22;
068E : -26;
068F : -11;
0690 : -6;
0691 : 18;
0692 : -46;
0693 : -50;
0694 : 47;
0695 : -41;
0696 : -43;
0697 : -9;
0698 : 21;
0699 : -23;
069A : -17;
069B : 26;
069C : 36;
069D : 4;
069E : -36;
069F : -12;
06A0 : -11;
06A1 : -12;
06A2 : 3;
06A3 : 6;
06A4 : 1;
06A5 : 5;
06A6 : 39;
06A7 : -3;
06A8 : -3;
06A9 : 34;
06AA : -9;
06AB : 11;
06AC : 20;
06AD : -10;
06AE : 25;
06AF : -19;
06B0 : -23;
06B1 : 41;
06B2 : 19;
06B3 : -15;
06B4 : 24;
06B5 : 48;
06B6 : 22;
06B7 : 33;
06B8 : -52;
06B9 : 59;
06BA : 30;
06BB : 4;
06BC : -25;
06BD : -28;
06BE : 41;
06BF : 15;
06C0 : -54;
06C1 : 9;
06C2 : -24;
06C3 : -69;
06C4 : -18;
06C5 : -28;
06C6 : 28;
06C7 : -17;
06C8 : 32;
06C9 : 42;
06CA : 37;
06CB : -33;
06CC : -28;
06CD : -19;
06CE : 58;
06CF : -29;
06D0 : -11;
06D1 : 3;
06D2 : -32;
06D3 : 44;
06D4 : 31;
06D5 : -6;
06D6 : 39;
06D7 : -18;
06D8 : 15;
06D9 : 60;
06DA : -40;
06DB : 15;
06DC : 13;
06DD : 25;
06DE : -30;
06DF : 8;
06E0 : 51;
06E1 : -6;
06E2 : -5;
06E3 : -34;
06E4 : -25;
06E5 : 14;
06E6 : 8;
06E7 : 37;
06E8 : -2;
06E9 : 46;
06EA : 14;
06EB : -2;
06EC : -16;
06ED : 6;
06EE : 17;
06EF : 9;
06F0 : -13;
06F1 : -51;
06F2 : 4;
06F3 : 29;
06F4 : -42;
06F5 : 41;
06F6 : 25;
06F7 : 16;
06F8 : -2;
06F9 : -36;
06FA : 10;
06FB : -6;
06FC : 31;
06FD : 27;
06FE : -35;
06FF : 24;
0700 : -28;
0701 : -47;
0702 : -21;
0703 : 21;
0704 : 33;
0705 : 41;
0706 : -26;
0707 : 23;
0708 : 10;
0709 : 2;
070A : 63;
070B : 11;
070C : 64;
070D : -26;
070E : 26;
070F : -16;
0710 : 4;
0711 : 27;
0712 : -30;
0713 : -44;
0714 : 2;
0715 : -3;
0716 : -31;
0717 : -15;
0718 : 2;
0719 : 11;
071A : -26;
071B : 64;
071C : 2;
071D : -8;
071E : -14;
071F : -6;
0720 : 31;
0721 : -2;
0722 : -25;
0723 : -10;
0724 : 48;
0725 : -30;
0726 : -25;
0727 : 44;
0728 : -41;
0729 : -31;
072A : -41;
072B : -20;
072C : -28;
072D : 29;
072E : -38;
072F : 3;
0730 : -2;
0731 : -33;
0732 : -19;
0733 : 35;
0734 : 4;
0735 : 24;
0736 : -36;
0737 : 32;
0738 : 10;
0739 : 1;
073A : 24;
073B : -10;
073C : 14;
073D : 31;
073E : 42;
073F : 20;
0740 : -7;
0741 : -54;
0742 : -16;
0743 : 42;
0744 : -32;
0745 : 24;
0746 : -4;
0747 : 27;
0748 : 31;
0749 : -43;
074A : -23;
074B : -26;
074C : 34;
074D : -21;
074E : -15;
074F : 21;
0750 : 29;
0751 : 47;
0752 : 56;
0753 : -51;
0754 : -16;
0755 : -49;
0756 : 4;
0757 : 17;
0758 : 18;
0759 : 11;
075A : -42;
075B : 2;
075C : 25;
075D : -38;
075E : -7;
075F : -30;
0760 : -10;
0761 : -31;
0762 : -16;
0763 : 19;
0764 : 0;
0765 : 16;
0766 : 37;
0767 : 8;
0768 : 22;
0769 : 42;
076A : 41;
076B : -1;
076C : 23;
076D : 46;
076E : -35;
076F : 2;
0770 : -7;
0771 : 17;
0772 : -58;
0773 : -29;
0774 : 0;
0775 : -3;
0776 : 39;
0777 : 35;
0778 : 30;
0779 : -3;
077A : 2;
077B : -58;
077C : 8;
077D : 28;
077E : 22;
077F : -8;
0780 : -4;
0781 : -8;
0782 : 45;
0783 : 5;
0784 : 39;
0785 : 23;
0786 : -32;
0787 : -16;
0788 : 24;
0789 : 33;
078A : -2;
078B : 10;
078C : 11;
078D : -42;
078E : -53;
078F : 7;
0790 : 25;
0791 : 30;
0792 : 48;
0793 : -10;
0794 : 6;
0795 : 23;
0796 : 44;
0797 : 48;
0798 : -12;
0799 : 29;
079A : -2;
079B : 18;
079C : 10;
079D : 29;
079E : -46;
079F : -26;
07A0 : -37;
07A1 : 1;
07A2 : -11;
07A3 : -13;
07A4 : -4;
07A5 : 40;
07A6 : 32;
07A7 : -47;
07A8 : 50;
07A9 : 12;
07AA : -34;
07AB : 38;
07AC : -44;
07AD : -31;
07AE : 18;
07AF : -17;
07B0 : 30;
07B1 : -23;
07B2 : -5;
07B3 : 18;
07B4 : 38;
07B5 : 26;
07B6 : -53;
07B7 : -13;
07B8 : -7;
07B9 : -1;
07BA : 1;
07BB : 12;
07BC : 30;
07BD : 2;
07BE : 38;
07BF : -10;
07C0 : -24;
07C1 : 11;
07C2 : 30;
07C3 : 53;
07C4 : 17;
07C5 : 61;
07C6 : 8;
07C7 : -24;
07C8 : -34;
07C9 : 1;
07CA : -65;
07CB : 31;
07CC : -10;
07CD : 0;
07CE : -14;
07CF : -13;
07D0 : -20;
07D1 : 52;
07D2 : 56;
07D3 : -12;
07D4 : 38;
07D5 : 13;
07D6 : 34;
07D7 : -17;
07D8 : 42;
07D9 : -3;
07DA : -36;
07DB : 8;
07DC : -30;
07DD : -33;
07DE : -39;
07DF : -13;
07E0 : 26;
07E1 : 36;
07E2 : -32;
07E3 : 86;
07E4 : -26;
07E5 : -16;
07E6 : 21;
07E7 : -37;
07E8 : -14;
07E9 : -28;
07EA : 29;
07EB : 19;
07EC : -6;
07ED : 19;
07EE : -3;
07EF : 12;
07F0 : 14;
07F1 : 38;
07F2 : 33;
07F3 : 30;
07F4 : 7;
07F5 : -14;
07F6 : -3;
07F7 : 17;
07F8 : 46;
07F9 : 15;
07FA : 1;
07FB : -36;
07FC : -51;
07FD : -33;
07FE : -51;
07FF : -1;
0800 : 0;
0801 : 4;
0802 : 4;
0803 : -15;
0804 : 35;
0805 : -66;
0806 : -11;
0807 : 42;
0808 : -10;
0809 : -3;
080A : -38;
080B : 9;
080C : -1;
080D : -18;
080E : 11;
080F : -43;
0810 : 9;
0811 : -9;
0812 : -33;
0813 : 45;
0814 : -24;
0815 : -7;
0816 : -5;
0817 : 34;
0818 : 24;
0819 : -5;
081A : 34;
081B : -54;
081C : -30;
081D : 17;
081E : 48;
081F : 26;
0820 : -42;
0821 : 83;
0822 : 10;
0823 : 33;
0824 : -43;
0825 : 0;
0826 : 10;
0827 : 52;
0828 : 21;
0829 : -29;
082A : -34;
082B : 15;
082C : 38;
082D : 8;
082E : -29;
082F : -4;
0830 : 24;
0831 : -46;
0832 : 7;
0833 : 11;
0834 : 9;
0835 : -3;
0836 : 33;
0837 : 12;
0838 : 2;
0839 : -26;
083A : -14;
083B : -6;
083C : 15;
083D : 8;
083E : 55;
083F : -2;
0840 : 16;
0841 : 65;
0842 : 43;
0843 : 18;
0844 : -26;
0845 : -22;
0846 : -10;
0847 : 35;
0848 : 34;
0849 : 36;
084A : 23;
084B : 30;
084C : -8;
084D : 0;
084E : -32;
084F : 33;
0850 : 12;
0851 : -46;
0852 : 19;
0853 : -17;
0854 : -12;
0855 : -10;
0856 : -6;
0857 : -21;
0858 : 40;
0859 : 29;
085A : 3;
085B : 46;
085C : -18;
085D : 38;
085E : -51;
085F : 24;
0860 : -35;
0861 : 49;
0862 : -3;
0863 : 2;
0864 : -29;
0865 : -2;
0866 : -9;
0867 : 34;
0868 : -16;
0869 : 0;
086A : -35;
086B : -1;
086C : 67;
086D : 6;
086E : -8;
086F : 5;
0870 : 19;
0871 : 24;
0872 : 50;
0873 : 25;
0874 : -30;
0875 : 49;
0876 : 5;
0877 : 25;
0878 : 40;
0879 : -6;
087A : 11;
087B : 48;
087C : 10;
087D : -41;
087E : -30;
087F : 49;
0880 : 3;
0881 : 27;
0882 : -19;
0883 : 45;
0884 : -5;
0885 : -38;
0886 : -21;
0887 : -55;
0888 : 9;
0889 : -43;
088A : -15;
088B : 5;
088C : 14;
088D : -21;
088E : 43;
088F : 15;
0890 : 44;
0891 : -42;
0892 : -34;
0893 : 28;
0894 : -30;
0895 : -35;
0896 : 47;
0897 : 30;
0898 : -58;
0899 : -6;
089A : 6;
089B : -7;
089C : 33;
089D : -25;
089E : 27;
089F : -35;
08A0 : 45;
08A1 : -49;
08A2 : -27;
08A3 : 33;
08A4 : -18;
08A5 : -42;
08A6 : 31;
08A7 : -2;
08A8 : 9;
08A9 : -38;
08AA : -19;
08AB : -18;
08AC : -9;
08AD : 31;
08AE : -2;
08AF : 39;
08B0 : -21;
08B1 : 14;
08B2 : 24;
08B3 : -46;
08B4 : 17;
08B5 : -2;
08B6 : -34;
08B7 : 28;
08B8 : 41;
08B9 : 3;
08BA : 43;
08BB : 10;
08BC : -17;
08BD : -58;
08BE : -11;
08BF : 43;
08C0 : 8;
08C1 : -1;
08C2 : 6;
08C3 : 62;
08C4 : 3;
08C5 : -26;
08C6 : -26;
08C7 : 19;
08C8 : 33;
08C9 : 4;
08CA : 19;
08CB : -10;
08CC : -30;
08CD : -34;
08CE : -44;
08CF : 8;
08D0 : 32;
08D1 : 55;
08D2 : 26;
08D3 : -9;
08D4 : 22;
08D5 : 34;
08D6 : -71;
08D7 : 2;
08D8 : -40;
08D9 : 14;
08DA : -9;
08DB : -40;
08DC : 45;
08DD : 43;
08DE : -27;
08DF : 6;
08E0 : -1;
08E1 : 0;
08E2 : -38;
08E3 : -17;
08E4 : 2;
08E5 : -16;
08E6 : 23;
08E7 : 4;
08E8 : -25;
08E9 : -10;
08EA : -19;
08EB : -14;
08EC : 49;
08ED : -4;
08EE : 22;
08EF : 33;
08F0 : 10;
08F1 : 25;
08F2 : 37;
08F3 : -49;
08F4 : -3;
08F5 : -27;
08F6 : -13;
08F7 : -58;
08F8 : 17;
08F9 : -34;
08FA : 108;
08FB : -30;
08FC : -37;
08FD : -33;
08FE : 15;
08FF : -13;
0900 : -48;
0901 : 17;
0902 : -79;
0903 : -51;
0904 : 44;
0905 : -5;
0906 : -6;
0907 : -38;
0908 : -69;
0909 : 10;
090A : 42;
090B : 65;
090C : -72;
090D : 36;
090E : 55;
090F : -32;
0910 : -12;
0911 : 14;
0912 : -2;
0913 : 33;
0914 : -33;
0915 : -2;
0916 : 2;
0917 : 28;
0918 : 37;
0919 : 2;
091A : 40;
091B : -2;
091C : 55;
091D : 16;
091E : -36;
091F : -39;
0920 : 26;
0921 : 29;
0922 : -31;
0923 : 34;
0924 : -43;
0925 : -26;
0926 : -1;
0927 : 7;
0928 : 8;
0929 : 28;
092A : -3;
092B : 41;
092C : -47;
092D : 19;
092E : -14;
092F : -1;
0930 : 12;
0931 : 52;
0932 : -29;
0933 : 3;
0934 : -26;
0935 : 5;
0936 : 1;
0937 : 45;
0938 : -6;
0939 : 50;
093A : 20;
093B : 16;
093C : 11;
093D : -26;
093E : 5;
093F : 0;
0940 : -26;
0941 : 29;
0942 : 33;
0943 : -8;
0944 : 46;
0945 : 20;
0946 : -56;
0947 : 19;
0948 : -1;
0949 : -32;
094A : 37;
094B : -17;
094C : -10;
094D : -34;
094E : 45;
094F : -7;
0950 : -12;
0951 : -38;
0952 : 19;
0953 : 53;
0954 : 13;
0955 : 28;
0956 : -11;
0957 : -22;
0958 : 2;
0959 : 10;
095A : 16;
095B : -17;
095C : 32;
095D : -3;
095E : -27;
095F : 47;
0960 : 39;
0961 : -29;
0962 : -41;
0963 : 33;
0964 : -39;
0965 : -42;
0966 : 30;
0967 : -11;
0968 : 1;
0969 : 34;
096A : 11;
096B : 16;
096C : 51;
096D : -22;
096E : 30;
096F : 48;
0970 : 23;
0971 : -12;
0972 : -18;
0973 : -3;
0974 : -26;
0975 : 35;
0976 : 33;
0977 : -12;
0978 : 38;
0979 : -5;
097A : -25;
097B : 1;
097C : -19;
097D : 23;
097E : 24;
097F : 15;
0980 : -5;
0981 : 13;
0982 : 36;
0983 : -47;
0984 : 53;
0985 : 39;
0986 : 41;
0987 : 4;
0988 : 60;
0989 : 26;
098A : -9;
098B : -9;
098C : -49;
098D : -33;
098E : 6;
098F : 7;
0990 : 14;
0991 : 22;
0992 : -30;
0993 : 35;
0994 : 40;
0995 : 8;
0996 : -33;
0997 : 44;
0998 : 24;
0999 : 26;
099A : -15;
099B : 46;
099C : -40;
099D : -18;
099E : 22;
099F : 31;
09A0 : 29;
09A1 : 2;
09A2 : -32;
09A3 : 67;
09A4 : -21;
09A5 : 9;
09A6 : -12;
09A7 : 39;
09A8 : 8;
09A9 : -42;
09AA : -57;
09AB : 0;
09AC : 8;
09AD : 30;
09AE : -13;
09AF : 30;
09B0 : 4;
09B1 : 11;
09B2 : 3;
09B3 : 12;
09B4 : 22;
09B5 : -29;
09B6 : 31;
09B7 : -7;
09B8 : 59;
09B9 : 27;
09BA : -27;
09BB : -17;
09BC : 8;
09BD : 39;
09BE : -4;
09BF : 7;
09C0 : -1;
09C1 : 17;
09C2 : -34;
09C3 : 28;
09C4 : 10;
09C5 : -34;
09C6 : 2;
09C7 : -40;
09C8 : 14;
09C9 : 1;
09CA : 39;
09CB : 40;
09CC : 20;
09CD : -5;
09CE : 21;
09CF : 39;
09D0 : 29;
09D1 : -1;
09D2 : 54;
09D3 : 5;
09D4 : 18;
09D5 : 19;
09D6 : 19;
09D7 : -50;
09D8 : 44;
09D9 : 40;
09DA : -8;
09DB : 26;
09DC : -32;
09DD : -14;
09DE : -31;
09DF : -25;
09E0 : 13;
09E1 : -16;
09E2 : -3;
09E3 : -34;
09E4 : 46;
09E5 : -22;
09E6 : -35;
09E7 : 29;
09E8 : 13;
09E9 : -34;
09EA : 17;
09EB : -67;
09EC : 2;
09ED : -26;
09EE : 28;
09EF : 76;
09F0 : 9;
09F1 : 22;
09F2 : 24;
09F3 : 34;
09F4 : -10;
09F5 : 34;
09F6 : 26;
09F7 : 2;
09F8 : -8;
09F9 : 38;
09FA : -14;
09FB : 37;
09FC : -2;
09FD : 33;
09FE : 46;
09FF : 4;
0A00 : -68;
0A01 : -23;
0A02 : 18;
0A03 : 8;
0A04 : 31;
0A05 : -26;
0A06 : 1;
0A07 : 23;
0A08 : -3;
0A09 : -24;
0A0A : 8;
0A0B : -33;
0A0C : 44;
0A0D : 44;
0A0E : 5;
0A0F : -38;
0A10 : 24;
0A11 : -12;
0A12 : 6;
0A13 : -34;
0A14 : -1;
0A15 : 24;
0A16 : 16;
0A17 : -43;
0A18 : -16;
0A19 : 45;
0A1A : -33;
0A1B : -49;
0A1C : -22;
0A1D : 112;
0A1E : 6;
0A1F : -35;
0A20 : 9;
0A21 : -11;
0A22 : -59;
0A23 : 1;
0A24 : -22;
0A25 : 25;
0A26 : 16;
0A27 : 31;
0A28 : -39;
0A29 : -14;
0A2A : -9;
0A2B : -28;
0A2C : -3;
0A2D : 33;
0A2E : 36;
0A2F : 39;
0A30 : 43;
0A31 : 62;
0A32 : -18;
0A33 : 45;
0A34 : 40;
0A35 : -15;
0A36 : -8;
0A37 : -3;
0A38 : -6;
0A39 : 34;
0A3A : 13;
0A3B : 10;
0A3C : -6;
0A3D : 13;
0A3E : -27;
0A3F : 1;
0A40 : 33;
0A41 : -17;
0A42 : 61;
0A43 : 1;
0A44 : 3;
0A45 : -14;
0A46 : 3;
0A47 : 5;
0A48 : -17;
0A49 : 19;
0A4A : -13;
0A4B : -25;
0A4C : 45;
0A4D : 15;
0A4E : -14;
0A4F : 67;
0A50 : -5;
0A51 : -17;
0A52 : -7;
0A53 : -3;
0A54 : 5;
0A55 : -19;
0A56 : -17;
0A57 : 19;
0A58 : 38;
0A59 : -30;
0A5A : 17;
0A5B : -29;
0A5C : 60;
0A5D : -19;
0A5E : 45;
0A5F : -31;
0A60 : -4;
0A61 : 29;
0A62 : -7;
0A63 : -31;
0A64 : 13;
0A65 : 22;
0A66 : 24;
0A67 : 16;
0A68 : 28;
0A69 : -50;
0A6A : 33;
0A6B : -25;
0A6C : 22;
0A6D : -54;
0A6E : -19;
0A6F : -25;
0A70 : -28;
0A71 : 5;
0A72 : -23;
0A73 : 16;
0A74 : 6;
0A75 : 49;
0A76 : 16;
0A77 : -32;
0A78 : -53;
0A79 : 7;
0A7A : 39;
0A7B : 28;
0A7C : 24;
0A7D : 24;
0A7E : -22;
0A7F : 76;
0A80 : -50;
0A81 : -5;
0A82 : 35;
0A83 : -13;
0A84 : 25;
0A85 : 2;
0A86 : 42;
0A87 : -4;
0A88 : 13;
0A89 : 0;
0A8A : -19;
0A8B : 50;
0A8C : 11;
0A8D : -37;
0A8E : -21;
0A8F : -3;
0A90 : 42;
0A91 : -5;
0A92 : -10;
0A93 : 27;
0A94 : -21;
0A95 : 74;
0A96 : 65;
0A97 : -10;
0A98 : 16;
0A99 : 23;
0A9A : -7;
0A9B : 12;
0A9C : 34;
0A9D : 53;
0A9E : 55;
0A9F : 21;
0AA0 : 43;
0AA1 : -20;
0AA2 : -32;
0AA3 : -32;
0AA4 : -17;
0AA5 : -35;
0AA6 : -25;
0AA7 : 29;
0AA8 : -33;
0AA9 : -23;
0AAA : -15;
0AAB : -16;
0AAC : -49;
0AAD : -36;
0AAE : -26;
0AAF : 10;
0AB0 : 34;
0AB1 : 11;
0AB2 : -11;
0AB3 : 34;
0AB4 : 30;
0AB5 : 48;
0AB6 : 25;
0AB7 : 37;
0AB8 : 3;
0AB9 : 21;
0ABA : 54;
0ABB : 32;
0ABC : -31;
0ABD : -4;
0ABE : -11;
0ABF : 53;
0AC0 : -4;
0AC1 : 18;
0AC2 : -8;
0AC3 : 58;
0AC4 : 16;
0AC5 : -14;
0AC6 : 21;
0AC7 : 3;
0AC8 : -50;
0AC9 : 33;
0ACA : -19;
0ACB : 46;
0ACC : -30;
0ACD : 40;
0ACE : -27;
0ACF : -35;
0AD0 : 7;
0AD1 : -20;
0AD2 : -22;
0AD3 : 60;
0AD4 : -1;
0AD5 : 43;
0AD6 : 38;
0AD7 : -2;
0AD8 : -19;
0AD9 : 1;
0ADA : 69;
0ADB : -59;
0ADC : -33;
0ADD : -21;
0ADE : -8;
0ADF : -49;
0AE0 : -44;
0AE1 : -58;
0AE2 : -10;
0AE3 : 45;
0AE4 : -25;
0AE5 : 7;
0AE6 : 28;
0AE7 : -2;
0AE8 : -23;
0AE9 : 33;
0AEA : 7;
0AEB : 91;
0AEC : -72;
0AED : -15;
0AEE : -58;
0AEF : -15;
0AF0 : 43;
0AF1 : -77;
0AF2 : -9;
0AF3 : 19;
0AF4 : 39;
0AF5 : 39;
0AF6 : 9;
0AF7 : 0;
0AF8 : 64;
0AF9 : 15;
0AFA : -4;
0AFB : -17;
0AFC : 20;
0AFD : 38;
0AFE : -28;
0AFF : -12;
0B00 : -29;
0B01 : 23;
0B02 : -32;
0B03 : -44;
0B04 : -10;
0B05 : 36;
0B06 : 1;
0B07 : -7;
0B08 : 0;
0B09 : 8;
0B0A : -25;
0B0B : -71;
0B0C : 9;
0B0D : 8;
0B0E : 33;
0B0F : 13;
0B10 : 20;
0B11 : -12;
0B12 : 21;
0B13 : 9;
0B14 : -29;
0B15 : -7;
0B16 : 68;
0B17 : -26;
0B18 : -35;
0B19 : 24;
0B1A : 35;
0B1B : 3;
0B1C : -37;
0B1D : -20;
0B1E : -34;
0B1F : -6;
0B20 : -20;
0B21 : -15;
0B22 : -2;
0B23 : 37;
0B24 : 3;
0B25 : -14;
0B26 : -23;
0B27 : -5;
0B28 : -37;
0B29 : -30;
0B2A : 14;
0B2B : 76;
0B2C : -15;
0B2D : 7;
0B2E : 42;
0B2F : -25;
0B30 : -34;
0B31 : -11;
0B32 : 42;
0B33 : -27;
0B34 : -9;
0B35 : 34;
0B36 : 6;
0B37 : 44;
0B38 : 23;
0B39 : -7;
0B3A : 54;
0B3B : -8;
0B3C : 28;
0B3D : -70;
0B3E : 6;
0B3F : 56;
0B40 : 47;
0B41 : -38;
0B42 : 2;
0B43 : -9;
0B44 : -19;
0B45 : -48;
0B46 : -29;
0B47 : -42;
0B48 : 59;
0B49 : 23;
0B4A : -16;
0B4B : 17;
0B4C : 2;
0B4D : -8;
0B4E : -62;
0B4F : 6;
0B50 : 46;
0B51 : 43;
0B52 : 48;
0B53 : 6;
0B54 : -17;
0B55 : 53;
0B56 : -36;
0B57 : 69;
0B58 : 1;
0B59 : 2;
0B5A : 21;
0B5B : -12;
0B5C : 23;
0B5D : 49;
0B5E : 10;
0B5F : -29;
0B60 : 4;
0B61 : 4;
0B62 : 15;
0B63 : 57;
0B64 : -15;
0B65 : -18;
0B66 : -2;
0B67 : -29;
0B68 : -78;
0B69 : 22;
0B6A : 21;
0B6B : 2;
0B6C : 57;
0B6D : -29;
0B6E : 12;
0B6F : -2;
0B70 : 14;
0B71 : -30;
0B72 : -26;
0B73 : -9;
0B74 : -33;
0B75 : -5;
0B76 : -19;
0B77 : -38;
0B78 : 17;
0B79 : 16;
0B7A : 10;
0B7B : -1;
0B7C : 15;
0B7D : 70;
0B7E : 35;
0B7F : 44;
0B80 : 34;
0B81 : 1;
0B82 : -10;
0B83 : 23;
0B84 : 32;
0B85 : 43;
0B86 : 35;
0B87 : 16;
0B88 : -24;
0B89 : -55;
0B8A : -4;
0B8B : 26;
0B8C : 35;
0B8D : 14;
0B8E : -39;
0B8F : -20;
0B90 : 14;
0B91 : -54;
0B92 : -22;
0B93 : 1;
0B94 : 16;
0B95 : -30;
0B96 : 20;
0B97 : 40;
0B98 : -18;
0B99 : 9;
0B9A : -5;
0B9B : 14;
0B9C : -27;
0B9D : 2;
0B9E : -31;
0B9F : -30;
0BA0 : 18;
0BA1 : 12;
0BA2 : -42;
0BA3 : -12;
0BA4 : 27;
0BA5 : -33;
0BA6 : -55;
0BA7 : 18;
0BA8 : 19;
0BA9 : 55;
0BAA : 2;
0BAB : 19;
0BAC : 3;
0BAD : 5;
0BAE : -26;
0BAF : 25;
0BB0 : 8;
0BB1 : -35;
0BB2 : 10;
0BB3 : 16;
0BB4 : 18;
0BB5 : -11;
0BB6 : -41;
0BB7 : 9;
0BB8 : -28;
0BB9 : -11;
0BBA : 43;
0BBB : 22;
0BBC : -3;
0BBD : 10;
0BBE : 16;
0BBF : -9;
0BC0 : -23;
0BC1 : 26;
0BC2 : 1;
0BC3 : -47;
0BC4 : -16;
0BC5 : 36;
0BC6 : -57;
0BC7 : -29;
0BC8 : 6;
0BC9 : -34;
0BCA : 38;
0BCB : -16;
0BCC : 14;
0BCD : -18;
0BCE : 23;
0BCF : 29;
0BD0 : 33;
0BD1 : 54;
0BD2 : 40;
0BD3 : -28;
0BD4 : 20;
0BD5 : -50;
0BD6 : -16;
0BD7 : -16;
0BD8 : -30;
0BD9 : 16;
0BDA : -35;
0BDB : -1;
0BDC : -34;
0BDD : 39;
0BDE : 43;
0BDF : 28;
0BE0 : 61;
0BE1 : 32;
0BE2 : 13;
0BE3 : -47;
0BE4 : -48;
0BE5 : 1;
0BE6 : -9;
0BE7 : 19;
0BE8 : 12;
0BE9 : 36;
0BEA : -21;
0BEB : -40;
0BEC : -50;
0BED : -16;
0BEE : -23;
0BEF : -9;
0BF0 : 1;
0BF1 : -30;
0BF2 : 4;
0BF3 : -34;
0BF4 : 24;
0BF5 : 6;
0BF6 : 37;
0BF7 : 17;
0BF8 : 16;
0BF9 : 44;
0BFA : 3;
0BFB : 45;
0BFC : 41;
0BFD : 17;
0BFE : -18;
0BFF : -20;
0C00 : 25;
0C01 : -9;
0C02 : -10;
0C03 : 4;
0C04 : -8;
0C05 : -11;
0C06 : -40;
0C07 : -9;
0C08 : 34;
0C09 : 31;
0C0A : 9;
0C0B : -3;
0C0C : 44;
0C0D : -15;
0C0E : -33;
0C0F : 14;
0C10 : -38;
0C11 : -50;
0C12 : 17;
0C13 : -6;
0C14 : 28;
0C15 : 12;
0C16 : 32;
0C17 : 21;
0C18 : -42;
0C19 : 22;
0C1A : -28;
0C1B : -55;
0C1C : -18;
0C1D : 26;
0C1E : 28;
0C1F : 31;
0C20 : -20;
0C21 : 21;
0C22 : 46;
0C23 : 41;
0C24 : -3;
0C25 : -35;
0C26 : 20;
0C27 : 6;
0C28 : 31;
0C29 : 1;
0C2A : 25;
0C2B : -29;
0C2C : -12;
0C2D : 47;
0C2E : 7;
0C2F : -38;
0C30 : 40;
0C31 : -41;
0C32 : 56;
0C33 : 10;
0C34 : 17;
0C35 : -18;
0C36 : -3;
0C37 : -15;
0C38 : 39;
0C39 : -22;
0C3A : 5;
0C3B : -52;
0C3C : -12;
0C3D : 25;
0C3E : -7;
0C3F : 37;
0C40 : -23;
0C41 : 5;
0C42 : -23;
0C43 : 23;
0C44 : -1;
0C45 : -26;
0C46 : -13;
0C47 : -27;
0C48 : 6;
0C49 : -33;
0C4A : 45;
0C4B : 31;
0C4C : -20;
0C4D : -38;
0C4E : -21;
0C4F : -42;
0C50 : -17;
0C51 : -49;
0C52 : 43;
0C53 : -64;
0C54 : -34;
0C55 : -37;
0C56 : 46;
0C57 : 6;
0C58 : -55;
0C59 : -39;
0C5A : 7;
0C5B : -16;
0C5C : -27;
0C5D : 11;
0C5E : 31;
0C5F : 35;
0C60 : -26;
0C61 : 41;
0C62 : 49;
0C63 : -20;
0C64 : -31;
0C65 : -43;
0C66 : -32;
0C67 : 1;
0C68 : -37;
0C69 : -6;
0C6A : 37;
0C6B : 10;
0C6C : 44;
0C6D : -49;
0C6E : 0;
0C6F : 36;
0C70 : 23;
0C71 : 41;
0C72 : 0;
0C73 : -52;
0C74 : -26;
0C75 : -47;
0C76 : 52;
0C77 : -52;
0C78 : 16;
0C79 : 6;
0C7A : 73;
0C7B : 38;
0C7C : 11;
0C7D : -8;
0C7E : 20;
0C7F : 6;
0C80 : -20;
0C81 : 18;
0C82 : -13;
0C83 : -40;
0C84 : -39;
0C85 : -34;
0C86 : -10;
0C87 : -23;
0C88 : 20;
0C89 : 18;
0C8A : 13;
0C8B : -3;
0C8C : -23;
0C8D : -53;
0C8E : -8;
0C8F : 12;
0C90 : 46;
0C91 : 41;
0C92 : -18;
0C93 : 7;
0C94 : 23;
0C95 : 39;
0C96 : 31;
0C97 : 57;
0C98 : -11;
0C99 : -41;
0C9A : 13;
0C9B : -32;
0C9C : 6;
0C9D : -45;
0C9E : 0;
0C9F : -23;
0CA0 : 18;
0CA1 : 24;
0CA2 : -43;
0CA3 : -27;
0CA4 : 25;
0CA5 : 1;
0CA6 : 13;
0CA7 : 13;
0CA8 : -9;
0CA9 : -15;
0CAA : 46;
0CAB : 39;
0CAC : 46;
0CAD : -9;
0CAE : -27;
0CAF : 41;
0CB0 : -63;
0CB1 : -18;
0CB2 : 39;
0CB3 : 25;
0CB4 : 54;
0CB5 : -1;
0CB6 : 63;
0CB7 : -37;
0CB8 : 6;
0CB9 : 39;
0CBA : -24;
0CBB : 25;
0CBC : 16;
0CBD : -13;
0CBE : 23;
0CBF : -24;
0CC0 : -44;
0CC1 : 37;
0CC2 : -9;
0CC3 : -43;
0CC4 : -48;
0CC5 : 22;
0CC6 : 8;
0CC7 : 17;
0CC8 : -79;
0CC9 : 11;
0CCA : 34;
0CCB : -35;
0CCC : 46;
0CCD : 40;
0CCE : 1;
0CCF : -8;
0CD0 : -10;
0CD1 : -28;
0CD2 : 23;
0CD3 : -38;
0CD4 : -18;
0CD5 : 38;
0CD6 : -27;
0CD7 : -27;
0CD8 : -2;
0CD9 : 44;
0CDA : 42;
0CDB : -38;
0CDC : 22;
0CDD : -17;
0CDE : -15;
0CDF : 18;
0CE0 : -53;
0CE1 : 20;
0CE2 : 8;
0CE3 : -5;
0CE4 : -58;
0CE5 : -69;
0CE6 : 44;
0CE7 : -8;
0CE8 : 39;
0CE9 : 60;
0CEA : -67;
0CEB : -19;
0CEC : 18;
0CED : -22;
0CEE : -5;
0CEF : -29;
0CF0 : -47;
0CF1 : 35;
0CF2 : -35;
0CF3 : 50;
0CF4 : -19;
0CF5 : -63;
0CF6 : -35;
0CF7 : -23;
0CF8 : 25;
0CF9 : 29;
0CFA : 7;
0CFB : -18;
0CFC : -25;
0CFD : 27;
0CFE : 19;
0CFF : -29;
0D00 : 52;
0D01 : 42;
0D02 : 45;
0D03 : 5;
0D04 : -29;
0D05 : -25;
0D06 : 9;
0D07 : 0;
0D08 : -38;
0D09 : -55;
0D0A : -10;
0D0B : 46;
0D0C : -7;
0D0D : 38;
0D0E : 11;
0D0F : 5;
0D10 : -7;
0D11 : -17;
0D12 : -9;
0D13 : 61;
0D14 : 69;
0D15 : 18;
0D16 : 37;
0D17 : -32;
0D18 : -16;
0D19 : 24;
0D1A : 24;
0D1B : 18;
0D1C : 18;
0D1D : -22;
0D1E : -12;
0D1F : 37;
0D20 : -5;
0D21 : 42;
0D22 : -45;
0D23 : -36;
0D24 : 8;
0D25 : 21;
0D26 : 14;
0D27 : 17;
0D28 : 5;
0D29 : -35;
0D2A : -33;
0D2B : -15;
0D2C : 35;
0D2D : 35;
0D2E : 6;
0D2F : -15;
0D30 : 1;
0D31 : -61;
0D32 : 20;
0D33 : -7;
0D34 : 10;
0D35 : 42;
0D36 : 44;
0D37 : -27;
0D38 : -5;
0D39 : 24;
0D3A : -51;
0D3B : -17;
0D3C : 36;
0D3D : -61;
0D3E : 37;
0D3F : -43;
0D40 : 32;
0D41 : 23;
0D42 : -9;
0D43 : 21;
0D44 : 32;
0D45 : -16;
0D46 : -33;
0D47 : 23;
0D48 : 7;
0D49 : 17;
0D4A : 0;
0D4B : -36;
0D4C : -8;
0D4D : -42;
0D4E : -20;
0D4F : -38;
0D50 : 41;
0D51 : -1;
0D52 : -22;
0D53 : -59;
0D54 : -59;
0D55 : -7;
0D56 : -31;
0D57 : -5;
0D58 : 20;
0D59 : 20;
0D5A : 33;
0D5B : 7;
0D5C : 26;
0D5D : 11;
0D5E : 28;
0D5F : -32;
0D60 : -28;
0D61 : 44;
0D62 : 5;
0D63 : 56;
0D64 : 28;
0D65 : -25;
0D66 : -10;
0D67 : 57;
0D68 : 55;
0D69 : 35;
0D6A : -4;
0D6B : -35;
0D6C : -15;
0D6D : 32;
0D6E : -33;
0D6F : 29;
0D70 : 28;
0D71 : -49;
0D72 : 7;
0D73 : 8;
0D74 : 12;
0D75 : -40;
0D76 : -3;
0D77 : 10;
0D78 : 30;
0D79 : 50;
0D7A : -42;
0D7B : -4;
0D7C : 26;
0D7D : 29;
0D7E : 16;
0D7F : 40;
0D80 : 36;
0D81 : 28;
0D82 : -18;
0D83 : -80;
0D84 : -33;
0D85 : 27;
0D86 : 9;
0D87 : 5;
0D88 : 3;
0D89 : -14;
0D8A : -63;
0D8B : 50;
0D8C : -14;
0D8D : -50;
0D8E : 24;
0D8F : 34;
0D90 : 13;
0D91 : -19;
0D92 : 17;
0D93 : -11;
0D94 : -25;
0D95 : -6;
0D96 : -2;
0D97 : 72;
0D98 : -37;
0D99 : 24;
0D9A : 35;
0D9B : -34;
0D9C : 66;
0D9D : -32;
0D9E : 13;
0D9F : -14;
0DA0 : 19;
0DA1 : -32;
0DA2 : 2;
0DA3 : -3;
0DA4 : -16;
0DA5 : -39;
0DA6 : 9;
0DA7 : -1;
0DA8 : 46;
0DA9 : -31;
0DAA : 46;
0DAB : 36;
0DAC : 33;
0DAD : 51;
0DAE : -24;
0DAF : -22;
0DB0 : -2;
0DB1 : 59;
0DB2 : 53;
0DB3 : -19;
0DB4 : 33;
0DB5 : -33;
0DB6 : 17;
0DB7 : -24;
0DB8 : 28;
0DB9 : -24;
0DBA : -18;
0DBB : -51;
0DBC : -1;
0DBD : 31;
0DBE : 37;
0DBF : 29;
0DC0 : 24;
0DC1 : 66;
0DC2 : -26;
0DC3 : -25;
0DC4 : -10;
0DC5 : 14;
0DC6 : 7;
0DC7 : 13;
0DC8 : -1;
0DC9 : -15;
0DCA : 8;
0DCB : 49;
0DCC : -45;
0DCD : 29;
0DCE : 14;
0DCF : -43;
0DD0 : 39;
0DD1 : -27;
0DD2 : 40;
0DD3 : 22;
0DD4 : -28;
0DD5 : -32;
0DD6 : 9;
0DD7 : 17;
0DD8 : 28;
0DD9 : 6;
0DDA : 9;
0DDB : 18;
0DDC : 46;
0DDD : -27;
0DDE : -24;
0DDF : -2;
0DE0 : 33;
0DE1 : 19;
0DE2 : 36;
0DE3 : 35;
0DE4 : 24;
0DE5 : 28;
0DE6 : -46;
0DE7 : -5;
0DE8 : 20;
0DE9 : 14;
0DEA : -46;
0DEB : 1;
0DEC : 12;
0DED : 11;
0DEE : -1;
0DEF : 24;
0DF0 : -41;
0DF1 : 21;
0DF2 : 32;
0DF3 : 3;
0DF4 : 31;
0DF5 : 30;
0DF6 : -24;
0DF7 : -11;
0DF8 : -30;
0DF9 : 14;
0DFA : -7;
0DFB : -27;
0DFC : 35;
0DFD : 5;
0DFE : 17;
0DFF : -17;
0E00 : -34;
0E01 : 7;
0E02 : -24;
0E03 : 13;
0E04 : 21;
0E05 : -12;
0E06 : -4;
0E07 : 35;
0E08 : -16;
0E09 : 30;
0E0A : 25;
0E0B : 2;
0E0C : -17;
0E0D : 5;
0E0E : -27;
0E0F : -41;
0E10 : 11;
0E11 : -32;
0E12 : 21;
0E13 : -18;
0E14 : 0;
0E15 : 0;
0E16 : -69;
0E17 : -46;
0E18 : 14;
0E19 : 29;
0E1A : 7;
0E1B : 2;
0E1C : 20;
0E1D : -36;
0E1E : 23;
0E1F : 26;
0E20 : 37;
0E21 : -16;
0E22 : 30;
0E23 : 5;
0E24 : -14;
0E25 : 4;
0E26 : -25;
0E27 : -27;
0E28 : 13;
0E29 : 57;
0E2A : -10;
0E2B : 9;
0E2C : -31;
0E2D : -34;
0E2E : 3;
0E2F : -16;
0E30 : 42;
0E31 : 54;
0E32 : 2;
0E33 : -24;
0E34 : -71;
0E35 : 35;
0E36 : 2;
0E37 : 26;
0E38 : 56;
0E39 : 34;
0E3A : -40;
0E3B : 4;
0E3C : -51;
0E3D : -8;
0E3E : -1;
0E3F : -35;
0E40 : -24;
0E41 : -34;
0E42 : 36;
0E43 : -25;
0E44 : -24;
0E45 : -25;
0E46 : 30;
0E47 : -20;
0E48 : 33;
0E49 : -17;
0E4A : -7;
0E4B : -38;
0E4C : 30;
0E4D : -8;
0E4E : -20;
0E4F : 10;
0E50 : -23;
0E51 : 49;
0E52 : -32;
0E53 : -61;
0E54 : 0;
0E55 : -6;
0E56 : -10;
0E57 : -15;
0E58 : -38;
0E59 : 63;
0E5A : 27;
0E5B : -1;
0E5C : -26;
0E5D : -13;
0E5E : 27;
0E5F : -35;
0E60 : 30;
0E61 : 22;
0E62 : 28;
0E63 : 49;
0E64 : -30;
0E65 : 37;
0E66 : 0;
0E67 : 25;
0E68 : -55;
0E69 : -51;
0E6A : -24;
0E6B : -41;
0E6C : -54;
0E6D : 8;
0E6E : -23;
0E6F : 5;
0E70 : -14;
0E71 : -49;
0E72 : -19;
0E73 : 18;
0E74 : -16;
0E75 : -31;
0E76 : 43;
0E77 : 2;
0E78 : 26;
0E79 : 25;
0E7A : 33;
0E7B : 54;
0E7C : -7;
0E7D : 26;
0E7E : -24;
0E7F : 36;
0E80 : 0;
0E81 : 45;
0E82 : 15;
0E83 : 15;
0E84 : 27;
0E85 : 11;
0E86 : -29;
0E87 : 21;
0E88 : 28;
0E89 : -4;
0E8A : -15;
0E8B : 4;
0E8C : 21;
0E8D : -15;
0E8E : -7;
0E8F : -59;
0E90 : 14;
0E91 : 43;
0E92 : 2;
0E93 : 8;
0E94 : -13;
0E95 : -22;
0E96 : 4;
0E97 : 33;
0E98 : 11;
0E99 : 22;
0E9A : 17;
0E9B : -31;
0E9C : 39;
0E9D : -17;
0E9E : 5;
0E9F : 67;
0EA0 : 50;
0EA1 : -3;
0EA2 : 9;
0EA3 : 26;
0EA4 : -18;
0EA5 : 24;
0EA6 : 10;
0EA7 : 40;
0EA8 : 24;
0EA9 : 27;
0EAA : 38;
0EAB : 119;
0EAC : -34;
0EAD : 22;
0EAE : -36;
0EAF : -12;
0EB0 : -6;
0EB1 : -29;
0EB2 : -31;
0EB3 : -22;
0EB4 : 39;
0EB5 : 30;
0EB6 : 8;
0EB7 : -49;
0EB8 : 65;
0EB9 : -30;
0EBA : 14;
0EBB : -6;
0EBC : -5;
0EBD : 32;
0EBE : 17;
0EBF : 20;
0EC0 : -25;
0EC1 : -3;
0EC2 : -29;
0EC3 : -24;
0EC4 : 40;
0EC5 : 39;
0EC6 : 21;
0EC7 : 43;
0EC8 : 49;
0EC9 : 24;
0ECA : 52;
0ECB : -15;
0ECC : -8;
0ECD : 98;
0ECE : 4;
0ECF : -29;
0ED0 : 12;
0ED1 : 40;
0ED2 : 19;
0ED3 : -25;
0ED4 : -26;
0ED5 : 6;
0ED6 : 30;
0ED7 : 17;
0ED8 : -38;
0ED9 : 19;
0EDA : -15;
0EDB : 16;
0EDC : -35;
0EDD : 30;
0EDE : 29;
0EDF : 48;
0EE0 : 26;
0EE1 : -2;
0EE2 : -19;
0EE3 : -15;
0EE4 : 18;
0EE5 : 34;
0EE6 : 11;
0EE7 : -6;
0EE8 : 32;
0EE9 : -19;
0EEA : -39;
0EEB : 30;
0EEC : -14;
0EED : -12;
0EEE : 38;
0EEF : -45;
0EF0 : -39;
0EF1 : 32;
0EF2 : 51;
0EF3 : -54;
0EF4 : -59;
0EF5 : 8;
0EF6 : -16;
0EF7 : 14;
0EF8 : -19;
0EF9 : -21;
0EFA : -16;
0EFB : 25;
0EFC : 29;
0EFD : -45;
0EFE : 18;
0EFF : 68;
0F00 : 14;
0F01 : 13;
0F02 : 12;
0F03 : 19;
0F04 : -13;
0F05 : -20;
0F06 : -17;
0F07 : 60;
0F08 : 39;
0F09 : -22;
0F0A : -20;
0F0B : -44;
0F0C : -7;
0F0D : -39;
0F0E : 18;
0F0F : 42;
0F10 : -19;
0F11 : -43;
0F12 : -23;
0F13 : 17;
0F14 : 0;
0F15 : 45;
0F16 : 12;
0F17 : -43;
0F18 : 6;
0F19 : -26;
0F1A : 23;
0F1B : 34;
0F1C : 43;
0F1D : -22;
0F1E : 23;
0F1F : 41;
0F20 : 31;
0F21 : -17;
0F22 : -49;
0F23 : 8;
0F24 : 23;
0F25 : 12;
0F26 : -52;
0F27 : 9;
0F28 : -25;
0F29 : -35;
0F2A : -22;
0F2B : 20;
0F2C : 15;
0F2D : -42;
0F2E : -30;
0F2F : 26;
0F30 : 12;
0F31 : -14;
0F32 : 16;
0F33 : 48;
0F34 : -22;
0F35 : -58;
0F36 : 31;
0F37 : -57;
0F38 : 0;
0F39 : -44;
0F3A : -22;
0F3B : -25;
0F3C : 22;
0F3D : 8;
0F3E : 38;
0F3F : 53;
0F40 : 4;
0F41 : -60;
0F42 : -36;
0F43 : 21;
0F44 : 35;
0F45 : -31;
0F46 : 47;
0F47 : 6;
0F48 : -4;
0F49 : 18;
0F4A : 6;
0F4B : 5;
0F4C : 18;
0F4D : -29;
0F4E : 8;
0F4F : -44;
0F50 : -38;
0F51 : -33;
0F52 : -39;
0F53 : 13;
0F54 : -16;
0F55 : -1;
0F56 : 8;
0F57 : -18;
0F58 : 1;
0F59 : -38;
0F5A : 7;
0F5B : -6;
0F5C : -26;
0F5D : -35;
0F5E : -35;
0F5F : -23;
0F60 : 30;
0F61 : -19;
0F62 : -29;
0F63 : 50;
0F64 : -20;
0F65 : 8;
0F66 : -26;
0F67 : -6;
0F68 : -23;
0F69 : 26;
0F6A : 15;
0F6B : -48;
0F6C : -46;
0F6D : -12;
0F6E : 20;
0F6F : 34;
0F70 : 39;
0F71 : 52;
0F72 : -73;
0F73 : -60;
0F74 : -16;
0F75 : -28;
0F76 : 6;
0F77 : 8;
0F78 : -42;
0F79 : -24;
0F7A : -41;
0F7B : -9;
0F7C : -41;
0F7D : 13;
0F7E : -43;
0F7F : -2;
0F80 : -20;
0F81 : -5;
0F82 : 0;
0F83 : 71;
0F84 : -8;
0F85 : -22;
0F86 : -7;
0F87 : 2;
0F88 : 8;
0F89 : 7;
0F8A : 53;
0F8B : -45;
0F8C : 29;
0F8D : -41;
0F8E : 7;
0F8F : -29;
0F90 : -37;
0F91 : 15;
0F92 : -22;
0F93 : 13;
0F94 : -20;
0F95 : 13;
0F96 : 28;
0F97 : 36;
0F98 : -52;
0F99 : 32;
0F9A : 3;
0F9B : 16;
0F9C : -46;
0F9D : 9;
0F9E : -35;
0F9F : -21;
0FA0 : 6;
0FA1 : -48;
0FA2 : -32;
0FA3 : 38;
0FA4 : -35;
0FA5 : -22;
0FA6 : 35;
0FA7 : -17;
0FA8 : 1;
0FA9 : 24;
0FAA : -3;
0FAB : -12;
0FAC : -9;
0FAD : 19;
0FAE : 18;
0FAF : 27;
0FB0 : 24;
0FB1 : 14;
0FB2 : -75;
0FB3 : 33;
0FB4 : -27;
0FB5 : 46;
0FB6 : -34;
0FB7 : -33;
0FB8 : 30;
0FB9 : -19;
0FBA : -60;
0FBB : -57;
0FBC : -3;
0FBD : -48;
0FBE : -16;
0FBF : 36;
0FC0 : -45;
0FC1 : 36;
0FC2 : 56;
0FC3 : -46;
0FC4 : 36;
0FC5 : 40;
0FC6 : 46;
0FC7 : 4;
0FC8 : -23;
0FC9 : 12;
0FCA : 20;
0FCB : 3;
0FCC : -75;
0FCD : 40;
0FCE : 12;
0FCF : -6;
0FD0 : 39;
0FD1 : -24;
0FD2 : 3;
0FD3 : -20;
0FD4 : 20;
0FD5 : 16;
0FD6 : -83;
0FD7 : 29;
0FD8 : -18;
0FD9 : -54;
0FDA : -9;
0FDB : 2;
0FDC : -19;
0FDD : -6;
0FDE : 22;
0FDF : 28;
0FE0 : 36;
0FE1 : -3;
0FE2 : 44;
0FE3 : 5;
0FE4 : -14;
0FE5 : 55;
0FE6 : 4;
0FE7 : 27;
0FE8 : 16;
0FE9 : -5;
0FEA : 23;
0FEB : 48;
0FEC : 11;
0FED : -15;
0FEE : -25;
0FEF : -22;
0FF0 : 7;
0FF1 : -27;
0FF2 : -45;
0FF3 : -18;
0FF4 : -7;
0FF5 : -50;
0FF6 : 37;
0FF7 : 20;
0FF8 : -36;
0FF9 : 34;
0FFA : 26;
0FFB : 51;
0FFC : -10;
0FFD : 41;
0FFE : 31;
0FFF : 0;
1000 : 13;
1001 : -14;
1002 : -55;
1003 : 14;
1004 : -22;
1005 : -1;
1006 : 0;
1007 : -51;
1008 : -61;
1009 : 16;
100A : -14;
100B : -29;
100C : 27;
100D : -35;
100E : -6;
100F : 36;
1010 : 38;
1011 : -43;
1012 : 8;
1013 : 15;
1014 : 53;
1015 : 9;
1016 : -35;
1017 : 22;
1018 : 24;
1019 : 19;
101A : -16;
101B : -26;
101C : -82;
101D : -5;
101E : -26;
101F : -31;
1020 : -11;
1021 : 26;
1022 : 26;
1023 : 31;
1024 : -30;
1025 : 14;
1026 : 32;
1027 : 22;
1028 : -47;
1029 : -5;
102A : 3;
102B : -25;
102C : -19;
102D : 4;
102E : 16;
102F : 40;
1030 : -50;
1031 : 3;
1032 : -27;
1033 : -34;
1034 : 36;
1035 : -34;
1036 : 22;
1037 : 32;
1038 : -30;
1039 : -36;
103A : -20;
103B : -23;
103C : -13;
103D : -24;
103E : -12;
103F : -28;
1040 : 35;
1041 : 13;
1042 : 42;
1043 : 24;
1044 : -39;
1045 : -31;
1046 : 17;
1047 : -17;
1048 : 55;
1049 : 14;
104A : 2;
104B : 4;
104C : 10;
104D : 45;
104E : 21;
104F : 7;
1050 : -13;
1051 : -22;
1052 : 5;
1053 : -37;
1054 : -54;
1055 : -5;
1056 : 50;
1057 : 47;
1058 : -4;
1059 : 13;
105A : -72;
105B : 19;
105C : -57;
105D : -22;
105E : 2;
105F : -7;
1060 : -38;
1061 : 12;
1062 : -31;
1063 : -8;
1064 : -43;
1065 : -7;
1066 : 0;
1067 : 18;
1068 : 11;
1069 : 18;
106A : 36;
106B : -14;
106C : -27;
106D : -5;
106E : 35;
106F : -29;
1070 : 12;
1071 : 23;
1072 : -36;
1073 : -75;
1074 : 0;
1075 : 2;
1076 : -5;
1077 : 5;
1078 : -38;
1079 : -1;
107A : -50;
107B : 18;
107C : 11;
107D : -12;
107E : 40;
107F : 45;
1080 : -44;
1081 : 41;
1082 : -34;
1083 : -14;
1084 : 4;
1085 : 2;
1086 : 19;
1087 : -24;
1088 : -40;
1089 : -46;
108A : 13;
108B : -13;
108C : -47;
108D : 0;
108E : -9;
108F : -10;
1090 : 4;
1091 : -25;
1092 : 24;
1093 : -7;
1094 : -65;
1095 : -32;
1096 : -18;
1097 : -30;
1098 : -66;
1099 : 27;
109A : 8;
109B : 51;
109C : -43;
109D : 17;
109E : 7;
109F : 48;
10A0 : 34;
10A1 : -3;
10A2 : 3;
10A3 : 1;
10A4 : -12;
10A5 : 1;
10A6 : -34;
10A7 : 40;
10A8 : -23;
10A9 : 31;
10AA : -4;
10AB : -11;
10AC : 5;
10AD : -9;
10AE : 17;
10AF : 7;
10B0 : 30;
10B1 : 34;
10B2 : 20;
10B3 : -34;
10B4 : 42;
10B5 : -17;
10B6 : -31;
10B7 : 20;
10B8 : 35;
10B9 : -8;
10BA : -6;
10BB : -52;
10BC : 23;
10BD : 31;
10BE : 6;
10BF : -29;
10C0 : 14;
10C1 : 22;
10C2 : 35;
10C3 : 1;
10C4 : 44;
10C5 : -18;
10C6 : 30;
10C7 : 13;
10C8 : -23;
10C9 : -35;
10CA : 0;
10CB : 25;
10CC : 8;
10CD : 21;
10CE : 38;
10CF : 16;
10D0 : 15;
10D1 : -27;
10D2 : -30;
10D3 : 38;
10D4 : -6;
10D5 : -26;
10D6 : -28;
10D7 : 33;
10D8 : 20;
10D9 : 19;
10DA : -1;
10DB : -37;
10DC : -17;
10DD : 53;
10DE : 24;
10DF : -59;
10E0 : -22;
10E1 : 35;
10E2 : -4;
10E3 : 38;
10E4 : -13;
10E5 : -18;
10E6 : -42;
10E7 : -38;
10E8 : 34;
10E9 : 29;
10EA : 37;
10EB : 16;
10EC : 2;
10ED : -17;
10EE : -67;
10EF : -30;
10F0 : 66;
10F1 : 36;
10F2 : 20;
10F3 : 29;
10F4 : 33;
10F5 : 5;
10F6 : -47;
10F7 : 89;
10F8 : 21;
10F9 : -25;
10FA : 46;
10FB : 8;
10FC : -12;
10FD : 48;
10FE : 25;
10FF : 17;
1100 : 46;
1101 : 8;
1102 : 41;
1103 : 43;
1104 : 46;
1105 : 26;
1106 : -38;
1107 : -1;
1108 : -60;
1109 : 17;
110A : 44;
110B : 20;
110C : 44;
110D : -40;
110E : -31;
110F : -24;
1110 : 39;
1111 : 28;
1112 : -33;
1113 : 42;
1114 : -48;
1115 : -14;
1116 : -8;
1117 : -31;
1118 : -29;
1119 : -13;
111A : 9;
111B : -11;
111C : 4;
111D : -6;
111E : 20;
111F : 10;
1120 : 22;
1121 : -6;
1122 : -23;
1123 : -45;
1124 : 33;
1125 : 17;
1126 : 43;
1127 : 15;
1128 : 40;
1129 : -6;
112A : -19;
112B : 10;
112C : 37;
112D : 27;
112E : -37;
112F : -37;
1130 : 44;
1131 : -23;
1132 : 29;
1133 : 48;
1134 : -20;
1135 : 36;
1136 : 32;
1137 : 6;
1138 : -6;
1139 : -11;
113A : -22;
113B : -4;
113C : -50;
113D : 20;
113E : -2;
113F : 20;
1140 : -24;
1141 : -6;
1142 : 15;
1143 : 25;
1144 : -38;
1145 : 35;
1146 : -1;
1147 : 1;
1148 : 5;
1149 : 34;
114A : -22;
114B : -47;
114C : 4;
114D : 53;
114E : -15;
114F : -3;
1150 : -24;
1151 : 18;
1152 : -17;
1153 : -16;
1154 : 22;
1155 : -35;
1156 : -25;
1157 : 16;
1158 : 16;
1159 : 2;
115A : 16;
115B : 21;
115C : 13;
115D : 24;
115E : -20;
115F : -3;
1160 : 42;
1161 : 43;
1162 : 11;
1163 : -4;
1164 : -33;
1165 : 19;
1166 : 17;
1167 : 47;
1168 : -3;
1169 : -28;
116A : 40;
116B : 7;
116C : -17;
116D : 3;
116E : 41;
116F : -27;
1170 : 18;
1171 : -32;
1172 : 30;
1173 : 41;
1174 : -31;
1175 : 24;
1176 : -19;
1177 : 10;
1178 : 3;
1179 : -22;
117A : -14;
117B : 49;
117C : -38;
117D : -6;
117E : -55;
117F : 14;
1180 : 54;
1181 : -20;
1182 : 0;
1183 : 20;
1184 : 58;
1185 : -20;
1186 : -14;
1187 : -11;
1188 : 5;
1189 : -5;
118A : -22;
118B : -37;
118C : 50;
118D : -38;
118E : -31;
118F : -38;
1190 : -31;
1191 : 20;
1192 : 30;
1193 : -11;
1194 : 55;
1195 : 38;
1196 : 24;
1197 : -29;
1198 : 13;
1199 : 28;
119A : 3;
119B : -2;
119C : 21;
119D : 87;
119E : -8;
119F : 28;
11A0 : -5;
11A1 : -5;
11A2 : -4;
11A3 : 36;
11A4 : 16;
11A5 : 1;
11A6 : -18;
11A7 : -18;
11A8 : 16;
11A9 : -49;
11AA : -7;
11AB : 18;
11AC : 29;
11AD : -27;
11AE : 35;
11AF : 55;
11B0 : -35;
11B1 : 19;
11B2 : 60;
11B3 : -11;
11B4 : 27;
11B5 : -24;
11B6 : 55;
11B7 : 2;
11B8 : 45;
11B9 : 47;
11BA : -7;
11BB : -30;
11BC : -14;
11BD : -10;
11BE : 54;
11BF : -31;
11C0 : 28;
11C1 : -26;
11C2 : 44;
11C3 : -70;
11C4 : -38;
11C5 : -33;
11C6 : 1;
11C7 : -14;
11C8 : 16;
11C9 : -46;
11CA : -28;
11CB : -56;
11CC : 24;
11CD : -32;
11CE : 9;
11CF : -35;
11D0 : 28;
11D1 : 37;
11D2 : -43;
11D3 : -2;
11D4 : 52;
11D5 : 14;
11D6 : -15;
11D7 : 22;
11D8 : -18;
11D9 : -39;
11DA : 34;
11DB : 3;
11DC : -20;
11DD : -26;
11DE : 63;
11DF : -12;
11E0 : 11;
11E1 : 2;
11E2 : -18;
11E3 : -28;
11E4 : 2;
11E5 : 32;
11E6 : 14;
11E7 : -40;
11E8 : -3;
11E9 : -11;
11EA : 40;
11EB : -14;
11EC : -20;
11ED : -9;
11EE : 34;
11EF : 37;
11F0 : -28;
11F1 : 30;
11F2 : -16;
11F3 : 58;
11F4 : -35;
11F5 : -3;
11F6 : -57;
11F7 : -24;
11F8 : 34;
11F9 : -35;
11FA : 28;
11FB : 8;
11FC : 14;
11FD : 14;
11FE : -5;
11FF : -1;
1200 : 47;
1201 : 28;
1202 : -39;
1203 : 27;
1204 : 9;
1205 : 12;
1206 : 18;
1207 : -44;
1208 : 18;
1209 : -18;
120A : -19;
120B : 32;
120C : -15;
120D : -42;
120E : -12;
120F : 6;
1210 : 35;
1211 : -40;
1212 : 25;
1213 : -36;
1214 : 7;
1215 : 9;
1216 : -31;
1217 : -16;
1218 : 19;
1219 : -43;
121A : 56;
121B : -33;
121C : 5;
121D : 53;
121E : -30;
121F : -42;
1220 : -29;
1221 : 12;
1222 : -5;
1223 : 33;
1224 : 24;
1225 : 19;
1226 : 24;
1227 : -1;
1228 : -12;
1229 : 16;
122A : -13;
122B : 48;
122C : 42;
122D : -19;
122E : 2;
122F : 34;
1230 : 13;
1231 : 35;
1232 : -32;
1233 : -13;
1234 : 11;
1235 : 33;
1236 : 15;
1237 : -20;
1238 : 35;
1239 : 15;
123A : -14;
123B : -33;
123C : -27;
123D : 36;
123E : 13;
123F : 20;
1240 : -9;
1241 : 20;
1242 : 1;
1243 : -28;
1244 : 11;
1245 : 39;
1246 : 24;
1247 : 26;
1248 : -34;
1249 : 40;
124A : -9;
124B : 14;
124C : -43;
124D : -18;
124E : 11;
124F : -37;
1250 : 27;
1251 : 18;
1252 : -4;
1253 : 5;
1254 : 23;
1255 : 49;
1256 : -39;
1257 : 25;
1258 : -36;
1259 : -9;
125A : 17;
125B : -29;
125C : 11;
125D : 20;
125E : -18;
125F : 20;
1260 : -11;
1261 : 15;
1262 : 40;
1263 : -11;
1264 : -35;
1265 : 91;
1266 : 1;
1267 : 27;
1268 : 8;
1269 : 34;
126A : -17;
126B : 36;
126C : -16;
126D : -15;
126E : -32;
126F : 19;
1270 : 42;
1271 : 17;
1272 : 25;
1273 : 22;
1274 : -26;
1275 : -20;
1276 : -7;
1277 : 16;
1278 : -15;
1279 : -49;
127A : 22;
127B : -40;
127C : 35;
127D : -12;
127E : -18;
127F : -19;
1280 : 35;
1281 : 49;
1282 : 37;
1283 : -38;
1284 : -31;
1285 : -19;
1286 : 32;
1287 : -53;
1288 : 15;
1289 : 7;
128A : -24;
128B : -17;
128C : -43;
128D : 37;
128E : -36;
128F : 4;
1290 : 32;
1291 : -39;
1292 : -56;
1293 : -39;
1294 : -26;
1295 : 44;
1296 : -7;
1297 : 41;
1298 : 1;
1299 : 21;
129A : -1;
129B : 32;
129C : 45;
129D : -14;
129E : 33;
129F : 13;
12A0 : 23;
12A1 : 38;
12A2 : 36;
12A3 : 27;
12A4 : -5;
12A5 : 3;
12A6 : -5;
12A7 : -31;
12A8 : -33;
12A9 : 23;
12AA : 29;
12AB : 17;
12AC : 15;
12AD : -35;
12AE : 39;
12AF : -14;
12B0 : 5;
12B1 : 21;
12B2 : 68;
12B3 : -52;
12B4 : 48;
12B5 : 22;
12B6 : 3;
12B7 : -30;
12B8 : 44;
12B9 : -30;
12BA : 76;
12BB : -7;
12BC : 29;
12BD : -41;
12BE : -33;
12BF : 50;
12C0 : 16;
12C1 : -23;
12C2 : -1;
12C3 : 1;
12C4 : 1;
12C5 : -53;
12C6 : 19;
12C7 : -25;
12C8 : 35;
12C9 : 15;
12CA : -3;
12CB : -13;
12CC : -15;
12CD : -41;
12CE : -36;
12CF : -28;
12D0 : -11;
12D1 : 14;
12D2 : 50;
12D3 : -4;
12D4 : 23;
12D5 : 29;
12D6 : 43;
12D7 : -23;
12D8 : 14;
12D9 : -26;
12DA : 43;
12DB : -27;
12DC : -29;
12DD : -43;
12DE : 4;
12DF : 38;
12E0 : 23;
12E1 : -28;
12E2 : 6;
12E3 : 44;
12E4 : 29;
12E5 : -35;
12E6 : 43;
12E7 : 17;
12E8 : 76;
12E9 : 47;
12EA : 8;
12EB : 34;
12EC : 53;
12ED : -20;
12EE : 24;
12EF : 51;
12F0 : 4;
12F1 : -16;
12F2 : -27;
12F3 : -22;
12F4 : -2;
12F5 : 41;
12F6 : -30;
12F7 : 0;
12F8 : 62;
12F9 : -22;
12FA : 5;
12FB : -5;
12FC : 49;
12FD : -3;
12FE : 57;
12FF : 12;
1300 : 1;
1301 : -37;
1302 : 67;
1303 : 24;
1304 : -6;
1305 : 58;
1306 : 33;
1307 : -49;
1308 : 17;
1309 : 22;
130A : 7;
130B : -2;
130C : -36;
130D : 22;
130E : -35;
130F : -12;
1310 : 34;
1311 : -15;
1312 : -42;
1313 : -34;
1314 : 40;
1315 : 14;
1316 : 21;
1317 : -20;
1318 : -45;
1319 : -47;
131A : -23;
131B : 53;
131C : -26;
131D : -32;
131E : 38;
131F : -37;
1320 : 22;
1321 : 30;
1322 : 15;
1323 : 7;
1324 : -31;
1325 : 11;
1326 : 15;
1327 : -10;
1328 : -6;
1329 : 14;
132A : 39;
132B : 3;
132C : 7;
132D : 4;
132E : -11;
132F : -13;
1330 : 42;
1331 : -40;
1332 : -22;
1333 : 47;
1334 : -14;
1335 : -13;
1336 : 14;
1337 : -63;
1338 : -65;
1339 : 27;
133A : 29;
133B : -14;
133C : 3;
133D : -2;
133E : -30;
133F : 3;
1340 : 22;
1341 : 51;
1342 : 16;
1343 : -48;
1344 : 31;
1345 : 21;
1346 : -10;
1347 : -20;
1348 : 2;
1349 : 17;
134A : -7;
134B : -29;
134C : 10;
134D : 34;
134E : 15;
134F : 0;
1350 : 42;
1351 : -21;
1352 : 37;
1353 : -29;
1354 : -45;
1355 : 8;
1356 : -30;
1357 : -26;
1358 : 55;
1359 : 22;
135A : 9;
135B : 75;
135C : 41;
135D : -54;
135E : 21;
135F : 54;
1360 : 53;
1361 : 21;
1362 : -42;
1363 : -27;
1364 : 13;
1365 : 37;
1366 : 2;
1367 : -30;
1368 : 42;
1369 : 33;
136A : -53;
136B : -18;
136C : -16;
136D : 13;
136E : 14;
136F : -3;
1370 : -3;
1371 : 3;
1372 : 34;
1373 : -13;
1374 : 4;
1375 : -21;
1376 : 7;
1377 : -52;
1378 : 7;
1379 : 60;
137A : 19;
137B : -63;
137C : 19;
137D : 77;
137E : 26;
137F : -3;
1380 : -34;
1381 : 53;
1382 : -5;
1383 : 18;
1384 : 37;
1385 : -6;
1386 : 16;
1387 : -36;
1388 : 5;
1389 : 25;
138A : 51;
138B : -13;
138C : -45;
138D : 26;
138E : 35;
138F : 31;
1390 : 0;
1391 : 13;
1392 : 33;
1393 : -10;
1394 : 6;
1395 : 20;
1396 : -33;
1397 : -39;
1398 : -8;
1399 : 22;
139A : 27;
139B : -56;
139C : -16;
139D : -24;
139E : -1;
139F : -41;
13A0 : 29;
13A1 : 19;
13A2 : 24;
13A3 : -76;
13A4 : 18;
13A5 : -11;
13A6 : 26;
13A7 : -10;
13A8 : 29;
13A9 : -7;
13AA : 7;
13AB : -26;
13AC : -34;
13AD : -54;
13AE : -36;
13AF : -24;
13B0 : 28;
13B1 : 25;
13B2 : 20;
13B3 : -27;
13B4 : 2;
13B5 : -3;
13B6 : 21;
13B7 : 40;
13B8 : -47;
13B9 : 29;
13BA : -6;
13BB : -16;
13BC : -42;
13BD : -34;
13BE : -48;
13BF : -38;
13C0 : 26;
13C1 : -23;
13C2 : -42;
13C3 : -4;
13C4 : 17;
13C5 : -8;
13C6 : -29;
13C7 : -28;
13C8 : 22;
13C9 : 28;
13CA : 37;
13CB : -47;
13CC : 2;
13CD : 22;
13CE : 4;
13CF : 7;
13D0 : 26;
13D1 : 7;
13D2 : -49;
13D3 : -26;
13D4 : -31;
13D5 : -8;
13D6 : -48;
13D7 : -31;
13D8 : 25;
13D9 : -62;
13DA : -24;
13DB : -24;
13DC : -38;
13DD : 20;
13DE : 33;
13DF : 8;
13E0 : -31;
13E1 : 17;
13E2 : -29;
13E3 : 6;
13E4 : -4;
13E5 : 1;
13E6 : -43;
13E7 : -27;
13E8 : 15;
13E9 : -9;
13EA : 14;
13EB : -37;
13EC : 6;
13ED : 14;
13EE : 13;
13EF : -24;
13F0 : 21;
13F1 : -25;
13F2 : -49;
13F3 : 35;
13F4 : -59;
13F5 : -40;
13F6 : 3;
13F7 : 6;
13F8 : -14;
13F9 : -30;
13FA : -27;
13FB : -17;
13FC : -41;
13FD : -33;
13FE : -14;
13FF : -45;
1400 : 13;
1401 : 15;
1402 : 8;
1403 : -2;
1404 : -46;
1405 : 27;
1406 : 34;
1407 : 4;
1408 : 38;
1409 : 20;
140A : -58;
140B : -39;
140C : -14;
140D : 1;
140E : -52;
140F : -27;
1410 : -23;
1411 : 8;
1412 : 1;
1413 : -15;
1414 : -39;
1415 : -9;
1416 : 16;
1417 : 43;
1418 : -5;
1419 : -42;
141A : 37;
141B : -19;
141C : 13;
141D : 5;
141E : -34;
141F : -39;
1420 : 22;
1421 : 16;
1422 : 16;
1423 : -45;
1424 : -31;
1425 : -45;
1426 : -22;
1427 : 44;
1428 : 5;
1429 : -41;
142A : -13;
142B : -9;
142C : -29;
142D : 3;
142E : -19;
142F : 15;
1430 : 12;
1431 : -21;
1432 : 6;
1433 : 25;
1434 : 26;
1435 : 2;
1436 : -25;
1437 : -24;
1438 : -41;
1439 : -24;
143A : -10;
143B : -38;
143C : 4;
143D : 19;
143E : -40;
143F : 39;
1440 : -24;
1441 : 14;
1442 : -30;
1443 : -47;
1444 : -12;
1445 : 33;
1446 : -27;
1447 : -2;
1448 : 5;
1449 : -27;
144A : -34;
144B : -10;
144C : -56;
144D : -35;
144E : -1;
144F : 10;
1450 : 3;
1451 : 7;
1452 : 27;
1453 : 13;
1454 : 22;
1455 : 16;
1456 : -21;
1457 : -29;
1458 : -43;
1459 : -4;
145A : -17;
145B : 14;
145C : -12;
145D : -6;
145E : -18;
145F : -14;
1460 : -26;
1461 : -25;
1462 : 11;
1463 : 14;
1464 : -45;
1465 : -1;
1466 : 33;
1467 : 0;
1468 : -30;
1469 : -15;
146A : 12;
146B : 14;
146C : 19;
146D : 18;
146E : 8;
146F : 26;
1470 : 6;
1471 : 6;
1472 : -1;
1473 : 11;
1474 : 7;
1475 : -35;
1476 : -40;
1477 : -18;
1478 : -18;
1479 : 5;
147A : -32;
147B : 18;
147C : -12;
147D : 36;
147E : 9;
147F : -43;
1480 : 35;
1481 : -41;
1482 : -23;
1483 : -41;
1484 : -14;
1485 : 21;
1486 : 14;
1487 : 26;
1488 : 13;
1489 : 30;
148A : 3;
148B : 31;
148C : 13;
148D : -8;
148E : -26;
148F : 26;
1490 : -24;
1491 : -5;
1492 : 35;
1493 : -27;
1494 : -33;
1495 : -44;
1496 : 8;
1497 : 8;
1498 : 32;
1499 : -37;
149A : -31;
149B : 29;
149C : -26;
149D : -39;
149E : -21;
149F : 9;
14A0 : 47;
14A1 : 28;
14A2 : 35;
14A3 : -9;
14A4 : -7;
14A5 : -29;
14A6 : -29;
14A7 : -32;
14A8 : 22;
14A9 : -15;
14AA : -41;
14AB : 54;
14AC : -35;
14AD : -40;
14AE : 15;
14AF : -7;
14B0 : -25;
14B1 : -27;
14B2 : 14;
14B3 : 36;
14B4 : 41;
14B5 : 29;
14B6 : -32;
14B7 : -1;
14B8 : 3;
14B9 : 38;
14BA : 30;
14BB : 8;
14BC : 47;
14BD : 70;
14BE : 7;
14BF : 48;
14C0 : 54;
14C1 : -14;
14C2 : -29;
14C3 : -34;
14C4 : 65;
14C5 : 50;
14C6 : -29;
14C7 : -36;
14C8 : -24;
14C9 : -7;
14CA : -18;
14CB : 45;
14CC : 31;
14CD : 0;
14CE : 15;
14CF : 19;
14D0 : 52;
14D1 : -32;
14D2 : 35;
14D3 : -44;
14D4 : -27;
14D5 : 1;
14D6 : 41;
14D7 : -30;
14D8 : -4;
14D9 : -12;
14DA : 42;
14DB : 53;
14DC : -42;
14DD : 51;
14DE : 19;
14DF : 42;
14E0 : -45;
14E1 : -15;
14E2 : -32;
14E3 : 22;
14E4 : 32;
14E5 : -33;
14E6 : -20;
14E7 : -24;
14E8 : 42;
14E9 : 24;
14EA : -18;
14EB : -30;
14EC : 21;
14ED : -46;
14EE : 2;
14EF : -18;
14F0 : 0;
14F1 : 18;
14F2 : 42;
14F3 : 3;
14F4 : 39;
14F5 : -23;
14F6 : -18;
14F7 : 22;
14F8 : 44;
14F9 : 50;
14FA : -50;
14FB : -30;
14FC : 19;
14FD : 21;
14FE : -14;
14FF : -18;
1500 : 17;
1501 : -37;
1502 : -16;
1503 : 35;
1504 : 4;
1505 : -29;
1506 : -36;
1507 : -32;
1508 : 47;
1509 : 43;
150A : -1;
150B : 51;
150C : -7;
150D : 8;
150E : -17;
150F : -12;
1510 : 24;
1511 : 16;
1512 : 59;
1513 : 60;
1514 : -27;
1515 : -17;
1516 : -33;
1517 : 24;
1518 : 20;
1519 : 14;
151A : 3;
151B : 46;
151C : 5;
151D : 10;
151E : 25;
151F : 20;
1520 : -34;
1521 : -26;
1522 : -24;
1523 : -71;
1524 : 28;
1525 : 19;
1526 : 28;
1527 : 44;
1528 : 36;
1529 : -34;
152A : -77;
152B : 22;
152C : -44;
152D : -17;
152E : -34;
152F : -60;
1530 : 5;
1531 : -11;
1532 : 47;
1533 : -23;
1534 : 22;
1535 : -95;
1536 : -22;
1537 : 4;
1538 : 8;
1539 : -68;
153A : -10;
153B : -12;
153C : -45;
153D : 16;
153E : -5;
153F : 27;
1540 : 10;
1541 : 29;
1542 : 24;
1543 : 28;
1544 : -50;
1545 : -36;
1546 : -30;
1547 : 59;
1548 : -60;
1549 : -27;
154A : 45;
154B : 41;
154C : 8;
154D : 42;
154E : 0;
154F : 5;
1550 : 3;
1551 : -13;
1552 : 27;
1553 : -25;
1554 : 19;
1555 : -12;
1556 : -38;
1557 : 35;
1558 : -6;
1559 : -8;
155A : -7;
155B : -16;
155C : 37;
155D : -7;
155E : 16;
155F : -47;
1560 : 25;
1561 : 15;
1562 : 57;
1563 : 42;
1564 : 19;
1565 : -28;
1566 : -44;
1567 : 42;
1568 : 12;
1569 : 26;
156A : -59;
156B : 31;
156C : 11;
156D : 13;
156E : -4;
156F : 29;
1570 : -37;
1571 : 15;
1572 : 28;
1573 : -39;
1574 : -32;
1575 : -18;
1576 : 29;
1577 : -19;
1578 : -2;
1579 : -21;
157A : 24;
157B : 5;
157C : 25;
157D : 25;
157E : 18;
157F : -33;
1580 : 40;
1581 : 18;
1582 : 15;
1583 : 22;
1584 : 20;
1585 : 36;
1586 : 35;
1587 : 11;
1588 : 6;
1589 : -11;
158A : -38;
158B : -29;
158C : 24;
158D : -24;
158E : 26;
158F : -64;
1590 : -9;
1591 : 31;
1592 : -24;
1593 : -26;
1594 : -51;
1595 : 5;
1596 : -14;
1597 : -11;
1598 : 46;
1599 : -16;
159A : -37;
159B : 15;
159C : 16;
159D : 46;
159E : -4;
159F : 1;
15A0 : 17;
15A1 : -44;
15A2 : -25;
15A3 : 15;
15A4 : -1;
15A5 : -38;
15A6 : 33;
15A7 : 68;
15A8 : -52;
15A9 : 8;
15AA : -26;
15AB : 25;
15AC : 30;
15AD : -2;
15AE : -6;
15AF : 22;
15B0 : 2;
15B1 : -37;
15B2 : 9;
15B3 : 35;
15B4 : 25;
15B5 : -21;
15B6 : -28;
15B7 : 38;
15B8 : -81;
15B9 : -13;
15BA : 12;
15BB : 9;
15BC : -10;
15BD : 10;
15BE : 11;
15BF : 6;
15C0 : 15;
15C1 : 52;
15C2 : -2;
15C3 : 9;
15C4 : -5;
15C5 : 24;
15C6 : 51;
15C7 : -9;
15C8 : -4;
15C9 : -23;
15CA : -17;
15CB : 20;
15CC : 60;
15CD : 37;
15CE : -37;
15CF : -9;
15D0 : 31;
15D1 : -22;
15D2 : 8;
15D3 : 36;
15D4 : 27;
15D5 : 25;
15D6 : 53;
15D7 : -12;
15D8 : 10;
15D9 : 43;
15DA : -54;
15DB : 8;
15DC : 34;
15DD : -55;
15DE : 41;
15DF : -62;
15E0 : 44;
15E1 : -75;
15E2 : 40;
15E3 : -2;
15E4 : 10;
15E5 : 36;
15E6 : 32;
15E7 : -25;
15E8 : -39;
15E9 : 18;
15EA : 5;
15EB : 43;
15EC : 69;
15ED : 42;
15EE : -11;
15EF : -32;
15F0 : 18;
15F1 : -2;
15F2 : -3;
15F3 : -56;
15F4 : -30;
15F5 : 13;
15F6 : 28;
15F7 : 37;
15F8 : 2;
15F9 : -19;
15FA : -74;
15FB : -14;
15FC : 30;
15FD : 31;
15FE : 14;
15FF : 44;
1600 : -22;
1601 : 8;
1602 : -43;
1603 : 13;
1604 : 50;
1605 : 22;
1606 : 1;
1607 : 78;
1608 : 21;
1609 : 31;
160A : 86;
160B : 34;
160C : 11;
160D : 42;
160E : 12;
160F : -24;
1610 : -30;
1611 : 2;
1612 : 34;
1613 : -17;
1614 : -5;
1615 : 22;
1616 : 7;
1617 : 11;
1618 : -16;
1619 : 55;
161A : 45;
161B : 18;
161C : -32;
161D : 0;
161E : 29;
161F : -49;
1620 : 25;
1621 : 44;
1622 : 38;
1623 : -41;
1624 : 9;
1625 : -29;
1626 : 28;
1627 : -36;
1628 : 15;
1629 : -56;
162A : -16;
162B : -65;
162C : 4;
162D : -50;
162E : 2;
162F : -33;
1630 : 85;
1631 : 1;
1632 : -2;
1633 : -22;
1634 : -47;
1635 : 24;
1636 : -37;
1637 : 0;
1638 : 39;
1639 : 30;
163A : -9;
163B : 30;
163C : 8;
163D : 31;
163E : -20;
163F : 21;
1640 : 0;
1641 : 0;
1642 : 39;
1643 : 15;
1644 : -34;
1645 : -38;
1646 : 22;
1647 : -43;
1648 : 32;
1649 : 16;
164A : -17;
164B : -17;
164C : 42;
164D : -25;
164E : 14;
164F : 9;
1650 : 40;
1651 : -57;
1652 : 75;
1653 : -41;
1654 : 39;
1655 : -1;
1656 : -54;
1657 : 41;
1658 : 13;
1659 : 44;
165A : 11;
165B : 21;
165C : 38;
165D : -36;
165E : -8;
165F : -17;
1660 : 41;
1661 : -21;
1662 : 31;
1663 : -57;
1664 : -3;
1665 : -49;
1666 : 31;
1667 : 25;
1668 : -5;
1669 : 22;
166A : 0;
166B : -47;
166C : 31;
166D : -39;
166E : 18;
166F : -58;
1670 : -29;
1671 : 6;
1672 : 2;
1673 : 45;
1674 : 27;
1675 : -49;
1676 : 42;
1677 : 35;
1678 : 33;
1679 : 23;
167A : 29;
167B : -65;
167C : 7;
167D : 38;
167E : -39;
167F : -41;
1680 : 20;
1681 : -30;
1682 : -29;
1683 : 11;
1684 : -48;
1685 : -1;
1686 : 29;
1687 : -20;
1688 : 44;
1689 : 18;
168A : 15;
168B : 61;
168C : -28;
168D : 20;
168E : -26;
168F : 13;
1690 : 30;
1691 : 51;
1692 : 21;
1693 : -23;
1694 : 41;
1695 : 28;
1696 : 6;
1697 : 3;
1698 : 39;
1699 : -61;
169A : 26;
169B : -1;
169C : 32;
169D : 2;
169E : 0;
169F : 43;
16A0 : 55;
16A1 : -14;
16A2 : -18;
16A3 : 3;
16A4 : 26;
16A5 : 1;
16A6 : 10;
16A7 : 5;
16A8 : -59;
16A9 : -4;
16AA : -10;
16AB : 14;
16AC : 33;
16AD : -28;
16AE : 33;
16AF : 41;
16B0 : 49;
16B1 : -29;
16B2 : -29;
16B3 : 36;
16B4 : -16;
16B5 : -9;
16B6 : -33;
16B7 : -10;
16B8 : -12;
16B9 : 51;
16BA : -15;
16BB : 17;
16BC : 9;
16BD : 25;
16BE : -8;
16BF : 33;
16C0 : 15;
16C1 : -11;
16C2 : -8;
16C3 : 45;
16C4 : -44;
16C5 : 41;
16C6 : 21;
16C7 : -30;
16C8 : -50;
16C9 : -20;
16CA : 19;
16CB : -22;
16CC : -32;
16CD : -3;
16CE : 63;
16CF : 26;
16D0 : 12;
16D1 : 29;
16D2 : -48;
16D3 : 49;
16D4 : 25;
16D5 : 20;
16D6 : 6;
16D7 : -8;
16D8 : 23;
16D9 : 28;
16DA : -20;
16DB : 43;
16DC : -9;
16DD : -18;
16DE : -26;
16DF : -41;
16E0 : 19;
16E1 : 40;
16E2 : 14;
16E3 : 16;
16E4 : 35;
16E5 : -5;
16E6 : -7;
16E7 : 27;
16E8 : 35;
16E9 : 60;
16EA : 35;
16EB : -31;
16EC : -22;
16ED : 11;
16EE : 19;
16EF : 17;
16F0 : -8;
16F1 : 52;
16F2 : -37;
16F3 : -22;
16F4 : -28;
16F5 : -48;
16F6 : 39;
16F7 : 26;
16F8 : -27;
16F9 : 26;
16FA : -3;
16FB : 13;
16FC : -13;
16FD : -41;
16FE : 25;
16FF : 33;
1700 : -36;
1701 : 29;
1702 : 40;
1703 : -33;
1704 : 22;
1705 : -1;
1706 : -2;
1707 : -9;
1708 : 34;
1709 : -35;
170A : -22;
170B : -37;
170C : 18;
170D : 26;
170E : -49;
170F : 14;
1710 : 19;
1711 : 39;
1712 : -33;
1713 : -20;
1714 : -1;
1715 : 1;
1716 : -19;
1717 : -39;
1718 : 10;
1719 : -12;
171A : 1;
171B : 40;
171C : -24;
171D : -45;
171E : 21;
171F : -16;
1720 : -20;
1721 : 29;
1722 : -15;
1723 : 15;
1724 : -32;
1725 : 28;
1726 : 6;
1727 : -26;
1728 : -42;
1729 : 10;
172A : -36;
172B : -23;
172C : 6;
172D : 36;
172E : -45;
172F : -40;
1730 : 22;
1731 : -40;
1732 : -50;
1733 : 11;
1734 : 7;
1735 : -32;
1736 : -10;
1737 : 13;
1738 : 1;
1739 : 5;
173A : -6;
173B : 44;
173C : -30;
173D : -10;
173E : -47;
173F : -21;
1740 : -2;
1741 : -34;
1742 : -32;
1743 : -7;
1744 : 10;
1745 : -33;
1746 : 1;
1747 : -45;
1748 : -33;
1749 : 5;
174A : 24;
174B : 30;
174C : 23;
174D : 6;
174E : -33;
174F : -33;
1750 : -35;
1751 : -5;
1752 : -24;
1753 : 33;
1754 : -3;
1755 : -23;
1756 : 15;
1757 : -1;
1758 : 19;
1759 : -46;
175A : -27;
175B : -37;
175C : -43;
175D : 8;
175E : 17;
175F : -9;
1760 : 12;
1761 : 4;
1762 : -12;
1763 : -7;
1764 : 38;
1765 : -13;
1766 : -1;
1767 : -11;
1768 : 30;
1769 : 14;
176A : -18;
176B : -10;
176C : -25;
176D : 9;
176E : -1;
176F : -23;
1770 : 3;
1771 : 15;
1772 : -26;
1773 : 17;
1774 : 5;
1775 : 27;
1776 : 52;
1777 : 66;
1778 : -11;
1779 : 21;
177A : -31;
177B : -28;
177C : -9;
177D : 41;
177E : 49;
177F : 34;
1780 : 12;
1781 : -8;
1782 : -34;
1783 : 36;
1784 : -3;
1785 : 0;
1786 : -14;
1787 : -28;
1788 : -25;
1789 : 14;
178A : -20;
178B : 28;
178C : -12;
178D : -44;
178E : -6;
178F : 34;
1790 : -19;
1791 : 17;
1792 : -13;
1793 : 27;
1794 : -43;
1795 : -50;
1796 : -38;
1797 : -35;
1798 : -46;
1799 : -22;
179A : 34;
179B : -24;
179C : -47;
179D : 10;
179E : 17;
179F : 37;
17A0 : -83;
17A1 : 49;
17A2 : 14;
17A3 : 58;
17A4 : -5;
17A5 : 37;
17A6 : 14;
17A7 : 26;
17A8 : 30;
17A9 : 45;
17AA : 28;
17AB : 29;
17AC : -25;
17AD : -49;
17AE : -23;
17AF : -3;
17B0 : 4;
17B1 : 14;
17B2 : 42;
17B3 : 14;
17B4 : -19;
17B5 : -38;
17B6 : -40;
17B7 : 13;
17B8 : -16;
17B9 : -7;
17BA : 19;
17BB : 20;
17BC : -27;
17BD : 1;
17BE : 26;
17BF : -31;
17C0 : 12;
17C1 : 42;
17C2 : -43;
17C3 : -39;
17C4 : 10;
17C5 : 8;
17C6 : -14;
17C7 : 30;
17C8 : 22;
17C9 : -20;
17CA : -40;
17CB : -39;
17CC : -9;
17CD : -27;
17CE : -22;
17CF : 18;
17D0 : 32;
17D1 : 25;
17D2 : 3;
17D3 : -52;
17D4 : 2;
17D5 : 1;
17D6 : 43;
17D7 : 35;
17D8 : 28;
17D9 : -15;
17DA : 5;
17DB : 17;
17DC : -7;
17DD : 40;
17DE : -37;
17DF : 46;
17E0 : 10;
17E1 : 58;
17E2 : 17;
17E3 : 8;
17E4 : 1;
17E5 : 8;
17E6 : 6;
17E7 : -36;
17E8 : 48;
17E9 : -5;
17EA : -22;
17EB : 3;
17EC : 22;
17ED : -39;
17EE : 7;
17EF : -4;
17F0 : 31;
17F1 : -12;
17F2 : 17;
17F3 : 21;
17F4 : 24;
17F5 : 13;
17F6 : -22;
17F7 : 13;
17F8 : -34;
17F9 : -24;
17FA : -15;
17FB : 3;
17FC : 23;
17FD : -2;
17FE : 34;
17FF : 27;
1800 : 34;
1801 : 3;
1802 : -30;
1803 : -55;
1804 : -8;
1805 : 88;
1806 : 32;
1807 : -36;
1808 : 11;
1809 : -6;
180A : 30;
180B : 8;
180C : -8;
180D : 4;
180E : 0;
180F : 8;
1810 : -6;
1811 : 8;
1812 : -21;
1813 : 38;
1814 : -24;
1815 : 12;
1816 : 28;
1817 : -41;
1818 : 60;
1819 : 5;
181A : 5;
181B : 18;
181C : 21;
181D : -34;
181E : 40;
181F : 42;
1820 : -36;
1821 : 51;
1822 : -6;
1823 : 5;
1824 : -50;
1825 : 34;
1826 : -17;
1827 : -52;
1828 : -14;
1829 : 62;
182A : 2;
182B : 14;
182C : -43;
182D : -16;
182E : 23;
182F : 8;
1830 : -30;
1831 : -60;
1832 : -72;
1833 : 27;
1834 : 15;
1835 : -24;
1836 : 28;
1837 : 44;
1838 : 51;
1839 : -15;
183A : -25;
183B : -9;
183C : -39;
183D : -27;
183E : -29;
183F : 4;
1840 : 35;
1841 : 29;
1842 : -28;
1843 : 7;
1844 : 28;
1845 : 29;
1846 : -21;
1847 : 10;
1848 : -33;
1849 : 17;
184A : -21;
184B : -1;
184C : -9;
184D : 12;
184E : 31;
184F : -2;
1850 : 38;
1851 : -28;
1852 : -13;
1853 : -25;
1854 : 7;
1855 : -30;
1856 : 23;
1857 : 13;
1858 : 19;
1859 : -6;
185A : -4;
185B : -15;
185C : 2;
185D : 3;
185E : -20;
185F : 40;
1860 : 15;
1861 : -32;
1862 : 20;
1863 : 32;
1864 : 4;
1865 : -27;
1866 : 49;
1867 : 48;
1868 : 38;
1869 : 13;
186A : -44;
186B : -28;
186C : -21;
186D : 26;
186E : 68;
186F : 2;
1870 : -53;
1871 : 22;
1872 : -56;
1873 : 28;
1874 : 37;
1875 : 33;
1876 : 16;
1877 : -53;
1878 : -45;
1879 : 13;
187A : 10;
187B : -8;
187C : 8;
187D : 42;
187E : 7;
187F : 32;
1880 : 44;
1881 : -8;
1882 : 17;
1883 : -8;
1884 : 8;
1885 : -8;
1886 : 46;
1887 : -3;
1888 : -1;
1889 : -40;
188A : 39;
188B : 6;
188C : -44;
188D : -7;
188E : 5;
188F : 56;
1890 : -63;
1891 : -6;
1892 : 33;
1893 : 16;
1894 : -10;
1895 : -44;
1896 : 11;
1897 : 7;
1898 : 23;
1899 : 19;
189A : 39;
189B : 0;
189C : -30;
189D : 18;
189E : 37;
189F : 6;
18A0 : 13;
18A1 : -11;
18A2 : 25;
18A3 : 12;
18A4 : -27;
18A5 : -91;
18A6 : 9;
18A7 : 52;
18A8 : 13;
18A9 : -52;
18AA : -1;
18AB : -3;
18AC : -14;
18AD : -26;
18AE : -38;
18AF : -6;
18B0 : 19;
18B1 : 26;
18B2 : 37;
18B3 : 25;
18B4 : -10;
18B5 : 19;
18B6 : -19;
18B7 : 22;
18B8 : 66;
18B9 : 42;
18BA : -5;
18BB : -56;
18BC : 4;
18BD : 31;
18BE : 44;
18BF : 1;
18C0 : -7;
18C1 : 5;
18C2 : -18;
18C3 : -22;
18C4 : 0;
18C5 : 38;
18C6 : 13;
18C7 : 31;
18C8 : -17;
18C9 : 30;
18CA : -31;
18CB : -16;
18CC : 20;
18CD : -2;
18CE : 8;
18CF : -18;
18D0 : -39;
18D1 : 10;
18D2 : 58;
18D3 : 27;
18D4 : -44;
18D5 : 36;
18D6 : 34;
18D7 : -16;
18D8 : 10;
18D9 : -34;
18DA : 36;
18DB : -24;
18DC : 39;
18DD : 47;
18DE : -28;
18DF : -30;
18E0 : -15;
18E1 : -35;
18E2 : 35;
18E3 : 2;
18E4 : 26;
18E5 : -39;
18E6 : 23;
18E7 : 36;
18E8 : 5;
18E9 : 46;
18EA : -21;
18EB : -38;
18EC : -9;
18ED : -51;
18EE : -40;
18EF : -9;
18F0 : -8;
18F1 : -54;
18F2 : 5;
18F3 : -1;
18F4 : 9;
18F5 : 66;
18F6 : 0;
18F7 : -45;
18F8 : -5;
18F9 : 42;
18FA : -16;
18FB : 2;
18FC : 44;
18FD : -25;
18FE : 27;
18FF : 24;
1900 : 32;
1901 : 11;
1902 : 22;
1903 : 22;
1904 : 8;
1905 : -29;
1906 : -17;
1907 : -24;
1908 : 17;
1909 : -56;
190A : 48;
190B : 22;
190C : -26;
190D : 15;
190E : -42;
190F : 19;
1910 : -34;
1911 : 9;
1912 : -40;
1913 : -3;
1914 : -3;
1915 : 31;
1916 : 8;
1917 : -37;
1918 : -6;
1919 : 6;
191A : -23;
191B : 45;
191C : -31;
191D : 17;
191E : -8;
191F : -10;
1920 : -7;
1921 : 23;
1922 : 15;
1923 : 54;
1924 : -4;
1925 : -28;
1926 : -22;
1927 : 42;
1928 : -42;
1929 : 37;
192A : 13;
192B : 20;
192C : 22;
192D : -30;
192E : -14;
192F : 14;
1930 : -17;
1931 : 51;
1932 : 7;
1933 : 7;
1934 : -6;
1935 : -9;
1936 : 19;
1937 : 43;
1938 : -19;
1939 : 32;
193A : -24;
193B : 24;
193C : -31;
193D : -11;
193E : 19;
193F : -55;
1940 : -27;
1941 : 8;
1942 : 76;
1943 : 6;
1944 : 30;
1945 : -23;
1946 : 3;
1947 : 14;
1948 : -14;
1949 : 3;
194A : -8;
194B : 7;
194C : -2;
194D : -34;
194E : -41;
194F : 41;
1950 : -10;
1951 : -12;
1952 : 61;
1953 : -5;
1954 : 36;
1955 : -14;
1956 : 39;
1957 : -21;
1958 : -32;
1959 : -5;
195A : -24;
195B : -4;
195C : -43;
195D : 0;
195E : -63;
195F : 47;
1960 : 16;
1961 : 1;
1962 : 55;
1963 : 37;
1964 : -41;
1965 : -11;
1966 : -10;
1967 : 43;
1968 : -34;
1969 : 5;
196A : 33;
196B : 38;
196C : 26;
196D : -22;
196E : 34;
196F : 21;
1970 : -25;
1971 : 3;
1972 : -7;
1973 : -8;
1974 : 26;
1975 : -2;
1976 : -29;
1977 : 38;
1978 : 31;
1979 : 2;
197A : -3;
197B : 14;
197C : 25;
197D : 10;
197E : 25;
197F : -51;
1980 : -16;
1981 : -19;
1982 : 39;
1983 : 57;
1984 : 11;
1985 : 47;
1986 : -1;
1987 : 53;
1988 : 13;
1989 : 46;
198A : -15;
198B : -14;
198C : 24;
198D : 31;
198E : 18;
198F : 12;
1990 : -14;
1991 : 0;
1992 : 18;
1993 : 28;
1994 : -4;
1995 : -71;
1996 : -48;
1997 : -22;
1998 : 14;
1999 : -22;
199A : 9;
199B : -16;
199C : -15;
199D : 38;
199E : -3;
199F : -28;
19A0 : -4;
19A1 : 17;
19A2 : -19;
19A3 : 44;
19A4 : 26;
19A5 : 36;
19A6 : -21;
19A7 : 11;
19A8 : -21;
19A9 : -25;
19AA : -18;
19AB : 37;
19AC : 48;
19AD : 47;
19AE : -49;
19AF : 12;
19B0 : 25;
19B1 : -1;
19B2 : 17;
19B3 : -30;
19B4 : -28;
19B5 : 27;
19B6 : 24;
19B7 : -29;
19B8 : -8;
19B9 : 29;
19BA : 3;
19BB : -1;
19BC : 59;
19BD : 38;
19BE : -28;
19BF : 19;
19C0 : 5;
19C1 : 42;
19C2 : -6;
19C3 : -17;
19C4 : 5;
19C5 : 10;
19C6 : -27;
19C7 : -19;
19C8 : -1;
19C9 : -19;
19CA : 55;
19CB : 9;
19CC : -49;
19CD : 13;
19CE : -52;
19CF : -7;
19D0 : 59;
19D1 : -17;
19D2 : -24;
19D3 : -2;
19D4 : -7;
19D5 : 18;
19D6 : -22;
19D7 : 34;
19D8 : 12;
19D9 : 27;
19DA : -28;
19DB : -4;
19DC : 32;
19DD : 64;
19DE : 14;
19DF : -17;
19E0 : 53;
19E1 : 25;
19E2 : 30;
19E3 : 32;
19E4 : -29;
19E5 : -14;
19E6 : -24;
19E7 : -14;
19E8 : 60;
19E9 : -67;
19EA : -37;
19EB : 5;
19EC : 30;
19ED : 9;
19EE : -9;
19EF : 30;
19F0 : -28;
19F1 : 29;
19F2 : 17;
19F3 : 37;
19F4 : 13;
19F5 : -44;
19F6 : 25;
19F7 : 21;
19F8 : 20;
19F9 : 41;
19FA : -10;
19FB : -43;
19FC : -20;
19FD : -47;
19FE : -20;
19FF : -42;
1A00 : -19;
1A01 : -6;
1A02 : -12;
1A03 : -8;
1A04 : -12;
1A05 : 40;
1A06 : 53;
1A07 : 20;
1A08 : -33;
1A09 : -48;
1A0A : -36;
1A0B : -35;
1A0C : 20;
1A0D : 3;
1A0E : 49;
1A0F : -16;
1A10 : 39;
1A11 : -2;
1A12 : 29;
1A13 : 40;
1A14 : -38;
1A15 : -47;
1A16 : 28;
1A17 : -24;
1A18 : 12;
1A19 : -22;
1A1A : 11;
1A1B : 2;
1A1C : -28;
1A1D : -8;
1A1E : 2;
1A1F : 55;
1A20 : 30;
1A21 : -10;
1A22 : 37;
1A23 : 9;
1A24 : -38;
1A25 : -7;
1A26 : -1;
1A27 : 4;
1A28 : -28;
1A29 : 22;
1A2A : 10;
1A2B : -36;
1A2C : -16;
1A2D : -35;
1A2E : -40;
1A2F : -6;
1A30 : -7;
1A31 : 7;
1A32 : -1;
1A33 : 13;
1A34 : -3;
1A35 : -39;
1A36 : -27;
1A37 : 1;
1A38 : -10;
1A39 : -33;
1A3A : -31;
1A3B : -43;
1A3C : 43;
1A3D : 2;
1A3E : 5;
1A3F : 31;
1A40 : 11;
1A41 : 12;
1A42 : 30;
1A43 : 34;
1A44 : -14;
1A45 : 25;
1A46 : -32;
1A47 : 26;
1A48 : 51;
1A49 : 38;
1A4A : 36;
1A4B : -40;
1A4C : 19;
1A4D : -41;
1A4E : -29;
1A4F : 10;
1A50 : 59;
1A51 : -23;
1A52 : -15;
1A53 : 34;
1A54 : 29;
1A55 : 51;
1A56 : -31;
1A57 : -16;
1A58 : 50;
1A59 : -14;
1A5A : 17;
1A5B : 27;
1A5C : -8;
1A5D : -2;
1A5E : 45;
1A5F : -3;
1A60 : 48;
1A61 : -27;
1A62 : -12;
1A63 : 57;
1A64 : -30;
1A65 : 27;
1A66 : 40;
1A67 : -21;
1A68 : 12;
1A69 : 9;
1A6A : -20;
1A6B : -41;
1A6C : -15;
1A6D : -9;
1A6E : -26;
1A6F : 10;
1A70 : -24;
1A71 : 34;
1A72 : 9;
1A73 : 0;
1A74 : 39;
1A75 : 1;
1A76 : -11;
1A77 : -42;
1A78 : 38;
1A79 : -40;
1A7A : -5;
1A7B : -7;
1A7C : -15;
1A7D : 0;
1A7E : -2;
1A7F : -1;
1A80 : 15;
1A81 : -39;
1A82 : 59;
1A83 : -4;
1A84 : -7;
1A85 : 34;
1A86 : 13;
1A87 : 23;
1A88 : -31;
1A89 : -1;
1A8A : -44;
1A8B : -38;
1A8C : -33;
1A8D : -47;
1A8E : -22;
1A8F : 5;
1A90 : 0;
1A91 : -22;
1A92 : -2;
1A93 : 9;
1A94 : -22;
1A95 : 6;
1A96 : -28;
1A97 : -12;
1A98 : 9;
1A99 : -56;
1A9A : -12;
1A9B : -4;
1A9C : 18;
1A9D : 27;
1A9E : 65;
1A9F : -17;
1AA0 : -4;
1AA1 : 6;
1AA2 : -45;
1AA3 : -14;
1AA4 : -7;
1AA5 : 13;
1AA6 : -6;
1AA7 : -17;
1AA8 : 33;
1AA9 : -23;
1AAA : -25;
1AAB : 36;
1AAC : -20;
1AAD : -43;
1AAE : -14;
1AAF : -34;
1AB0 : 43;
1AB1 : 20;
1AB2 : -32;
1AB3 : -4;
1AB4 : 0;
1AB5 : 36;
1AB6 : -24;
1AB7 : 51;
1AB8 : 11;
1AB9 : 43;
1ABA : 65;
1ABB : 8;
1ABC : -50;
1ABD : 58;
1ABE : -27;
1ABF : -28;
1AC0 : -16;
1AC1 : -23;
1AC2 : -5;
1AC3 : -35;
1AC4 : 6;
1AC5 : -40;
1AC6 : -40;
1AC7 : -34;
1AC8 : 25;
1AC9 : -19;
1ACA : 15;
1ACB : -16;
1ACC : 36;
1ACD : 23;
1ACE : -16;
1ACF : 4;
1AD0 : 21;
1AD1 : -15;
1AD2 : -28;
1AD3 : 32;
1AD4 : 54;
1AD5 : -53;
1AD6 : -45;
1AD7 : 25;
1AD8 : -23;
1AD9 : -34;
1ADA : 51;
1ADB : -23;
1ADC : -16;
1ADD : 30;
1ADE : -2;
1ADF : 30;
1AE0 : -53;
1AE1 : 17;
1AE2 : 7;
1AE3 : 4;
1AE4 : 35;
1AE5 : -20;
1AE6 : -1;
1AE7 : -4;
1AE8 : 39;
1AE9 : 6;
1AEA : 37;
1AEB : -4;
1AEC : 46;
1AED : -31;
1AEE : 47;
1AEF : -15;
1AF0 : 44;
1AF1 : -3;
1AF2 : 17;
1AF3 : -46;
1AF4 : -25;
1AF5 : 43;
1AF6 : -3;
1AF7 : -13;
1AF8 : 23;
1AF9 : 52;
1AFA : -1;
1AFB : -32;
1AFC : -29;
1AFD : 26;
1AFE : 3;
1AFF : 21;
1B00 : 26;
1B01 : 38;
1B02 : 17;
1B03 : -16;
1B04 : -22;
1B05 : -49;
1B06 : 51;
1B07 : 25;
1B08 : 20;
1B09 : -4;
1B0A : 8;
1B0B : 32;
1B0C : -53;
1B0D : 19;
1B0E : -11;
1B0F : 40;
1B10 : 37;
1B11 : 30;
1B12 : -8;
1B13 : -3;
1B14 : 2;
1B15 : -58;
1B16 : 17;
1B17 : -14;
1B18 : 4;
1B19 : -22;
1B1A : 35;
1B1B : -3;
1B1C : 58;
1B1D : -19;
1B1E : -19;
1B1F : 8;
1B20 : 37;
1B21 : -34;
1B22 : -9;
1B23 : 16;
1B24 : -34;
1B25 : -19;
1B26 : 17;
1B27 : 50;
1B28 : 40;
1B29 : -26;
1B2A : -53;
1B2B : -17;
1B2C : 56;
1B2D : 2;
1B2E : -15;
1B2F : 27;
1B30 : -4;
1B31 : 37;
1B32 : -7;
1B33 : 40;
1B34 : 9;
1B35 : 16;
1B36 : 12;
1B37 : 62;
1B38 : -18;
1B39 : 31;
1B3A : -17;
1B3B : 11;
1B3C : 6;
1B3D : 16;
1B3E : 51;
1B3F : 31;
1B40 : 46;
1B41 : -39;
1B42 : -13;
1B43 : 5;
1B44 : -1;
1B45 : 29;
1B46 : 2;
1B47 : -3;
1B48 : 7;
1B49 : -20;
1B4A : 10;
1B4B : -6;
1B4C : -17;
1B4D : -79;
1B4E : 14;
1B4F : 29;
1B50 : -15;
1B51 : -16;
1B52 : -5;
1B53 : 13;
1B54 : 38;
1B55 : -22;
1B56 : 23;
1B57 : 25;
1B58 : -52;
1B59 : -10;
1B5A : 26;
1B5B : 32;
1B5C : -40;
1B5D : -11;
1B5E : -38;
1B5F : -15;
1B60 : -17;
1B61 : -1;
1B62 : 2;
1B63 : 35;
1B64 : 37;
1B65 : 12;
1B66 : 12;
1B67 : -42;
1B68 : -8;
1B69 : 29;
1B6A : 12;
1B6B : -2;
1B6C : 9;
1B6D : -4;
1B6E : -60;
1B6F : -4;
1B70 : -10;
1B71 : -23;
1B72 : -20;
1B73 : -36;
1B74 : -28;
1B75 : 55;
1B76 : 13;
1B77 : -19;
1B78 : 22;
1B79 : 42;
1B7A : -21;
1B7B : -28;
1B7C : -28;
1B7D : 18;
1B7E : 53;
1B7F : -11;
1B80 : 41;
1B81 : 44;
1B82 : -29;
1B83 : -43;
1B84 : 25;
1B85 : -6;
1B86 : -19;
1B87 : 27;
1B88 : 32;
1B89 : -14;
1B8A : 0;
1B8B : -34;
1B8C : -13;
1B8D : -22;
1B8E : -3;
1B8F : 26;
1B90 : 21;
1B91 : 22;
1B92 : -10;
1B93 : 32;
1B94 : 37;
1B95 : -40;
1B96 : 53;
1B97 : 60;
1B98 : 20;
1B99 : -30;
1B9A : -8;
1B9B : 37;
1B9C : -73;
1B9D : 50;
1B9E : -14;
1B9F : -4;
1BA0 : -29;
1BA1 : 37;
1BA2 : 17;
1BA3 : -16;
1BA4 : 36;
1BA5 : 44;
1BA6 : 11;
1BA7 : 20;
1BA8 : 11;
1BA9 : 43;
1BAA : 23;
1BAB : -27;
1BAC : -35;
1BAD : 11;
1BAE : 6;
1BAF : -79;
1BB0 : 17;
1BB1 : 9;
1BB2 : -6;
1BB3 : 18;
1BB4 : 18;
1BB5 : 24;
1BB6 : -41;
1BB7 : 15;
1BB8 : 30;
1BB9 : 2;
1BBA : 32;
1BBB : -34;
1BBC : 5;
1BBD : 42;
1BBE : 2;
1BBF : -4;
1BC0 : 49;
1BC1 : 43;
1BC2 : 34;
1BC3 : 35;
1BC4 : 35;
1BC5 : 19;
1BC6 : -28;
1BC7 : -31;
1BC8 : 52;
1BC9 : -1;
1BCA : -46;
1BCB : -23;
1BCC : 26;
1BCD : -2;
1BCE : -13;
1BCF : -23;
1BD0 : 39;
1BD1 : -6;
1BD2 : 5;
1BD3 : 7;
1BD4 : 42;
1BD5 : -32;
1BD6 : -14;
1BD7 : -12;
1BD8 : 17;
1BD9 : -3;
1BDA : -49;
1BDB : -15;
1BDC : -30;
1BDD : -1;
1BDE : 16;
1BDF : -46;
1BE0 : -7;
1BE1 : -38;
1BE2 : -36;
1BE3 : -9;
1BE4 : -3;
1BE5 : 26;
1BE6 : -9;
1BE7 : 17;
1BE8 : -16;
1BE9 : -2;
1BEA : 18;
1BEB : 19;
1BEC : 7;
1BED : -22;
1BEE : -25;
1BEF : 55;
1BF0 : -31;
1BF1 : 16;
1BF2 : -6;
1BF3 : 21;
1BF4 : 15;
1BF5 : 22;
1BF6 : -20;
1BF7 : -42;
1BF8 : 15;
1BF9 : 9;
1BFA : 43;
1BFB : -21;
1BFC : 19;
1BFD : 6;
1BFE : 25;
1BFF : 31;
1C00 : 6;
1C01 : 22;
1C02 : -26;
1C03 : -24;
1C04 : -55;
1C05 : 14;
1C06 : 14;
1C07 : -30;
1C08 : 35;
1C09 : 23;
1C0A : -18;
1C0B : -32;
1C0C : 20;
1C0D : 9;
1C0E : 9;
1C0F : -8;
1C10 : 15;
1C11 : -3;
1C12 : -30;
1C13 : 26;
1C14 : 50;
1C15 : 5;
1C16 : -32;
1C17 : 33;
1C18 : -12;
1C19 : -64;
1C1A : 37;
1C1B : -61;
1C1C : -1;
1C1D : 33;
1C1E : 39;
1C1F : 3;
1C20 : -14;
1C21 : -16;
1C22 : 21;
1C23 : -23;
1C24 : 60;
1C25 : 19;
1C26 : -25;
1C27 : -45;
1C28 : 21;
1C29 : 16;
1C2A : 19;
1C2B : 3;
1C2C : -26;
1C2D : 22;
1C2E : -29;
1C2F : 0;
1C30 : 48;
1C31 : -9;
1C32 : 55;
1C33 : -55;
1C34 : 20;
1C35 : -63;
1C36 : 9;
1C37 : 106;
1C38 : -13;
1C39 : 49;
1C3A : -16;
1C3B : 31;
1C3C : 18;
1C3D : 44;
1C3E : -13;
1C3F : -9;
1C40 : -43;
1C41 : 32;
1C42 : 9;
1C43 : 46;
1C44 : -11;
1C45 : 24;
1C46 : -9;
1C47 : 39;
1C48 : 16;
1C49 : -38;
1C4A : 1;
1C4B : 22;
1C4C : 20;
1C4D : -11;
1C4E : 8;
1C4F : -64;
1C50 : 17;
1C51 : -16;
1C52 : 9;
1C53 : -1;
1C54 : -32;
1C55 : -3;
1C56 : 12;
1C57 : -1;
1C58 : -35;
1C59 : -15;
1C5A : -30;
1C5B : 24;
1C5C : 24;
1C5D : -8;
1C5E : 3;
1C5F : 0;
1C60 : -6;
1C61 : 35;
1C62 : 20;
1C63 : -28;
1C64 : 11;
1C65 : 45;
1C66 : 29;
1C67 : -10;
1C68 : -19;
1C69 : 8;
1C6A : 70;
1C6B : -20;
1C6C : -30;
1C6D : 63;
1C6E : -34;
1C6F : -33;
1C70 : 40;
1C71 : -36;
1C72 : -6;
1C73 : 40;
1C74 : -45;
1C75 : 34;
1C76 : 14;
1C77 : 21;
1C78 : -26;
1C79 : -21;
1C7A : 34;
1C7B : 31;
1C7C : 62;
1C7D : -24;
1C7E : -50;
1C7F : 13;
1C80 : 16;
1C81 : 25;
1C82 : -14;
1C83 : -39;
1C84 : 39;
1C85 : -14;
1C86 : -16;
1C87 : 16;
1C88 : 9;
1C89 : 35;
1C8A : -42;
1C8B : -3;
1C8C : 27;
1C8D : 52;
1C8E : 19;
1C8F : 24;
1C90 : 32;
1C91 : -3;
1C92 : 32;
1C93 : -2;
1C94 : -20;
1C95 : 6;
1C96 : -21;
1C97 : 48;
1C98 : 22;
1C99 : -35;
1C9A : -50;
1C9B : -15;
1C9C : -3;
1C9D : -3;
1C9E : 9;
1C9F : 59;
1CA0 : -15;
1CA1 : -12;
1CA2 : -22;
1CA3 : 20;
1CA4 : 8;
1CA5 : 71;
1CA6 : 30;
1CA7 : -48;
1CA8 : -69;
1CA9 : -22;
1CAA : -5;
1CAB : -8;
1CAC : 29;
1CAD : 11;
1CAE : 11;
1CAF : -15;
1CB0 : -17;
1CB1 : -9;
1CB2 : -30;
1CB3 : -1;
1CB4 : 28;
1CB5 : 20;
1CB6 : -33;
1CB7 : 26;
1CB8 : -21;
1CB9 : -6;
1CBA : 0;
1CBB : 56;
1CBC : -4;
1CBD : 13;
1CBE : -41;
1CBF : 31;
1CC0 : 34;
1CC1 : -68;
1CC2 : -28;
1CC3 : -31;
1CC4 : 20;
1CC5 : 28;
1CC6 : 36;
1CC7 : -47;
1CC8 : 53;
1CC9 : 44;
1CCA : -13;
1CCB : 16;
1CCC : -7;
1CCD : -26;
1CCE : -18;
1CCF : 20;
1CD0 : 32;
1CD1 : -22;
1CD2 : 14;
1CD3 : -29;
1CD4 : -17;
1CD5 : 30;
1CD6 : -11;
1CD7 : -30;
1CD8 : 16;
1CD9 : 50;
1CDA : 19;
1CDB : 2;
1CDC : 12;
1CDD : -27;
1CDE : 46;
1CDF : 50;
1CE0 : 15;
1CE1 : -39;
1CE2 : 10;
1CE3 : 26;
1CE4 : 16;
1CE5 : 29;
1CE6 : 10;
1CE7 : -61;
1CE8 : -9;
1CE9 : -56;
1CEA : 21;
1CEB : 16;
1CEC : -33;
1CED : -40;
1CEE : 25;
1CEF : 10;
1CF0 : 12;
1CF1 : 56;
1CF2 : 22;
1CF3 : -9;
1CF4 : 61;
1CF5 : 51;
1CF6 : 24;
1CF7 : -25;
1CF8 : 13;
1CF9 : -6;
1CFA : 24;
1CFB : -15;
1CFC : -18;
1CFD : -7;
1CFE : 36;
1CFF : 42;
1D00 : 11;
1D01 : 26;
1D02 : -71;
1D03 : -27;
1D04 : -7;
1D05 : 24;
1D06 : 27;
1D07 : 27;
1D08 : -37;
1D09 : -41;
1D0A : 52;
1D0B : 4;
1D0C : 27;
1D0D : 11;
1D0E : -33;
1D0F : 72;
1D10 : -55;
1D11 : -7;
1D12 : -11;
1D13 : -27;
1D14 : 66;
1D15 : 24;
1D16 : -6;
1D17 : 4;
1D18 : -10;
1D19 : -20;
1D1A : -4;
1D1B : -27;
1D1C : 6;
1D1D : 0;
1D1E : 36;
1D1F : 28;
1D20 : -33;
1D21 : -24;
1D22 : 70;
1D23 : -53;
1D24 : 15;
1D25 : -12;
1D26 : 47;
1D27 : 72;
1D28 : -46;
1D29 : 55;
1D2A : 23;
1D2B : 43;
1D2C : 20;
1D2D : 91;
1D2E : -20;
1D2F : 6;
1D30 : -16;
1D31 : 82;
1D32 : -2;
1D33 : 3;
1D34 : 28;
1D35 : -27;
1D36 : 36;
1D37 : -15;
1D38 : 63;
1D39 : -19;
1D3A : -20;
1D3B : 16;
1D3C : -7;
1D3D : 25;
1D3E : 18;
1D3F : -36;
1D40 : 44;
1D41 : 33;
1D42 : -2;
1D43 : 13;
1D44 : 28;
1D45 : -30;
1D46 : -51;
1D47 : -1;
1D48 : -24;
1D49 : 40;
1D4A : -12;
1D4B : 37;
1D4C : 13;
1D4D : 42;
1D4E : -25;
1D4F : -34;
1D50 : 39;
1D51 : 38;
1D52 : -48;
1D53 : -48;
1D54 : -18;
1D55 : 4;
1D56 : 32;
1D57 : -2;
1D58 : -34;
1D59 : 16;
1D5A : -12;
1D5B : -23;
1D5C : 41;
1D5D : 49;
1D5E : 6;
1D5F : -44;
1D60 : -36;
1D61 : 30;
1D62 : 35;
1D63 : -9;
1D64 : -15;
1D65 : -1;
1D66 : 8;
1D67 : 7;
1D68 : -16;
1D69 : 65;
1D6A : -11;
1D6B : -20;
1D6C : 9;
1D6D : 12;
1D6E : 7;
1D6F : 10;
1D70 : 0;
1D71 : 5;
1D72 : -28;
1D73 : -37;
1D74 : 10;
1D75 : 30;
1D76 : 40;
1D77 : 14;
1D78 : 21;
1D79 : -21;
1D7A : -3;
1D7B : -29;
1D7C : 33;
1D7D : -32;
1D7E : -12;
1D7F : 11;
1D80 : 37;
1D81 : -2;
1D82 : 32;
1D83 : 0;
1D84 : -59;
1D85 : -38;
1D86 : -24;
1D87 : 66;
1D88 : 19;
1D89 : 30;
1D8A : 40;
1D8B : 4;
1D8C : 14;
1D8D : -19;
1D8E : 4;
1D8F : -56;
1D90 : 34;
1D91 : 2;
1D92 : -14;
1D93 : -3;
1D94 : -6;
1D95 : -15;
1D96 : -40;
1D97 : 28;
1D98 : 6;
1D99 : 57;
1D9A : -17;
1D9B : 6;
1D9C : 19;
1D9D : 27;
1D9E : -18;
1D9F : 14;
1DA0 : 13;
1DA1 : -17;
1DA2 : -23;
1DA3 : 30;
1DA4 : 17;
1DA5 : 24;
1DA6 : -26;
1DA7 : -5;
1DA8 : -20;
1DA9 : 0;
1DAA : 3;
1DAB : -55;
1DAC : 9;
1DAD : -26;
1DAE : 26;
1DAF : -37;
1DB0 : 6;
1DB1 : -12;
1DB2 : -17;
1DB3 : 36;
1DB4 : 20;
1DB5 : 12;
1DB6 : 11;
1DB7 : -25;
1DB8 : -26;
1DB9 : 2;
1DBA : 44;
1DBB : -11;
1DBC : -37;
1DBD : -44;
1DBE : -23;
1DBF : 23;
1DC0 : 41;
1DC1 : 30;
1DC2 : 24;
1DC3 : -20;
1DC4 : 2;
1DC5 : 40;
1DC6 : -24;
1DC7 : -31;
1DC8 : -21;
1DC9 : 28;
1DCA : -48;
1DCB : 49;
1DCC : -38;
1DCD : -26;
1DCE : 16;
1DCF : 9;
1DD0 : 42;
1DD1 : -36;
1DD2 : 82;
1DD3 : 13;
1DD4 : -24;
1DD5 : -52;
1DD6 : -43;
1DD7 : -16;
1DD8 : -11;
1DD9 : 15;
1DDA : -21;
1DDB : 7;
1DDC : 46;
1DDD : -22;
1DDE : 37;
1DDF : 35;
1DE0 : 10;
1DE1 : 7;
1DE2 : -4;
1DE3 : -47;
1DE4 : 22;
1DE5 : 4;
1DE6 : -9;
1DE7 : -33;
1DE8 : 3;
1DE9 : 25;
1DEA : 15;
1DEB : -10;
1DEC : -10;
1DED : 3;
1DEE : -72;
1DEF : -23;
1DF0 : -20;
1DF1 : 18;
1DF2 : -10;
1DF3 : 49;
1DF4 : 36;
1DF5 : -7;
1DF6 : 11;
1DF7 : -35;
1DF8 : 39;
1DF9 : 21;
1DFA : -13;
1DFB : -29;
1DFC : 26;
1DFD : 25;
1DFE : -37;
1DFF : -54;
1E00 : 32;
1E01 : 7;
1E02 : -30;
1E03 : 26;
1E04 : -30;
1E05 : -20;
1E06 : 47;
1E07 : 42;
1E08 : -36;
1E09 : -17;
1E0A : -43;
1E0B : -16;
1E0C : 4;
1E0D : -2;
1E0E : -30;
1E0F : -25;
1E10 : 26;
1E11 : -32;
1E12 : 5;
1E13 : 46;
1E14 : -29;
1E15 : -24;
1E16 : 24;
1E17 : -76;
1E18 : -20;
1E19 : -21;
1E1A : 19;
1E1B : -24;
1E1C : -23;
1E1D : 43;
1E1E : -39;
1E1F : -11;
1E20 : -9;
1E21 : -9;
1E22 : 25;
1E23 : 35;
1E24 : 45;
1E25 : 24;
1E26 : 14;
1E27 : -49;
1E28 : -6;
1E29 : -13;
1E2A : 41;
1E2B : -16;
1E2C : -42;
1E2D : -15;
1E2E : -35;
1E2F : 36;
1E30 : 23;
1E31 : -7;
1E32 : 24;
1E33 : -13;
1E34 : -28;
1E35 : -27;
1E36 : 30;
1E37 : 50;
1E38 : -27;
1E39 : 15;
1E3A : -33;
1E3B : 8;
1E3C : -45;
1E3D : 53;
1E3E : 3;
1E3F : -12;
1E40 : -29;
1E41 : -12;
1E42 : -48;
1E43 : -40;
1E44 : -22;
1E45 : -70;
1E46 : -4;
1E47 : 38;
1E48 : 23;
1E49 : -35;
1E4A : 10;
1E4B : -17;
1E4C : -11;
1E4D : -59;
1E4E : -24;
1E4F : -29;
1E50 : -37;
1E51 : 40;
1E52 : 24;
1E53 : 22;
1E54 : -14;
1E55 : 39;
1E56 : -6;
1E57 : -21;
1E58 : 66;
1E59 : 38;
1E5A : -50;
1E5B : 11;
1E5C : 26;
1E5D : 37;
1E5E : -20;
1E5F : -10;
1E60 : 8;
1E61 : -5;
1E62 : -24;
1E63 : -16;
1E64 : -43;
1E65 : -16;
1E66 : 9;
1E67 : 36;
1E68 : -40;
1E69 : 26;
1E6A : -29;
1E6B : -15;
1E6C : -15;
1E6D : 49;
1E6E : -25;
1E6F : -7;
1E70 : 13;
1E71 : 38;
1E72 : 19;
1E73 : -46;
1E74 : -39;
1E75 : -5;
1E76 : 18;
1E77 : -26;
1E78 : 28;
1E79 : -35;
1E7A : 10;
1E7B : 18;
1E7C : -15;
1E7D : 26;
1E7E : 8;
1E7F : 51;
1E80 : 1;
1E81 : -14;
1E82 : 12;
1E83 : -4;
1E84 : -8;
1E85 : 6;
1E86 : -11;
1E87 : -26;
1E88 : -20;
1E89 : 20;
1E8A : -69;
1E8B : 29;
1E8C : -9;
1E8D : 44;
1E8E : 14;
1E8F : -43;
1E90 : 10;
1E91 : 27;
1E92 : 55;
1E93 : -15;
1E94 : 12;
1E95 : -10;
1E96 : -21;
1E97 : 37;
1E98 : 51;
1E99 : 0;
1E9A : -9;
1E9B : 24;
1E9C : 33;
1E9D : 27;
1E9E : -1;
1E9F : -24;
1EA0 : -101;
1EA1 : -9;
1EA2 : -16;
1EA3 : -31;
1EA4 : 34;
1EA5 : 14;
1EA6 : 14;
1EA7 : 22;
1EA8 : -28;
1EA9 : 52;
1EAA : -13;
1EAB : -18;
1EAC : -26;
1EAD : 15;
1EAE : -1;
1EAF : -10;
1EB0 : -23;
1EB1 : -23;
1EB2 : 32;
1EB3 : 25;
1EB4 : 24;
1EB5 : 20;
1EB6 : -41;
1EB7 : 35;
1EB8 : -25;
1EB9 : -12;
1EBA : 35;
1EBB : 8;
1EBC : -19;
1EBD : -34;
1EBE : -23;
1EBF : -41;
1EC0 : 33;
1EC1 : -36;
1EC2 : 57;
1EC3 : -35;
1EC4 : 26;
1EC5 : 25;
1EC6 : -11;
1EC7 : 31;
1EC8 : 15;
1EC9 : -38;
1ECA : 0;
1ECB : 13;
1ECC : -23;
1ECD : -5;
1ECE : 8;
1ECF : 43;
1ED0 : 33;
1ED1 : 16;
1ED2 : -43;
1ED3 : 11;
1ED4 : 43;
1ED5 : -41;
1ED6 : 14;
1ED7 : 24;
1ED8 : -24;
1ED9 : -11;
1EDA : -7;
1EDB : 16;
1EDC : 38;
1EDD : 3;
1EDE : -8;
1EDF : 38;
1EE0 : 10;
1EE1 : 44;
1EE2 : -50;
1EE3 : -7;
1EE4 : 16;
1EE5 : 44;
1EE6 : -19;
1EE7 : 3;
1EE8 : -11;
1EE9 : 42;
1EEA : -42;
1EEB : -22;
1EEC : -18;
1EED : 21;
1EEE : -37;
1EEF : -46;
1EF0 : 8;
1EF1 : -40;
1EF2 : 39;
1EF3 : 8;
1EF4 : -43;
1EF5 : 20;
1EF6 : -18;
1EF7 : -17;
1EF8 : 34;
1EF9 : -14;
1EFA : -31;
1EFB : 12;
1EFC : 36;
1EFD : 2;
1EFE : -3;
1EFF : 35;
1F00 : 22;
1F01 : 29;
1F02 : -9;
1F03 : 39;
1F04 : -12;
1F05 : -11;
1F06 : -9;
1F07 : 15;
1F08 : -17;
1F09 : 9;
1F0A : 42;
1F0B : 7;
1F0C : -22;
1F0D : -12;
1F0E : 23;
1F0F : 40;
1F10 : 54;
1F11 : -73;
1F12 : -2;
1F13 : 17;
1F14 : 19;
1F15 : -28;
1F16 : -38;
1F17 : -2;
1F18 : -63;
1F19 : -14;
1F1A : 55;
1F1B : 11;
1F1C : 41;
1F1D : -36;
1F1E : 5;
1F1F : -41;
1F20 : -13;
1F21 : -20;
1F22 : -4;
1F23 : 48;
1F24 : 2;
1F25 : -59;
1F26 : -11;
1F27 : -42;
1F28 : -14;
1F29 : -50;
1F2A : -23;
1F2B : -43;
1F2C : 46;
1F2D : -11;
1F2E : 38;
1F2F : 28;
1F30 : -13;
1F31 : 16;
1F32 : 0;
1F33 : 24;
1F34 : -15;
1F35 : -4;
1F36 : 41;
1F37 : -43;
1F38 : 52;
1F39 : 47;
1F3A : -3;
1F3B : 14;
1F3C : 13;
1F3D : -27;
1F3E : 0;
1F3F : -9;
1F40 : 15;
1F41 : -61;
1F42 : 8;
1F43 : -5;
1F44 : 16;
1F45 : -5;
1F46 : -3;
1F47 : 19;
1F48 : -25;
1F49 : -22;
1F4A : -36;
1F4B : 48;
1F4C : -39;
1F4D : -19;
1F4E : -38;
1F4F : 24;
1F50 : 23;
1F51 : -10;
1F52 : -3;
1F53 : -21;
1F54 : -23;
1F55 : 34;
1F56 : -53;
1F57 : -14;
1F58 : -44;
1F59 : 6;
1F5A : -4;
1F5B : 28;
1F5C : -8;
1F5D : 58;
1F5E : 7;
1F5F : -4;
1F60 : -5;
1F61 : -39;
1F62 : -20;
1F63 : 35;
1F64 : 34;
1F65 : 1;
1F66 : 20;
1F67 : -18;
1F68 : -41;
1F69 : 36;
1F6A : 18;
1F6B : -17;
1F6C : -20;
1F6D : -27;
1F6E : 22;
1F6F : -22;
1F70 : -3;
1F71 : -10;
1F72 : -12;
1F73 : -6;
1F74 : 37;
1F75 : -38;
1F76 : -37;
1F77 : 2;
1F78 : -25;
1F79 : 11;
1F7A : -32;
1F7B : -13;
1F7C : -11;
1F7D : -23;
1F7E : -30;
1F7F : -39;
1F80 : -53;
1F81 : 1;
1F82 : 33;
1F83 : -23;
1F84 : 2;
1F85 : 8;
1F86 : -18;
1F87 : 1;
1F88 : 10;
1F89 : -34;
1F8A : 23;
1F8B : -10;
1F8C : 12;
1F8D : 21;
1F8E : -17;
1F8F : 2;
1F90 : -41;
1F91 : 11;
1F92 : -32;
1F93 : -10;
1F94 : -10;
1F95 : 18;
1F96 : -32;
1F97 : 5;
1F98 : 4;
1F99 : -20;
1F9A : 28;
1F9B : -31;
1F9C : -2;
1F9D : -4;
1F9E : 5;
1F9F : -7;
1FA0 : -48;
1FA1 : 22;
1FA2 : -31;
1FA3 : -1;
1FA4 : -36;
1FA5 : -38;
1FA6 : 22;
1FA7 : -47;
1FA8 : -46;
1FA9 : -42;
1FAA : -41;
1FAB : 3;
1FAC : 41;
1FAD : 4;
1FAE : -29;
1FAF : 20;
1FB0 : 2;
1FB1 : 14;
1FB2 : 1;
1FB3 : 32;
1FB4 : -31;
1FB5 : 4;
1FB6 : 17;
1FB7 : 11;
1FB8 : -25;
1FB9 : 32;
1FBA : -43;
1FBB : -29;
1FBC : -37;
1FBD : -13;
1FBE : -31;
1FBF : 19;
1FC0 : -16;
1FC1 : 14;
1FC2 : 0;
1FC3 : 28;
1FC4 : -19;
1FC5 : -7;
1FC6 : -27;
1FC7 : 10;
1FC8 : 29;
1FC9 : -7;
1FCA : 4;
1FCB : 36;
1FCC : -30;
1FCD : -7;
1FCE : -11;
1FCF : -8;
1FD0 : 26;
1FD1 : -56;
1FD2 : -35;
1FD3 : -25;
1FD4 : -29;
1FD5 : -37;
1FD6 : 22;
1FD7 : 20;
1FD8 : -40;
1FD9 : 18;
1FDA : -7;
1FDB : 13;
1FDC : -1;
1FDD : -23;
1FDE : 14;
1FDF : 14;
1FE0 : -15;
1FE1 : -30;
1FE2 : -25;
1FE3 : 24;
1FE4 : -32;
1FE5 : 58;
1FE6 : -17;
1FE7 : -3;
1FE8 : 61;
1FE9 : 39;
1FEA : -1;
1FEB : 11;
1FEC : -1;
1FED : -24;
1FEE : 21;
1FEF : 40;
1FF0 : 16;
1FF1 : 57;
1FF2 : 18;
1FF3 : -23;
1FF4 : -13;
1FF5 : -4;
1FF6 : -13;
1FF7 : 26;
1FF8 : 10;
1FF9 : -21;
1FFA : 7;
1FFB : -2;
1FFC : 25;
1FFD : 13;
1FFE : 1;
1FFF : 36;
2000 : 41;
2001 : -13;
2002 : -14;
2003 : 125;
2004 : 32;
2005 : -4;
2006 : 14;
2007 : 9;
2008 : 23;
2009 : -33;
200A : -31;
200B : 4;
200C : 62;
200D : -19;
200E : -6;
200F : -33;
2010 : 59;
2011 : -21;
2012 : 31;
2013 : -8;
2014 : 44;
2015 : -46;
2016 : 36;
2017 : 33;
2018 : -27;
2019 : 0;
201A : -17;
201B : 32;
201C : 39;
201D : -8;
201E : -20;
201F : -38;
2020 : 12;
2021 : -16;
2022 : -3;
2023 : -39;
2024 : -16;
2025 : 52;
2026 : 12;
2027 : 30;
2028 : -32;
2029 : -5;
202A : 35;
202B : -29;
202C : -14;
202D : 29;
202E : 23;
202F : -25;
2030 : -52;
2031 : -44;
2032 : 25;
2033 : 47;
2034 : -32;
2035 : 25;
2036 : 35;
2037 : 47;
2038 : -48;
2039 : 0;
203A : -16;
203B : 31;
203C : -20;
203D : 33;
203E : 5;
203F : -16;
2040 : -15;
2041 : 18;
2042 : 44;
2043 : 10;
2044 : 29;
2045 : 37;
2046 : -33;
2047 : -9;
2048 : -13;
2049 : -23;
204A : 0;
204B : -30;
204C : 16;
204D : 40;
204E : 31;
204F : 4;
2050 : 7;
2051 : -29;
2052 : 45;
2053 : -14;
2054 : -21;
2055 : -40;
2056 : 7;
2057 : 18;
2058 : 38;
2059 : 5;
205A : -34;
205B : -9;
205C : 30;
205D : -15;
205E : 35;
205F : 6;
2060 : -16;
2061 : 8;
2062 : -26;
2063 : -34;
2064 : -33;
2065 : -12;
2066 : 2;
2067 : 6;
2068 : 7;
2069 : 17;
206A : 22;
206B : 2;
206C : -26;
206D : -24;
206E : 8;
206F : 61;
2070 : 25;
2071 : 41;
2072 : -31;
2073 : -53;
2074 : 37;
2075 : -41;
2076 : -16;
2077 : -9;
2078 : -21;
2079 : -6;
207A : -14;
207B : 24;
207C : 43;
207D : 10;
207E : -7;
207F : 38;
2080 : -22;
2081 : 36;
2082 : -25;
2083 : 16;
2084 : 47;
2085 : -1;
2086 : -34;
2087 : -22;
2088 : -3;
2089 : -25;
208A : 8;
208B : 3;
208C : 39;
208D : 37;
208E : -48;
208F : -5;
2090 : 4;
2091 : 26;
2092 : 10;
2093 : 37;
2094 : -9;
2095 : -34;
2096 : 5;
2097 : -40;
2098 : -3;
2099 : -14;
209A : -40;
209B : 15;
209C : -35;
209D : 8;
209E : -66;
209F : 64;
20A0 : -35;
20A1 : -20;
20A2 : -98;
20A3 : 57;
20A4 : 9;
20A5 : 9;
20A6 : 1;
20A7 : 3;
20A8 : -51;
20A9 : 54;
20AA : 5;
20AB : 0;
20AC : 69;
20AD : 22;
20AE : 0;
20AF : 7;
20B0 : 41;
20B1 : -33;
20B2 : 5;
20B3 : 10;
20B4 : 62;
20B5 : 11;
20B6 : 7;
20B7 : -26;
20B8 : -33;
20B9 : 22;
20BA : -30;
20BB : 66;
20BC : -31;
20BD : -50;
20BE : 52;
20BF : -88;
20C0 : 17;
20C1 : 43;
20C2 : 14;
20C3 : -31;
20C4 : 91;
20C5 : 12;
20C6 : 20;
20C7 : -52;
20C8 : 21;
20C9 : 45;
20CA : 29;
20CB : -25;
20CC : -32;
20CD : -3;
20CE : -9;
20CF : 18;
20D0 : -34;
20D1 : 37;
20D2 : -45;
20D3 : -16;
20D4 : 61;
20D5 : -46;
20D6 : 42;
20D7 : 36;
20D8 : 1;
20D9 : 1;
20DA : 30;
20DB : 45;
20DC : -45;
20DD : -2;
20DE : 44;
20DF : 12;
20E0 : 4;
20E1 : 21;
20E2 : 41;
20E3 : -42;
20E4 : -19;
20E5 : 60;
20E6 : 32;
20E7 : 9;
20E8 : 52;
20E9 : 37;
20EA : -40;
20EB : 38;
20EC : -44;
20ED : -44;
20EE : -5;
20EF : 4;
20F0 : -51;
20F1 : -3;
20F2 : 1;
20F3 : 59;
20F4 : -4;
20F5 : 11;
20F6 : 24;
20F7 : -13;
20F8 : 68;
20F9 : -9;
20FA : 37;
20FB : -39;
20FC : -34;
20FD : -17;
20FE : 11;
20FF : 7;
2100 : 13;
2101 : -37;
2102 : -15;
2103 : 47;
2104 : -20;
2105 : 33;
2106 : -22;
2107 : 37;
2108 : -25;
2109 : -12;
210A : 13;
210B : 13;
210C : -4;
210D : 25;
210E : -35;
210F : 53;
2110 : 29;
2111 : -47;
2112 : 11;
2113 : 24;
2114 : 51;
2115 : 7;
2116 : -42;
2117 : 10;
2118 : -46;
2119 : -41;
211A : -75;
211B : -17;
211C : 38;
211D : -14;
211E : 26;
211F : 26;
2120 : 28;
2121 : 28;
2122 : 29;
2123 : -28;
2124 : 34;
2125 : -6;
2126 : -36;
2127 : -35;
2128 : -15;
2129 : -33;
212A : 22;
212B : 20;
212C : -14;
212D : 41;
212E : 27;
212F : 23;
2130 : -40;
2131 : 30;
2132 : 12;
2133 : -4;
2134 : -33;
2135 : -37;
2136 : 30;
2137 : -26;
2138 : -3;
2139 : 30;
213A : -7;
213B : 43;
213C : 7;
213D : -20;
213E : -29;
213F : 28;
2140 : -5;
2141 : -29;
2142 : 40;
2143 : 11;
2144 : 43;
2145 : 21;
2146 : 22;
2147 : 48;
2148 : -19;
2149 : -8;
214A : 44;
214B : 8;
214C : -18;
214D : -22;
214E : 40;
214F : -7;
2150 : 41;
2151 : -13;
2152 : 17;
2153 : -19;
2154 : 26;
2155 : 35;
2156 : 22;
2157 : -30;
2158 : -9;
2159 : -21;
215A : 24;
215B : 7;
215C : 22;
215D : -1;
215E : 22;
215F : 32;
2160 : 26;
2161 : 43;
2162 : -57;
2163 : 6;
2164 : -18;
2165 : 5;
2166 : -54;
2167 : -10;
2168 : 3;
2169 : -14;
216A : -25;
216B : 39;
216C : -7;
216D : 22;
216E : 66;
216F : 2;
2170 : -32;
2171 : 12;
2172 : -21;
2173 : 32;
2174 : -38;
2175 : 25;
2176 : 33;
2177 : -23;
2178 : 21;
2179 : 19;
217A : -33;
217B : 37;
217C : -24;
217D : -10;
217E : -10;
217F : 27;
2180 : -6;
2181 : 11;
2182 : -31;
2183 : -13;
2184 : -16;
2185 : -57;
2186 : 22;
2187 : 44;
2188 : -31;
2189 : 19;
218A : 45;
218B : 67;
218C : -46;
218D : -8;
218E : -34;
218F : -8;
2190 : 12;
2191 : -31;
2192 : -32;
2193 : 18;
2194 : 15;
2195 : 5;
2196 : -48;
2197 : -8;
2198 : 10;
2199 : 62;
219A : -15;
219B : -43;
219C : 50;
219D : -24;
219E : 41;
219F : -51;
21A0 : 16;
21A1 : -44;
21A2 : -17;
21A3 : 0;
21A4 : 18;
21A5 : -33;
21A6 : -50;
21A7 : 24;
21A8 : 24;
21A9 : -34;
21AA : -26;
21AB : -47;
21AC : -28;
21AD : 23;
21AE : -64;
21AF : 12;
21B0 : 5;
21B1 : 0;
21B2 : 39;
21B3 : 41;
21B4 : 19;
21B5 : -47;
21B6 : 44;
21B7 : -18;
21B8 : 15;
21B9 : 2;
21BA : -33;
21BB : 6;
21BC : 52;
21BD : 15;
21BE : 5;
21BF : -31;
21C0 : 26;
21C1 : -11;
21C2 : -34;
21C3 : 53;
21C4 : -7;
21C5 : 11;
21C6 : 42;
21C7 : 16;
21C8 : 21;
21C9 : 32;
21CA : -27;
21CB : 1;
21CC : -38;
21CD : 12;
21CE : 8;
21CF : 34;
21D0 : 11;
21D1 : 29;
21D2 : -10;
21D3 : -8;
21D4 : -17;
21D5 : -18;
21D6 : 1;
21D7 : 42;
21D8 : -56;
21D9 : -14;
21DA : 38;
21DB : -2;
21DC : -26;
21DD : 22;
21DE : 21;
21DF : -10;
21E0 : -9;
21E1 : 18;
21E2 : 47;
21E3 : -11;
21E4 : 17;
21E5 : -41;
21E6 : 27;
21E7 : -31;
21E8 : -3;
21E9 : -22;
21EA : 23;
21EB : -16;
21EC : -23;
21ED : 30;
21EE : -20;
21EF : -18;
21F0 : -18;
21F1 : 38;
21F2 : -2;
21F3 : 58;
21F4 : 6;
21F5 : 54;
21F6 : 14;
21F7 : -12;
21F8 : 29;
21F9 : -5;
21FA : 3;
21FB : -3;
21FC : -24;
21FD : -46;
21FE : 10;
21FF : -26;
2200 : 20;
2201 : -41;
2202 : -18;
2203 : 12;
2204 : -19;
2205 : 23;
2206 : -18;
2207 : -3;
2208 : 4;
2209 : -44;
220A : -13;
220B : 31;
220C : -30;
220D : 35;
220E : 8;
220F : -4;
2210 : -16;
2211 : -23;
2212 : 2;
2213 : -10;
2214 : 32;
2215 : -25;
2216 : -5;
2217 : -36;
2218 : 10;
2219 : -7;
221A : 8;
221B : -25;
221C : -13;
221D : 6;
221E : 33;
221F : 42;
2220 : -25;
2221 : 25;
2222 : 16;
2223 : 13;
2224 : 47;
2225 : 45;
2226 : -26;
2227 : 2;
2228 : -46;
2229 : 12;
222A : -7;
222B : -21;
222C : 44;
222D : 48;
222E : 1;
222F : 39;
2230 : 16;
2231 : -2;
2232 : -50;
2233 : 3;
2234 : 12;
2235 : 6;
2236 : -37;
2237 : -60;
2238 : -54;
2239 : -12;
223A : -36;
223B : -49;
223C : -15;
223D : -35;
223E : -35;
223F : -37;
2240 : -27;
2241 : 9;
2242 : -40;
2243 : -9;
2244 : -10;
2245 : -51;
2246 : -33;
2247 : 43;
2248 : 2;
2249 : -14;
224A : 52;
224B : -38;
224C : 31;
224D : -12;
224E : 24;
224F : 5;
2250 : 13;
2251 : 38;
2252 : -47;
2253 : -20;
2254 : 36;
2255 : -38;
2256 : -36;
2257 : -33;
2258 : 10;
2259 : -30;
225A : -23;
225B : 46;
225C : 34;
225D : -24;
225E : -35;
225F : -39;
2260 : -37;
2261 : -11;
2262 : 15;
2263 : 12;
2264 : 23;
2265 : -31;
2266 : -26;
2267 : 16;
2268 : 10;
2269 : 23;
226A : 20;
226B : 39;
226C : 26;
226D : 27;
226E : -28;
226F : -21;
2270 : 27;
2271 : 22;
2272 : -70;
2273 : -42;
2274 : -30;
2275 : 24;
2276 : -36;
2277 : 45;
2278 : 14;
2279 : -44;
227A : 2;
227B : -11;
227C : -21;
227D : -39;
227E : -40;
227F : -5;
2280 : -24;
2281 : -42;
2282 : -13;
2283 : 24;
2284 : -4;
2285 : 22;
2286 : 12;
2287 : -19;
2288 : -42;
2289 : -9;
228A : -29;
228B : -38;
228C : 29;
228D : 14;
228E : 19;
228F : -11;
2290 : -48;
2291 : -17;
2292 : 29;
2293 : 8;
2294 : -26;
2295 : 4;
2296 : -9;
2297 : 27;
2298 : 33;
2299 : -9;
229A : -27;
229B : -32;
229C : 14;
229D : 16;
229E : 0;
229F : 10;
22A0 : 24;
22A1 : 21;
22A2 : 9;
22A3 : -41;
22A4 : 28;
22A5 : 42;
22A6 : 3;
22A7 : 1;
22A8 : 41;
22A9 : -19;
22AA : 21;
22AB : -38;
22AC : 41;
22AD : -16;
22AE : 41;
22AF : 4;
22B0 : 36;
22B1 : -37;
22B2 : 11;
22B3 : -17;
22B4 : -8;
22B5 : 38;
22B6 : -18;
22B7 : 20;
22B8 : 44;
22B9 : -49;
22BA : 17;
22BB : 61;
22BC : -24;
22BD : -52;
22BE : -56;
22BF : 29;
22C0 : 27;
22C1 : 41;
22C2 : -64;
22C3 : 43;
22C4 : 25;
22C5 : 19;
22C6 : 20;
22C7 : -47;
22C8 : 37;
22C9 : 18;
22CA : 11;
22CB : 2;
22CC : 40;
22CD : -11;
22CE : 18;
22CF : -10;
22D0 : -16;
22D1 : -37;
22D2 : 20;
22D3 : -7;
22D4 : 63;
22D5 : 49;
22D6 : 46;
22D7 : -45;
22D8 : -46;
22D9 : 80;
22DA : 26;
22DB : -8;
22DC : 23;
22DD : 24;
22DE : 5;
22DF : 28;
22E0 : 25;
22E1 : -8;
22E2 : 0;
22E3 : 13;
22E4 : 17;
22E5 : -1;
22E6 : 32;
22E7 : 7;
22E8 : 28;
22E9 : 7;
22EA : -32;
22EB : 49;
22EC : -37;
22ED : -36;
22EE : 27;
22EF : 32;
22F0 : 10;
22F1 : -18;
22F2 : -14;
22F3 : -27;
22F4 : -33;
22F5 : 11;
22F6 : 15;
22F7 : 4;
22F8 : 8;
22F9 : -17;
22FA : 40;
22FB : 37;
22FC : 30;
22FD : -18;
22FE : 3;
22FF : 5;
2300 : 33;
2301 : 35;
2302 : -2;
2303 : -8;
2304 : 19;
2305 : -28;
2306 : 46;
2307 : 9;
2308 : 41;
2309 : -38;
230A : -3;
230B : -16;
230C : -59;
230D : 10;
230E : -14;
230F : -1;
2310 : 31;
2311 : 16;
2312 : -8;
2313 : 21;
2314 : -17;
2315 : -15;
2316 : -20;
2317 : 17;
2318 : 22;
2319 : -7;
231A : 40;
231B : 1;
231C : -28;
231D : -35;
231E : -15;
231F : -10;
2320 : 16;
2321 : -10;
2322 : -33;
2323 : 53;
2324 : 14;
2325 : -42;
2326 : 17;
2327 : -49;
2328 : -37;
2329 : -5;
232A : 23;
232B : -24;
232C : 49;
232D : 7;
232E : 34;
232F : 58;
2330 : -29;
2331 : -23;
2332 : 23;
2333 : -51;
2334 : -20;
2335 : 27;
2336 : 2;
2337 : -33;
2338 : -40;
2339 : 35;
233A : -18;
233B : 0;
233C : 3;
233D : 22;
233E : -36;
233F : 6;
2340 : -35;
2341 : -1;
2342 : -11;
2343 : -23;
2344 : -4;
2345 : -60;
2346 : -24;
2347 : -43;
2348 : -14;
2349 : 22;
234A : -40;
234B : 20;
234C : 10;
234D : 7;
234E : 32;
234F : -5;
2350 : -7;
2351 : 29;
2352 : -35;
2353 : -49;
2354 : -56;
2355 : -17;
2356 : -17;
2357 : -28;
2358 : 7;
2359 : 25;
235A : -47;
235B : 25;
235C : -18;
235D : 36;
235E : -8;
235F : -30;
2360 : -8;
2361 : -33;
2362 : -12;
2363 : -12;
2364 : -52;
2365 : -53;
2366 : 36;
2367 : 35;
2368 : 15;
2369 : -12;
236A : 28;
236B : 34;
236C : -17;
236D : 15;
236E : -25;
236F : -18;
2370 : -56;
2371 : -4;
2372 : 44;
2373 : 10;
2374 : 9;
2375 : 33;
2376 : 16;
2377 : 23;
2378 : 22;
2379 : -20;
237A : -54;
237B : 24;
237C : 13;
237D : -28;
237E : 34;
237F : -36;
2380 : 10;
2381 : -29;
2382 : -34;
2383 : -16;
2384 : -34;
2385 : -13;
2386 : 10;
2387 : -10;
2388 : 31;
2389 : 19;
238A : -7;
238B : 35;
238C : 17;
238D : -22;
238E : 35;
238F : -1;
2390 : -36;
2391 : -1;
2392 : -30;
2393 : -6;
2394 : 16;
2395 : 10;
2396 : 28;
2397 : -7;
2398 : 8;
2399 : -32;
239A : -7;
239B : 25;
239C : 33;
239D : -23;
239E : -21;
239F : -48;
23A0 : -52;
23A1 : -14;
23A2 : 63;
23A3 : -28;
23A4 : 52;
23A5 : 13;
23A6 : -9;
23A7 : 72;
23A8 : -27;
23A9 : 26;
23AA : 38;
23AB : -27;
23AC : 69;
23AD : 42;
23AE : 65;
23AF : 33;
23B0 : 0;
23B1 : 19;
23B2 : -5;
23B3 : -61;
23B4 : 28;
23B5 : -18;
23B6 : 1;
23B7 : -24;
23B8 : -49;
23B9 : -20;
23BA : -9;
23BB : -23;
23BC : -36;
23BD : -11;
23BE : 26;
23BF : 5;
23C0 : -35;
23C1 : -77;
23C2 : 31;
23C3 : -41;
23C4 : -45;
23C5 : -57;
23C6 : 17;
23C7 : -36;
23C8 : 18;
23C9 : -31;
23CA : -40;
23CB : -44;
23CC : -15;
23CD : -38;
23CE : 17;
23CF : -25;
23D0 : 34;
23D1 : 16;
23D2 : 28;
23D3 : 18;
23D4 : 12;
23D5 : 51;
23D6 : 12;
23D7 : 19;
23D8 : -44;
23D9 : -35;
23DA : 17;
23DB : -30;
23DC : -86;
23DD : 19;
23DE : 74;
23DF : -11;
23E0 : -20;
23E1 : 59;
23E2 : -65;
23E3 : -51;
23E4 : -4;
23E5 : 10;
23E6 : 28;
23E7 : 4;
23E8 : -3;
23E9 : 21;
23EA : -39;
23EB : 23;
23EC : -19;
23ED : -81;
23EE : 10;
23EF : -27;
23F0 : -65;
23F1 : 12;
23F2 : -41;
23F3 : 21;
23F4 : -26;
23F5 : 0;
23F6 : 29;
23F7 : -36;
23F8 : 74;
23F9 : -24;
23FA : 50;
23FB : -60;
23FC : -9;
23FD : -66;
23FE : 67;
23FF : -13;
2400 : 2;
2401 : 12;
2402 : -35;
2403 : -45;
2404 : -69;
2405 : -10;
2406 : 53;
2407 : 68;
2408 : 1;
2409 : -39;
240A : -3;
240B : -21;
240C : -11;
240D : -46;
240E : -30;
240F : -4;
2410 : 0;
2411 : 34;
2412 : 66;
2413 : 5;
2414 : -5;
2415 : 17;
2416 : 0;
2417 : 46;
2418 : -23;
2419 : 21;
241A : 20;
241B : 19;
241C : 78;
241D : -24;
241E : -33;
241F : -98;
2420 : -26;
2421 : 27;
2422 : 9;
2423 : -38;
2424 : -54;
2425 : -30;
2426 : 32;
2427 : 13;
2428 : 21;
2429 : 56;
242A : -8;
242B : 24;
242C : 34;
242D : -12;
242E : -32;
242F : 49;
2430 : 20;
2431 : 58;
2432 : -46;
2433 : -20;
2434 : -24;
2435 : 52;
2436 : -11;
2437 : 27;
2438 : -43;
2439 : -59;
243A : -37;
243B : 86;
243C : -21;
243D : -3;
243E : 1;
243F : -7;
2440 : -22;
2441 : 41;
2442 : -40;
2443 : 62;
2444 : -55;
2445 : -41;
2446 : 28;
2447 : -32;
2448 : -7;
2449 : -42;
244A : 39;
244B : 0;
244C : -49;
244D : 49;
244E : -5;
244F : 67;
2450 : 52;
2451 : -45;
2452 : 67;
2453 : -7;
2454 : 40;
2455 : -95;
2456 : 9;
2457 : -28;
2458 : 47;
2459 : 22;
245A : -10;
245B : 30;
245C : 7;
245D : 127;
245E : -39;
245F : -36;
2460 : -24;
2461 : 56;
2462 : -17;
2463 : 29;
2464 : -29;
2465 : 35;
2466 : -88;
2467 : -15;
2468 : 24;
2469 : -31;
246A : -23;
246B : -43;
246C : 28;
246D : -12;
246E : -1;
246F : -3;
2470 : -3;
2471 : -10;
2472 : -18;
2473 : -31;
2474 : 17;
2475 : -7;
2476 : -24;
2477 : 40;
2478 : 36;
2479 : 14;
247A : 5;
247B : 40;
247C : 3;
247D : -29;
247E : 22;
247F : -83;
2480 : 27;
2481 : 81;
2482 : -73;
2483 : -14;
2484 : 18;
2485 : 41;
2486 : 19;
2487 : 30;
2488 : 3;
2489 : -55;
248A : 25;
248B : 17;
248C : 38;
248D : 18;
248E : 37;
248F : -40;
2490 : -16;
2491 : -4;
2492 : -29;
2493 : 8;
2494 : -41;
2495 : 18;
2496 : -42;
2497 : -34;
2498 : -36;
2499 : 20;
249A : -31;
249B : -11;
249C : -33;
249D : -30;
249E : -22;
249F : -26;
24A0 : -33;
24A1 : -1;
24A2 : 31;
24A3 : 2;
24A4 : -36;
24A5 : 31;
24A6 : -41;
24A7 : -26;
24A8 : -40;
24A9 : -33;
24AA : 4;
24AB : -8;
24AC : -41;
24AD : -35;
24AE : 9;
24AF : -8;
24B0 : 31;
24B1 : 10;
24B2 : 34;
24B3 : -1;
24B4 : 13;
24B5 : -17;
24B6 : -36;
24B7 : -26;
24B8 : -37;
24B9 : 12;
24BA : 15;
24BB : 16;
24BC : -4;
24BD : 2;
24BE : -22;
24BF : -28;
24C0 : -1;
24C1 : -5;
24C2 : 4;
24C3 : -25;
24C4 : -6;
24C5 : -15;
24C6 : 23;
24C7 : -28;
24C8 : 19;
24C9 : -24;
24CA : -4;
24CB : 6;
24CC : 12;
24CD : 4;
24CE : 36;
24CF : 21;
24D0 : -23;
24D1 : -7;
24D2 : -22;
24D3 : -33;
24D4 : -1;
24D5 : 9;
24D6 : 36;
24D7 : -15;
24D8 : -10;
24D9 : -46;
24DA : -16;
24DB : -18;
24DC : 21;
24DD : -12;
24DE : -7;
24DF : -41;
24E0 : -46;
24E1 : -10;
24E2 : -20;
24E3 : -27;
24E4 : 37;
24E5 : -20;
24E6 : -21;
24E7 : 18;
24E8 : -38;
24E9 : -34;
24EA : -15;
24EB : -32;
24EC : 31;
24ED : -29;
24EE : -8;
24EF : -22;
24F0 : 0;
24F1 : -47;
24F2 : -23;
24F3 : -39;
24F4 : -37;
24F5 : -4;
24F6 : -33;
24F7 : -35;
24F8 : -1;
24F9 : -40;
24FA : 0;
24FB : -31;
24FC : 25;
24FD : -4;
24FE : -20;
24FF : -42;
2500 : 13;
2501 : 39;
2502 : 9;
2503 : -39;
2504 : -36;
2505 : -37;
2506 : 23;
2507 : 7;
2508 : -51;
2509 : 11;
250A : 8;
250B : -11;
250C : 68;
250D : 31;
250E : -51;
250F : -49;
2510 : 19;
2511 : 9;
2512 : 26;
2513 : 4;
2514 : -23;
2515 : -14;
2516 : 21;
2517 : 19;
2518 : 39;
2519 : -25;
251A : 39;
251B : -4;
251C : 23;
251D : -48;
251E : -12;
251F : 52;
2520 : -12;
2521 : 40;
2522 : 2;
2523 : -33;
2524 : -39;
2525 : -23;
2526 : 0;
2527 : 28;
2528 : 20;
2529 : -22;
252A : 9;
252B : 81;
252C : -4;
252D : 24;
252E : -1;
252F : -7;
2530 : -46;
2531 : -54;
2532 : 29;
2533 : -16;
2534 : -26;
2535 : -9;
2536 : 35;
2537 : -22;
2538 : 62;
2539 : -15;
253A : 32;
253B : -3;
253C : -45;
253D : 1;
253E : -1;
253F : -1;
2540 : -47;
2541 : -44;
2542 : -29;
2543 : -1;
2544 : 41;
2545 : -8;
2546 : 59;
2547 : 41;
2548 : 6;
2549 : 5;
254A : -11;
254B : -25;
254C : 29;
254D : 18;
254E : 12;
254F : -28;
2550 : 31;
2551 : 42;
2552 : 62;
2553 : -14;
2554 : -11;
2555 : -37;
2556 : -19;
2557 : -67;
2558 : 51;
2559 : -48;
255A : -12;
255B : 1;
255C : -43;
255D : 33;
255E : -8;
255F : -13;
2560 : -28;
2561 : -14;
2562 : -28;
2563 : 48;
2564 : 28;
2565 : 10;
2566 : -23;
2567 : -30;
2568 : 6;
2569 : 30;
256A : -26;
256B : 25;
256C : 34;
256D : 42;
256E : -34;
256F : -10;
2570 : 2;
2571 : 33;
2572 : -34;
2573 : -16;
2574 : 35;
2575 : 35;
2576 : 33;
2577 : 21;
2578 : -36;
2579 : -20;
257A : -34;
257B : -61;
257C : 25;
257D : -38;
257E : -12;
257F : 26;
2580 : -30;
2581 : -16;
2582 : 17;
2583 : 13;
2584 : 18;
2585 : -29;
2586 : -10;
2587 : 4;
2588 : 34;
2589 : -3;
258A : -26;
258B : 80;
258C : -4;
258D : -8;
258E : -7;
258F : 7;
2590 : 18;
2591 : 1;
2592 : 13;
2593 : 24;
2594 : -25;
2595 : 42;
2596 : 22;
2597 : -41;
2598 : -22;
2599 : -23;
259A : -14;
259B : -2;
259C : 28;
259D : 6;
259E : -36;
259F : -28;
25A0 : -23;
25A1 : 43;
25A2 : -31;
25A3 : -58;
25A4 : 37;
25A5 : -8;
25A6 : 29;
25A7 : 2;
25A8 : -43;
25A9 : 24;
25AA : -5;
25AB : -12;
25AC : -11;
25AD : -27;
25AE : 41;
25AF : -21;
25B0 : -25;
25B1 : -33;
25B2 : 15;
25B3 : -34;
25B4 : 24;
25B5 : 27;
25B6 : -41;
25B7 : 21;
25B8 : 30;
25B9 : 23;
25BA : 1;
25BB : 43;
25BC : 40;
25BD : -22;
25BE : 22;
25BF : -24;
25C0 : -43;
25C1 : 27;
25C2 : 34;
25C3 : 26;
25C4 : 33;
25C5 : -62;
25C6 : -30;
25C7 : 40;
25C8 : -22;
25C9 : 14;
25CA : -31;
25CB : -5;
25CC : 36;
25CD : -43;
25CE : 18;
25CF : 24;
25D0 : 45;
25D1 : 23;
25D2 : 9;
25D3 : 24;
25D4 : 27;
25D5 : -34;
25D6 : 12;
25D7 : -15;
25D8 : 22;
25D9 : 36;
25DA : -1;
25DB : 5;
25DC : -29;
25DD : 13;
25DE : -11;
25DF : -12;
25E0 : 30;
25E1 : -8;
25E2 : 39;
25E3 : 13;
25E4 : -10;
25E5 : 9;
25E6 : -37;
25E7 : 31;
25E8 : 32;
25E9 : 40;
25EA : -54;
25EB : 20;
25EC : -12;
25ED : 12;
25EE : -37;
25EF : 30;
25F0 : 34;
25F1 : -17;
25F2 : -13;
25F3 : 59;
25F4 : -31;
25F5 : 9;
25F6 : -3;
25F7 : 25;
25F8 : -5;
25F9 : 36;
25FA : -23;
25FB : -30;
25FC : -14;
25FD : -34;
25FE : 1;
25FF : 25;
2600 : -32;
2601 : -35;
2602 : -29;
2603 : -11;
2604 : -16;
2605 : -13;
2606 : -40;
2607 : 11;
2608 : -3;
2609 : -9;
260A : 25;
260B : -4;
260C : -25;
260D : -44;
260E : -30;
260F : -40;
2610 : 24;
2611 : 7;
2612 : -6;
2613 : 0;
2614 : -24;
2615 : 4;
2616 : -11;
2617 : 5;
2618 : -25;
2619 : -40;
261A : -41;
261B : -13;
261C : 2;
261D : -26;
261E : 24;
261F : -41;
2620 : -9;
2621 : 8;
2622 : -43;
2623 : -6;
2624 : -41;
2625 : -40;
2626 : 3;
2627 : 27;
2628 : 6;
2629 : -42;
262A : 18;
262B : -25;
262C : 29;
262D : -26;
262E : -13;
262F : 14;
2630 : -16;
2631 : 15;
2632 : -10;
2633 : -9;
2634 : 20;
2635 : 24;
2636 : -20;
2637 : 41;
2638 : -16;
2639 : -7;
263A : -17;
263B : 18;
263C : -42;
263D : -18;
263E : -30;
263F : -3;
2640 : 31;
2641 : -41;
2642 : -28;
2643 : 35;
2644 : 29;
2645 : -41;
2646 : 30;
2647 : -18;
2648 : -23;
2649 : 11;
264A : 22;
264B : -11;
264C : -39;
264D : -22;
264E : 21;
264F : 31;
2650 : 15;
2651 : 35;
2652 : 5;
2653 : -38;
2654 : -26;
2655 : -34;
2656 : -36;
2657 : 2;
2658 : 2;
2659 : -48;
265A : 35;
265B : 27;
265C : -42;
265D : -13;
265E : -36;
265F : -22;
2660 : 38;
2661 : -33;
2662 : 17;
2663 : 12;
2664 : -42;
2665 : -22;
2666 : 35;
2667 : -9;
2668 : 23;
2669 : 28;
266A : -29;
266B : 3;
266C : -39;
266D : 38;
266E : -11;
266F : 3;
2670 : 8;
2671 : -24;
2672 : -19;
2673 : 5;
2674 : -41;
2675 : -9;
2676 : 35;
2677 : -17;
2678 : 20;
2679 : -34;
267A : 0;
267B : -31;
267C : -9;
267D : -11;
267E : -6;
267F : 17;
2680 : -57;
2681 : -18;
2682 : 36;
2683 : -10;
2684 : 14;
2685 : -21;
2686 : 8;
2687 : 54;
2688 : -29;
2689 : 25;
268A : -32;
268B : -30;
268C : -12;
268D : -14;
268E : 16;
268F : -122;
2690 : -1;
2691 : -12;
2692 : -3;
2693 : -1;
2694 : -57;
2695 : -44;
2696 : 1;
2697 : 49;
2698 : 12;
2699 : -13;
269A : -3;
269B : 9;
269C : -8;
269D : 20;
269E : 9;
269F : -19;
26A0 : 15;
26A1 : -5;
26A2 : 10;
26A3 : -3;
26A4 : 15;
26A5 : 6;
26A6 : 12;
26A7 : -14;
26A8 : 45;
26A9 : 39;
26AA : 31;
26AB : 21;
26AC : -58;
26AD : 32;
26AE : -45;
26AF : -17;
26B0 : -97;
26B1 : -16;
26B2 : -47;
26B3 : 34;
26B4 : -25;
26B5 : -2;
26B6 : 17;
26B7 : -25;
26B8 : 20;
26B9 : -42;
26BA : -55;
26BB : -51;
26BC : -9;
26BD : -2;
26BE : -24;
26BF : 34;
26C0 : 8;
26C1 : 13;
26C2 : 57;
26C3 : -65;
26C4 : -5;
26C5 : -24;
26C6 : 11;
26C7 : -109;
26C8 : 31;
26C9 : 0;
26CA : 28;
26CB : -96;
26CC : -47;
26CD : -32;
26CE : -2;
26CF : 1;
26D0 : 20;
26D1 : 6;
26D2 : -26;
26D3 : -47;
26D4 : -56;
26D5 : -6;
26D6 : 21;
26D7 : 37;
26D8 : 18;
26D9 : -45;
26DA : 0;
26DB : -14;
26DC : 70;
26DD : 19;
26DE : -8;
26DF : -58;
26E0 : 12;
26E1 : 18;
26E2 : -14;
26E3 : -33;
26E4 : -3;
26E5 : -17;
26E6 : 21;
26E7 : 69;
26E8 : 8;
26E9 : 13;
26EA : -10;
26EB : -28;
26EC : -41;
26ED : -27;
26EE : 47;
26EF : -36;
26F0 : -9;
26F1 : 2;
26F2 : 8;
26F3 : -25;
26F4 : 7;
26F5 : -24;
26F6 : 8;
26F7 : -17;
26F8 : 1;
26F9 : 36;
26FA : -3;
26FB : -16;
26FC : -5;
26FD : -6;
26FE : -15;
26FF : 31;
2700 : -40;
2701 : 19;
2702 : -18;
2703 : -34;
2704 : -14;
2705 : 24;
2706 : -12;
2707 : -55;
2708 : 15;
2709 : 33;
270A : 23;
270B : 40;
270C : 22;
270D : -31;
270E : -29;
270F : 2;
2710 : -18;
2711 : -15;
2712 : 24;
2713 : -40;
2714 : -30;
2715 : 13;
2716 : -24;
2717 : -13;
2718 : -8;
2719 : -34;
271A : -12;
271B : -44;
271C : 10;
271D : 29;
271E : 11;
271F : 34;
2720 : -23;
2721 : -42;
2722 : -8;
2723 : -10;
2724 : -28;
2725 : 10;
2726 : -32;
2727 : 4;
2728 : -35;
2729 : -26;
272A : 31;
272B : -33;
272C : -4;
272D : 20;
272E : 14;
272F : 6;
2730 : -15;
2731 : -35;
2732 : -7;
2733 : -36;
2734 : -33;
2735 : 4;
2736 : 12;
2737 : -36;
2738 : 14;
2739 : -8;
273A : -4;
273B : -53;
273C : 48;
273D : 25;
273E : 27;
273F : -20;
2740 : 19;
2741 : -62;
2742 : 5;
2743 : -15;
2744 : -35;
2745 : -25;
2746 : 16;
2747 : 36;
2748 : 16;
2749 : 19;
274A : -32;
274B : 2;
274C : -1;
274D : 5;
274E : 6;
274F : -4;
2750 : 23;
2751 : -15;
2752 : -28;
2753 : -6;
2754 : 2;
2755 : -31;
2756 : -30;
2757 : 16;
2758 : -2;
2759 : 7;
275A : -2;
275B : -37;
275C : -18;
275D : -3;
275E : 8;
275F : 8;
END;
